# HP mixed reality controller; MIT license in LICENSE-assets-MIT.md
mtllib body.mtl
o hp_reverb_g2_left
usemtl g2
v 0.00679655001 0.00788697125 -0.0412423776
v 0.00521633029 0.00722935109 -0.0420371535
v 0.000268949982 0.0122327189 -0.0342210647
v 0.00817300938 0.00868384038 -0.0402300744
v 0.00932401977 0.00958473074 -0.039048658
v 0.0102043897 0.0105770099 -0.0377119975
v 0.0107866591 0.0116293891 -0.0362622148
v 0.0110160392 0.0127119189 -0.0347372073
v 0.0108608194 0.0137836594 -0.0331924074
v 0.0103736492 0.0148071387 -0.031686235
v 0.00956929941 0.0157501686 -0.0302659566
v 0.00850559957 0.0165978171 -0.0289582249
v 0.00720731961 0.0173219461 -0.0278054355
v 0.00570006017 0.0179057957 -0.0268338945
v 0.00400927989 0.0183103266 -0.0261016644
v 0.00219668006 0.0185298858 -0.0256225044
v 0.000329869974 0.0185983454 -0.0253541848
v -0.00155100995 0.0184488067 -0.0253958932
v -0.00338907004 0.0181351969 -0.0256758451
v -0.00512445997 0.017639957 -0.0262245749
v -0.00670826947 0.0169911662 -0.0270064167
v -0.00808907952 0.0162002575 -0.0280097642
v -0.00922967959 0.0152953476 -0.0291978732
v 0.00753246993 0.0219201029 -0.0182473843
v 0.00719560031 0.0216340752 -0.018660953
v 0.00474075973 0.0227228356 -0.0170088126
v 0.00777731976 0.0222250141 -0.0177863646
v 0.0079212999 0.0225373944 -0.0172888744
v 0.0079625994 0.0228720725 -0.0167867443
v 0.00789960008 0.0231269549 -0.0162423433
v 0.00773262978 0.0234501646 -0.0157583535
v 0.00746376952 0.0237499628 -0.0153059327
v 0.00710497936 0.0240168127 -0.0148971128
v 0.00667648949 0.0243396035 -0.0146223036
v 0.00618998986 0.0246455634 -0.0144313135
v 0.00564279966 0.0248287638 -0.014254433
v 0.00505716959 0.0249301531 -0.0141425029
v 0.00445532007 0.0249812045 -0.0141181329
v 0.0038540801 0.0249217731 -0.0141520228
v 0.00327092991 0.0248400943 -0.0142909324
v 0.00272689015 0.0246688725 -0.014493673
v 0.00223427988 0.0244754332 -0.0147877829
v 0.00181202986 0.0242280051 -0.0151441526
v 0.00147171004 0.0239438829 -0.0155562927
v 0.00122501003 0.0236196747 -0.0160044238
v 0.00108375994 0.0232288043 -0.0164447737
v 0.00104184996 0.0228322045 -0.0168989537
v 0.00110505999 0.0224898243 -0.0173940039
v 0.00126871001 0.0221649959 -0.0178778447
v 0.0015337799 0.0218558826 -0.0183255129
v 0.00188748993 0.0215895431 -0.0187383236
v 0.00232204003 0.0213665753 -0.0190956833
v 0.00282322988 0.0211859435 -0.019383313
v 0.00337486994 0.0210736447 -0.019605454
v 0.00396111002 0.0210226529 -0.0197463743
v 0.0044607101 0.0209467557 -0.0197479538
v 0.00516100973 0.0210121849 -0.0197154134
v 0.00574315991 0.0210827846 -0.0195642839
v 0.00628643995 0.021225236 -0.0193383935
v 0.00677612983 0.0214190143 -0.0190401746
v -0.0100779999 0.0142914483 -0.0305540859
v -0.0106099797 0.0132292185 -0.0320225062
v -0.0108109498 0.0121444088 -0.0335534071
v -0.0107031297 0.0110678488 -0.0351007551
v -0.0102325501 0.0100387098 -0.0366135175
v -0.00946023967 0.0090828398 -0.0380491851
v -0.00841950998 0.0082240406 -0.0393707171
v -0.00710660964 0.00750607084 -0.0405160988
v -0.00560015952 0.0069195409 -0.0414913688
v -0.00391050009 0.00651032122 -0.0422301349
v -0.0020985899 0.00628748101 -0.0427139496
v -0.00022058998 0.00623812144 -0.0429560414
v 0.00165624998 0.00639380177 -0.0429052172
v 0.00349366991 0.00671671172 -0.0426118766
v -0.00013683 0.00965835164 -0.0419483159
v -0.00152808987 0.00969493115 -0.0417689767
v -0.00022058998 0.00623812144 -0.0429560414
v -0.0020985899 0.00628748101 -0.0427139496
v -0.00391050009 0.00651032122 -0.0422301349
v -0.00287038996 0.00986004057 -0.0414105553
v -0.00560015952 0.0069195409 -0.0414913688
v -0.00412211986 0.010163171 -0.0408632579
v -0.00710660964 0.00750607084 -0.0405160988
v -0.00523812976 0.0105976906 -0.0401407675
v -0.00841950998 0.0082240406 -0.0393707171
v -0.0062107495 0.0111295705 -0.0392922357
v -0.00946023967 0.0090828398 -0.0380491851
v -0.00698172953 0.0117657902 -0.0383132068
v -0.0102325501 0.0100387098 -0.0366135175
v -0.00755386986 0.0124738894 -0.0372496475
v -0.0107031297 0.0110678488 -0.0351007551
v -0.00790247973 0.0132363089 -0.0361289868
v -0.0108109498 0.0121444088 -0.0335534071
v -0.00798234995 0.0140338597 -0.0349826738
v -0.0106099797 0.0132292185 -0.0320225062
v -0.00783346966 0.0148374995 -0.033848535
v -0.0100779999 0.0142914483 -0.0305540859
v -0.0074393698 0.0156244183 -0.032760724
v -0.00922967959 0.0152953476 -0.0291978732
v -0.00681092963 0.0163681276 -0.031756013
v -0.00808907952 0.0162002575 -0.0280097642
v -0.00596595975 0.0170384971 -0.0308758347
v -0.00670826947 0.0169911662 -0.0270064167
v -0.00494302996 0.017624418 -0.0301325441
v -0.00512445997 0.017639957 -0.0262245749
v -0.00376971974 0.018105038 -0.0295533433
v -0.00338907004 0.0181351969 -0.0256758451
v -0.00248409994 0.0184719287 -0.0291468135
v -0.00155100995 0.0184488067 -0.0253958932
v -0.00112243998 0.0187042564 -0.0289394246
v 0.000329869974 0.0185983454 -0.0253541848
v 0.000270959979 0.0188150484 -0.0289085457
v 0.00219668006 0.0185298858 -0.0256225044
v 0.00165391993 0.0187643267 -0.0291073141
v 0.00400927989 0.0183103266 -0.0261016644
v 0.00299671991 0.0186016881 -0.0294622841
v -0.00998429023 -0.0128778722 -0.0279207339
v -0.0104869995 -0.0112524715 -0.0302147635
v 0.000275230006 -0.0123489901 -0.0342628132
v -0.00711791962 -0.0169515524 -0.0248861824
v -0.00893642008 -0.0147407422 -0.0262911043
v -0.00268208003 -0.0199935837 -0.024000285
v -0.00516620977 -0.0185422832 -0.0243846433
v 0.00223463983 -0.0207881825 -0.0243078768
v -0.000557189982 -0.0205915748 -0.0240132454
v 0.00633580983 -0.0203479331 -0.0250759049
v 0.00449346984 -0.0206964415 -0.0246338434
v 0.00994911976 -0.0186201821 -0.0268554346
v 0.00817190018 -0.0195276929 -0.0257578843
v 0.0123676499 -0.0157971916 -0.0300886245
v 0.011228499 -0.0173243618 -0.0282257432
v 0.0131064905 -0.01377429 -0.0338373221
v 0.0128790904 -0.0147168308 -0.0319826829
v 0.0129936505 -0.0124159495 -0.0371650938
v 0.0131557696 -0.0131547105 -0.0353138333
v 0.0119823199 -0.0112484388 -0.0409378216
v 0.0126041099 -0.0117251488 -0.0391998807
v 0.0096808197 -0.0103831386 -0.0443470208
v 0.0110501098 -0.0108296477 -0.0427140548
v 0.00574637996 -0.00898862687 -0.0464062789
v 0.00809006952 -0.00981419711 -0.0453853634
v -0.00181508006 -0.00724327728 -0.045891991
v 0.00152269006 -0.00780718728 -0.0467371328
v -0.0102229398 -0.00836492016 -0.0359225631
v -0.0096214097 -0.00764172934 -0.0384565724
v -0.0110066701 0.020789245 -0.0201055221
v -0.0111355698 0.020892074 -0.0195808336
v -0.00803463999 0.021248424 -0.0191110539
v -0.0107582603 0.020478636 -0.0205565245
v -0.0104188798 0.0201696661 -0.0209458845
v -0.00999706984 0.0199351945 -0.0213049448
v -0.00950618926 0.0197162258 -0.0215750954
v -0.00896187034 0.0195614456 -0.0217800442
v -0.0083798999 0.0194824062 -0.0219132028
v -0.00781492982 0.0194313958 -0.0219397344
v -0.00718128029 0.0194791558 -0.0219021331
v -0.0066015101 0.0195523466 -0.0217567741
v -0.00606052997 0.0196874051 -0.0215301051
v -0.00557293976 0.0198786856 -0.0212331957
v -0.00515636988 0.020115627 -0.0208692534
v -0.00482241996 0.0204001552 -0.0204573051
v -0.00458172988 0.0206990743 -0.0199938733
v -0.00444315979 0.0210243646 -0.0195067543
v -0.00440794975 0.0213872748 -0.0190286542
v -0.00448173983 0.0217409538 -0.0185475235
v -0.00465670973 0.0220848333 -0.0180855837
v -0.00493359985 0.022384205 -0.0176426242
v -0.00529696979 0.0226277439 -0.0172291337
v -0.00573624019 0.0227816057 -0.0168471834
v -0.00624471018 0.0229571637 -0.0165776232
v -0.00679741008 0.0230455741 -0.0163642032
v -0.00734161958 0.0229296132 -0.0161381433
v -0.00792886969 0.0228445834 -0.0160426231
v -0.00852228981 0.022748374 -0.0160692348
v -0.0090960199 0.022615953 -0.016193693
v -0.00962847006 0.0224334642 -0.0164066828
v -0.0101054888 0.0222125229 -0.0166994944
v -0.0105085801 0.0219535445 -0.0170636342
v -0.0108282603 0.0216738927 -0.0174902638
v -0.0110517591 0.0213698234 -0.0179592444
v -0.0111735798 0.0210653127 -0.0184642337
v -0.0111907599 0.020814504 -0.0190102141
v 0.00570006017 0.0179057957 -0.0268338945
v 0.00424928963 0.0183019886 -0.0300047255
v 0.0236948598 0.00861367035 -0.0385066844
v 0.0228368901 0.00863348981 -0.038465058
v 0.0232102983 0.0111769586 -0.0344808668
v 0.0245476495 0.00866364975 -0.038411086
v 0.0253449604 0.00879171027 -0.0382077372
v 0.0261338204 0.00899542023 -0.0378579175
v 0.0268194787 0.00927282944 -0.0374199276
v 0.0274020992 0.00961775951 -0.0368912753
v 0.0278681889 0.00999385907 -0.0362750563
v 0.0282016788 0.0104123384 -0.0356034348
v 0.0283915903 0.0108683091 -0.0349004984
v 0.0284358189 0.0113369495 -0.0341825678
v 0.0283269081 0.0118152086 -0.0334775751
v 0.02807636 0.0122590582 -0.0327861872
v 0.0276828185 0.0126994888 -0.0321621563
v 0.0271664802 0.0130861375 -0.0315944853
v 0.0265364777 0.0134227881 -0.0311169644
v 0.0258141886 0.0136947286 -0.0307383761
v 0.02502474 0.0139228374 -0.0304903854
v 0.0241872184 0.0140283282 -0.0303327161
v 0.0233299583 0.0140803584 -0.0303130466
v 0.0224805586 0.013976218 -0.0303746964
v 0.0216601193 0.0138247673 -0.0305741653
v 0.0208962988 0.013600828 -0.0308968947
v 0.0202097502 0.0133041973 -0.0313195774
v 0.0196252596 0.0129571382 -0.0318447764
v 0.0191565696 0.0125773981 -0.0324569646
v 0.0188206695 0.0121519487 -0.0331238736
v 0.018628139 0.0117005387 -0.0338298759
v 0.0185841583 0.0112273488 -0.0345461562
v 0.0186941288 0.0107539596 -0.0352550381
v 0.0189455599 0.0103045799 -0.0359429652
v 0.0193397496 0.00988014932 -0.036577427
v 0.0198570397 0.00949228994 -0.0371432055
v 0.0204871595 0.00917796964 -0.0376346869
v 0.0212081913 0.00892226023 -0.0380255258
v 0.0219992306 0.00874228967 -0.038307508
v 0.0183505788 0.0164564565 -0.0265700363
v 0.0173294786 0.0164559462 -0.0266800851
v 0.0169961285 0.0189674464 -0.0225292933
v 0.0191928688 0.0165729072 -0.0263580747
v 0.0199783687 0.0167633067 -0.0260202244
v 0.0206865091 0.0170506159 -0.025592045
v 0.0212926697 0.0174004875 -0.0250657154
v 0.0217815805 0.0177688571 -0.024439766
v 0.0221363585 0.0182111364 -0.0237727954
v 0.0223472584 0.0186292163 -0.0230328428
v 0.0224078596 0.0191206266 -0.0223103748
v 0.022314569 0.0195597245 -0.0215600341
v 0.0220735911 0.0200321656 -0.020862194
v 0.0216852594 0.0204882546 -0.0202229247
v 0.0211676192 0.0208970138 -0.0196459945
v 0.0205343105 0.0212397143 -0.019146744
v 0.0198063999 0.0214859335 -0.0187255031
v 0.0190055706 0.0216799949 -0.0184289326
v 0.0181549098 0.0217834257 -0.018248094
v 0.0172822587 0.0218213752 -0.0181998738
v 0.016412409 0.0217754648 -0.0182833445
v 0.0155699691 0.021654704 -0.0184909941
v 0.0147838993 0.0214424147 -0.018814124
v 0.0140743395 0.0211613752 -0.0192448552
v 0.0134665892 0.0208246351 -0.0197789334
v 0.012976299 0.0204470045 -0.0204000846
v 0.0126222502 0.0200128742 -0.0210741947
v 0.0124140503 0.0195875953 -0.0218117631
v 0.0123547995 0.0191131164 -0.0225452338
v 0.0124524897 0.0186452462 -0.0232794346
v 0.0126943896 0.0182118648 -0.0240008652
v 0.0130836498 0.0177617158 -0.0246412446
v 0.0136001091 0.0173714471 -0.0252310345
v 0.0142326402 0.0170371173 -0.0257353346
v 0.0149598895 0.0167675554 -0.0261414863
v 0.0157598294 0.0165959165 -0.0264528852
v 0.016609339 0.0164516379 -0.0266083546
v 0.0132947303 0.00959464718 0.0105139527
v 0.0133679491 0.00729491709 0.0100956718
v 0.0115087098 0.00835771913 0.00146162222
v 0.0132132899 0.0119920269 0.0110121932
v 0.0130360601 0.0142609167 0.0112501542
v 0.0126687 0.016193847 0.0109690946
v 0.0121726096 0.0181179969 0.0101321854
v 0.0117968088 0.0198178677 0.00893375531
v 0.01144657 0.0208913366 0.00751884517
v 0.0111837303 0.021553608 0.00577377595
v 0.0111033199 0.0219595273 0.00380329586
v 0.0111366194 0.0219771392 0.00176838584
v 0.01130882 0.0218594913 -0.000320924102
v 0.0118545787 0.0208140804 -0.0021166543
v 0.0128698796 0.0191877606 -0.00369681484
v 0.0137107503 0.0177079805 -0.00456675504
v 0.0144422306 0.015968842 -0.00525460568
v 0.0149911903 0.0140911319 -0.00569541607
v 0.0155102704 0.0116551814 -0.00613810694
v 0.0156010306 0.00984219165 -0.00630349727
v 0.0156426709 0.00787125146 -0.00658664781
v 0.0157832205 0.0058276217 -0.00745048823
v 0.0153568396 0.00361536186 -0.00776847914
v 0.0148359705 0.00149376202 -0.0073913993
v 0.0135456389 -0.000585478331 -0.00625304987
v 0.0124466894 -0.00184497865 -0.0048078704
v 0.0112086292 -0.00315223908 -0.00279623075
v 0.0105526699 -0.00360053962 -0.000947150962
v 0.0101503097 -0.00371338032 0.000897939018
v 0.0101538599 -0.00350231052 0.00272885919
v 0.0111327693 -0.00296497089 0.0043303288
v 0.0117687704 -0.0019304317 0.00649865898
v 0.0119401002 -0.000147212218 0.00826326009
v 0.0129219787 0.00162864747 0.00899788036
v 0.0132190697 0.00374488745 0.00944073133
v 0.01331334 0.00565410701 0.00978230092
v 0.00720731961 0.0173219461 -0.0278054355
v 0.00536588999 0.0178694677 -0.0307244741
v 0.0122522097 0.0207924446 -0.025782045
v 0.0126943896 0.0182118648 -0.0240008652
v 0.0126729198 0.0203355752 -0.0264954848
v 0.0130836498 0.0177617158 -0.0246412446
v 0.0124524897 0.0186452462 -0.0232794346
v 0.0119895805 0.0212727368 -0.0250106527
v 0.0123547995 0.0191131164 -0.0225452338
v 0.0118842097 0.0217378875 -0.0241933928
v 0.0124140503 0.0195875953 -0.0218117631
v 0.0119484495 0.0222068063 -0.0233739648
v 0.0126222502 0.0200128742 -0.0210741947
v 0.0121710794 0.0226442558 -0.0225651539
v 0.012976299 0.0204470045 -0.0204000846
v 0.0125528388 0.0230609349 -0.0218054944
v 0.0134665892 0.0208246351 -0.0197789334
v 0.0130801499 0.0234225058 -0.0211068441
v 0.0140743395 0.0211613752 -0.0192448552
v 0.0137342494 0.0237271859 -0.0204942237
v 0.0147838993 0.0214424147 -0.018814124
v 0.01449697 0.0239492355 -0.0199794742
v 0.0155699691 0.021654704 -0.0184909941
v 0.015342229 0.024103183 -0.0195830232
v 0.016412409 0.0217754648 -0.0182833445
v 0.0162481591 0.0241727248 -0.0193189522
v 0.0172822587 0.0218213752 -0.0181998738
v 0.0171857085 0.0241684146 -0.0191921732
v 0.0181549098 0.0217834257 -0.018248094
v 0.0181273986 0.0240808349 -0.0192119731
v 0.0190055706 0.0216799949 -0.0184289326
v 0.0190449692 0.0239072941 -0.0193648628
v 0.0198063999 0.0214859335 -0.0187255031
v 0.0199089199 0.023646874 -0.0196492329
v 0.0205343105 0.0212397143 -0.019146744
v 0.0206961799 0.0233287455 -0.0200674732
v 0.0211676192 0.0208970138 -0.0196459945
v 0.0213809796 0.0229409057 -0.0205927728
v 0.0216852594 0.0204882546 -0.0202229247
v 0.0219415892 0.0225335659 -0.0212382632
v 0.0220735911 0.0200321656 -0.020862194
v 0.0223616399 0.0220760669 -0.021953005
v 0.022314569 0.0195597245 -0.0215600341
v 0.0226217788 0.0216239361 -0.0227427126
v 0.0227252003 0.0211688958 -0.0235656946
v 0.0224078596 0.0191206266 -0.0223103748
v 0.0223472584 0.0186292163 -0.0230328428
v 0.0226595495 0.0206969558 -0.0243824944
v 0.0224349182 0.0202583254 -0.0251900537
v 0.0221363585 0.0182111364 -0.0237727954
v 0.0220526289 0.0198433562 -0.0259488246
v 0.0217815805 0.0177688571 -0.024439766
v 0.021526929 0.019472297 -0.0266425054
v 0.0212926697 0.0174004875 -0.0250657154
v 0.0208739713 0.0191589965 -0.027251095
v 0.0206865091 0.0170506159 -0.025592045
v 0.0201104898 0.0188971777 -0.0277447948
v 0.0199783687 0.0167633067 -0.0260202244
v 0.0192645304 0.0187269264 -0.0281331154
v 0.0191928688 0.0165729072 -0.0263580747
v 0.0183577295 0.0186427275 -0.0283894843
v 0.0183505788 0.0164564565 -0.0265700363
v 0.0173240099 0.0186414963 -0.0285117744
v 0.0173294786 0.0164559462 -0.0266800851
v 0.0236323178 0.0100999405 -0.040025645
v 0.0236948598 0.00861367035 -0.0385066844
v 0.0245916191 0.0100392601 -0.0398266251
v 0.0245476495 0.00866364975 -0.038411086
v 0.0227090083 0.0101869903 -0.0400256375
v 0.0228368901 0.00863348981 -0.038465058
v 0.0218123589 0.0104068709 -0.0399312945
v 0.0219992306 0.00874228967 -0.038307508
v 0.0209673084 0.0107333506 -0.0397292458
v 0.0212081913 0.00892226023 -0.0380255258
v 0.0218123589 0.0104068709 -0.0399312945
v 0.0219992306 0.00874228967 -0.038307508
v 0.0201938786 0.0111277302 -0.0394026346
v 0.0204871595 0.00917796964 -0.0376346869
v 0.0195152499 0.0115903395 -0.0389726168
v 0.0198570397 0.00949228994 -0.0371432055
v 0.0189529192 0.0120810504 -0.0384203163
v 0.0193397496 0.00988014932 -0.036577427
v 0.0185225289 0.0126189291 -0.0377980437
v 0.0189455599 0.0103045799 -0.0359429652
v 0.0182461198 0.0131634387 -0.0370984154
v 0.0186941288 0.0107539596 -0.0352550381
v 0.0185841583 0.0112273488 -0.0345461562
v 0.0181240998 0.0137040797 -0.0363530666
v 0.018628139 0.0117005387 -0.0338298759
v 0.01816874 0.0142631198 -0.0356123148
v 0.0188206695 0.0121519487 -0.0331238736
v 0.0183763895 0.0147696082 -0.0348616054
v 0.0191565696 0.0125773981 -0.0324569646
v 0.0187394097 0.0152138992 -0.0341314372
v 0.0196252596 0.0129571382 -0.0318447764
v 0.0192451887 0.0156245685 -0.0334709766
v 0.0202097502 0.0133041973 -0.0313195774
v 0.0198755302 0.015953829 -0.032874673
v 0.0208962988 0.013600828 -0.0308968947
v 0.0206145998 0.0161983793 -0.0323687748
v 0.0216601193 0.0138247673 -0.0305741653
v 0.0214357208 0.0163655479 -0.0319698968
v 0.0224805586 0.013976218 -0.0303746964
v 0.0223167986 0.0164288181 -0.031684506
v 0.0233299583 0.0140803584 -0.0303130466
v 0.0232290998 0.0163963876 -0.0315158733
v 0.0241872184 0.0140283282 -0.0303327161
v 0.0241493788 0.0162778488 -0.0314850056
v 0.02502474 0.0139228374 -0.0304903854
v 0.025048539 0.0160632982 -0.0315749341
v 0.0258141886 0.0136947286 -0.0307383761
v 0.0259036589 0.0158172373 -0.0318339052
v 0.0265364777 0.0134227881 -0.0311169644
v 0.0266859997 0.015479388 -0.0322042327
v 0.0271664802 0.0130861375 -0.0315944853
v 0.0273696296 0.0150700989 -0.0326818448
v 0.02807636 0.0122590582 -0.0327861872
v 0.0276828185 0.0126994888 -0.0321621563
v 0.0283589587 0.0140871292 -0.0338987335
v 0.0279307198 0.0146045094 -0.0332574172
v 0.0283269081 0.0118152086 -0.0334775751
v 0.0286325999 0.0135338697 -0.0345921964
v 0.0284358189 0.0113369495 -0.0341825678
v 0.02875196 0.0129749888 -0.0353238846
v 0.0283915903 0.0108683091 -0.0349004984
v 0.0287039578 0.0124428798 -0.0360823054
v 0.0282016788 0.0104123384 -0.0356034348
v 0.0284977686 0.01192529 -0.0368244541
v 0.0278681889 0.00999385907 -0.0362750563
v 0.0281354096 0.0114493899 -0.0375341556
v 0.0274020992 0.00961775951 -0.0368912753
v 0.0276296809 0.0110219196 -0.0381848745
v 0.0268194787 0.00927282944 -0.0374199276
v 0.027043039 0.0107117008 -0.0387770468
v 0.0261338204 0.00899542023 -0.0378579175
v 0.0263326094 0.010379121 -0.0391871641
v 0.0255474709 0.01017788 -0.039553755
v 0.0253449604 0.00879171027 -0.0382077372
v -0.00287038996 0.00986004057 -0.0414105553
v -0.00152808987 0.00969493115 -0.0417689767
v -0.00292391004 0.0108688112 -0.0421536163
v -0.00159021001 0.0106861808 -0.0425140047
v -0.00412211986 0.010163171 -0.0408632579
v -0.00415679021 0.0111932205 -0.0416055366
v -0.00523812976 0.0105976906 -0.0401407675
v -0.00527509954 0.0116344698 -0.0409053235
v -0.0062107495 0.0111295705 -0.0392922357
v -0.00622486975 0.0121956314 -0.040053152
v -0.00698172953 0.0117657902 -0.0383132068
v -0.00698481966 0.0128512199 -0.0390859361
v -0.00755386986 0.0124738894 -0.0372496475
v -0.00752499979 0.0135833807 -0.0380307474
v -0.00790247973 0.0132363089 -0.0361289868
v -0.00785163976 0.0143644099 -0.0369253567
v -0.00798234995 0.0140338597 -0.0349826738
v -0.00792559981 0.0151778397 -0.0357956846
v -0.00783346966 0.0148374995 -0.033848535
v -0.00775043014 0.0159953889 -0.0346805373
v -0.0074393698 0.0156244183 -0.032760724
v -0.00734253973 0.0167926584 -0.0336121834
v -0.00681092963 0.0163681276 -0.031756013
v -0.00670353975 0.0175436879 -0.0326265869
v -0.00596595975 0.0170384971 -0.0308758347
v -0.00586431986 0.0182267289 -0.0317510317
v -0.00494302996 0.017624418 -0.0301325441
v -0.00486099999 0.0188323678 -0.0309957234
v -0.00376971974 0.018105038 -0.0295533433
v -0.00370018976 0.0193251788 -0.0304090627
v -0.00248409994 0.0184719287 -0.0291468135
v -0.00243217009 0.019710398 -0.0299797638
v -0.00112243998 0.0187042564 -0.0289394246
v -0.00108901993 0.0199707379 -0.0297289828
v 0.000293489982 0.0200892077 -0.029677395
v 0.000270959979 0.0188150484 -0.0289085457
v 0.00165391993 0.0187643267 -0.0291073141
v 0.00166522991 0.0200107867 -0.0298969543
v 0.00299671991 0.0186016881 -0.0294622841
v 0.00299149007 0.0198181073 -0.0302706047
v 0.00424928963 0.0183019886 -0.0300047255
v 0.00422876002 0.0194958066 -0.0308161437
v 0.00536588999 0.0178694677 -0.0307244741
v 0.00534187024 0.019049869 -0.0315223844
v 0.00632769987 0.0173330075 -0.0315784654
v 0.00628552958 0.0184874789 -0.0323757629
v 0.0071157096 0.0167050691 -0.0325472757
v 0.00706638955 0.017840169 -0.0333332856
v 0.00771157956 0.0160064583 -0.0335994469
v 0.00761493947 0.0171097181 -0.0343868165
v 0.00807247963 0.0152482493 -0.0347152274
v 0.00794008002 0.0163276794 -0.0354934775
v 0.00818747934 0.0144542692 -0.0358596554
v 0.00802582968 0.0155147599 -0.0366233769
v 0.00801755022 0.0136523197 -0.0369894058
v 0.00784986001 0.0146957998 -0.0377404278
v 0.00758619001 0.0128726996 -0.0380634258
v 0.00745054008 0.0138969107 -0.0388116538
v 0.00693398993 0.01213762 -0.0390536641
v 0.00682479003 0.0131435101 -0.0398016537
v 0.00608129986 0.0114702103 -0.0399288765
v 0.00599131966 0.0124570809 -0.0406823162
v 0.00506159011 0.0108798805 -0.0406787888
v 0.00497444998 0.0118588209 -0.0414263462
v 0.00389091996 0.0103926909 -0.0412675859
v 0.00381323975 0.0113629309 -0.0420172072
v 0.00261476007 0.0100129405 -0.0416933644
v 0.00256989989 0.0109737806 -0.042407357
v 0.00125356996 0.00977370152 -0.0419106457
v 0.00118412997 0.0107411512 -0.0426629976
v -0.000186919991 0.0106406215 -0.0426907362
v -0.00013683 0.00965835164 -0.0419483159
v -0.00159021001 0.0106861808 -0.0425140047
v -0.00152808987 0.00969493115 -0.0417689767
v 0.0132312905 0.0199154968 -0.0271330758
v 0.0136001091 0.0173714471 -0.0252310345
v 0.0139148105 0.0195283778 -0.0276601132
v 0.0142326402 0.0170371173 -0.0257353346
v 0.0147002302 0.0192014464 -0.028074373
v 0.0149598895 0.0167675554 -0.0261414863
v 0.0155635793 0.0189396573 -0.0283597657
v 0.0157598294 0.0165959165 -0.0264528852
v 0.0155635793 0.0189396573 -0.0283597657
v 0.0157598294 0.0165959165 -0.0264528852
v 0.0164780691 0.0187383669 -0.0284973128
v 0.016609339 0.0164516379 -0.0266083546
v 0.00441447971 0.0228474645 -0.0213786637
v 0.0044607101 0.0209467557 -0.0197479538
v 0.0051633697 0.0228587353 -0.0212991847
v 0.00516100973 0.0210121849 -0.0197154134
v 0.0079625994 0.0228720725 -0.0167867443
v 0.00831019972 0.0248811237 -0.017981232
v 0.0079212999 0.0225373944 -0.0172888744
v 0.00825890992 0.0245576942 -0.0185765223
v 0.00789960008 0.0231269549 -0.0162423433
v 0.00823944993 0.0252113557 -0.0173911925
v 0.00773262978 0.0234501646 -0.0157583535
v 0.00805652048 0.0255272545 -0.0168179838
v 0.00746376952 0.0237499628 -0.0153059327
v 0.00775714964 0.0258366938 -0.0162914438
v 0.00710497936 0.0240168127 -0.0148971128
v 0.0073579899 0.0261019027 -0.0158090335
v 0.00667648949 0.0243396035 -0.0146223036
v 0.0068697501 0.0263085742 -0.0153836332
v 0.00618998986 0.0246455634 -0.0144313135
v 0.00630622031 0.0264932423 -0.0150529224
v 0.00564279966 0.0248287638 -0.014254433
v 0.00568633946 0.0266122038 -0.0148023128
v 0.00505716959 0.0249301531 -0.0141425029
v 0.00502699008 0.0266758634 -0.0146513128
v 0.00445532007 0.0249812045 -0.0141181329
v 0.00434942963 0.0266890435 -0.0146037231
v 0.0038540801 0.0249217731 -0.0141520228
v 0.00367393997 0.0266536625 -0.0146693525
v 0.00327092991 0.0248400943 -0.0142909324
v 0.00302121998 0.0265766851 -0.0148413222
v 0.00272689015 0.0246688725 -0.014493673
v 0.00241157995 0.0264250155 -0.0151007421
v 0.00223427988 0.0244754332 -0.0147877829
v 0.00186134991 0.0262174145 -0.0154419434
v 0.00181202986 0.0242280051 -0.0151441526
v 0.00139038987 0.025963795 -0.0158616533
v 0.00147171004 0.0239438829 -0.0155562927
v 0.00101102993 0.0256879336 -0.0163542131
v 0.00122501003 0.0236196747 -0.0160044238
v 0.000736029935 0.0253943027 -0.0169024232
v 0.00108375994 0.0232288043 -0.0164447737
v 0.000574689999 0.0250819447 -0.0174844328
v 0.00104184996 0.0228322045 -0.0168989537
v 0.000525689975 0.0247934249 -0.0180978522
v 0.00110505999 0.0224898243 -0.0173940039
v 0.000597940001 0.024490043 -0.0187015635
v 0.00126871001 0.0221649959 -0.0178778447
v 0.000782949966 0.0241879742 -0.0192815727
v 0.00581372948 0.0229731762 -0.0211508324
v 0.00574315991 0.0210827846 -0.0195642839
v 0.00642249966 0.0231423453 -0.020902363
v 0.00628643995 0.021225236 -0.0193383935
v 0.0069666896 0.0233535151 -0.0205685136
v 0.00677612983 0.0214190143 -0.0190401746
v 0.00743635977 0.0236275846 -0.020165113
v 0.00719560031 0.0216340752 -0.018660953
v 0.00781692006 0.0239084546 -0.019677383
v 0.00753246993 0.0219201029 -0.0182473843
v 0.00809471961 0.0242207344 -0.0191422636
v 0.00777731976 0.0222250141 -0.0177863646
v 0.00108203001 0.0238975861 -0.0198178823
v 0.0015337799 0.0218558826 -0.0183255129
v 0.00148013991 0.0236399936 -0.020304463
v 0.00188748993 0.0215895431 -0.0187383236
v 0.00197011 0.0233907345 -0.0207027134
v 0.00232204003 0.0213665753 -0.0190956833
v 0.00253432011 0.0231949054 -0.0210270242
v 0.00282322988 0.0211859435 -0.019383313
v 0.00315557979 0.0230312945 -0.021248964
v 0.00337486994 0.0210736447 -0.019605454
v 0.00381545979 0.0229217654 -0.0213710734
v 0.00396111002 0.0210226529 -0.0197463743
v 0.00381545979 0.0229217654 -0.0213710734
v 0.00396111002 0.0210226529 -0.0197463743
v -0.00774875982 0.0212700356 -0.0238267331
v -0.00842345972 0.0212643154 -0.023750713
v -0.00781492982 0.0194313958 -0.0219397344
v -0.0083798999 0.0194824062 -0.0219132028
v -0.00718128029 0.0194791558 -0.0219021331
v -0.00707012974 0.0213190847 -0.0237535945
v -0.00606052997 0.0196874051 -0.0215301051
v -0.00580878975 0.0215965852 -0.0233464947
v -0.0066015101 0.0195523466 -0.0217567741
v -0.00641757017 0.021418155 -0.0235918125
v -0.00557293976 0.0198786856 -0.0212331957
v -0.00521971984 0.021833426 -0.0230054536
v -0.00515636988 0.020115627 -0.0208692534
v -0.00479369983 0.0220456259 -0.0225709636
v -0.00482241996 0.0204001552 -0.0204573051
v -0.00441834982 0.0223173242 -0.0220730934
v -0.00458172988 0.0206990743 -0.0199938733
v -0.00414624996 0.0226115344 -0.0215237527
v -0.00444315979 0.0210243646 -0.0195067543
v -0.00398690999 0.0229249746 -0.0209415139
v -0.00440794975 0.0213872748 -0.0190286542
v -0.00394087983 0.0232517141 -0.0203473245
v -0.00448173983 0.0217409538 -0.0185475235
v -0.00401458004 0.0235621554 -0.0197492737
v -0.00465670973 0.0220848333 -0.0180855837
v -0.00420055958 0.0238899547 -0.019182983
v -0.00493359985 0.022384205 -0.0176426242
v -0.00449876022 0.0241612954 -0.0186346034
v -0.00529696979 0.0226277439 -0.0172291337
v -0.00489648012 0.0244002056 -0.0181364333
v -0.00573624019 0.0227816057 -0.0168471834
v -0.0053838701 0.0246025036 -0.017707114
v -0.00624471018 0.0229571637 -0.0165776232
v -0.00594642991 0.0247687539 -0.017362493
v -0.00679741008 0.0230455741 -0.0163642032
v -0.00656643976 0.0248897327 -0.0171107229
v -0.00734161958 0.0229296132 -0.0161381433
v -0.00722665014 0.0249659036 -0.0169662021
v -0.00792886969 0.0228445834 -0.0160426231
v -0.00790474005 0.0249994648 -0.0169316631
v -0.00852228981 0.022748374 -0.0160692348
v -0.00858069956 0.0249547538 -0.0169912826
v -0.0090960199 0.022615953 -0.016193693
v -0.00923431944 0.0248575536 -0.0171522226
v -0.00962847006 0.0224334642 -0.0164066828
v -0.00984380953 0.0246931734 -0.0174051624
v -0.0101054888 0.0222125229 -0.0166994944
v -0.0103930999 0.0244877144 -0.0177500126
v -0.0105085801 0.0219535445 -0.0170636342
v -0.0108628701 0.024230785 -0.0181698343
v -0.0108282603 0.0216738927 -0.0174902638
v -0.0112406695 0.023934984 -0.0186527531
v -0.0110517591 0.0213698234 -0.0179592444
v -0.0115130497 0.0236085742 -0.0191841826
v -0.0111735798 0.0210653127 -0.0184642337
v -0.0116706388 0.0232817546 -0.0197598741
v -0.0111907599 0.020814504 -0.0190102141
v -0.0117146298 0.0229574664 -0.0203562429
v -0.0111355698 0.020892074 -0.0195808336
v -0.011638009 0.0226384048 -0.0209520044
v -0.0110066701 0.020789245 -0.0201055221
v -0.0114498604 0.0223294051 -0.0215279325
v -0.0107582603 0.020478636 -0.0205565245
v -0.0111501394 0.0220552947 -0.0220733021
v -0.0104188798 0.0201696661 -0.0209458845
v -0.01075246 0.0218121247 -0.0225686447
v -0.00999706984 0.0199351945 -0.0213049448
v -0.0102646798 0.0216060454 -0.0229951942
v -0.00950618926 0.0197162258 -0.0215750954
v -0.00970239006 0.0214360065 -0.0233371331
v -0.00950618926 0.0197162258 -0.0215750954
v -0.00896187034 0.0195614456 -0.0217800442
v -0.00970239006 0.0214360065 -0.0233371331
v -0.0090825893 0.0213202246 -0.0235919932
v 0.000293489982 0.0200892077 -0.029677395
v 0.000289060001 0.0205959962 -0.0293697343
v 0.00166522991 0.0200107867 -0.0298969543
v 0.00182683999 0.0205441569 -0.0295781531
v 0.00322162989 0.020330778 -0.030025283
v 0.00299149007 0.0198181073 -0.0302706047
v 0.00422876002 0.0194958066 -0.0308161437
v 0.00452593993 0.0200281263 -0.0305721836
v 0.00534187024 0.019049869 -0.0315223844
v 0.00567494985 0.0195428087 -0.0314035624
v 0.00628552958 0.0184874789 -0.0323757629
v 0.00660432968 0.0189470084 -0.0323336223
v 0.00750751002 0.018324548 -0.0333216551
v 0.00706638955 0.017840169 -0.0333332856
v 0.00808706973 0.0175633802 -0.0344572355
v 0.00761493947 0.0171097181 -0.0343868165
v 0.00794008002 0.0163276794 -0.0354934775
v 0.00838332996 0.016738389 -0.035640984
v 0.00848450977 0.0158744591 -0.0368782537
v 0.00802582968 0.0155147599 -0.0366233769
v 0.00830481946 0.0150132989 -0.0380848047
v 0.00784986001 0.0146957998 -0.0377404278
v 0.00789713021 0.0141624504 -0.0392427071
v 0.00745054008 0.0138969107 -0.0388116538
v 0.00733022951 0.0133584604 -0.0402992965
v 0.00682479003 0.0131435101 -0.0398016537
v 0.00646893028 0.0125868701 -0.0412607867
v 0.00599131966 0.0124570809 -0.0406823162
v 0.00497444998 0.0118588209 -0.0414263462
v 0.00538205029 0.0119682915 -0.0420109262
v 0.00381323975 0.0113629309 -0.0420172072
v 0.00422598002 0.0114166814 -0.0426445163
v 0.00256989989 0.0109737806 -0.042407357
v 0.00281044981 0.0110208405 -0.0430511244
v 0.00131888001 0.010696772 -0.043348466
v 0.00118412997 0.0107411512 -0.0426629976
v -0.000161529999 0.0105945007 -0.0433403635
v -0.000186919991 0.0106406215 -0.0426907362
v -0.0017162899 0.0106662814 -0.0430880086
v -0.00159021001 0.0106861808 -0.0425140047
v -0.00292391004 0.0108688112 -0.0421536163
v -0.00312653976 0.0108707019 -0.0426846639
v -0.00415679021 0.0111932205 -0.0416055366
v -0.00441535003 0.011188782 -0.0421505093
v -0.00564543996 0.0117036104 -0.0413417077
v -0.00527509954 0.0116344698 -0.0409053235
v -0.0066139102 0.0122969706 -0.0404619169
v -0.00622486975 0.0121956314 -0.040053152
v -0.00698481966 0.0128512199 -0.0390859361
v -0.0073923599 0.0129996402 -0.0394609275
v -0.0080273496 0.0138154598 -0.0383162052
v -0.00752499979 0.0135833807 -0.0380307474
v -0.00785163976 0.0143644099 -0.0369253567
v -0.00835463963 0.0146459702 -0.0371758153
v -0.00843463 0.0155257689 -0.0359574552
v -0.00792559981 0.0151778397 -0.0357956846
v -0.00824085996 0.016378969 -0.0348153666
v -0.00775043014 0.0159953889 -0.0346805373
v -0.00734253973 0.0167926584 -0.0336121834
v -0.0078573795 0.0172709596 -0.0336247562
v -0.00715541979 0.0180259472 -0.0326202724
v -0.00670353975 0.0175436879 -0.0326265869
v -0.00586431986 0.0182267289 -0.0317510317
v -0.00620769942 0.0187422886 -0.0316560032
v -0.0051519 0.0193642684 -0.0308365453
v -0.00486099999 0.0188323678 -0.0309957234
v -0.00370018976 0.0193251788 -0.0304090627
v -0.00395510998 0.0198850974 -0.0301846045
v -0.00261676009 0.0202647285 -0.0296998752
v -0.00243217009 0.019710398 -0.0299797638
v -0.00116452994 0.0204956182 -0.0294169039
v -0.00108901993 0.0199707379 -0.0297289828
v 0.0103166997 0.0147422106 -0.0384075267
v 0.0107959397 0.0144930296 -0.0383453665
v 0.00989762973 0.0137688708 -0.0397042856
v 0.0103702992 0.0134684103 -0.0396579654
v 0.0104230102 0.0157936594 -0.0369851957
v 0.0108874701 0.0156339897 -0.0369100529
v 0.0108090304 0.0167693404 -0.0352234944
v 0.0103409505 0.0168966094 -0.0353955656
v 0.00997821987 0.0178329477 -0.034003957
v 0.0104289996 0.0177401395 -0.0337877822
v 0.00916284975 0.0187538987 -0.0326377327
v 0.00955936033 0.0187410781 -0.0323961737
v 0.00853403937 0.0196200077 -0.0308321941
v 0.00812807959 0.0196189573 -0.0312249831
v -0.00925215986 0.0123925205 -0.0399255458
v -0.00967937987 0.0121022803 -0.0399226551
v -0.00996061042 0.0133696898 -0.0385484883
v -0.01040297 0.0131098201 -0.038486954
v -0.0083250301 0.0115056316 -0.0411846868
v -0.00871489942 0.0111566213 -0.041230955
v -0.00697781006 0.0107270416 -0.0423538358
v -0.00728245964 0.0103711516 -0.0425001876
v -0.00543694943 0.0101399119 -0.0432746271
v -0.00567315985 0.00980262136 -0.043475886
v -0.00399967004 0.00928283181 -0.0442176548
v -0.00382319978 0.00974371162 -0.0439588178
v -0.00215798989 0.00951104129 -0.0444386874
v -0.00225417991 0.00905688191 -0.0447046583
v 0.00950262975 0.0125556205 -0.0409546871
v 0.00908597 0.0128339108 -0.0409240353
v -0.000267489988 0.0089423321 -0.0449811047
v -0.000258309999 0.00938693146 -0.044746076
v 0.00813079998 0.0114300914 -0.0424048944
v 0.0078100902 0.0117638411 -0.0422742372
v 0.00177586998 0.00904303228 -0.0449816151
v 0.00168277987 0.00948294151 -0.0447713484
v 0.00658527948 0.010991611 -0.0431828469
v 0.00687543955 0.0106084417 -0.0433339262
v 0.00375521975 0.00937383145 -0.0446492967
v 0.00357051985 0.00981743152 -0.0444516476
v 0.00553449988 0.00992647159 -0.0440381441
v 0.00528072985 0.0103019119 -0.043920965
v -0.01036005 0.0143863388 -0.0371260269
v -0.0108184898 0.0141653099 -0.0369945726
v -0.0108458493 0.0151688487 -0.0356929671
v -0.0103956601 0.0153593899 -0.035833634
v -0.0106004793 0.0163400991 -0.0341180743
v -0.0101594599 0.0164685677 -0.0343397961
v -0.0095675895 0.0175741776 -0.0328653445
v -0.00996243022 0.0175177878 -0.0325947543
v -0.00878683943 0.018525648 -0.0315618353
v -0.00916154962 0.0184931373 -0.0312076348
v -0.00743887993 0.0194669373 -0.0303403031
v -0.00772248022 0.0195132481 -0.0299434945
v -0.00632339995 0.0200867974 -0.0294576028
v -0.00659248 0.0201129265 -0.0290402232
v -0.00482055964 0.0206936675 -0.0285382141
v -0.00501569966 0.0207224973 -0.0280565433
v -0.00317124976 0.021138819 -0.0277933533
v -0.00329232984 0.0211556869 -0.0272452942
v -0.00133667002 0.0214145779 -0.0274846235
v -0.00140278996 0.0214332954 -0.0268311126
v 0.00043136999 0.0214999671 -0.0274576934
v 0.000431279972 0.0215345172 -0.0268552022
v 0.00252220989 0.0214523672 -0.0273485033
v 0.00240741996 0.0213830658 -0.0278960428
v 0.00404884014 0.0211607164 -0.0284260641
v 0.00429253979 0.0212063082 -0.0279371756
v 0.00565232988 0.0207743984 -0.0291766841
v 0.00592081016 0.0208034555 -0.0287618153
v 0.00697495975 0.0202872275 -0.0300774632
v 0.00728766015 0.0203006273 -0.0296660738
v -0.00764576951 -0.00437059656 -0.0508636397
v -0.00339455996 -0.005533466 -0.052418334
v -0.00616108999 -0.00746916726 -0.0475749394
v -0.00290726009 -0.00792488624 -0.0491913243
v 0.00143258995 -0.00880386634 -0.0502357916
v 0.00173563999 -0.00659583552 -0.0538665409
v -0.000131580047 0.027141314 -0.0137160822
v -0.00487026339 0.0251208963 -0.0173397965
v -0.00361131015 0.027429424 -0.013028483
v 0.0136598898 0.0254207933 -0.0172462432
v 0.0113033401 0.0247369235 -0.0187498432
v 0.0109613705 0.025748615 -0.0167374933
v 0.00624920009 -0.00979278668 -0.0498091903
v 0.00691978959 -0.00709791503 -0.0546397698
v 0.0169941913 0.00520324908 -0.0473322035
v 0.0170472506 0.00869633117 -0.0432863063
v 0.0214715675 0.00590550695 -0.0461199529
v 0.0209358595 0.00883866134 -0.0427811867
v 0.0254039988 0.00831678172 -0.0428728066
v 0.0258796085 0.00674789203 -0.0447068755
v 0.0298016183 0.00893490103 -0.0413315794
v 0.0310736094 0.00773616116 -0.0426048169
v 0.0330018997 0.0111409098 -0.0376385458
v 0.0349628069 0.0104403803 -0.0381178977
v 0.0331019573 0.0139502982 -0.033528056
v 0.0352197587 0.0138779781 -0.0330792777
v 0.0319351181 0.0166740776 -0.0295611948
v 0.034057267 0.0169763176 -0.0285306546
v 0.0289015193 0.0197139953 -0.0252370036
v 0.0310923196 0.0203180656 -0.0236856734
v 0.0249838401 0.0231839844 -0.0198924237
v 0.0259743892 0.0211038559 -0.0234517529
v 0.00918987952 0.0270028115 -0.0142447624
v 0.0173541289 0.0255164139 -0.0166701028
v 0.00183235004 -0.00469767443 -0.0571586167
v 0.00743788993 -0.0054317044 -0.0582620181
v -0.00365299988 -0.00344570518 -0.0554105388
v 0.0131617701 -0.00557616457 -0.0585125215
v 0.0117954295 -0.00711162503 -0.0546678585
v 0.0187458992 -0.00514616428 -0.0578206493
v 0.0168705992 -0.00677922498 -0.0540696624
v 0.024056999 -0.00411844509 -0.0563510183
v 0.0221974701 -0.00604746561 -0.0528262721
v 0.0198376793 0.00920296111 -0.0424329576
v 0.0289200302 -0.00252371551 -0.0540854975
v 0.0331334285 -0.000454276273 -0.0510228575
v 0.027535418 -0.00460601641 -0.0503708509
v 0.0317081288 -0.00272688715 -0.0475324809
v 0.036697112 0.0021329328 -0.0473153772
v 0.0352312103 -0.000496108209 -0.0439455399
v 0.0393476188 0.00507169164 -0.0431037494
v 0.037783239 0.0020532306 -0.0401068473
v 0.0409980081 0.00830923028 -0.038379816
v 0.0393666774 0.0049077098 -0.0356040174
v 0.0414661206 0.0116252487 -0.033688598
v 0.0397754684 0.00794621831 -0.030978698
v 0.040821027 0.0148939876 -0.0291316749
v 0.0392423607 0.0108973279 -0.0269435652
v 0.0414661206 0.0116252487 -0.033688598
v 0.0397754684 0.00794621831 -0.030978698
v 0.0390700698 0.0180070057 -0.0246548735
v 0.0374547988 0.0137365559 -0.0228081067
v 0.0363188908 0.0208008252 -0.020650154
v 0.0347116888 0.0161781754 -0.0194239238
v 0.0326379389 0.0233252728 -0.0171099932
v 0.0305474997 0.0183484132 -0.0160789049
v 0.0282133687 0.0254209937 -0.0142008529
v 0.0257819593 0.0203935949 -0.0131540644
v 0.0232086387 0.0270060631 -0.0120217225
v 0.0214943495 0.0221385519 -0.0107874038
v 0.0179079603 0.0282530719 -0.0103487725
v 0.017119199 0.0241234828 -0.00841186292
v 0.0124424798 0.0292534108 -0.00911292206
v 0.0116129601 0.0268374398 -0.00527217263
v 0.00624759961 0.0299918207 -0.0079551212
v 0.00649425946 0.0294950298 -0.00397300207
v 0.00258574006 0.0301814808 -0.00785201163
v 0.00254956004 0.0303446399 -0.00333819165
v -0.00319516985 0.0300218614 -0.00786590142
v -0.00397791993 0.0297064399 -0.00336993176
v -0.00846620928 0.0290073907 -0.00894027169
v -0.00937435962 0.0278025395 -0.00524508253
v 0.00398897985 0.0121910735 0.0642869654
v 0.00401494978 0.0183798034 0.0637920399
v 0.00087448 0.0150738326 0.0639761429
v 0.000505489996 0.0176377722 0.0635388913
v -0.0175345 0.024952343 -0.0148259036
v -0.0179311894 0.0224371529 -0.0120339231
v -0.013398909 0.0272636314 -0.0114904522
v -0.0141112991 0.0252564329 -0.00822232357
v -0.020511739 0.0226003148 -0.0182666438
v -0.0205469299 0.0199327344 -0.0160360655
v -0.023132218 0.019639336 -0.0224900323
v -0.0228009 0.0168575439 -0.0204788941
v -0.00839333981 -0.00197004557 -0.0534695727
v 0.024056999 -0.00411844509 -0.0563510183
v 0.0187458992 -0.00514616428 -0.0578206493
v 0.023604231 -0.00316080484 -0.0559761197
v 0.0184550788 -0.00419377436 -0.0574316803
v 0.0326380469 0.000323723665 -0.0509503595
v 0.0331334285 -0.000454276273 -0.0510228575
v 0.0284081288 -0.00161613546 -0.0537572917
v 0.0289200302 -0.00252371551 -0.0540854975
v 0.036697112 0.0021329328 -0.0473153772
v 0.0360238291 0.00290143271 -0.047312311
v 0.0393476188 0.00507169164 -0.0431037494
v 0.0384957083 0.00577198152 -0.0432196169
v 0.0409980081 0.00830923028 -0.038379816
v 0.040291708 0.00895371022 -0.0386022044
v 0.0407241806 0.0120157784 -0.0342058246
v 0.0414661206 0.0116252487 -0.033688598
v 0.040821027 0.0148939876 -0.0291316749
v 0.0400865898 0.0151392069 -0.0297301054
v 0.0390700698 0.0180070057 -0.0246548735
v 0.0384551995 0.0182659265 -0.025216934
v 0.0363188908 0.0208008252 -0.020650154
v 0.0359366983 0.0210215152 -0.0212303846
v 0.0326379389 0.0233252728 -0.0171099932
v 0.0323545076 0.0234168648 -0.0178741526
v 0.0282133687 0.0254209937 -0.0142008529
v 0.0278826486 0.0254858735 -0.0149494127
v 0.0231704079 0.0268984826 -0.0129929327
v 0.0232086387 0.0270060631 -0.0120217225
v 0.0175517797 0.028107011 -0.0112928719
v 0.0179079603 0.0282530719 -0.0103487725
v 0.0120723797 0.0290120439 -0.00998824241
v 0.0124424798 0.0292534108 -0.00911292206
v 0.00618376955 0.0297498727 -0.00879538191
v 0.00624759961 0.0299918207 -0.0079551212
v 0.00266768993 0.029868661 -0.00863765216
v 0.00258574006 0.0301814808 -0.00785201163
v -0.00319516985 0.0300218614 -0.00786590142
v -0.00311185 0.0297142626 -0.00881881213
v -0.00820691977 0.0287754917 -0.0101056618
v -0.00846620928 0.0290073907 -0.00894027169
v -0.0128807789 0.0271403134 -0.0124682925
v -0.013398909 0.0272636314 -0.0114904522
v -0.01681008 0.0250084535 -0.0155788127
v -0.0175345 0.024952343 -0.0148259036
v -0.020511739 0.0226003148 -0.0182666438
v -0.0197290294 0.0227684038 -0.018835993
v -0.0223730486 0.0199076055 -0.022970604
v -0.023132218 0.019639336 -0.0224900323
v -0.0242995303 0.016814906 -0.0272774558
v -0.0249450393 0.0164566075 -0.0268197556
v -0.0119680595 0.0251868243 -0.0163375425
v -0.0136632593 0.0238065341 -0.0185799945
v -0.00917277951 0.026194623 -0.014880802
v -0.00580040971 0.0261622131 -0.0153235127
v 0.00330596999 0.0278283838 -0.0125042218
v 0.00642718002 0.0277159435 -0.0128043825
v 0.0211288501 0.0247641253 -0.0175623641
v 0.0095559191 -0.0103033473 -0.0487870602
v 0.0134314001 -0.0136911482 -0.0400827229
v 0.0152358497 -0.013150969 -0.0399853324
v 0.0137872295 -0.0143641392 -0.0381625222
v 0.0156223904 -0.01377898 -0.0378889404
v 0.0146837896 -0.0124144077 -0.0423155423
v 0.0127944192 -0.0130769591 -0.0419547332
v 0.0117416698 -0.0125051787 -0.0438035425
v 0.01387819 -0.0115179178 -0.0449697928
v 0.0102241505 -0.0119338472 -0.0455236616
v 0.0121696992 -0.0108988671 -0.0470302395
v 0.0156305395 -0.0145659499 -0.035925463
v 0.0138372695 -0.0150691695 -0.0362630154
v 0.0155303292 -0.0154232506 -0.0340206031
v 0.0139221698 -0.0157309808 -0.0347362762
v 0.0151941199 -0.0165059909 -0.032058683
v 0.0136071797 -0.0165489898 -0.0329134919
v 0.0131828794 -0.0175617515 -0.0310631833
v 0.0148014994 -0.0175478322 -0.0301386854
v 0.0136649795 -0.0192250721 -0.0278686951
v 0.0121761998 -0.018928561 -0.028976615
v 0.0107083498 -0.0202522223 -0.0273792649
v 0.0123059703 -0.020632124 -0.0262375269
v 0.00883494969 -0.0213111829 -0.0262532142
v 0.0102197891 -0.0221866545 -0.0247422759
v 0.00776979001 -0.023421894 -0.0236552756
v 0.00685008988 -0.0220997936 -0.0254807047
v 0.00463984022 -0.0227705714 -0.024885044
v 0.00510335015 -0.0242484933 -0.0227907961
v 0.00230634003 -0.024507673 -0.0223419378
v 0.00215033977 -0.0229916339 -0.0244650567
v -0.00150427991 -0.023939693 -0.022237406
v -0.00096357998 -0.0226861118 -0.0242175856
v -0.00329540996 -0.0219965624 -0.0242326151
v -0.00414083991 -0.0228867638 -0.022504455
v -0.00704539986 -0.020950963 -0.0232922957
v -0.00629086979 -0.0204829713 -0.0245439652
v -0.00414083991 -0.0228867638 -0.022504455
v -0.00329540996 -0.0219965624 -0.0242326151
v -0.00929018017 -0.0189265022 -0.024101905
v -0.0085067898 -0.0187094032 -0.0252466345
v -0.0102540394 -0.0163159819 -0.0269924949
v -0.0113653298 -0.0161021729 -0.0260233531
v -0.0124029499 -0.0139973321 -0.0280122422
v -0.0111555597 -0.0144675315 -0.0288980232
v -0.0130329495 -0.0119459816 -0.0307825743
v -0.0116014695 -0.0129618412 -0.0310272218
v -0.0116960388 -0.0115523909 -0.0335633637
v -0.0130310496 -0.0106583111 -0.0334473914
v -0.0127868699 -0.00912172937 -0.0369690607
v -0.0113636004 -0.0101553606 -0.0368151096
v -0.0124894697 -0.00797864938 -0.0397199526
v -0.0106414789 -0.00942746892 -0.0392683919
v 0.0104843695 -0.0215907239 -0.0234800654
v 0.00800166 -0.0226469744 -0.022304595
v 0.0128426095 -0.0195354026 -0.0250694432
v 0.0143444091 -0.0179325419 -0.0269523944
v 0.0154868197 -0.0162976007 -0.0292844555
v 0.00528737996 -0.0233519355 -0.0214622456
v 0.0025114899 -0.0235691033 -0.0209556248
v -0.00137972995 -0.0230016243 -0.0208332675
v -0.00408999994 -0.0221383626 -0.0211691357
v -0.00710474001 -0.0202086249 -0.0218002646
v -0.00408999994 -0.0221383626 -0.0211691357
v -0.00947227981 -0.0180326434 -0.0227514945
v -0.0116538797 -0.0153057826 -0.0243599232
v -0.0133016296 -0.0128010125 -0.0260569022
v 0.0163224805 -0.0149050821 -0.0310731328
v 0.0172438603 -0.0137475911 -0.0326059311
v 0.0187337101 -0.0122617007 -0.0349579039
v -0.0148180099 -0.0103801811 -0.0289827818
v -0.015935339 -0.0081282906 -0.0326618127
v -0.0167191792 -0.00606568025 -0.03611931
v -0.017033929 -0.00391664908 -0.0401162739
v -0.00261496985 -0.0089998667 -0.0475428389
v -0.00537963957 -0.00873447742 -0.0460266681
v 0.00129422999 -0.00966630687 -0.0486091737
v 0.00589550007 -0.0106850063 -0.0480938732
v 0.00860132929 -0.011421707 -0.0467936092
v 0.0240239892 -0.00865818803 -0.0429344908
v 0.00133229 -0.00944929682 -0.0478170614
v 0.00129422999 -0.00966630687 -0.0486091737
v 0.00575896958 -0.0104998176 -0.0472904807
v 0.00589550007 -0.0106850063 -0.0480938732
v -0.00261496985 -0.0089998667 -0.0475428389
v -0.00233115 -0.00884222751 -0.0467944914
v -0.00488817971 -0.00853590753 -0.045331052
v -0.00537963957 -0.00873447742 -0.0460266681
v -0.0113636004 -0.0101553606 -0.0368151096
v -0.0106414789 -0.00942746892 -0.0392683919
v -0.0108010601 -0.00985835999 -0.0365944308
v -0.0100956997 -0.00915832979 -0.0390441703
v -0.0116960388 -0.0115523909 -0.0335633637
v -0.0111118192 -0.0110864214 -0.0333966419
v -0.0110323792 -0.0125278813 -0.0309444029
v -0.0116014695 -0.0129618412 -0.0310272218
v -0.0111555597 -0.0144675315 -0.0288980232
v -0.0106471796 -0.0141893315 -0.0287810639
v -0.00966513995 -0.0158291126 -0.0269445428
v -0.0102540394 -0.0163159819 -0.0269924949
v -0.0085067898 -0.0187094032 -0.0252466345
v -0.00780129014 -0.0180487732 -0.0254232448
v -0.00574153988 -0.0197776732 -0.0247266457
v -0.00629086979 -0.0204829713 -0.0245439652
v -0.00293361 -0.0211111018 -0.0243513343
v -0.00329540996 -0.0219965624 -0.0242326151
v -0.00096357998 -0.0226861118 -0.0242175856
v -0.00329540996 -0.0219965624 -0.0242326151
v -0.000828159973 -0.0217179833 -0.0243333245
v -0.00293361 -0.0211111018 -0.0243513343
v 0.00215447997 -0.0220534419 -0.0245379455
v 0.00215033977 -0.0229916339 -0.0244650567
v 0.00463984022 -0.0227705714 -0.024885044
v 0.00454327976 -0.0218769022 -0.024881326
v 0.00660078973 -0.0213045019 -0.0253253841
v 0.00685008988 -0.0220997936 -0.0254807047
v 0.00849047024 -0.0205655624 -0.0260567348
v 0.00883494969 -0.0213111829 -0.0262532142
v 0.0107083498 -0.0202522223 -0.0273792649
v 0.0103371292 -0.0194986222 -0.0272352953
v 0.0121761998 -0.018928561 -0.028976615
v 0.0116922995 -0.0181971618 -0.0286100742
v 0.0127494298 -0.0167646717 -0.0306643553
v 0.0131828794 -0.0175617515 -0.0310631833
v 0.0136071797 -0.0165489898 -0.0329134919
v 0.0132155698 -0.0158177806 -0.0325286654
v 0.0139221698 -0.0157309808 -0.0347362762
v 0.0133973397 -0.0149683311 -0.0343533422
v 0.0134811895 -0.01460438 -0.0360038841
v 0.0138372695 -0.0150691695 -0.0362630154
v 0.0137872295 -0.0143641392 -0.0381625222
v 0.0133469198 -0.0139314002 -0.0379010402
v 0.0134314001 -0.0136911482 -0.0400827229
v 0.0129763698 -0.0132866991 -0.0398080906
v 0.0127944192 -0.0130769591 -0.0419547332
v 0.0123560904 -0.0126922084 -0.0415552404
v 0.0113362391 -0.0121284877 -0.0433460209
v 0.0117416698 -0.0125051787 -0.0438035425
v 0.00984625984 -0.011593217 -0.0449967117
v 0.0102241505 -0.0119338472 -0.0455236616
v 0.00860132929 -0.011421707 -0.0467936092
v 0.00830230024 -0.0111596581 -0.0461281046
v 0.0131064905 -0.01377429 -0.0338373221
v 0.0128790904 -0.0147168308 -0.0319826829
v 0.0123676499 -0.0157971916 -0.0300886245
v 0.0131557696 -0.0131547105 -0.0353138333
v 0.0129936505 -0.0124159495 -0.0371650938
v 0.0126041099 -0.0117251488 -0.0391998807
v 0.0119823199 -0.0112484388 -0.0409378216
v 0.0110501098 -0.0108296477 -0.0427140548
v 0.0096808197 -0.0103831386 -0.0443470208
v 0.00809006952 -0.00981419711 -0.0453853634
v 0.00574637996 -0.00898862687 -0.0464062789
v 0.00152269006 -0.00780718728 -0.0467371328
v -0.00181508006 -0.00724327728 -0.045891991
v -0.00440396974 -0.00716006815 -0.0445891191
v -0.0096214097 -0.00764172934 -0.0384565724
v -0.0102229398 -0.00836492016 -0.0359225631
v -0.0107050799 -0.00971708122 -0.032861362
v -0.0104869995 -0.0112524715 -0.0302147635
v -0.00998429023 -0.0128778722 -0.0279207339
v -0.00893642008 -0.0147407422 -0.0262911043
v -0.00711791962 -0.0169515524 -0.0248861824
v -0.00516620977 -0.0185422832 -0.0243846433
v -0.00268208003 -0.0199935837 -0.024000285
v -0.000557189982 -0.0205915748 -0.0240132454
v -0.00268208003 -0.0199935837 -0.024000285
v 0.00223463983 -0.0207881825 -0.0243078768
v 0.00449346984 -0.0206964415 -0.0246338434
v 0.00633580983 -0.0203479331 -0.0250759049
v 0.00817190018 -0.0195276929 -0.0257578843
v 0.00994911976 -0.0186201821 -0.0268554346
v 0.011228499 -0.0173243618 -0.0282257432
v 0.0198542792 -0.0113916699 -0.0367094607
v 0.0215801001 -0.01034707 -0.0389256915
v 0.0226955377 -0.00966165889 -0.0407496977
v -0.0144382203 -0.0100803333 -0.0225698826
v -0.0101701794 -0.0131811846 -0.0202106534
v -0.0077773598 -0.0142227844 -0.0192312543
v -0.00544627011 -0.0151027242 -0.0184509832
v -0.0023997 -0.0161543255 -0.0175433631
v -0.0023997 -0.0161543255 -0.0175433631
v 0.000254829996 -0.016944156 -0.0174153437
v 0.00334758987 -0.0171004449 -0.0177327049
v 0.00638600998 -0.0164505753 -0.0183011151
v 0.00909009948 -0.0159348235 -0.0193999341
v 0.0113773001 -0.0150931832 -0.0205599632
v 0.0143146701 -0.0137870735 -0.0227006916
v 0.0151019702 -0.015144033 -0.0255109336
v 0.0287768003 -0.00665338915 -0.0409033912
v 0.0240948107 -0.00935362938 -0.0378701936
v 0.0251840986 -0.00872082964 -0.0397901707
v 0.0187060498 -0.0123964007 -0.0315469723
v 0.0206645988 -0.0110906709 -0.0338683046
v 0.0242643002 -0.00921412095 -0.0345426525
v 0.0190782696 -0.0114889423 -0.0282807325
v 0.0166431498 -0.0139375618 -0.0278071631
v 0.0322304182 -0.00447199965 -0.0378990707
v 0.0344855301 -0.00200559061 -0.0345855323
v 0.0356048606 0.000679348313 -0.0310087388
v 0.0357249789 0.00360079722 -0.0271078283
v 0.0272689089 -0.00703343134 -0.031569982
v 0.0206560902 -0.00865928354 -0.0246138521
v 0.0153740197 -0.00989165456 -0.0200734929
v 0.0216480084 -0.0065741842 -0.0223960317
v 0.0289967284 -0.0048406922 -0.0288607603
v 0.0300386176 -0.00239247289 -0.026165039
v 0.0222199988 -0.00498506429 -0.0207214015
v 0.0308776088 0.0010596562 -0.0231608876
v 0.0227243211 -0.00292796489 -0.0186621201
v 0.00957506988 -0.0135556345 -0.0183008927
v 0.01204162 -0.0125867737 -0.019430244
v 0.00710376957 -0.0121178351 -0.0160556934
v 0.000921889965 -0.014928886 -0.0162291846
v 0.00350981997 -0.0149015358 -0.0165278132
v -0.000360289996 -0.012643296 -0.014833233
v -0.00533946976 -0.0133595653 -0.017355373
v -0.0070841494 -0.0124536845 -0.017534643
v -0.000360289996 -0.012643296 -0.014833233
v -0.00873904955 -0.0101490248 -0.0159615715
v -0.0146772889 -0.00686584492 -0.0178673621
v 0.0206039995 -0.00545030489 -0.0196897402
v 0.0200852994 -0.00685901421 -0.0210504029
v 0.0166078191 -0.00531466572 -0.0160499099
v 0.00922001991 -0.00789309582 -0.0134927419
v 0.00142620993 -0.00935960702 -0.0120843031
v 0.00142620993 -0.00935960702 -0.0120843031
v -0.00771046989 -0.00769023684 -0.0123630224
v -0.000360289996 -0.012643296 -0.014833233
v -0.00873904955 -0.0101490248 -0.0159615715
v -0.0146772889 -0.00686584492 -0.0178673621
v -0.0140749598 -0.00433936621 -0.0139037103
v 0.0173400901 0.0100322013 -0.00734065716
v 0.0168170501 0.00993574222 -0.00685664744
v 0.017484609 0.00799938219 -0.00770110795
v 0.0170433391 0.00782845179 -0.00727757741
v 0.0171065498 0.00561480198 -0.00769532833
v 0.0175639298 0.00568104241 -0.00809331831
v 0.0166261792 0.0118779911 -0.0064620367
v 0.0171249192 0.0120925717 -0.00693082671
v 0.0162374694 0.0142154905 -0.0059855463
v 0.0167449601 0.0143804223 -0.00639487603
v 0.0156381205 0.0162928212 -0.00546811549
v 0.0161891598 0.0166801099 -0.00577090512
v 0.0154194999 0.0185439898 -0.00489966492
v 0.0148650501 0.0181126607 -0.00470004489
v 0.0141218603 0.0196392416 -0.00373710444
v 0.0146784699 0.0202414907 -0.00405829461
v 0.0136846993 0.0218258097 -0.00245017414
v 0.0133423097 0.0212451598 -0.00209285423
v 0.0128584299 0.02215199 -0.000377304022
v 0.0130383894 0.0228153804 -0.000551103828
v 0.0127307493 0.022678589 0.00160347605
v 0.0126482295 0.0233485788 0.00157658615
v 0.0126647493 0.0226755486 0.00384315619
v 0.0125846192 0.0231946789 0.00402199635
v 0.0127037894 0.0223834183 0.00571888635
v 0.0126026589 0.0229176882 0.00596455588
v 0.0128979897 0.0216362568 0.0076105555
v 0.0128071792 0.0222081558 0.00799736605
v 0.0132092293 0.0206043174 0.00912079489
v 0.0131299095 0.0210849971 0.00971001581
v 0.0136357499 0.0186932562 0.0105120553
v 0.0136656901 0.0190719969 0.0111597846
v 0.0140478499 0.0172784967 0.0120960241
v 0.01400558 0.0169368561 0.0113489943
v 0.0143673997 0.0147493161 0.0117992836
v 0.0144543899 0.0149265662 0.0125247634
v 0.0146212094 0.0122072964 0.0115008527
v 0.0148078799 0.012179526 0.0123497029
v 0.0150085492 0.00952628678 0.0119890224
v 0.0147902798 0.0095369265 0.0109117122
v 0.0148650296 0.00729163686 0.0105143013
v 0.0150814401 0.00727046719 0.0114270012
v 0.0147598693 0.00552741726 0.0100733615
v 0.0150477896 0.00539329676 0.0110913809
v 0.0149224196 0.00356990694 0.0107858712
v 0.0145926289 0.00357932755 0.00973804112
v 0.0145605803 0.00100566723 0.0100822796
v 0.0142751001 0.00127364738 0.00924873014
v 0.0138209499 -0.000754202196 0.00824513918
v 0.0140466588 -0.0012604524 0.0089712093
v 0.0132619496 -0.00219971168 0.00669589906
v 0.0135121299 -0.00276432196 0.00729558915
v 0.0128184399 -0.0034930411 0.00456778891
v 0.0128439497 -0.00402409113 0.00502856899
v 0.0125493091 -0.00395702095 0.00308406899
v 0.0124973999 -0.00445534049 0.00321855858
v 0.0123739801 -0.00432388053 0.00128417881
v 0.0122194504 -0.00469677047 0.00135512861
v 0.012194789 -0.00460082973 -0.000685441205
v 0.01240726 -0.00426185951 -0.000661181151
v 0.01240726 -0.00426185951 -0.000661181151
v 0.012194789 -0.00460082973 -0.000685441205
v 0.0128201302 -0.00382235927 -0.00256506084
v 0.0125438701 -0.00424327904 -0.00285353113
v 0.0139016695 -0.00272639852 -0.00476524074
v 0.0137235401 -0.00307380853 -0.00511307073
v 0.0149283297 -0.00127654834 -0.00616390013
v 0.0149137396 -0.00166213823 -0.00662366997
v 0.0162986498 0.000739942079 -0.00760602978
v 0.0164171997 0.000589412113 -0.00801551978
v 0.0171374083 0.00322779204 -0.00802665862
v 0.0173892789 0.0031979421 -0.0084290291
v 0.0118545787 0.0208140804 -0.0021166543
v 0.01130882 0.0218594913 -0.000320924102
v 0.0128698796 0.0191877606 -0.00369681484
v 0.0137107503 0.0177079805 -0.00456675504
v 0.0144422306 0.015968842 -0.00525460568
v 0.0149911903 0.0140911319 -0.00569541607
v 0.0155102704 0.0116551814 -0.00613810694
v 0.0156010306 0.00984219165 -0.00630349727
v 0.0156426709 0.00787125146 -0.00658664781
v 0.0157832205 0.0058276217 -0.00745048823
v 0.0153568396 0.00361536186 -0.00776847914
v 0.0148359705 0.00149376202 -0.0073913993
v 0.0135456389 -0.000585478331 -0.00625304987
v 0.0124466894 -0.00184497865 -0.0048078704
v 0.0112086292 -0.00315223908 -0.00279623075
v 0.0105526699 -0.00360053962 -0.000947150962
v 0.0105526699 -0.00360053962 -0.000947150962
v 0.0101503097 -0.00371338032 0.000897939018
v 0.0101538599 -0.00350231052 0.00272885919
v 0.0111327693 -0.00296497089 0.0043303288
v 0.0117687704 -0.0019304317 0.00649865898
v 0.0119401002 -0.000147212218 0.00826326009
v 0.0129219787 0.00162864747 0.00899788036
v 0.0132190697 0.00374488745 0.00944073133
v 0.01331334 0.00565410701 0.00978230092
v 0.0133679491 0.00729491709 0.0100956718
v 0.0132947303 0.00959464718 0.0105139527
v 0.0132132899 0.0119920269 0.0110121932
v 0.0130360601 0.0142609167 0.0112501542
v 0.0126687 0.016193847 0.0109690946
v 0.0121726096 0.0181179969 0.0101321854
v 0.0117968088 0.0198178677 0.00893375531
v 0.01144657 0.0208913366 0.00751884517
v 0.0111837303 0.021553608 0.00577377595
v 0.0111033199 0.0219595273 0.00380329586
v 0.0111366194 0.0219771392 0.00176838584
v 0.0136846993 0.0218258097 -0.00245017414
v 0.0146784699 0.0202414907 -0.00405829461
v 0.0136921089 0.0231766712 -0.00423297362
v 0.0148697393 0.0219752319 -0.00547021363
v 0.0121173095 0.0246600605 -0.00134623343
v 0.0130383894 0.0228153804 -0.000551103828
v 0.0104424497 0.0267976806 -0.00170188271
v 0.00678684004 0.0292977805 -0.000973732079
v 0.0163827296 0.020005742 -0.00678771429
v 0.0154194999 0.0185439898 -0.00489966492
v 0.01765549 0.0176209307 -0.00793982476
v 0.0161891598 0.0166801099 -0.00577090512
v 0.0167449601 0.0143804223 -0.00639487603
v 0.0190491695 0.0149412525 -0.0094457359
v 0.0173261501 0.0213837422 -0.00797841403
v 0.0186083186 0.0200584219 -0.00890586452
v 0.0185890999 0.0100327923 -0.00935687693
v 0.0183844194 0.0121170623 -0.00893113623
v 0.0173400901 0.0100322013 -0.00734065716
v 0.0171249192 0.0120925717 -0.00693082671
v 0.017484609 0.00799938219 -0.00770110795
v 0.0196943283 0.00827225312 -0.0109185983
v 0.0175639298 0.00568104241 -0.00809331831
v 0.0173892789 0.0031979421 -0.0084290291
v 0.0196681395 0.00567678246 -0.0112707283
v 0.0194575097 0.00225958318 -0.0120105886
v 0.0176392198 -0.000561826919 -0.0114850999
v 0.0164171997 0.000589412113 -0.00801551978
v 0.0149137396 -0.00166213823 -0.00662366997
v 0.0153361103 -0.00277354701 -0.0106429903
v 0.0111571206 -0.00527022784 -0.0084779612
v 0.0137235401 -0.00307380853 -0.00511307073
v 0.00922001991 -0.00789309582 -0.0134927419
v 0.0166078191 -0.00531466572 -0.0160499099
v 0.0227243211 -0.00292796489 -0.0186621201
v 0.0225885604 0.0139060436 -0.012442016
v 0.0269628689 0.0115690637 -0.0156472164
v 0.0303152483 0.00838970521 -0.0186336279
v 0.0338151194 0.00715034579 -0.0219335779
v 0.0359594002 0.00654633635 -0.024731137
v 0.0357249789 0.00360079722 -0.0271078283
v 0.0308776088 0.0010596562 -0.0231608876
v 0.0218188502 0.00777611347 -0.0130389778
v 0.0250041597 0.00720913381 -0.0155410775
v 0.02121149 0.00500910334 -0.0130317086
v 0.0225423407 0.00196699391 -0.0151759493
v 0.00171150989 -0.00710716778 -0.00764724198
v 0.00142620993 -0.00935960702 -0.0120843031
v -0.00669041974 -0.00596103798 -0.00764808126
v 0.00171150989 -0.00710716778 -0.00764724198
v -0.0133089991 -0.00280810784 -0.00838390068
v -0.019205289 0.000954174514 -0.0169657802
v -0.0186458398 0.00470659273 -0.0102771592
v -0.0201785397 0.0159174537 -0.012911905
v -0.018640399 0.0164641814 -0.00769618549
v -0.0149985095 0.0225309107 -0.0038293039
v -0.0105282599 0.0267644489 -0.000533322771
v -0.00486474996 0.0295603291 0.00106133791
v 0.00256379996 0.0305468379 0.00181740819
v 0.0117083704 0.0249769981 0.00189445676
v 0.0126482295 0.0233485788 0.00157658615
v 0.0101637095 0.0268701589 0.00198635715
v 0.00694572972 0.0292833982 0.00215614792
v 0.0125438701 -0.00424327904 -0.00285353113
v 0.00980859995 -0.00575561902 -0.00394861136
v 0.012194789 -0.00460082973 -0.000685441205
v 0.00928281993 -0.00622287973 -0.000917111624
v 0.0122194504 -0.00469677047 0.00135512861
v 0.00930275023 -0.00649055048 0.00175946823
v 0.0124973999 -0.00445534049 0.00321855858
v 0.00925427955 -0.00673672113 0.00429000804
v 0.0128439497 -0.00402409113 0.00502856899
v 0.00942946039 -0.006809352 0.0070410278
v 0.0135121299 -0.00276432196 0.00729558915
v 0.00956131984 -0.00692856323 0.0125625981
v 0.00176702999 -0.0070907893 -0.00334906187
v 0.00176702999 -0.0070907893 -0.00334906187
v -0.0055517694 -0.00624690927 -0.00258787167
v -0.0119664595 -0.0034310896 -0.00207760091
v -0.0169691797 0.00264664051 -0.0021138992
v -0.0182353202 0.0129650109 -0.00145766652
v -0.0160885882 0.0198905894 0.000964625263
v -0.0128266793 0.024589198 0.00578114632
v -0.0060242801 0.0293222779 0.00642181743
v 0.00279852981 0.0308078975 0.00681664784
v 0.00728880987 0.0291472993 0.00602528724
v 0.0102061797 0.0267318268 0.00531628701
v 0.0115339896 0.0250291979 0.00496330645
v 0.0125846192 0.0231946789 0.00402199635
v 0.0140466588 -0.0012604524 0.0089712093
v 0.0135037899 -0.00227409316 0.0119299296
v 0.0109451097 0.0255183567 0.0106764262
v 0.0128071792 0.0222081558 0.00799736605
v 0.0116325999 0.024710428 0.00697365648
v 0.0126026589 0.0229176882 0.00596455588
v 0.0131299095 0.0210849971 0.00971001581
v 0.01265625 0.0221638668 0.0112059055
v 0.0136656901 0.0190719969 0.0111597846
v 0.0133129098 0.0200193359 0.0129097456
v 0.0131673198 0.0199125049 0.016347544
v 0.0140478499 0.0172784967 0.0120960241
v 0.0148078799 0.012179526 0.0123497029
v 0.0144543899 0.0149265662 0.0125247634
v 0.0146841705 0.0120954856 0.0145427328
v 0.0142766405 0.015257756 0.0145561233
v 0.0146861989 0.0100073955 0.0169310019
v 0.0150085492 0.00952628678 0.0119890224
v 0.0149274794 0.00687938602 0.0139039215
v 0.0148915304 0.00502944659 0.0133149311
v 0.0150814401 0.00727046719 0.0114270012
v 0.0150477896 0.00539329676 0.0110913809
v 0.0144281005 0.00281478543 0.0170149196
v 0.0149224196 0.00356990694 0.0107858712
v 0.01434136 0.00060912661 0.0126772292
v 0.0145605803 0.00100566723 0.0100822796
v 0.0129449796 -0.00243424508 0.0190759202
v 0.00948033947 -0.00676140554 0.020511549
v 0.00185099 -0.00765638996 0.000401017934
v 0.00773148984 -0.00708851047 0.00228847792
v 0.00773859024 -0.00724667088 0.00383681819
v 0.00227132998 -0.00871673169 0.00828020692
v 0.0024935999 -0.00916148362 0.0143369579
v 0.00269989995 -0.00924142566 0.0216519063
v -0.00493629975 -0.00701519062 0.00198728799
v 0.00185099 -0.00765638996 0.000401017934
v 0.00227132998 -0.00871673169 0.00828020692
v -0.00438646972 -0.00794167227 0.00924943733
v 0.0024935999 -0.00916148362 0.0143369579
v -0.00395498006 -0.00837620393 0.0155594978
v 0.00269989995 -0.00924142566 0.0216519063
v -0.00331457984 -0.00838963548 0.0225366182
v -0.0115368599 -0.00416367073 0.00311717861
v -0.0108025204 -0.0050516123 0.0100820181
v -0.0101557197 -0.00551216418 0.0163692482
v -0.0097090099 -0.0053050664 0.0231079482
v -0.01645354 0.00185805903 0.00367947043
v -0.0160456896 0.00135726739 0.00992420073
v -0.015680179 0.00123042566 0.0160691797
v -0.0151873892 0.00133498383 0.0226226397
v -0.0181154087 0.00982871916 0.00401451237
v -0.0178389996 0.00921897713 0.00927658254
v -0.017547179 0.00926299543 0.015204773
v -0.0172120407 0.00946925369 0.0217175304
v -0.017190069 0.0166024797 0.0039379944
v -0.0168336798 0.0172539276 0.0079475045
v -0.0165526997 0.0175343454 0.0139292144
v -0.0162653401 0.0178276338 0.020517503
v -0.0126657402 0.0247809555 0.0125802263
v -0.0124141891 0.0250643235 0.0193799261
v -0.00628675986 0.0294642955 0.0125133176
v -0.00603070948 0.0297531044 0.0187844584
v 0.00294263987 0.0311114662 0.0123965582
v 0.00314689986 0.0314053248 0.0183897066
v 0.00760195963 0.0290754071 0.0115209272
v 0.00788170006 0.0290156836 0.0172683377
v 0.0141507797 0.011345863 0.0256580108
v 0.0126053402 0.020619382 0.0248792339
v 0.00820504036 0.0289025016 0.0250634666
v 0.00331107993 0.0317931107 0.0253053393
v 0.0139970193 0.00408029268 0.0263265904
v 0.0126442695 -0.00161403732 0.0272969506
v 0.00957623962 -0.00602257781 0.0283518175
v 0.00295802997 -0.00880177829 0.0293907164
v -0.00278257998 -0.00794144779 0.0299157274
v 0.00295802997 -0.00880177829 0.0293907164
v -0.00939939916 -0.00466896802 0.0302962872
v -0.0146129197 0.0015956619 0.0297243003
v -0.0168407205 0.00967788202 0.0287748713
v -0.0160005987 0.0180939026 0.0276071552
v -0.0120978104 0.0254725016 0.0264373062
v -0.00573580014 0.0300927317 0.025626457
v 0.00348932995 -0.00590089193 0.044946479
v -0.0019136999 -0.0052781021 0.0449598306
v 0.00319254003 -0.00767815981 0.0374967584
v -0.00234084995 -0.00694061984 0.0374679547
v 0.00319254003 -0.00767815981 0.0374967584
v 0.0096121598 -0.00472992987 0.0364670778
v 0.00348932995 -0.00590089193 0.044946479
v 0.00973485969 -0.00267449184 0.0441806384
v 0.00391570013 -0.00282785385 0.0526812665
v -0.00113396998 -0.00212770422 0.052893299
v 0.00391570013 -0.00282785385 0.0526812665
v 0.00925953966 0.000219255892 0.0524665788
v -0.0089947097 -0.00366886998 0.0377426473
v -0.00850932021 -0.00218835201 0.0453382091
v -0.0140250595 0.00221269996 0.0373024984
v -0.0135408696 0.00338697809 0.0449579367
v -0.0164062399 0.0100251096 0.0364435603
v -0.0159784891 0.0107026577 0.0442489601
v -0.0154147996 0.0190266273 0.0433850526
v -0.0156903602 0.0185886396 0.0352083457
v -0.0117719397 0.0259416906 0.0339162457
v -0.0113722505 0.0263717172 0.0424177643
v -0.00522122951 0.0305285905 0.0332186192
v -0.00438937964 0.030769348 0.0422728368
v 0.00362009997 0.0320963585 0.0330078167
v 0.00396811962 0.0319298579 0.0420851682
v 0.00825676043 0.0290005993 0.0331747461
v 0.00823867042 0.0288040282 0.0422246683
v 0.0121780504 0.0209635219 0.0338087958
v 0.0117492601 0.0210367494 0.0426799861
v 0.0136424499 0.0123378802 0.0345139201
v 0.0131386006 0.0129632079 0.0432001536
v 0.0135557996 0.00528447036 0.0352055407
v 0.0130914105 0.0065393182 0.0435017775
v 0.0124481106 5.40903989e-05 0.0357325487
v 0.0121447798 0.00178980829 0.0436973986
v -0.00747229997 0.00048246583 0.0526707509
v -0.0119993305 0.00505605608 0.0524290627
v -0.0146534797 0.0117388358 0.0519705223
v -0.01420068 0.0193309552 0.0516786441
v -0.0101715196 0.0259117961 0.0513342055
v -0.0034948301 0.029529405 0.0512219896
v 0.0041249902 0.0301894537 0.0516522757
v 0.00783140957 0.0271228357 0.0516599937
v 0.0107150599 0.0204130048 0.0521190631
v 0.012030689 0.0134382061 0.052138213
v 0.0119766099 0.00775690559 0.0521197526
v 0.0111385593 0.00387136607 0.0522737104
v 0.00698832981 0.00242803459 0.0570345304
v 0.00744409952 0.0024433746 0.0571939803
v 0.00722563034 0.00239881444 0.0575542382
v 0.00693992944 0.001679595 0.0558218364
v 0.00709276972 0.00136183513 0.0555793796
v 0.00738075003 0.00170538509 0.0557395224
v 0.00541064003 0.00110250492 0.0562642704
v 0.00513458997 0.000855394857 0.0563752691
v 0.0053857998 0.000727984956 0.0560365284
v 0.00550111989 0.00181852434 0.0580016268
v 0.00516934972 0.00151152438 0.0577925112
v 0.00543871988 0.00182928438 0.0575358575
v 0.00709276972 0.00136183513 0.0555793796
v 0.0053857998 0.000727984956 0.0560365284
v 0.00550111989 0.00181852434 0.0580016268
v 0.00722563034 0.00239881444 0.0575542382
v 0.00504199974 0.000151504772 0.0566637405
v 0.00529428013 -2.59551457e-05 0.0563684776
v 0.00764764007 0.00110693494 0.0560078363
v 0.00750911981 0.000664885012 0.0557712579
v 0.00769643998 0.00227285449 0.057433237
v 0.00743381027 0.00231161442 0.0577649667
v 0.00508362986 0.00127829433 0.0581868704
v 0.0054062698 0.00157156425 0.0584211689
v 0.00764764007 0.00110693494 0.0560078363
v 0.00750911981 0.000664885012 0.0557712579
v 0.00813235994 0.00106855497 0.0557538609
v 0.00772375986 0.000355665111 0.0553259254
v 0.00523843989 -0.000573895024 0.0559806077
v 0.00529428013 -2.59551457e-05 0.0563684776
v 0.00463411957 -0.000240875232 0.0566928908
v 0.00504199974 0.000151504772 0.0566637405
v 0.00529742986 0.00180365404 0.0588229415
v 0.00474066986 0.00126745424 0.0584717583
v 0.0054062698 0.00157156425 0.0584211689
v 0.00508362986 0.00127829433 0.0581868704
v 0.00811261963 0.00250379457 0.0573801405
v 0.00760642998 0.00261808443 0.0580397777
v 0.00769643998 0.00227285449 0.057433237
v 0.00743381027 0.00231161442 0.0577649667
v 0.00529428013 -2.59551457e-05 0.0563684776
v 0.00750911981 0.000664885012 0.0557712579
v 0.00743381027 0.00231161442 0.0577649667
v 0.0054062698 0.00157156425 0.0584211689
v 0.00925953966 0.000219255892 0.0524665788
v 0.00391570013 -0.00282785385 0.0526812665
v 0.00547730969 0.00247076403 0.0591604605
v 0.00744487997 0.00343237434 0.0584506178
v 0.00809986982 0.00371466427 0.0584353591
v 0.0077253799 0.00389181435 0.0586077879
v 0.00521193026 0.00271994397 0.0594235182
v 0.0047088 0.00226522385 0.0594815767
v 0.00557505013 0.0046192035 0.0606716921
v 0.00532684987 0.00475653339 0.0612164302
v 0.00527011976 0.00427229382 0.0604466211
v 0.00471128989 0.00411993348 0.0610221896
v 0.00768862013 0.0054338638 0.059513697
v 0.0080704093 0.00551428393 0.0596682705
v 0.00722843967 0.00550825398 0.0600447073
v 0.00757250004 0.00593969373 0.0603926794
v 0.00733008981 0.00551802423 0.0592569016
v 0.00768862013 0.0054338638 0.059513697
v 0.00710880989 0.00554701388 0.0596250907
v 0.00722843967 0.00550825398 0.0600447073
v 0.00529215997 0.00446432379 0.0600518783
v 0.00550127029 0.00482649369 0.0601557208
v 0.00527011976 0.00427229382 0.0604466211
v 0.00557505013 0.0046192035 0.0606716921
v 0.00547730969 0.00247076403 0.0591604605
v 0.00541089009 0.00341642393 0.0588715421
v 0.00521193026 0.00271994397 0.0594235182
v 0.00523974001 0.00344648391 0.0591817507
v 0.00744487997 0.00343237434 0.0584506178
v 0.0077253799 0.00389181435 0.0586077879
v 0.00694262004 0.00405508436 0.058314291
v 0.00714044971 0.00433714424 0.0583463286
v 0.00550437951 0.00377645411 0.059019928
v 0.00685863011 0.0043298943 0.0585540023
v 0.00698752981 0.00534773421 0.0593351699
v 0.00553206028 0.00466307415 0.0598142197
v 0.00541089009 0.00341642393 0.0588715421
v 0.00694262004 0.00405508436 0.058314291
v 0.00550127029 0.00482649369 0.0601557208
v 0.00710880989 0.00554701388 0.0596250907
v 0.00547730969 0.00247076403 0.0591604605
v 0.00744487997 0.00343237434 0.0584506178
v 0.00722843967 0.00550825398 0.0600447073
v 0.00557505013 0.0046192035 0.0606716921
v 0.00909984019 0.00198034503 0.0553483559
v 0.00388909015 -0.000307405266 0.0568078606
v 0.00394731993 0.00163374419 0.0590518196
v 0.00393167976 0.00449591342 0.0614365389
v 0.00391303981 0.00600195352 0.0623069012
v 0.00831650011 0.00856344357 0.0605798312
v 0.00869910978 0.00628927432 0.0593312139
v 0.00893018022 0.00372702461 0.0573417703
v 0.00391570013 -0.00282785385 0.0526812665
v 0.00388909015 -0.000307405266 0.0568078606
v -0.00113396998 -0.00212770422 0.052893299
v -0.000434760004 0.000569904687 0.0569744112
v -0.00747229997 0.00048246583 0.0526707509
v -0.00607488956 0.00306295475 0.0567781784
v -0.0099502597 0.00695745477 0.0565647911
v -0.0119993305 0.00505605608 0.0524290627
v -0.01224388 0.0127415049 0.0562712026
v -0.0146534797 0.0117388358 0.0519705223
v -0.01420068 0.0193309552 0.0516786441
v -0.0117009301 0.0191644149 0.0560372263
v -0.0101715196 0.0259117961 0.0513342055
v -0.00862388965 0.0237195453 0.0561009262
v -0.0027787101 0.0267393139 0.0566716452
v -0.0034948301 0.029529405 0.0512219896
v 0.00423123967 0.0273989733 0.0570774152
v 0.0041249902 0.0301894537 0.0516522757
v 0.0070123896 0.0247061826 0.0567620947
v 0.00783140957 0.0271228357 0.0516599937
v 0.00423123967 0.0273989733 0.0570774152
v 0.0041249902 0.0301894537 0.0516522757
v 0.00935112964 0.0198840645 0.0566092448
v 0.0107150599 0.0204130048 0.0521190631
v 0.0106930304 0.0133975043 0.0566409341
v 0.012030689 0.0134382061 0.052138213
v 0.0119766099 0.00775690559 0.0521197526
v 0.0105159404 0.00828688465 0.0567071572
v 0.0099504292 0.00556440478 0.0567158513
v 0.0111385593 0.00387136607 0.0522737104
v 0.00973127969 0.00275457501 0.0549423963
v 0.00953001995 0.00451605449 0.0568874416
v 0.00880671944 0.0131001943 0.0605190432
v 0.00769688003 0.018826284 0.0604337616
v 0.0061571002 0.0218974916 0.0604745432
v 0.00409090007 0.023021553 0.0614392223
v 0.00409090007 0.023021553 0.0614392223
v -0.00186387997 0.0222984426 0.0609667622
v -0.00611225003 0.0206213246 0.0599583443
v -0.00772099011 0.0178828227 0.0599367555
v -0.00823052973 0.0135088532 0.0600536316
v -0.00640196959 0.0101398635 0.06058517
v -0.00410027988 0.00794668347 0.0609757177
v 6.24999984e-06 0.00629843369 0.0617831441
v 0.0021275701 0.00186224404 0.0591352773
v 0.00394731993 0.00163374419 0.0590518196
v 0.00224693003 0.00396818381 0.0609131615
v 0.00393167976 0.00449591342 0.0614365389
v 0.00391303981 0.00600195352 0.0623069012
v 0.00396854989 0.00916293229 0.06367519
v 0.0059882896 0.0101239829 0.0629984838
v 0.00624541985 0.0126136725 0.0632439662
v 0.00573270954 0.0182544923 0.062883762
v 0.00500617968 0.0202944409 0.0625429506
v 0.00405128999 0.0207427832 0.0628111344
v 0.00401494978 0.0183798034 0.0637920399
v 0.00398897985 0.0121910735 0.0642869654
v 0.000342279993 0.00915251281 0.0630749489
v 0.00396854989 0.00916293229 0.06367519
v -0.00303054973 0.0104282927 0.0622569351
v -0.00431187963 0.0118673128 0.0620366739
v -0.00517724967 0.0142242631 0.0618252643
v -0.00558901019 0.017099513 0.0613843509
v -0.00434901984 0.0190455823 0.0614975742
v -0.00143085001 0.0198795125 0.0623030939
v 0.00405128999 0.0207427832 0.0628111344
v -0.00102461001 0.0176273527 0.0631125617
v -0.000698190008 0.014802653 0.0635447691
v -0.000175010005 0.011925643 0.0635392847
v 0.00850559957 0.0165978171 -0.0289582249
v 0.00632769987 0.0173330075 -0.0315784654
v 0.00956929941 0.0157501686 -0.0302659566
v 0.0071157096 0.0167050691 -0.0325472757
v 0.0103736492 0.0148071387 -0.031686235
v 0.00771157956 0.0160064583 -0.0335994469
v 0.0108608194 0.0137836594 -0.0331924074
v 0.00807247963 0.0152482493 -0.0347152274
v 0.0110160392 0.0127119189 -0.0347372073
v 0.00818747934 0.0144542692 -0.0358596554
v 0.0107866591 0.0116293891 -0.0362622148
v 0.00801755022 0.0136523197 -0.0369894058
v 0.0102043897 0.0105770099 -0.0377119975
v 0.00758619001 0.0128726996 -0.0380634258
v 0.00932401977 0.00958473074 -0.039048658
v 0.00693398993 0.01213762 -0.0390536641
v 0.00817300938 0.00868384038 -0.0402300744
v 0.00608129986 0.0114702103 -0.0399288765
v 0.00679655001 0.00788697125 -0.0412423776
v 0.00506159011 0.0108798805 -0.0406787888
v 0.00521633029 0.00722935109 -0.0420371535
v 0.00389091996 0.0103926909 -0.0412675859
v 0.00349366991 0.00671671172 -0.0426118766
v 0.00261476007 0.0100129405 -0.0416933644
v 0.00165624998 0.00639380177 -0.0429052172
v 0.00125356996 0.00977370152 -0.0419106457
v 0.0130481692 0.00413057306 -0.0487069663
v 0.00755680958 -0.00449071434 -0.0578588595
v 0.00743788993 -0.0054317044 -0.0582620181
v 0.00215010997 -0.00381618444 -0.0568671162
v 0.00183235004 -0.00469767443 -0.0571586167
v 0.0131382197 -0.00465575442 -0.0580846009
v 0.00943560991 0.00322065349 -0.049732606
v 0.00583235966 0.00271808331 -0.0502059303
v 0.0131617701 -0.00557616457 -0.0585125215
v 0.00240033004 0.00258413351 -0.0501886413
v -0.00106245 0.00253386346 -0.0499780767
v -0.00337539986 -0.00256080516 -0.0551045171
v -0.00365299988 -0.00344570518 -0.0554105388
v -0.00465153018 0.00279308318 -0.0493178509
v -0.00798875932 -0.00122798561 -0.0532572422
v -0.00839333981 -0.00197004557 -0.0534695727
v -0.0142223407 0.0222554543 -0.0212869938
v -0.0147715602 0.0195540464 -0.025800614
v -0.0171056595 0.0167413471 -0.0296058945
v -0.0210803598 0.004756552 -0.0444150368
v -0.0155942794 0.00698521162 -0.0428687353
v -0.0177869201 0.0027256228 -0.0474611886
v -0.0131688798 0.00564489184 -0.0449013173
v -0.00801599026 0.00352304278 -0.0481028212
v -0.0116110398 0.000125583792 -0.0513645298
v -0.0217623301 0.0041798617 -0.0444695603
v -0.0183094498 0.0020885628 -0.0475941779
v -0.0120886303 -0.000624676159 -0.0516203383
v -0.0151797403 0.000682473358 -0.0498218088
v -0.0146683501 0.00134489329 -0.0495719086
v -0.0209545102 -0.000799099813 -0.0378527681
v -0.0214954801 0.00184312118 -0.041751496
v -0.0179341696 -0.00030861794 -0.0448723399
v -0.0217623301 0.0041798617 -0.0444695603
v -0.0183094498 0.0020885628 -0.0475941779
v -0.0120886303 -0.000624676159 -0.0516203383
v -0.0111172795 -0.00323625658 -0.0492376992
v -0.0151797403 0.000682473358 -0.0498218088
v -0.0145812593 -0.00187329739 -0.0471973424
v -0.00852319971 -0.00718338716 -0.0459730905
v -0.0115354098 -0.00739313831 -0.0422209596
v -0.0101704998 -0.00723598781 -0.0442024638
v -0.00977968983 -0.00900854926 -0.0412042016
v -0.00723815942 -0.00867113764 -0.0445318096
v -0.00850140955 -0.00871611808 -0.0432268107
v -0.00537963957 -0.00873447742 -0.0460266681
v -0.00488817971 -0.00853590753 -0.045331052
v -0.00723815942 -0.00867113764 -0.0445318096
v -0.00682487013 -0.00860096824 -0.0439126403
v -0.0106414789 -0.00942746892 -0.0392683919
v -0.00977968983 -0.00900854926 -0.0412042016
v -0.0100956997 -0.00915832979 -0.0390441703
v -0.0092458101 -0.00882555843 -0.0408644514
v -0.00850140955 -0.00871611808 -0.0432268107
v -0.00797017943 -0.0086297185 -0.0426810407
v -0.00630431995 -0.00739714831 -0.0432715101
v -0.00440396974 -0.00716006815 -0.0445891191
v -0.00630431995 -0.00739714831 -0.0432715101
v -0.00440396974 -0.00716006815 -0.0445891191
v -0.0096214097 -0.00764172934 -0.0384565724
v -0.00878702942 -0.00753549897 -0.0401813632
v -0.0107050799 -0.00971708122 -0.032861362
v -0.00756940013 -0.00736627856 -0.0420288426
v -0.00878702942 -0.00753549897 -0.0401813632
v -0.00756940013 -0.00736627856 -0.0420288426
v -0.0107235704 0.0045029325 -0.0466178047
v -0.017414581 0.00848661059 -0.0406558156
v -0.0235059094 0.00683774092 -0.0412806776
v -0.0241317283 0.00642675102 -0.0410983955
v -0.0237069298 0.0040443504 -0.0387178276
v -0.0241317283 0.00642675102 -0.0410983955
v -0.0252499692 0.0081700907 -0.0384509765
v -0.0247753002 0.00580027928 -0.0362466782
v -0.0183448903 0.0101574697 -0.0383379767
v -0.024688419 0.00866109054 -0.0386488265
v -0.0252499692 0.0081700907 -0.0384509765
v -0.0183199886 0.0119570488 -0.0359990863
v -0.0253239609 0.0102260993 -0.0364160361
v -0.0253455304 0.0134398483 -0.0319337846
v -0.0177825503 0.0151740882 -0.0316913832
v -0.0258207507 0.00976799937 -0.0362455856
v -0.02597275 0.0130124186 -0.0316451157
v -0.0254361499 0.0120536785 -0.0338785877
v -0.0260508694 0.0116324878 -0.0336537367
v -0.0205888785 -0.00265999082 -0.0341528289
v -0.0200142898 -0.00427834174 -0.0295986601
v -0.0230822098 0.0014685394 -0.0352446507
v -0.0225151889 -0.000346961396 -0.0319722184
v -0.025316719 0.00731482947 -0.0340904276
v -0.0258207507 0.00976799937 -0.0362455856
v -0.0260508694 0.0116324878 -0.0336537367
v -0.025520239 0.00898240799 -0.0316612957
v -0.0255125593 0.0103624673 -0.0297389357
v -0.02597275 0.0130124186 -0.0316451157
v -0.0246337298 0.00540465758 -0.0290601779
v -0.024585221 0.00657297741 -0.0268720278
v -0.0245629679 0.0137359362 -0.0250860043
v -0.0249450393 0.0164566075 -0.0268197556
v -0.02597275 0.0130124186 -0.0316451157
v -0.0255125593 0.0103624673 -0.0297389357
v -0.024585221 0.00657297741 -0.0268720278
v -0.023030838 0.00264842642 -0.0241347395
v -0.0234095901 0.00926896598 -0.0223049571
v -0.0219994392 0.00604580506 -0.0199321082
v -0.0215512794 0.0114942434 -0.0169485665
v -0.0240318384 0.00302689872 -0.032941769
v -0.02365488 0.00193453811 -0.0302359084
v -0.0244074706 0.00405302835 -0.0313632887
v -0.0196501985 -0.00247688428 -0.0208004086
v -0.0196501985 -0.00247688428 -0.0208004086
v -0.023030838 0.00264842642 -0.0241347395
v -0.0228152703 0.000854436979 -0.0261059084
v -0.0174125899 -0.00731246333 -0.025257053
v -0.0214092582 -0.00231753237 -0.0279680292
v -0.0181883797 0.0135803491 -0.0338265263
v -0.00422934303 0.0215141838 -0.0242383329
v -0.00676700287 0.0208881583 -0.0250497572
v -0.0053916988 0.021483968 -0.0241118612
v -0.00614247005 0.0212716787 -0.0244041736
v -0.00867991149 0.0201521921 -0.0260517245
v -0.0078119128 0.0210376206 -0.0245861057
v -0.00857999176 0.021034929 -0.0244835298
v -0.00414886419 0.0220619 -0.0232034043
v -0.00176981196 0.0218348567 -0.0239317209
v -0.00372902793 0.022406057 -0.0226247325
v -0.012206424 0.0222454725 -0.0217261124
v -0.0118360268 0.0218923823 -0.0224207171
v -0.01243944 0.0229933689 -0.020321702
v -0.0123871779 0.0233764385 -0.019638588
v -0.0122205596 0.0237465403 -0.0189845163
v -0.0118728466 0.0241102123 -0.0183688375
v -0.0114692897 0.0244626842 -0.0177980428
v -0.0109382439 0.0247605601 -0.017322379
v -0.00951653626 0.025300416 -0.0165329936
v -0.0103105139 0.0250515722 -0.0168773818
v -0.00868963357 0.025431317 -0.0163833431
v -0.00791661628 0.0255180045 -0.0163059818
v -0.00712589733 0.0255116026 -0.0164010847
v -0.00631754147 0.0254498429 -0.0165771178
v -0.00554967113 0.0253363651 -0.016874992
v -0.0113238199 0.0215752913 -0.0230737401
v -0.0123796808 0.0225924105 -0.021057894
v -0.00486222003 0.0217966575 -0.0236061939
v -0.00521971984 0.021833426 -0.0230054536
v -0.00431422982 0.0221118263 -0.0230881252
v -0.00479369983 0.0220456259 -0.0225709636
v -0.00472838571 0.0217316885 -0.0237497722
v -0.00391375972 0.0224426151 -0.0225348245
v -0.00441834982 0.0223173242 -0.0220730934
v -0.00341232284 0.0227593485 -0.0219755316
v -0.00360830012 0.0227841272 -0.0219075321
v -0.00414624996 0.0226115344 -0.0215237527
v -0.00337018981 0.0231607148 -0.0212231235
v -0.00316238636 0.023154013 -0.0212540657
v -0.00398690999 0.0229249746 -0.0209415139
v -0.00316569628 0.0235550105 -0.0204975076
v -0.00337437005 0.0235391743 -0.0205076534
v -0.00394087983 0.0232517141 -0.0203473245
v -0.00349963992 0.0239153334 -0.0197743933
v -0.00329439295 0.0239445806 -0.0197364437
v -0.00401458004 0.0235621554 -0.0197492737
v -0.00350871193 0.0242559645 -0.0191237526
v -0.00370469969 0.0242152955 -0.0191839943
v -0.00420055958 0.0238899547 -0.019182983
v -0.00401751976 0.0245460061 -0.0185335436
v -0.00383509975 0.0245997657 -0.0184451536
v -0.00449876022 0.0241612954 -0.0186346034
v -0.00434713019 0.0249009609 -0.0177991621
v -0.00450554024 0.0248302437 -0.0179163523
v -0.00489648012 0.0244002056 -0.0181364333
v -0.00500527024 0.0250383532 -0.0174743932
v -0.0053838701 0.0246025036 -0.017707114
v -0.00565257994 0.025244045 -0.0170309029
v -0.00594642991 0.0247687539 -0.017362493
v -0.00791367982 0.025420564 -0.0164880125
v -0.00716032973 0.025412713 -0.016579502
v -0.00790474005 0.0249994648 -0.0169316631
v -0.00722665014 0.0249659036 -0.0169662021
v -0.00638003973 0.025352544 -0.016749012
v -0.00656643976 0.0248897327 -0.0171107229
v -0.00865216926 0.025339064 -0.0165623824
v -0.00858069956 0.0249547538 -0.0169912826
v -0.0107989702 0.0247010244 -0.0174591531
v -0.0101960097 0.0249803634 -0.0170328624
v -0.0103930999 0.0244877144 -0.0177500126
v -0.00984380953 0.0246931734 -0.0174051624
v -0.00944469962 0.0252157346 -0.0167063034
v -0.00923431944 0.0248575536 -0.0171522226
v -0.0113071799 0.0244179658 -0.0179152628
v -0.0108628701 0.024230785 -0.0181698343
v -0.0116945896 0.024078864 -0.0184628638
v -0.0112406695 0.023934984 -0.0186527531
v -0.0120276492 0.0237308233 -0.0190530728
v -0.0115130497 0.0236085742 -0.0191841826
v -0.0121856499 0.0233786066 -0.0196729947
v -0.0116706388 0.0232817546 -0.0197598741
v -0.0122360894 0.0230106859 -0.0203307638
v -0.0117146298 0.0229574664 -0.0203562429
v -0.0121785896 0.0226246957 -0.0210409439
v -0.011638009 0.0226384048 -0.0209520044
v -0.0120138293 0.0222952443 -0.0216763034
v -0.0114498604 0.0223294051 -0.0215279325
v -0.01166056 0.0219590761 -0.0223392636
v -0.0111501394 0.0220552947 -0.0220733021
v -0.0111729996 0.0216592053 -0.0229620633
v -0.01075246 0.0218121247 -0.0225686447
v -0.0107243545 0.0213635459 -0.0235464646
v -0.0106057497 0.0214585054 -0.023409115
v -0.0102646798 0.0216060454 -0.0229951942
v -0.0100440104 0.0212134914 -0.0239303148
v -0.00994468946 0.0213128262 -0.0237806047
v -0.00970239006 0.0214360065 -0.0233371331
v -0.00924326014 0.0211824262 -0.0241293943
v -0.00931721274 0.0210798225 -0.0242947451
v -0.0090825893 0.0213202246 -0.0235919932
v -0.00854285993 0.0211353777 -0.0243079643
v -0.00842345972 0.0212643154 -0.023750713
v -0.00780285988 0.0211366071 -0.0244061033
v -0.00774875982 0.0212700356 -0.0238267331
v -0.0069954698 0.0211981563 -0.0244153756
v -0.00696267514 0.0211058455 -0.0245976261
v -0.00707012974 0.0213190847 -0.0237535945
v -0.00621676957 0.0213558758 -0.0242307743
v -0.00641757017 0.021418155 -0.0235918125
v -0.00549252983 0.0215609063 -0.0239485724
v -0.00580878975 0.0215965852 -0.0233464947
v 0.000746337755 0.0219729905 -0.0238784195
v 0.000714833965 0.0218363209 -0.0243246515
v -0.001714424 0.0217014393 -0.0243781654
v 0.00531480834 0.0215420883 -0.0250815468
v 0.00723223668 0.0211001872 -0.0259011331
v 0.00296041369 0.021794864 -0.0245236621
v -0.00409361441 0.0213901672 -0.0246730855
v -0.00653642043 0.0207914294 -0.0254514962
v -0.0083988104 0.0200733222 -0.0264202805
v -0.00994292833 0.0192348808 -0.0275716432
v -0.0115316166 0.0180490263 -0.0291918095
v -0.0126681468 0.0168775514 -0.0307197991
v -0.0133651383 0.0154129224 -0.0327072586
v -0.0135477623 0.0141684729 -0.0344143286
v -0.0134781608 0.0128071955 -0.0362406301
v -0.0129983602 0.0113674272 -0.0382069915
v -0.0120246047 0.010209803 -0.0398703674
v -0.0109323924 0.00907506511 -0.0414492016
v -0.00942632835 0.0079808239 -0.0430063398
v -0.00763841067 0.00710473887 -0.0442776512
v -0.00552528305 0.00644746337 -0.0453258102
v -0.00299421605 0.00603276752 -0.04610982
v -0.000507895311 0.0059772375 -0.0464203044
v 0.00215335353 0.00612796834 -0.0464526547
v 0.00484705437 0.00649504021 -0.046182545
v 0.00731793465 0.00714737003 -0.0454984735
v 0.00911534857 0.00794306106 -0.0445933842
v 0.0108212866 0.00901891338 -0.0433166599
v 0.0125001213 0.0103392163 -0.0416438179
v 0.0136318989 0.0118582551 -0.0396756572
v 0.01416054 0.0131714148 -0.0378898757
v 0.0142168188 0.014549374 -0.0359782612
v 0.0139887445 0.0159694383 -0.0339360492
v 0.0133206313 0.0172179297 -0.0320861778
v 0.0124351345 0.0183818943 -0.030305172
v 0.011119063 0.0194616525 -0.0286076277
v 0.00926179904 0.0203914846 -0.0271161256
v 0.00303714885 0.0219317348 -0.0240811945
v 0.00217336393 0.0230694081 -0.0218309307
v 0.0014279976 0.0232911 -0.021366603
v 0.00547699677 0.0216729633 -0.0246607361
v 0.00446142955 0.0228248299 -0.0224296818
v 0.00362839247 0.0228389524 -0.0223523485
v 0.0074519245 0.0212200129 -0.025502961
v 0.00679321215 0.0231661017 -0.0218378672
v 0.00604735827 0.023020035 -0.0220895106
v 0.0115553448 0.0208005249 -0.0260888841
v 0.01200194 0.0202949306 -0.0269462337
v 0.00955732167 0.0204853189 -0.0267651808
v 0.0114818746 0.019520661 -0.028316608
v 0.0142870648 0.0190660863 -0.0288097807
v 0.0128375823 0.0184063806 -0.0300642594
v 0.0133853769 0.0194465184 -0.0282793794
v 0.017314529 0.0132127104 -0.0374273958
v 0.0146165714 0.0130573352 -0.0378775822
v 0.0171975885 0.0138552855 -0.0365451947
v 0.0146726817 0.0144723834 -0.035903029
v 0.0092019299 0.0230091963 -0.0221694739
v 0.0144374566 0.0159286612 -0.0338031868
v 0.0137470476 0.0172130663 -0.0318920641
v 0.0162029807 0.0165525781 -0.0326741629
v 0.0111693991 0.00875764205 -0.0434916704
v 0.0128917079 0.0101155332 -0.0417783457
v 0.00940921064 0.00764806422 -0.0448107736
v 0.00220369152 0.00575656861 -0.0467342533
v 0.00498536695 0.00614018729 -0.0464594348
v 0.00754612964 0.00682096388 -0.0457524713
v -0.000534509018 0.00560183867 -0.0466983899
v -0.0030973095 0.00566033356 -0.0463770799
v -0.00572999939 0.00609680651 -0.0455584696
v -0.0113022514 0.00880663562 -0.0415524593
v -0.00975467078 0.00768106985 -0.0431559922
v -0.013078643 0.0168571759 -0.0304888181
v -0.0137999309 0.0153396683 -0.0325473506
v -0.0119064217 0.0180647134 -0.0289088495
v -0.00791280903 0.00677679417 -0.044470476
v -0.0124193477 0.00996723727 -0.0399338241
v -0.0134210354 0.0111613898 -0.0382251821
v -0.01391833 0.0126576018 -0.03618205
v -0.013987001 0.0140668116 -0.0342901311
v -0.010278835 0.0192771217 -0.0272451159
v 0.0140699744 0.0116954189 -0.0397299385
v -0.000234032283 0.0248668857 -0.018179654
v -0.000148497842 0.0245066615 -0.0188956865
v 7.08856678e-05 0.0241774969 -0.0195441442
v 0.000404677528 0.0238436031 -0.0202160097
v -0.000200731287 0.0252585532 -0.0174105174
v 0.01087543 0.0244153138 -0.0194051535
v 0.009015752 0.024731317 -0.0188004327
v 0.00903366692 0.0251128797 -0.0180503193
v 0.000819381676 0.0235437136 -0.02081903
v 0.00753032323 0.0234453437 -0.021311519
v 0.00883487985 0.0243866794 -0.0194893842
v 0.0104762698 0.0240868645 -0.0200519143
v 1.14137156e-05 0.0255945556 -0.0167425113
v 0.000323138724 0.025924171 -0.0161168878
v 0.00077098608 0.0262608924 -0.0154734202
v 0.00135635701 0.0265416469 -0.0149471363
v 0.00275773718 0.0269330033 -0.0142326264
v 0.00204037107 0.0267675297 -0.0145316154
v 0.00352786528 0.0270254352 -0.014082391
v -0.000131580047 0.027141314 -0.0137160822
v 0.00204037107 0.0267675297 -0.0145316154
v 0.00135635701 0.0265416469 -0.0149471363
v 0.00434315577 0.0270811543 -0.0139967447
v 0.00514074508 0.0270566568 -0.0140888292
v 0.00587431947 0.0269466528 -0.0143154871
v 0.00725156302 0.026615836 -0.0150190688
v 0.00659956085 0.0268295521 -0.014573375
v 0.00783387106 0.0263867699 -0.0154958678
v 0.00833696313 0.0261146339 -0.0160264377
v 0.00871528685 0.0257980384 -0.0166665358
v 0.00887014251 0.0254511619 -0.0173569756
v 0.00847800821 0.0240503101 -0.0201330958
v 0.00999966916 0.0237217639 -0.0207654733
v 0.00802279357 0.0237191822 -0.0207836974
v 0.00957117043 0.0233675746 -0.021470045
v 0.00291802431 0.0229046367 -0.0221916059
v 0.00539123919 0.0228833188 -0.022325653
v 0.00738037983 0.0235146639 -0.0211766038
v 0.0069666896 0.0233535151 -0.0205685136
v 0.00785067026 0.0237757954 -0.0206731941
v 0.00743635977 0.0236275846 -0.020165113
v 0.00668565976 0.0232508855 -0.0216737122
v 0.00642249966 0.0231423453 -0.020902363
v 0.00602994021 0.0231198057 -0.0218953037
v 0.00581372948 0.0229731762 -0.0211508324
v 0.00533657009 0.0229778554 -0.0221409736
v 0.0051633697 0.0228587353 -0.0212991847
v 0.00445686001 0.0229259752 -0.0222411224
v 0.00441447971 0.0228474645 -0.0213786637
v 0.00366250984 0.0229324162 -0.0221679428
v 0.00381545979 0.0229217654 -0.0213710734
v 0.00299357995 0.0229971244 -0.0220160441
v 0.00315557979 0.0230312945 -0.021248964
v 0.00829267036 0.0240977051 -0.0200414928
v 0.00781692006 0.0239084546 -0.019677383
v 0.0086354604 0.0244205944 -0.0194259425
v 0.00809471961 0.0242207344 -0.0191422636
v 0.00880836975 0.024744566 -0.0187773023
v 0.00825890992 0.0245576942 -0.0185765223
v 0.00882523973 0.0251060046 -0.0180687427
v 0.00831019972 0.0248811237 -0.017981232
v 0.00867183041 0.025422954 -0.0174157235
v 0.00823944993 0.0252113557 -0.0173911925
v 0.00851847976 0.0257651031 -0.0167280925
v 0.00805652048 0.0255272545 -0.0168179838
v 0.00816636998 0.0260622042 -0.0161287826
v 0.00775714964 0.0258366938 -0.0162914438
v 0.00768594025 0.0263237343 -0.0156239033
v 0.0073579899 0.0261019027 -0.0158090335
v 0.00712055014 0.0265435226 -0.0151594322
v 0.0068697501 0.0263085742 -0.0153836332
v 0.00649806019 0.0267468637 -0.0147345125
v 0.00630622031 0.0264932423 -0.0150529224
v 0.00580387004 0.0268596319 -0.0144861529
v 0.00568633946 0.0266122038 -0.0148023128
v 0.0050951899 0.0269671326 -0.0142678034
v 0.00502699008 0.0266758634 -0.0146513128
v 0.00434387987 0.0269883648 -0.014179853
v 0.00434942963 0.0266890435 -0.0146037231
v 0.00356314983 0.0269345624 -0.0142614527
v 0.00367393997 0.0266536625 -0.0146693525
v 0.00282484991 0.0268465934 -0.0144055525
v 0.00302121998 0.0265766851 -0.0148413222
v 0.00214257999 0.0266892949 -0.0146900129
v 0.00241157995 0.0264250155 -0.0151007421
v 0.00148809992 0.0264725744 -0.015087522
v 0.00186134991 0.0262174145 -0.0154419434
v 0.000932589988 0.0262053427 -0.0155870723
v 0.00139038987 0.025963795 -0.0158616533
v 0.000504349999 0.0258833325 -0.0162029532
v 0.00101102993 0.0256879336 -0.0163542131
v 0.000204089985 0.0255660329 -0.0168058729
v 0.000736029935 0.0253943027 -0.0169024232
v 2.49000004e-06 0.0252490631 -0.0174418732
v 0.000574689999 0.0250819447 -0.0174844328
v -2.92799996e-05 0.0248746437 -0.0181757834
v 0.000525689975 0.0247934249 -0.0180978522
v 5.27000011e-05 0.0245309541 -0.0188623135
v 0.000597940001 0.024490043 -0.0187015635
v 0.000262960006 0.0242150441 -0.0194830438
v 0.000782949966 0.0241879742 -0.0192815727
v 0.000586329959 0.0238929557 -0.0201335019
v 0.00108203001 0.0238975861 -0.0198178823
v 0.000980909914 0.0236073043 -0.0207070645
v 0.00148013991 0.0236399936 -0.020304463
v 0.00155982003 0.0233689548 -0.0212267835
v 0.00197011 0.0233907345 -0.0207027134
v 0.00228164997 0.0231528638 -0.0216724736
v 0.00253432011 0.0231949054 -0.0210270242
v 0.0125060063 0.023725314 -0.020652394
v 0.011843903 0.0233011006 -0.0215174512
v 0.0114134829 0.0228708297 -0.0223413384
v 0.0111534763 0.0223570547 -0.0233118567
v 0.0132106328 0.0240574868 -0.0199688254
v 0.0195877906 0.0186271447 -0.0288822973
v 0.0204956569 0.0188020712 -0.0284556156
v 0.0203913897 0.0177402484 -0.0302432653
v 0.0213298388 0.0178710172 -0.0298663162
v 0.018519219 0.0184821342 -0.0292933496
v 0.0193924103 0.0175753281 -0.0306498044
v 0.0173553731 0.0184835684 -0.0294353149
v 0.018443469 0.0174227478 -0.0310308346
v 0.0222931094 0.0179881179 -0.0295079246
v 0.0213903468 0.019058859 -0.02786357
v 0.0231837705 0.0180982765 -0.0291736636
v 0.0221930817 0.0194085686 -0.0271506108
v 0.0163401496 0.018561604 -0.029437401
v 0.0176366791 0.0172851971 -0.0313663846
v 0.0141758043 0.0243438963 -0.0193508593
v 0.0161771681 0.0245811468 -0.0186626882
v 0.0151950885 0.0245245224 -0.0188968265
v 0.0171589125 0.0246155107 -0.018477478
v 0.0193330701 0.0243354434 -0.0186914569
v 0.0182763394 0.0245260832 -0.0184751832
v 0.020330321 0.024056708 -0.0190607263
v 0.021954136 0.0233620627 -0.0200939991
v 0.0212290417 0.0237665583 -0.0194634079
v 0.0227626823 0.022827575 -0.0209373975
v 0.0234477557 0.0217958265 -0.0227094178
v 0.0232018866 0.022314193 -0.0218120455
v 0.0235356931 0.0212969936 -0.0235903727
v 0.023418894 0.0207854408 -0.0245267898
v 0.0231664255 0.0202452013 -0.0255217796
v 0.0227310788 0.0198231839 -0.0263396038
v 0.0112162 0.0213403844 -0.0251464451
v 0.0110912789 0.0218419926 -0.0242677775
v 0.0126681961 0.0198346954 -0.0276736489
v 0.0152507788 0.0187762067 -0.0292090518
v 0.0135526396 0.0195400865 -0.0281058032
v 0.0139148105 0.0195283778 -0.0276601132
v 0.0144215701 0.0191727674 -0.0286157936
v 0.0147002302 0.0192014464 -0.028074373
v 0.0128609799 0.0199129059 -0.0275222233
v 0.0132312905 0.0199154968 -0.0271330758
v 0.0122230994 0.0203559881 -0.0268278738
v 0.0126729198 0.0203355752 -0.0264954848
v 0.0117944703 0.0208391747 -0.0260062627
v 0.0122522097 0.0207924446 -0.025782045
v 0.0114658996 0.0213625852 -0.0250968838
v 0.0119895805 0.0212727368 -0.0250106527
v 0.01534543 0.0188995771 -0.028999873
v 0.0155635793 0.0189396573 -0.0283597657
v 0.0163807198 0.0186966978 -0.0292162156
v 0.0164780691 0.0187383669 -0.0284973128
v 0.0173467994 0.0186204076 -0.0292116447
v 0.0173240099 0.0186414963 -0.0285117744
v 0.01845631 0.0186198767 -0.0290775845
v 0.0183577295 0.0186427275 -0.0283894843
v 0.0194795989 0.0187582264 -0.0286797346
v 0.0192645304 0.0187269264 -0.0281331154
v 0.0203600898 0.0189289359 -0.0282671028
v 0.0201104898 0.0188971777 -0.0277447948
v 0.0212226696 0.0191742573 -0.0276981652
v 0.0208739713 0.0191589965 -0.027251095
v 0.0219868887 0.019508587 -0.0270207435
v 0.021526929 0.019472297 -0.0266425054
v 0.0225025192 0.0199044157 -0.0262444655
v 0.0220526289 0.0198433562 -0.0259488246
v 0.0229222886 0.020306337 -0.0254591928
v 0.0224349182 0.0202583254 -0.0251900537
v 0.0231633801 0.0208262047 -0.024500953
v 0.0226595495 0.0206969558 -0.0243824944
v 0.0232766885 0.0213204853 -0.0235997139
v 0.0227252003 0.0211688958 -0.0235656946
v 0.0231944099 0.0217944836 -0.0227552836
v 0.0226217788 0.0216239361 -0.0227427126
v 0.022958491 0.0222931563 -0.0218930538
v 0.0223616399 0.0220760669 -0.021953005
v 0.0225440599 0.0227797759 -0.0210636234
v 0.0219415892 0.0225335659 -0.0212382632
v 0.0217615291 0.0232934447 -0.0202527934
v 0.0213809796 0.0229409057 -0.0205927728
v 0.0210722703 0.023678295 -0.0196500729
v 0.0206961799 0.0233287455 -0.0200674732
v 0.0202165004 0.0239596251 -0.0192670124
v 0.0199089199 0.023646874 -0.0196492329
v 0.0192473792 0.0242294832 -0.0189067526
v 0.0190449692 0.0239072941 -0.0193648628
v 0.0182391498 0.0244122235 -0.0187004422
v 0.0181273986 0.0240808349 -0.0192119731
v 0.0171776991 0.0244996449 -0.0187040241
v 0.0171857085 0.0241684146 -0.0191921732
v 0.0162293687 0.0244651339 -0.0188821321
v 0.0162481591 0.0241727248 -0.0193189522
v 0.0152800297 0.0244140341 -0.019110403
v 0.015342229 0.024103183 -0.0195830232
v 0.0143043194 0.0242422834 -0.0195455821
v 0.01449697 0.0239492355 -0.0199794742
v 0.0133782299 0.0239662452 -0.0201375532
v 0.0137342494 0.0237271859 -0.0204942237
v 0.0127042895 0.0236481242 -0.0207912039
v 0.0130801499 0.0234225058 -0.0211068441
v 0.0120650893 0.0232401343 -0.021627785
v 0.0125528388 0.0230609349 -0.0218054944
v 0.0116545297 0.022828015 -0.0224130036
v 0.0121710794 0.0226442558 -0.0225651539
v 0.0114057893 0.022336506 -0.0233425028
v 0.0119484495 0.0222068063 -0.0233739648
v 0.0113467705 0.0218433468 -0.0242588536
v 0.0118842097 0.0217378875 -0.0241933928
v 0.0192313772 0.0164300663 -0.0324844041
v 0.018532211 0.0160635873 -0.0331378648
v 0.0200792495 0.0167526726 -0.0318528145
v 0.0211048666 0.0169377076 -0.0314133867
v 0.0221375506 0.0170507347 -0.0310612815
v 0.0232434664 0.0170376291 -0.0308749257
v 0.0242946111 0.0169257344 -0.0308373022
v 0.0179653168 0.0155858088 -0.033926032
v 0.0253594648 0.0167429102 -0.0309288811
v 0.0263263602 0.0164173646 -0.0312417478
v 0.0272432491 0.0160222586 -0.0316715756
v 0.0280904286 0.0155612587 -0.0322236153
v 0.0292322636 0.0144421204 -0.0336999407
v 0.0287306514 0.0150336805 -0.0329116878
v 0.0295738745 0.0138397356 -0.0345288292
v 0.0297054388 0.0131864326 -0.0354624579
v 0.0296421871 0.012606001 -0.036327761
v 0.0293834414 0.011998601 -0.0372450059
v 0.0289788432 0.0114709465 -0.0380800112
v 0.028414432 0.0109825602 -0.0388776295
v 0.0277560446 0.0105607486 -0.039578245
v 0.0268406179 0.0102268388 -0.0401864583
v 0.0260016844 0.0100332328 -0.0405757549
v 0.0247893073 0.00990918074 -0.040902746
v 0.0225019455 0.0100569006 -0.0410366553
v 0.02364848 0.00991566745 -0.0410780768
v 0.0215688944 0.0102769228 -0.0408588173
v 0.0205727406 0.0105466952 -0.0406262846
v 0.0196386538 0.0109561278 -0.0402093128
v 0.0173131302 0.0144779033 -0.0356452575
v 0.0175242405 0.0150884763 -0.0347305607
v 0.0176073946 0.012586724 -0.0382596109
v 0.0180694666 0.0120162771 -0.0389883002
v 0.0188005678 0.0114659019 -0.0396383597
v 0.0252745375 0.0165993674 -0.0311729863
v 0.025048539 0.0160632982 -0.0315749341
v 0.0242671203 0.016773167 -0.0310857046
v 0.0241493788 0.0162778488 -0.0314850056
v 0.0232594106 0.0168823683 -0.0311226967
v 0.0232290998 0.0163963876 -0.0315158733
v 0.0222052783 0.0168963978 -0.0313007861
v 0.0223167986 0.0164288181 -0.031684506
v 0.0212131087 0.0167868483 -0.0316379137
v 0.0214357208 0.0163655479 -0.0319698968
v 0.02618891 0.0162906582 -0.0314679139
v 0.0259036589 0.0158172373 -0.0318339052
v 0.0270721093 0.0159125786 -0.0318838129
v 0.0266859997 0.015479388 -0.0322042327
v 0.0278775189 0.0154755286 -0.0324092838
v 0.0273696296 0.0150700989 -0.0326818448
v 0.028481409 0.0149752484 -0.033060163
v 0.0279307198 0.0146045094 -0.0332574172
v 0.0289613008 0.0144072489 -0.0338146164
v 0.0283589587 0.0140871292 -0.0338987335
v 0.029284209 0.0138352588 -0.0346040465
v 0.0286325999 0.0135338697 -0.0345921964
v 0.0194298588 0.0163036281 -0.0326551751
v 0.0202361476 0.0166085188 -0.0320582569
v 0.0198755302 0.015953829 -0.032874673
v 0.0206145998 0.0161983793 -0.0323687748
v 0.0202361476 0.0166085188 -0.0320582569
v 0.0192313772 0.0164300663 -0.0324844041
v 0.0200792495 0.0167526726 -0.0318528145
v 0.0211048666 0.0169377076 -0.0314133867
v 0.0202361476 0.0166085188 -0.0320582569
v 0.0200792495 0.0167526726 -0.0318528145
v 0.0187632591 0.015954129 -0.0332778128
v 0.0192451887 0.0156245685 -0.0334709766
v 0.0182206705 0.0154959679 -0.0340322363
v 0.0187394097 0.0152138992 -0.0341314372
v 0.0178017784 0.0150249191 -0.0347964761
v 0.0183763895 0.0147696082 -0.0348616054
v 0.0176003501 0.0144412995 -0.0356714351
v 0.01816874 0.0142631198 -0.0356123148
v 0.0174918901 0.0138417096 -0.0365352333
v 0.0181240998 0.0137040797 -0.0363530666
v 0.01760065 0.0132330989 -0.0373742657
v 0.0182461198 0.0131634387 -0.0370984154
v 0.0178797487 0.01263953 -0.0381674062
v 0.0185225289 0.0126189291 -0.0377980437
v 0.0183136705 0.0121083802 -0.038853575
v 0.0189529192 0.0120810504 -0.0384203163
v 0.0190112703 0.0115858804 -0.0394706956
v 0.0195152499 0.0115903395 -0.0389726168
v 0.0198174492 0.0110965106 -0.0400168568
v 0.0201938786 0.0111277302 -0.0394026346
v 0.0207010098 0.0107077003 -0.0404070587
v 0.0209673084 0.0107333506 -0.0397292458
v 0.0216616597 0.0104506106 -0.040624869
v 0.0218123589 0.0104068709 -0.0399312945
v 0.02256063 0.0102289401 -0.0407920192
v 0.0227090083 0.0101869903 -0.0400256375
v 0.0236452296 0.0100976702 -0.0408335636
v 0.0236323178 0.0100999405 -0.040025645
v 0.0247297678 0.0100987411 -0.0406658771
v 0.0245916191 0.0100392601 -0.0398266251
v 0.0258916486 0.0102163503 -0.0403531651
v 0.0255474709 0.01017788 -0.039553755
v 0.0266816709 0.0103949099 -0.0399883771
v 0.0263326094 0.010379121 -0.0391871641
v 0.027548369 0.0107119506 -0.0394185455
v 0.027043039 0.0107117008 -0.0387770468
v 0.0281681288 0.0111088103 -0.0387531377
v 0.0276296809 0.0110219196 -0.0381848745
v 0.0287104379 0.0115763703 -0.037986525
v 0.0281354096 0.0114493899 -0.0375341556
v 0.0290976893 0.0120828503 -0.0371903074
v 0.0284977686 0.01192529 -0.0368244541
v 0.0293458384 0.0126613094 -0.0363117162
v 0.0287039578 0.0124428798 -0.0360823054
v 0.0294080209 0.0132116193 -0.035489008
v 0.02875196 0.0129749888 -0.0353238846
v 0.0109450906 -0.00321020523 0.0024159012
v 0.0136721986 -0.00320084358 0.00197003885
v 0.0114885703 -0.00255285453 0.00470206416
v 0.0142552848 -0.00262532001 0.004263576
v 0.0153101053 -0.0013996729 0.0064436838
v 0.0121378604 -0.00117517777 0.00679641949
v 0.0163444405 0.000114596092 0.00771608457
v 0.0124801438 0.000574294124 0.00805536217
v 0.0153101053 -0.0013996729 0.0064436838
v 0.0121378604 -0.00117517777 0.00679641949
v 0.0175912653 0.00291448766 0.00857746522
v 0.0127679438 0.00309548915 0.00905477094
v 0.0104937354 -0.00329781939 -0.000384011335
v 0.013543109 -0.00324533787 -0.000319169238
v 0.0137641137 -0.00306806969 -0.00145926323
v 0.0108066747 -0.00296560505 -0.00205528215
v 0.0141904248 -0.00272554985 -0.00264514477
v 0.0114288606 -0.00251284429 -0.00325923576
v 0.0146409884 -0.00224691587 -0.00372329411
v 0.0121025933 -0.00190720237 -0.00434833778
v 0.0152242655 -0.00156926643 -0.00477945798
v 0.0127805132 -0.00115328002 -0.00530674563
v 0.015915956 -0.000776770727 -0.00566016518
v 0.0135523887 -0.000177132821 -0.00619359458
v 0.016643114 0.000174022539 -0.00642287411
v 0.0143180746 0.000911601102 -0.00688254195
v 0.0174349785 0.00127038595 -0.00702437559
v 0.0150405779 0.00212484432 -0.00737006129
v 0.0179898251 0.0021746727 -0.00733886993
v 0.0155680939 0.00331461577 -0.00759444654
v 0.0159830186 0.00442420499 -0.00761085047
v 0.0187089905 0.00335080378 -0.00753405273
v 0.0191940679 0.00464591957 -0.00751162103
v 0.0162831205 0.00571009265 -0.00744078395
v 0.0163864135 0.00781591137 -0.00706641775
v 0.0197468358 0.00670722555 -0.00715214348
v 0.0200800313 0.00831841254 -0.00684002736
v 0.0162109262 0.00962634887 -0.0066672377
v 0.0152789776 0.0148370892 -0.00560383872
v 0.0206634135 0.0138462438 -0.00570825431
v 0.016099281 0.0117294318 -0.00623060267
v 0.0204293052 0.0105395208 -0.00639205861
v 0.0145648283 0.0166544445 -0.00510043832
v 0.020605163 0.0157712169 -0.00519438238
v 0.0203083784 0.0169822876 -0.00448777489
v 0.0139026151 0.0180766335 -0.00447613544
v 0.0197421063 0.0181360445 -0.00335523683
v 0.0126039592 0.0199413033 -0.00314967283
v 0.0189793568 0.019038018 -0.00211916132
v 0.0117793457 0.0210952649 -0.00175064805
v 0.0182364445 0.019742413 -0.000786698458
v 0.0113323006 0.0217368212 -0.000342192777
v 0.0182364445 0.019742413 -0.000786698458
v 0.0113323006 0.0217368212 -0.000342192777
v 0.0174268718 0.0203271606 0.0014569311
v 0.010919951 0.022130751 0.00153704169
v 0.0170442751 0.0202462803 0.00386254356
v 0.0110466658 0.0218827938 0.00435824167
v 0.0113922488 0.0207784911 0.00735090989
v 0.0172714601 0.0191196671 0.00652356828
v 0.0120928753 0.0183199474 0.00965600142
v 0.0178480903 0.0173777496 0.0084502346
v 0.0127877603 0.0157842228 0.0106318563
v 0.0185074034 0.0154614016 0.00969945025
v 0.013106498 0.0131841485 0.0107848628
v 0.0190697471 0.0132583513 0.0102927366
v 0.0131870835 0.0108458476 0.0104899245
v 0.019220275 0.0109525889 0.00996984604
v 0.0188432105 0.00783954055 0.00941528994
v 0.0133390605 0.0081190475 0.00997315332
v 0.0183075324 0.00527678 0.008980224
v 0.0133346927 0.00576683488 0.00950671048
v 0.0145099252 -0.00259128276 0.0019325586
v 0.0136721986 -0.00320084358 0.00197003885
v 0.0142831798 -0.00278615059 -0.000180408987
v 0.013543109 -0.00324533787 -0.000319169238
v 0.0150737562 -0.00210953324 0.00385633828
v 0.0142552848 -0.00262532001 0.004263576
v 0.0153101053 -0.0013996729 0.0064436838
v 0.0160934156 -0.000901859759 0.00567159037
v 0.0163444405 0.000114596092 0.00771608457
v 0.0170219032 0.000523832315 0.00684129992
v 0.0175912653 0.00291448766 0.00857746522
v 0.0180825994 0.0030148567 0.00760701089
v 0.0183075324 0.00527678 0.008980224
v 0.0187652011 0.00526888782 0.00807788934
v 0.0192838658 0.0079226704 0.00848698879
v 0.0188432105 0.00783954055 0.00941528994
v 0.019573725 0.0109312651 0.00900031075
v 0.019220275 0.0109525889 0.00996984604
v 0.0195718362 0.0130351373 0.00928979445
v 0.0190697471 0.0132583513 0.0102927366
v 0.0192801273 0.0149020591 0.00863140557
v 0.0185074034 0.0154614016 0.00969945025
v 0.0178480903 0.0173777496 0.0084502346
v 0.0189307584 0.0163282357 0.00725860438
v 0.0187136634 0.0173909703 0.00543519056
v 0.0172714601 0.0191196671 0.00652356828
v 0.0187977209 0.0180566879 0.00302349595
v 0.0170442751 0.0202462803 0.00386254356
v 0.0174268718 0.0203271606 0.0014569311
v 0.0191025149 0.0182425809 0.00119729459
v 0.0182364445 0.019742413 -0.000786698458
v 0.0195794098 0.0182347254 -0.000634393131
v 0.0189793568 0.019038018 -0.00211916132
v 0.0200517636 0.0177967934 -0.00191216194
v 0.0208773979 0.0162683287 -0.00384928963
v 0.0203083784 0.0169822876 -0.00448777489
v 0.0205044926 0.0171523758 -0.00298548435
v 0.0197421063 0.0181360445 -0.00335523683
v 0.0211045437 0.015235174 -0.00444399847
v 0.020605163 0.0157712169 -0.00519438238
v 0.0137641137 -0.00306806969 -0.00145926323
v 0.0144011681 -0.00266071062 -0.00128411952
v 0.0146704191 -0.00239426985 -0.00231029659
v 0.0141904248 -0.00272554985 -0.00264514477
v 0.0151060574 -0.00197484442 -0.00336612736
v 0.0146409884 -0.00224691587 -0.00372329411
v 0.015697287 -0.00136928497 -0.00431814283
v 0.0152242655 -0.00156926643 -0.00477945798
v 0.0163677499 -0.000614592628 -0.00507859007
v 0.015915956 -0.000776770727 -0.00566016518
v 0.0171202454 0.000322212851 -0.00571575783
v 0.016643114 0.000174022539 -0.00642287411
v 0.0174349785 0.00127038595 -0.00702437559
v 0.0179038621 0.00132500412 -0.00633803161
v 0.0179898251 0.0021746727 -0.00733886993
v 0.0184275429 0.00211757649 -0.00661188405
v 0.0187089905 0.00335080378 -0.00753405273
v 0.0190424151 0.00328161038 -0.00672843974
v 0.0191940679 0.00464591957 -0.00751162103
v 0.0195703502 0.00441597413 -0.00677862964
v 0.0197468358 0.00670722555 -0.00715214348
v 0.0201958841 0.00634991019 -0.00648902232
v 0.0205892748 0.00799114093 -0.0061632959
v 0.0200800313 0.00831841254 -0.00684002736
v 0.0209339703 0.0102269104 -0.00562884616
v 0.0204293052 0.0105395208 -0.00639205861
v 0.021234264 0.0135828812 -0.00504220739
v 0.0206634135 0.0138462438 -0.00570825431
v 0.0196486462 0.0161079062 -0.000422794857
v 0.0199505605 0.0161266558 -0.00144181088
v 0.0201975044 0.0158404441 -0.00217066175
v 0.0204363421 0.0154470121 -0.00284101434
v 0.020622005 0.0146982827 -0.00340142968
v 0.0206903641 0.0134647207 -0.00383003575
v 0.020386848 0.0103310049 -0.0042739095
v 0.0199658772 0.00794166987 -0.00469168061
v 0.0193156425 0.015963427 0.00102127731
v 0.0190635279 0.015710498 0.00263279314
v 0.0189660631 0.0152666792 0.00434719125
v 0.0190173901 0.0146329741 0.00574161931
v 0.0191187664 0.0138292648 0.00668615428
v 0.0192352469 0.012773639 0.00719945269
v 0.0191706262 0.0106980005 0.00685112878
v 0.0189089768 0.00821028872 0.00643392464
v 0.0184095756 0.00577926383 0.00602338869
v 0.0177779191 0.00364414668 0.00554629244
v 0.0169614976 0.00156166442 0.004921368
v 0.0163496206 0.000209197762 0.00463111062
v 0.0160962003 0.000166699213 0.00326315088
v 0.0159115973 7.63391386e-05 0.00179311882
v 0.0157823837 -0.000116989683 0.000441196225
v 0.0158103644 -0.000141872379 -0.000649277142
v 0.0159485149 -4.88156648e-05 -0.00161321524
v 0.0161941997 0.000169465626 -0.00252587489
v 0.0165361683 0.000504891271 -0.00337684849
v 0.0195223796 0.00619884668 -0.00499596011
v 0.0190125066 0.00453345172 -0.00531396387
v 0.0185861583 0.00341444838 -0.00546001345
v 0.0182304955 0.00267350558 -0.00541636478
v 0.0179035939 0.00219739353 -0.00513223406
v 0.0174403373 0.00157127527 -0.00467526357
v 0.0169507298 0.000933887944 -0.00409232686
v 0.0200396136 0.0139952316 -0.0018899885
v 0.0198819333 0.0106321814 -0.00266777165
v 0.0194277944 0.00811991674 -0.00309360573
v 0.0184173188 0.00412053379 -0.00404758806
v 0.0189888379 0.0061047559 -0.00349319491
v 0.0181703935 0.00305886505 -0.00470333744
v 0.0178214829 0.00263606156 -0.0042205693
v 0.0175289712 0.00233212742 -0.00367331799
v 0.0196710762 0.0137510461 -0.000610459246
v 0.0193743512 0.0135412467 0.000749935063
v 0.0191378009 0.0132486159 0.00232836295
v 0.0190314475 0.0129908698 0.00390576475
v 0.0190717868 0.0127915115 0.00544950132
v 0.0189635448 0.0106449404 0.00513794417
v 0.0187193856 0.00832271212 0.00475076896
v 0.0182227691 0.00608592244 0.00437627527
v 0.0176341434 0.00394500639 0.0039838743
v 0.0168602368 0.00189049178 0.00347870036
v 0.0168121433 0.00203951926 0.00215508423
v 0.0167699227 0.00199746348 0.000825931991
v 0.0167812625 0.00191443101 -0.000291721822
v 0.0168525218 0.00187073876 -0.00124445289
v 0.017271766 0.00214407577 -0.00299322466
v 0.0170128043 0.00194213711 -0.00213922893
v 0.0189341728 0.0106769098 0.00354143828
v 0.0186664195 0.00835174299 0.00317271238
v 0.018170032 0.00613612529 0.00282532976
v 0.0175429335 0.00403449967 0.00251005742
v 0.0186952775 0.0083497191 0.00161295511
v 0.0181772219 0.00606259393 0.00128735222
v 0.0188091838 0.00827996899 2.74374552e-05
v 0.0182316763 0.00575813954 -0.000364269892
v 0.0176373659 0.00393541484 -0.000927547103
v 0.0177895533 0.00392880917 -0.0017727103
v 0.0179797536 0.00386938713 -0.00281122061
v 0.0178233138 0.00309628684 -0.00346067874
v 0.0175800132 0.00402220084 -0.000122437247
v 0.0175067516 0.00402248468 0.00110668868
v 0.0179966534 0.00323760952 -0.00390775951
v 0.0184902189 0.00570761347 -0.00194860279
v 0.0190897541 0.00825093007 -0.00154143822
v 0.019510859 0.0108042633 -0.00114401159
v 0.0191714664 0.0108172437 0.000402694976
v 0.0190061939 0.0107514492 0.00196462778
v 0.0179698369 0.00479912569 -0.000957478127
v 0.0180954164 0.00479909008 -0.00156021722
v 0.00447112555 0.0190600398 -0.018452728
v 0.00448718993 0.0230718018 -0.0211584308
v 0.00506350026 0.0191322587 -0.0183495723
v 0.00509524811 0.0231064115 -0.0211149068
v 0.00448718993 0.0230718018 -0.0211584308
v 0.00447112555 0.0190600398 -0.018452728
v 0.00390068046 0.0230859241 -0.0211052649
v 0.00388188823 0.0191369083 -0.0183429321
v 0.00329127302 0.0192139593 -0.0182328917
v 0.00332163554 0.0231458656 -0.0209606117
v 0.0027540517 0.0193554912 -0.0180307628
v 0.00277938833 0.0232511538 -0.0207266782
v 0.00228021387 0.0195719049 -0.0177217079
v 0.00228977669 0.0233975967 -0.0204125206
v 0.00180637592 0.0197883108 -0.0174126478
v 0.00186778069 0.0235808289 -0.0200275392
v 0.0015196919 0.020090881 -0.0169805322
v 0.00152608869 0.0237952362 -0.0195834737
v 0.00125648023 0.0204037785 -0.0165336676
v 0.00127475732 0.0240342467 -0.0190939769
v 0.00107678527 0.02072801 -0.0160706164
v 0.00111941691 0.0242903804 -0.0185742321
v 0.00107633113 0.0210754236 -0.0155744577
v 0.00106530427 0.0245563004 -0.018039173
v 0.00107587932 0.0214228371 -0.015078299
v 0.00111434935 0.0248241864 -0.0175046056
v 0.00127200724 0.0217449791 -0.014618232
v 0.00126514665 0.0250860536 -0.0169863142
v 0.00153439993 0.0220581064 -0.0141710393
v 0.00151370524 0.0253341053 -0.0164999116
v 0.00183436391 0.0223545282 -0.0137477045
v 0.00185257429 0.025560911 -0.0160598938
v 0.00230763666 0.022571339 -0.0134380662
v 0.0022726201 0.025759271 -0.0156803361
v 0.00278090942 0.022788142 -0.0131284227
v 0.00276072742 0.0259231888 -0.0153726632
v 0.00332553848 0.0229209733 -0.0129387359
v 0.00330237625 0.0260473669 -0.0151468341
v 0.00391595345 0.0229985386 -0.012827961
v 0.00388090592 0.0261278312 -0.0150101711
v 0.00450700289 0.0230709216 -0.012724571
v 0.00447834469 0.0261617884 -0.0149674944
v 0.00509762298 0.0229938891 -0.0128346013
v 0.00507575506 0.0261480887 -0.0150202808
v 0.00568823796 0.0229168379 -0.0129446419
v 0.00565448729 0.026087614 -0.0151660043
v 0.00622550957 0.022775306 -0.0131467707
v 0.00619697059 0.0259825519 -0.015399514
v 0.0066993474 0.0225589001 -0.0134558308
v 0.0066861487 0.0258358165 -0.0157142583
v 0.00717318524 0.0223424832 -0.0137649066
v 0.00710796332 0.0256524823 -0.0160994243
v 0.00745992642 0.0220398944 -0.0141970324
v 0.00745004648 0.0254382082 -0.0165432573
v 0.00772313587 0.0217270045 -0.0146439024
v 0.00770215038 0.025199352 -0.0170324429
v 0.0079025263 0.0214027402 -0.0151070005
v 0.00785757508 0.0249431997 -0.017552198
v 0.00790297985 0.0210553266 -0.0156031592
v 0.0079116486 0.024677281 -0.0180872813
v 0.00790343247 0.0207079131 -0.0160993179
v 0.0078626629 0.0244093993 -0.018621875
v 0.00770734297 0.020385793 -0.0165593536
v 0.0077114678 0.0241475754 -0.0191400104
v 0.00744495355 0.0200726766 -0.0170065307
v 0.00746253971 0.0238996413 -0.0196262158
v 0.00714503741 0.0197762659 -0.0174298498
v 0.00712442398 0.0236726093 -0.0200666574
v 0.00667176722 0.0195594474 -0.0177394828
v 0.0067035961 0.0234746032 -0.0204455084
v 0.0061984919 0.0193426334 -0.0180491419
v 0.00621586293 0.0233104506 -0.020753692
v 0.00565391546 0.0192098239 -0.0182387977
v 0.00567387091 0.0231866078 -0.0209788245
v 0.00731668435 0.0241201236 -0.0196126951
v 0.00746253971 0.0238996413 -0.0196262158
v 0.0069778203 0.0238907625 -0.0200573269
v 0.00712442398 0.0236726093 -0.0200666574
v 0.0067035961 0.0234746032 -0.0204455084
v 0.00656533707 0.0237132 -0.0204011295
v 0.00621586293 0.0233104506 -0.020753692
v 0.00609501824 0.0235677846 -0.0206740713
v 0.00567387091 0.0231866078 -0.0209788245
v 0.00560073368 0.0234586125 -0.0208733158
v 0.00506941788 0.0233752448 -0.0210187497
v 0.00509524811 0.0231064115 -0.0211149068
v 0.00449432386 0.0233331992 -0.0210786282
v 0.00448718993 0.0230718018 -0.0211584308
v 0.0039359997 0.023346221 -0.0210318402
v 0.00390068046 0.0230859241 -0.0211052649
v 0.00289597735 0.0235165273 -0.020660068
v 0.00277938833 0.0232511538 -0.0207266782
v 0.00243110885 0.0236521732 -0.0203754888
v 0.00228977669 0.0233975967 -0.0204125206
v 0.00339031685 0.0234162752 -0.0208759431
v 0.00332163554 0.0231458656 -0.0209606117
v 0.00186778069 0.0235808289 -0.0200275392
v 0.00199768785 0.0238216647 -0.0200205165
v 0.00152608869 0.0237952362 -0.0195834737
v 0.00169433595 0.024025194 -0.0196118867
v 0.00146872038 0.0242537318 -0.0191567595
v 0.00127475732 0.0240342467 -0.0190939769
v 0.00133275986 0.0245053627 -0.0186572859
v 0.00111941691 0.0242903804 -0.0185742321
v 0.00106530427 0.0245563004 -0.018039173
v 0.00125728722 0.0247586245 -0.0181549959
v 0.00130055426 0.0250207958 -0.017639339
v 0.00111434935 0.0248241864 -0.0175046056
v 0.00126514665 0.0250860536 -0.0169863142
v 0.00141173601 0.0252678011 -0.0171487577
v 0.00151370524 0.0253341053 -0.0164999116
v 0.00165412424 0.0254994654 -0.0167042951
v 0.00198532338 0.0257135426 -0.0162971371
v 0.00185257429 0.025560911 -0.0160598938
v 0.0022726201 0.025759271 -0.0156803361
v 0.00236690999 0.0259015836 -0.0159369213
v 0.00281865825 0.0260608129 -0.0156346972
v 0.00276072742 0.0259231888 -0.0153726632
v 0.00330237625 0.0260473669 -0.0151468341
v 0.00334743247 0.0261768749 -0.0154260969
v 0.00388090592 0.0261278312 -0.0150101711
v 0.0039167786 0.0262524302 -0.0152956131
v 0.00447834469 0.0261617884 -0.0149674944
v 0.00447397213 0.0262816496 -0.0152542991
v 0.00504750712 0.0262642985 -0.015305367
v 0.00507575506 0.0261480887 -0.0150202808
v 0.00565448729 0.026087614 -0.0151660043
v 0.00560104335 0.0262030341 -0.0154408978
v 0.00619697059 0.0259825519 -0.015399514
v 0.00609249109 0.0261076245 -0.0156404882
v 0.0066861487 0.0258358165 -0.0157142583
v 0.00657110196 0.025959103 -0.0159472064
v 0.0069506499 0.0257847156 -0.0163045952
v 0.00710796332 0.0256524823 -0.0160994243
v 0.00745004648 0.0254382082 -0.0165432573
v 0.00729009602 0.0255833206 -0.016707501
v 0.00770215038 0.025199352 -0.0170324429
v 0.00752958283 0.0253485199 -0.017180503
v 0.0076653813 0.025102153 -0.0176757225
v 0.00785757508 0.0249431997 -0.017552198
v 0.0079116486 0.024677281 -0.0180872813
v 0.00772596803 0.0248457829 -0.0181836595
v 0.00770520186 0.0245957293 -0.0186735966
v 0.0078626629 0.0244093993 -0.018621875
v 0.00755229453 0.0243463872 -0.0191675478
v 0.0077114678 0.0241475754 -0.0191400104
v 0.00450943457 0.0248254063 -0.0181658059
v -0.00768313371 0.0174988111 -0.0207568838
v -0.00771492487 0.0213364571 -0.0233445576
v -0.00709582306 0.0175756653 -0.0206471245
v -0.00711682299 0.0213852848 -0.0233152743
v -0.00771492487 0.0213364571 -0.0233445576
v -0.00768313371 0.0174988111 -0.0207568838
v -0.00830801483 0.0213395229 -0.0232783417
v -0.00827783067 0.017570622 -0.020654327
v -0.00650545117 0.0176532307 -0.0205363495
v -0.00653813826 0.0214819054 -0.0231954193
v -0.00596786477 0.0177949159 -0.0203340019
v -0.00599539746 0.0216246232 -0.0229865763
v -0.00549462298 0.0180117266 -0.0200243637
v -0.00550558558 0.0218087832 -0.0226955689
v -0.00502137654 0.0182285154 -0.0197147569
v -0.00508322241 0.022028265 -0.0223322908
v -0.00473439228 0.0185311623 -0.0192825318
v -0.00474138232 0.0222763082 -0.0219078419
v -0.00447201263 0.0188442567 -0.018835386
v -0.0044897506 0.0225451915 -0.0214356069
v -0.0042923782 0.0191687835 -0.0183719131
v -0.00433644745 0.0228268086 -0.0209297708
v -0.00429283129 0.0195161753 -0.0178757857
v -0.00428577419 0.0231124931 -0.0204058731
v -0.00429328205 0.0198635671 -0.0173796582
v -0.00433798321 0.0233937451 -0.0198797099
v -0.00448920019 0.0201859389 -0.016919263
v -0.00449224235 0.0236620613 -0.0193670751
v -0.00475239754 0.0204988145 -0.0164724298
v -0.00474281283 0.0239097288 -0.0188828483
v -0.00505268108 0.0207955427 -0.0160486575
v -0.00508259749 0.0241293946 -0.0184413238
v -0.0055264947 0.0210119377 -0.015739613
v -0.00550247636 0.024314134 -0.0180563268
v -0.00600029947 0.0212283218 -0.0154305841
v -0.0059894463 0.024458566 -0.017739108
v -0.00654534344 0.0213612078 -0.0152408192
v -0.00652897358 0.0245583861 -0.0174991336
v -0.00713592023 0.0214382513 -0.0151307734
v -0.00710527413 0.0246100859 -0.0173445416
v -0.00772746047 0.021510259 -0.0150279356
v -0.00770071475 0.0246119019 -0.0172803607
v -0.0083180042 0.0214332003 -0.0151379708
v -0.00829693303 0.0245636271 -0.0173088674
v -0.00890838634 0.021355646 -0.01524873
v -0.00887548923 0.0244667905 -0.0174290602
v -0.00944602955 0.0212139356 -0.0154511298
v -0.00941844005 0.0243243318 -0.0176374324
v -0.00991928112 0.0209971358 -0.0157607524
v -0.0099090673 0.0241406876 -0.0179274042
v -0.0103925224 0.020780336 -0.016070375
v -0.0103322696 0.0239215586 -0.0182899513
v -0.0106795784 0.0204776783 -0.0165026155
v -0.010673685 0.023673415 -0.0187145857
v -0.0109419627 0.0201645728 -0.0169497769
v -0.0109256459 0.0234045361 -0.0191868241
v -0.0111216446 0.019840013 -0.0174132969
v -0.011077146 0.0231228241 -0.0196930363
v -0.0111211967 0.0194926104 -0.0179094398
v -0.0111278631 0.022837203 -0.0202167686
v -0.0111207385 0.0191452264 -0.0184055725
v -0.0110748382 0.022556077 -0.0207428103
v -0.0109243868 0.018822905 -0.0188658633
v -0.0109207528 0.0222877783 -0.0212553877
v -0.0106611913 0.0185100369 -0.019312702
v -0.0106686493 0.0220405438 -0.0217389863
v -0.0103609841 0.0182133306 -0.0197364429
v -0.0103303427 0.0218203741 -0.0221812988
v -0.00988718029 0.0179969355 -0.0200454875
v -0.00990962051 0.0216361179 -0.0225654465
v -0.00941337552 0.0177805514 -0.0203545165
v -0.00942312181 0.0214914506 -0.0228830598
v -0.00886841305 0.017647673 -0.0205442867
v -0.00888417196 0.0213911834 -0.0231238155
v -0.0109018702 0.0227205955 -0.0207583499
v -0.0107518481 0.0224586766 -0.021257419
v -0.0110748382 0.022556077 -0.0207428103
v -0.0109207528 0.0222877783 -0.0212553877
v -0.010489855 0.0222232481 -0.0217256735
v -0.0106686493 0.0220405438 -0.0217389863
v -0.0103303427 0.0218203741 -0.0221812988
v -0.0101565551 0.0220226902 -0.0221408313
v -0.00990962051 0.0216361179 -0.0225654465
v -0.00979508366 0.0218509968 -0.0225064628
v -0.0111278631 0.022837203 -0.0202167686
v -0.0109377569 0.0229752268 -0.0202901994
v -0.0109225651 0.0232468326 -0.0197936987
v -0.011077146 0.0231228241 -0.0196930363
v -0.0109256459 0.0234045361 -0.0191868241
v -0.0107638165 0.0235253785 -0.0193132108
v -0.0105445096 0.0237778047 -0.0188832394
v -0.010673685 0.023673415 -0.0187145857
v -0.0103322696 0.0239215586 -0.0182899513
v -0.0102263261 0.0240210175 -0.0184853522
v -0.00982066151 0.0242285799 -0.0181684698
v -0.0099090673 0.0241406876 -0.0179274042
v -0.00941844005 0.0243243318 -0.0176374324
v -0.00936725549 0.0244234246 -0.0178673406
v -0.00881379563 0.0245709778 -0.0176717097
v -0.00887548923 0.0244667905 -0.0174290602
v -0.00827046856 0.0246696474 -0.0175563164
v -0.00829693303 0.0245636271 -0.0173088674
v -0.00770071475 0.0246119019 -0.0172803607
v -0.00768916123 0.0247078183 -0.0175626235
v -0.00710527413 0.0246100859 -0.0173445416
v -0.00717268931 0.0247114183 -0.0176139484
v -0.00652897358 0.0245583861 -0.0174991336
v -0.00659938343 0.0246605814 -0.0177735919
v -0.0059894463 0.024458566 -0.017739108
v -0.00608311174 0.0245705603 -0.0179941161
v -0.00550247636 0.024314134 -0.0180563268
v -0.00564720621 0.0244397465 -0.0182859206
v -0.00508259749 0.0241293946 -0.0184413238
v -0.00526094437 0.0242704962 -0.0186443219
v -0.00474281283 0.0239097288 -0.0188828483
v -0.0049256417 0.0240635513 -0.0190658345
v -0.00465709204 0.0238350862 -0.0195154476
v -0.00449224235 0.0236620613 -0.0193670751
v -0.0045283339 0.0235769974 -0.0200179902
v -0.00433798321 0.0233937451 -0.0198797099
v -0.00428577419 0.0231124931 -0.0204058731
v -0.00446442375 0.0233209738 -0.0205004172
v -0.00433644745 0.0228268086 -0.0209297708
v -0.00453246338 0.0230466858 -0.0210098023
v -0.00467425119 0.0227801571 -0.0214885759
v -0.0044897506 0.0225451915 -0.0214356069
v -0.00474138232 0.0222763082 -0.0219078419
v -0.00492281886 0.0225208297 -0.0219410974
v -0.00525223743 0.0222850211 -0.0223376492
v -0.00508322241 0.022028265 -0.0223322908
v -0.00550558558 0.0218087832 -0.0226955689
v -0.00564419245 0.0220772145 -0.0226704972
v -0.00608758908 0.0219046902 -0.0229294164
v -0.00599539746 0.0216246232 -0.0229865763
v -0.00662950985 0.0217526449 -0.0231353141
v -0.00653813826 0.0214819054 -0.0231954193
v -0.00713425642 0.0216526391 -0.0232466048
v -0.00711682299 0.0213852848 -0.0233152743
v -0.00771492487 0.0213364571 -0.0233445576
v -0.00773184747 0.0215994996 -0.0232626946
v -0.00827377755 0.0215882337 -0.0232049538
v -0.00830801483 0.0213395229 -0.0232783417
v -0.00888417196 0.0213911834 -0.0231238155
v -0.00881227013 0.0216426769 -0.0230302326
v -0.00942312181 0.0214914506 -0.0228830598
v -0.00932005886 0.0217290844 -0.0227988886
v -0.00762584666 0.0231439365 -0.0204795113
v 4.12976733e-05 -0.0253110283 -0.0299132697
v -0.000242445167 -0.0262277115 -0.0324723003
v 0.00202315813 -0.0255408105 -0.0302244071
v 0.00171892159 -0.0265467391 -0.0328484433
v 0.00202315813 -0.0255408105 -0.0302244071
v 0.00171892159 -0.0265467391 -0.0328484433
v 0.00399973383 -0.0254302035 -0.0306244397
v 0.00343175395 -0.026496494 -0.0331572401
v 0.0001089406 -0.00948503661 -0.0471695529
v 0.00194476359 -0.00987170089 -0.0474267094
v -7.90536342e-06 -0.0101264721 -0.0474199484
v 0.00186387054 -0.0104909419 -0.0476874066
v -0.00196601613 -0.00917759939 -0.0464910965
v -0.00209361198 -0.00986076429 -0.0467315506
v -0.00904665887 -0.0184833259 -0.0300593704
v -0.00919821672 -0.0191596926 -0.0315369628
v -0.00811993144 -0.0197302243 -0.0296165903
v -0.00821378734 -0.0204337803 -0.0313671185
v -0.00696678134 -0.0209979319 -0.0293123346
v -0.00714820391 -0.0216194937 -0.0311786049
v -0.00474620331 -0.0229633776 -0.0292379238
v -0.00509513821 -0.0235101297 -0.0313638761
v -0.00672108168 -0.00987507627 -0.0437845722
v -0.00779058924 -0.0102091137 -0.0426655185
v -0.00676418748 -0.00913728882 -0.0434163909
v -0.00785090867 -0.00940093547 -0.0422499495
v -0.00447310461 -0.00900840845 -0.0451952912
v -0.0044639064 -0.00969766598 -0.0454983537
v -0.0103433514 -0.0137479428 -0.0362187297
v -0.0103378203 -0.016021674 -0.0335961929
v -0.0104460623 -0.0128616875 -0.0353770757
v -0.0103841396 -0.0151827911 -0.0324732302
v 0.00630215649 -0.012062112 -0.0470146268
v 0.00382819166 -0.0110716439 -0.0475999325
v 0.00645871647 -0.0113309637 -0.0466647764
v 0.00392510882 -0.0104268455 -0.0473188297
v 0.00901164021 -0.0134403515 -0.0456813068
v 0.00772522436 -0.0127216809 -0.0464247957
v 0.00915304199 -0.0126121385 -0.0452485643
v 0.00785799976 -0.0119343738 -0.046046516
v 0.0110160829 -0.0217406552 -0.0334125679
v 0.0092746634 -0.0233086411 -0.0324150443
v 0.0108341211 -0.0230375215 -0.0352863674
v 0.00911066029 -0.0243697103 -0.034570009
v 0.0122997472 -0.0199200153 -0.0354213753
v 0.0121666333 -0.0210521078 -0.0371375999
v 0.0124975108 -0.0189263577 -0.0367892699
v 0.0123020262 -0.020030946 -0.0380816033
v 0.0124208638 -0.0168681778 -0.0394319349
v 0.0121864127 -0.0179937166 -0.0404682409
v 0.0117435548 -0.0150203857 -0.0420077797
v 0.0115221879 -0.0160075972 -0.0427856787
v 0.0111075873 -0.0141634831 -0.0432076858
v 0.0109028528 -0.0150813876 -0.0438505901
v -0.0102072908 -0.0060044668 -0.0324500845
v -0.00968426652 -0.00542338229 -0.0348792639
v -0.0102058984 -0.0116421573 -0.0372356405
v -0.00965401623 -0.0106151557 -0.039156176
v -0.0103834532 -0.00726464318 -0.0301702162
v -0.0101204012 -0.00952418669 -0.0267758529
v -0.00974030513 -0.017349271 -0.0307173118
v -0.00906471722 -0.0120354801 -0.0244282449
v -0.010190458 -0.0162651602 -0.0315055058
v -0.009683704 -0.0108393067 -0.0254667469
v -0.00718338462 -0.0143795393 -0.0229017279
v -0.00591223687 -0.0154962002 -0.0224303718
v -0.00365118496 -0.0169225132 -0.0220550749
v -0.00107815675 -0.0178210398 -0.0219568163
v -0.00195143581 -0.0246095237 -0.0294784576
v 0.000712671259 -0.0179810361 -0.021921281
v 0.00275427336 -0.0180456451 -0.0220833182
v 0.00275427336 -0.0180456451 -0.0220833182
v 0.00444283476 -0.0180784518 -0.0224491398
v 0.00694202865 -0.0179419037 -0.0234595726
v 0.00653071376 -0.024797877 -0.0314122635
v 0.00828535017 -0.0175414788 -0.024153472
v 0.00798809063 -0.0241357357 -0.0319347746
v 0.00949902553 -0.01696705 -0.0249609334
v 0.0111230947 -0.0155611599 -0.0263337428
v 0.0123935891 -0.0138145482 -0.0284735455
v 0.0128432745 -0.0128680232 -0.030446797
v 0.01295227 -0.0111863185 -0.0341121291
v 0.0127491849 -0.0104841874 -0.0357670097
v 0.0121677779 -0.0159169189 -0.0407324546
v 0.0123637766 -0.00990640418 -0.0373680014
v 0.00978653878 -0.00815057562 -0.0414870647
v 0.0102462294 -0.0133538687 -0.0443033037
v 0.0109027959 -0.00871479114 -0.0402803711
v 0.00836423878 -0.0075154857 -0.0424958016
v 0.00435257424 -0.00645444786 -0.0441153337
v 0.00675901864 -0.00705976156 -0.0433483254
v 0.00194476359 -0.00987170089 -0.0474267094
v 0.00221409788 -0.00580368 -0.0442448376
v -0.0013243854 -0.00513997089 -0.0434868391
v 0.000619019265 -0.00544587528 -0.0440476865
v 0.00221409788 -0.00580368 -0.0442448376
v -0.00436194893 -0.00480368504 -0.0419160198
v -0.00650809752 -0.00471709148 -0.0401712372
v -0.00871319789 -0.00491387079 -0.0371818095
v -0.00773085561 -0.00477459864 -0.0387620418
v -0.00883081928 -0.00983328741 -0.0408407715
v -0.00215308182 -0.0254706764 -0.0319982864
v 0.00186387054 -0.0104909419 -0.0476874066
v -0.00878636818 -0.0107823991 -0.0412753852
v -0.0100674629 -0.0126254081 -0.0379957798
v -0.0095000267 -0.0115130068 -0.0398484896
v -0.00983675011 -0.0180720341 -0.0321269538
v -0.0102306837 -0.0169889837 -0.0327529878
v 0.00605916977 -0.0258721627 -0.0337413978
v 0.00762484549 -0.0252115149 -0.0341739958
v 0.0119405454 -0.0169809598 -0.0416453519
v 0.0100676343 -0.0142255189 -0.0448302711
v -0.00824265461 -0.0131122463 -0.0235010031
v 0.0117609305 -0.00934324986 -0.0389033901
v -0.000242445167 -0.0262277115 -0.0324723003
v -0.00215308182 -0.0254706764 -0.0319982864
v -0.00025002152 -0.0257488461 -0.0333450116
v -0.00221218099 -0.0249547156 -0.0327968037
v 0.00363764982 -0.0120025674 -0.0473331229
v 0.00187449926 -0.0114286874 -0.0474649541
v 0.00382819166 -0.0110716439 -0.0475999325
v 0.00186387054 -0.0104909419 -0.0476874066
v -5.08427593e-06 -0.0109871864 -0.0472189719
v -4.36812625e-05 -0.0128985276 -0.0449892394
v 0.00181787007 -0.0132845978 -0.0453052366
v 0.00175763131 -0.0164499856 -0.0419488959
v -2.24024061e-05 -0.0160804035 -0.0416124856
v 0.0017894482 -0.0149060564 -0.0435356793
v -2.54333008e-05 -0.0145363766 -0.0432040852
v 0.00166430231 -0.0179310035 -0.0404840253
v -6.1518549e-05 -0.0175661217 -0.0401489079
v -0.000166426296 -0.0204979371 -0.0374829037
v -0.000118773576 -0.0190306337 -0.0387778816
v 0.00154240604 -0.0208319875 -0.0378379359
v 0.00158180948 -0.019370965 -0.0391288161
v -0.000258463318 -0.0237583407 -0.034806489
v 0.0015917205 -0.0241354076 -0.0351999443
v 0.00169033522 -0.0261807507 -0.033716623
v 0.0033045481 -0.0261041185 -0.0340418723
v 0.00336662051 -0.0241388637 -0.0355547083
v 0.00318420399 -0.0209975465 -0.0381101598
v 0.00322016468 -0.0196128305 -0.0393488694
v 0.00358199584 -0.0168169796 -0.0420945582
v 0.0033668445 -0.0182395566 -0.0406529358
v 0.00359710678 -0.0153120286 -0.0436496511
v 0.00363095035 -0.013782277 -0.0453101219
v -0.00206607208 -0.0107124183 -0.0464638315
v -0.00196409691 -0.0125966028 -0.0443437597
v -0.00183753425 -0.0142049618 -0.0426385617
v -0.00183438358 -0.0185716509 -0.0382949061
v -0.00177391223 -0.0171515582 -0.0396711751
v -0.0019017267 -0.019977304 -0.0370075191
v -0.00216719392 -0.0230246095 -0.0343227927
v -0.00489074225 -0.023165866 -0.0321810123
v -0.00509513821 -0.0235101297 -0.0313638761
v -0.0094013596 -0.0131698715 -0.0382426263
v -0.0100674629 -0.0126254081 -0.0379957798
v -0.00895987451 -0.0123901957 -0.0396455686
v -0.0095000267 -0.0115130068 -0.0398484896
v -0.00967548322 -0.0142541586 -0.0365920848
v -0.0103433514 -0.0137479428 -0.0362187297
v -0.00434338301 -0.0105697468 -0.0452654608
v -0.00388297322 -0.012406179 -0.043405071
v -0.00559873087 -0.0123962286 -0.0422553483
v -0.00648542866 -0.0106801586 -0.0436815519
v -0.00359606976 -0.0139274131 -0.0418711384
v -0.003499527 -0.0180243814 -0.0377171345
v -0.0034429573 -0.0166907713 -0.039054436
v -0.00359791983 -0.0193230722 -0.0364548638
v -0.00419009663 -0.0218774488 -0.0338031283
v -0.00505392533 -0.0149753065 -0.0396890366
v -0.00519991387 -0.0137254054 -0.0409872342
v -0.00346509926 -0.0153330951 -0.0404367119
v -0.00503524765 -0.0162194909 -0.0383657818
v -0.00519221788 -0.0186314123 -0.0358470931
v -0.00508251181 -0.0174494923 -0.0370689936
v -0.00590998633 -0.0206802976 -0.0334153163
v -0.0069425581 -0.0213995211 -0.0319175934
v -0.00880759675 -0.0192444529 -0.0322267166
v -0.00919821672 -0.0191596926 -0.0315369628
v -0.00926419254 -0.0182332337 -0.0327587411
v -0.00983675011 -0.0180720341 -0.0321269538
v -0.00754236197 -0.0111360526 -0.0423731667
v -0.00678979373 -0.0125668089 -0.0411682525
v -0.00767026888 -0.0132556163 -0.0396142563
v -0.00748938555 -0.0127169916 -0.0404303848
v -0.00848028157 -0.0116188415 -0.0410393779
v -0.00804230664 -0.0151394916 -0.0369981973
v -0.00788605679 -0.0140667889 -0.0384238275
v -0.0081186723 -0.0164814445 -0.0354360442
v -0.00975582097 -0.0163557373 -0.0341029469
v -0.00786074623 -0.019119772 -0.0331307929
v -0.00796554983 -0.0184637656 -0.0336383894
v -0.0070901392 -0.0197520862 -0.0332239067
v -0.00786525663 -0.0203207962 -0.0320619082
v -0.00654117577 -0.013550128 -0.0401683417
v -0.00650821673 -0.0145851988 -0.0389724547
v -0.00654678326 -0.0157131736 -0.0376596124
v -0.00380412326 -0.0206037932 -0.0351741782
v -0.00542206736 -0.0197267004 -0.0346587256
v -0.00201855297 -0.0214326711 -0.0356971234
v -0.000216285291 -0.0220486845 -0.0361737152
v 0.00154907943 -0.0223935265 -0.0365499465
v 0.00325463759 -0.0224756711 -0.0368739653
v -0.00666871527 -0.0180145691 -0.0351851571
v -0.00678457739 -0.0189837988 -0.0341778941
v -0.00809780136 -0.0175455397 -0.0343871545
v -0.00660366053 -0.016910286 -0.0363319808
v 0.00591037283 -0.0254845456 -0.03459352
v 0.00605916977 -0.0258721627 -0.0337413978
v 0.00343175395 -0.026496494 -0.0331572401
v 0.00876432378 -0.0242218726 -0.0353504978
v 0.00911066029 -0.0243697103 -0.034570009
v 0.00733198645 -0.0248961546 -0.0349773423
v 0.00762484549 -0.0252115149 -0.0341739958
v 0.00528530125 -0.0237893499 -0.0359645051
v 0.00693435641 -0.0231928178 -0.0364181055
v 0.00876852963 -0.0221696463 -0.0371400312
v 0.0103627583 -0.0158359023 -0.0438770703
v 0.00959824584 -0.0150563244 -0.0447517834
v 0.0109028528 -0.0150813876 -0.0438505901
v 0.0100676343 -0.0142255189 -0.0448302711
v 0.00589089841 -0.0129044983 -0.0467794282
v 0.00543770287 -0.0143912441 -0.0450346947
v 0.00730992295 -0.0135753082 -0.0462280631
v 0.00679608341 -0.0148903522 -0.0446980448
v 0.00867454521 -0.0142784303 -0.0455579062
v 0.00764246425 -0.0152400187 -0.0444181882
v 0.00804612599 -0.0157803179 -0.0438509583
v 0.0108544445 -0.0167479393 -0.0428413652
v 0.00859014504 -0.0165003107 -0.0430933641
v 0.00909853913 -0.0172963525 -0.0422229082
v 0.00944323558 -0.0205388311 -0.0386311605
v 0.00958469324 -0.0191312551 -0.0401332465
v 0.0114113046 -0.0206175662 -0.0382424075
v 0.0113070104 -0.0186117716 -0.0406101585
v 0.011200428 -0.0217095858 -0.0371768665
v 0.00469571119 -0.0210025736 -0.038308282
v 0.00489608292 -0.0223078732 -0.0371888624
v 0.00472700596 -0.0197765735 -0.0394273579
v 0.00498712994 -0.0185498529 -0.0406344913
v 0.00559073454 -0.0172061131 -0.0420662659
v 0.00537300576 -0.0156923654 -0.0436154804
v 0.00685725687 -0.0158122652 -0.0437020841
v 0.00725329854 -0.0192088641 -0.0401283609
v 0.00828878395 -0.0192597219 -0.04006595
v 0.00703961356 -0.0200407558 -0.03929281
v 0.00806782208 -0.0202804339 -0.0390191825
v 0.00783525966 -0.0176603312 -0.0417817268
v 0.007217512 -0.0168055117 -0.0426635107
v 0.00625503529 -0.0189484708 -0.0403554444
v 0.00742814038 -0.0185783974 -0.0407901152
v 0.0067787692 -0.0181048488 -0.0412558146
v 0.00596497068 -0.0208996437 -0.0384688123
v 0.0059974906 -0.01991867 -0.0393890052
v 0.00632583583 -0.0219230371 -0.0375441568
v 0.00750032905 -0.0212800779 -0.0380824239
v 0.00171892159 -0.0265467391 -0.0328484433
v -7.90536342e-06 -0.0101264721 -0.0474199484
v -0.00209361198 -0.00986076429 -0.0467315506
v -0.00177185109 -0.0157069102 -0.0411042216
v -0.00821378734 -0.0204337803 -0.0313671185
v -0.00714820391 -0.0216194937 -0.0311786049
v -0.00779058924 -0.0102091137 -0.0426655185
v -0.00672108168 -0.00987507627 -0.0437845722
v -0.00878636818 -0.0107823991 -0.0412753852
v -0.0044639064 -0.00969766598 -0.0454983537
v -0.0103378203 -0.016021674 -0.0335961929
v -0.00969452877 -0.0172400737 -0.0333091087
v -0.0102306837 -0.0169889837 -0.0327529878
v 0.00630215649 -0.012062112 -0.0470146268
v 0.00901164021 -0.0134403515 -0.0456813068
v 0.00772522436 -0.0127216809 -0.0464247957
v 0.0104374886 -0.023079014 -0.0360337087
v 0.0108341211 -0.0230375215 -0.0352863674
v 0.0121666333 -0.0210521078 -0.0371375999
v 0.0123020262 -0.020030946 -0.0380816033
v 0.0121864127 -0.0179937166 -0.0404682409
v 0.0119405454 -0.0169809598 -0.0416453519
v 0.0112009812 -0.0176778864 -0.0417397924
v 0.0115221879 -0.0160075972 -0.0427856787
v 0.00945903733 -0.0181409639 -0.0412688503
v 0.00825099926 -0.0184113331 -0.0409758066
v 0.00683581317 -0.0207420857 -0.0386173001
v 3.98635848e-06 0.00712039527 -0.0411352077
v -1.39296053e-05 0.00302446721 -0.0410032756
v -0.0015109044 0.00720140112 -0.0410195193
v -0.00193446991 0.00312927418 -0.0408535955
v 9.65154177e-05 0.0150805196 -0.040473997
v -0.000536631618 0.0151085653 -0.0404339435
v 9.93257709e-05 0.0151079618 -0.0405835439
v -0.000580612628 0.0151439594 -0.040532134
v 0.000728096929 0.0151166454 -0.0404224039
v 0.000773485866 0.0151463956 -0.0405286417
v 0.000100489851 0.0143951399 -0.0425615833
v 0.00109756703 0.0144505786 -0.0424824085
v 0.000100454687 0.0144410383 -0.0416088566
v 0.000956022704 0.01448943 -0.0415397459
v -0.00075487938 0.014479366 -0.0415541189
v -0.00089292851 0.0144399067 -0.0424976496
v 0.000100861784 0.0151044603 -0.0435033096
v 0.00115005486 0.0151615386 -0.0434218062
v 0.000100489851 0.0143951399 -0.0425615833
v 0.00109756703 0.0144505786 -0.0424824085
v -0.00089292851 0.0144399067 -0.0424976496
v -0.000968289329 0.0151541477 -0.0434323616
v 9.98765172e-05 0.0177000245 -0.0416760204
v 0.000101857782 0.0172311483 -0.0430438095
v -0.000442414283 0.0177278534 -0.0416362766
v -0.000679238525 0.0172653136 -0.0429950162
v 0.000884939393 0.0172746672 -0.042981658
v 0.000640724902 0.0177319805 -0.0416303825
v 0.000100004669 0.0162879413 -0.0436926861
v -0.000867357361 0.0163326023 -0.0436289035
v 0.00106835365 0.0163416439 -0.0436159907
v -0.00378084881 0.00342152751 -0.0404362142
v -0.00298153865 0.00743220723 -0.0406898937
v -0.00551120751 0.00389253175 -0.0397635498
v -0.00435998198 0.00780594611 -0.0401561388
v -0.00707341637 0.00452805195 -0.0388559321
v -0.00560513977 0.0083106467 -0.039435351
v -0.00841875561 0.00531009999 -0.0377390507
v -0.00667878147 0.00893159221 -0.0385485481
v -0.0095044896 0.00621509056 -0.0364465891
v -0.00754586188 0.00965088641 -0.0375212886
v -0.0102986712 0.00721480804 -0.0350188432
v -0.00818079896 0.0104459504 -0.0363858185
v -0.0107783889 0.00827840955 -0.0334998453
v -0.00856586453 0.011292094 -0.0351773829
v -0.0109304236 0.00937358699 -0.0319357846
v -0.00868917909 0.0121637281 -0.0339325755
v -0.0107506849 0.0104673402 -0.0303737418
v -0.00854921807 0.0130345618 -0.0326888949
v -0.0102425767 0.0115265849 -0.028860966
v -0.00814797357 0.0138782045 -0.0314840471
v -0.00942204427 0.012519286 -0.0274432568
v -0.00749835465 0.014669278 -0.0303542599
v -0.00831221044 0.0134146014 -0.0261646127
v -0.00661727414 0.0153829682 -0.0293350199
v -0.00694666384 0.0141849706 -0.0250644105
v -0.00553205004 0.0159971617 -0.02845786
v -0.00536787044 0.0148069257 -0.0241761657
v -0.00427777041 0.0164943286 -0.0277478313
v -0.00362542621 0.0152630597 -0.0235247221
v -0.00289236056 0.0168594709 -0.0272263537
v -0.0017716866 0.0155396386 -0.0231297423
v -0.00141735794 0.0170808818 -0.0269101459
v 0.000137540701 0.0156278212 -0.0230038044
v 0.000102232691 0.0171523897 -0.0268080057
v 0.00133918284 0.0152152313 -0.0402816086
v 0.00141338108 0.0152579789 -0.0403692971
v 0.00191112747 0.0153731063 -0.0400561395
v 0.00200073724 0.0154357886 -0.0401153583
v 0.00242678402 0.0155853997 -0.0397529528
v 0.00253975624 0.0156725434 -0.0397772371
v 0.00287050009 0.0158458252 -0.0393810263
v 0.00299839978 0.015961347 -0.0393647825
v 0.00322878105 0.0161464065 -0.0389517513
v 0.00335879088 0.0162896631 -0.0388958981
v 0.00349042658 0.0164781841 -0.0384779234
v 0.00360116712 0.0166489769 -0.0383827444
v 0.00364771835 0.0168309712 -0.0379740907
v 0.00372036453 0.0170290683 -0.0378399171
v 0.00369584071 0.0171940628 -0.0374555418
v 0.00372449378 0.0174154962 -0.0372880404
v 0.00363317714 0.0175564246 -0.036938035
v 0.00361263263 0.0177905449 -0.0367524148
v 0.00346184243 0.0179070408 -0.0364373028
v 0.0033933185 0.0181290041 -0.0362690446
v 0.00318702939 0.0182353067 -0.03596849
v 0.00309362402 0.01842597 -0.0358449329
v 0.00281685824 0.0185311572 -0.0355459713
v 0.00272875302 0.0186843453 -0.0354759343
v 0.0023627854 0.0187856565 -0.0351825083
v 0.00229569664 0.0189093662 -0.0351545709
v 0.00183860294 0.0189910792 -0.034889134
v 0.00181997055 0.0190919291 -0.0348938439
v 0.00126018526 0.0191411765 -0.0346747727
v 0.00126555201 0.0192257647 -0.0347027067
v 0.000645124877 0.0192314056 -0.0345459121
v 0.000662360166 0.0193189831 -0.0345695769
v 1.20794766e-05 0.01925904 -0.034506446
v -1.00243087e-05 0.0193514636 -0.0345231898
v -0.000619671075 0.0192229908 -0.0345579426
v -0.000678070297 0.0193059917 -0.0345881305
v -0.00123097294 0.0191246958 -0.0346983095
v -0.0012764734 0.019203376 -0.0347346811
v -0.00180319487 0.0189669886 -0.034923539
v -0.0018178313 0.0190543962 -0.0349474464
v -0.00231900206 0.0187546856 -0.0352267394
v -0.00229460839 0.0188621924 -0.0352219422
v -0.00276271347 0.0184942319 -0.0355987191
v -0.00270792958 0.0186234878 -0.0355628479
v -0.00312079419 0.018193527 -0.0360281576
v -0.00304634077 0.0183725879 -0.0359211705
v -0.00338248257 0.0178617686 -0.0365019581
v -0.00332773686 0.0180713827 -0.0363513365
v -0.00353944045 0.0175089228 -0.0370058747
v -0.00351768732 0.0177402033 -0.0368243101
v -0.00358760357 0.0171458441 -0.0375244053
v -0.00361773721 0.0173693629 -0.0373539255
v -0.00352491857 0.016783478 -0.0380419182
v -0.00359723088 0.0169795675 -0.0379106115
v -0.00335343834 0.0164328639 -0.0385426474
v -0.00345220324 0.016603302 -0.038447975
v -0.003078382 0.0161046792 -0.0390113441
v -0.00319549791 0.0162502681 -0.0389521601
v -0.00270816311 0.0158088501 -0.0394338323
v -0.00283044321 0.0159251677 -0.0394164519
v -0.00225401158 0.0155544148 -0.0397972038
v -0.0023626613 0.0156409795 -0.0398223151
v -0.00172987639 0.015348975 -0.0400906026
v -0.00181482127 0.0154110495 -0.0401506895
v -0.00115153519 0.0151989301 -0.0403048891
v -0.00122503343 0.0152432237 -0.0403903698
v 0.00217496161 0.015322619 -0.0431917464
v 0.00206062314 0.0146026662 -0.0422652047
v 0.00313458196 0.015583556 -0.0428191024
v 0.00296279415 0.0148490427 -0.0419133422
v 0.00400118809 0.0159358025 -0.0423160418
v 0.00377600174 0.0151816922 -0.0414382692
v 0.00474789133 0.0163687828 -0.0416976684
v 0.0044768001 0.015590262 -0.0408547705
v 0.0053523872 0.016869712 -0.0409822666
v 0.00504311081 0.0160622288 -0.0401807313
v 0.00579472072 0.0174238404 -0.0401909016
v 0.00545769185 0.0165836558 -0.0394360558
v 0.00606401451 0.0180134528 -0.039348847
v 0.00570791215 0.0171383945 -0.0386438061
v 0.00615029316 0.0186213589 -0.0384806664
v 0.00578649528 0.017709976 -0.0378275023
v 0.00605102535 0.0192285758 -0.0376134699
v 0.00569121819 0.018280689 -0.037012439
v 0.0057706451 0.0198166306 -0.03677364
v 0.0054243803 0.0188329085 -0.0362237871
v 0.0053155995 0.0203675114 -0.0359868999
v 0.00499494048 0.019350313 -0.0354848562
v 0.00470109936 0.0208644321 -0.0352772229
v 0.00441587437 0.0198171314 -0.0348181698
v 0.00394614693 0.0212928106 -0.0346654345
v 0.00370253553 0.0202186714 -0.0342447108
v 0.00307140825 0.0216384684 -0.0341717835
v 0.00287966733 0.0205432204 -0.0337812063
v 0.00210644957 0.0218936681 -0.0338073203
v 0.00197054865 0.0207809432 -0.0334417028
v 0.00107822649 0.0220475343 -0.0335875633
v 0.0010032272 0.0209241601 -0.0332371676
v 1.84416767e-05 0.022096847 -0.0335171374
v 7.01069803e-06 0.0209694029 -0.0331725542
v 1.84416767e-05 0.022096847 -0.0335171374
v -0.00104022562 0.0220401286 -0.0335981528
v 7.01069803e-06 0.0209694029 -0.0331725542
v -0.000987773179 0.0209147574 -0.0332505961
v -0.00206493842 0.0218786639 -0.0338287485
v -0.00195085048 0.0207621431 -0.0334685521
v -0.00302511919 0.0216181356 -0.0342008089
v -0.00285311695 0.0205158488 -0.0338202971
v -0.00389195443 0.0212660557 -0.0347036314
v -0.00366589543 0.0201829088 -0.0342957851
v -0.00463768234 0.0208326513 -0.0353226106
v -0.00436701532 0.0197744768 -0.034879087
v -0.00524210464 0.0203316601 -0.0360381008
v -0.00493298052 0.0193021574 -0.0355536296
v -0.00568430871 0.01977741 -0.0368296398
v -0.00534707541 0.0187806588 -0.0362984074
v -0.00595381251 0.0191877748 -0.0376717398
v -0.00559745776 0.0182258486 -0.0370907593
v -0.00604020106 0.0185797718 -0.0385400459
v -0.00567667466 0.0176542692 -0.0379070601
v -0.00594164338 0.017972651 -0.0394071051
v -0.00558103528 0.0170838115 -0.0387217587
v -0.00566010457 0.0173847595 -0.040246715
v -0.00531345373 0.0165317886 -0.0395101298
v -0.0052058408 0.016834056 -0.0410332017
v -0.00488514407 0.0160140347 -0.0402495597
v -0.0045912955 0.0163372838 -0.0417426666
v -0.00430505257 0.0155475924 -0.040915709
v -0.00383628369 0.0159090007 -0.0423543058
v -0.00359184737 0.0151459413 -0.0414893267
v -0.00296242232 0.0155624368 -0.0428492508
v -0.00276874541 0.0148215846 -0.0419525565
v -0.00199685339 0.0153080743 -0.0432125185
v -0.00185988483 0.0145836033 -0.0422924293
v -0.00185988483 0.0145836033 -0.0422924293
v -0.00158657483 0.0146018722 -0.0413791812
v -0.00276874541 0.0148215846 -0.0419525565
v -0.00236716634 0.0148063537 -0.0410871511
v -0.00359184737 0.0151459413 -0.0414893267
v -0.00307505135 0.0150845462 -0.0406898507
v -0.00430505257 0.0155475924 -0.040915709
v -0.00368832587 0.0154293697 -0.0401973913
v -0.00488514407 0.0160140347 -0.0402495597
v -0.00418704748 0.0158295966 -0.0396258074
v -0.00531345373 0.0165317886 -0.0395101298
v -0.00455641001 0.0162738168 -0.0389913946
v -0.00558103528 0.0170838115 -0.0387217587
v -0.00478575705 0.0167484241 -0.0383135651
v -0.00567667466 0.0176542692 -0.0379070601
v -0.00486704335 0.0172387931 -0.0376132644
v -0.00559745776 0.0182258486 -0.0370907593
v -0.00480045797 0.0177296647 -0.0369122265
v -0.00534707541 0.0187806588 -0.0362984074
v -0.00458746403 0.0182066352 -0.0362310219
v -0.00493298052 0.0193021574 -0.0355536296
v -0.00423196563 0.0186549217 -0.035590802
v -0.00436701532 0.0197744768 -0.034879087
v -0.00374729862 0.0190616022 -0.035010021
v -0.00366589543 0.0201829088 -0.0342957851
v -0.00314510334 0.0194126931 -0.0345085911
v -0.00285311695 0.0205158488 -0.0338202971
v -0.00244653574 0.0196985561 -0.0341003556
v -0.00195085048 0.0207621431 -0.0334685521
v -0.00167238887 0.0199105782 -0.0337975565
v -0.000987773179 0.0209147574 -0.0332505961
v -0.000845400675 0.0200417294 -0.0336102334
v 7.01069803e-06 0.0209694029 -0.0331725542
v 9.42587849e-06 0.0200890705 -0.0335426428
v 0.0010032272 0.0209241601 -0.0332371676
v 0.000865263923 0.0200510125 -0.0335969758
v 0.00197054865 0.0207809432 -0.0334417028
v 0.00169651024 0.0199284834 -0.0337719656
v 0.00287966733 0.0205432204 -0.0337812063
v 0.00247797719 0.0197252711 -0.0340621831
v 0.00370253553 0.0202186714 -0.0342447108
v 0.00318537699 0.0194465867 -0.0344602056
v 0.00441587437 0.0198171314 -0.0348181698
v 0.00379817467 0.0191014474 -0.0349530965
v 0.00499494048 0.019350313 -0.0354848562
v 0.00429676985 0.0187005405 -0.0355256709
v 0.0054243803 0.0188329085 -0.0362237871
v 0.00466674333 0.0182562519 -0.0361601813
v 0.00569121819 0.018280689 -0.037012439
v 0.00489495276 0.0177815864 -0.0368380746
v 0.00578649528 0.017709976 -0.0378275023
v 0.0049783038 0.0172914733 -0.0375380292
v 0.00570791215 0.0171383945 -0.0386438061
v 0.00491194706 0.0168002619 -0.0382395524
v 0.00545769185 0.0165836558 -0.0394360558
v 0.00469718454 0.0163235377 -0.0389203859
v 0.00504311081 0.0160622288 -0.0401807313
v 0.00434289454 0.0158753414 -0.0395604575
v 0.0044768001 0.015590262 -0.0408547705
v 0.00385792716 0.0154694446 -0.0401401387
v 0.00377600174 0.0151816922 -0.0414382692
v 0.00325523363 0.0151187158 -0.0406410513
v 0.00296279415 0.0148490427 -0.0419133422
v 0.00255717267 0.0148325372 -0.0410497571
v 0.00206062314 0.0146026662 -0.0422652047
v 0.00178302766 0.0146202748 -0.0413528995
v -0.00180695229 0.0164719389 -0.0434299099
v -0.00143915589 0.0173772626 -0.0428351363
v -0.00268984307 0.0167027012 -0.0431003469
v -0.00215383037 0.0175625423 -0.0425705292
v -0.00348923681 0.0170181638 -0.0426498192
v -0.00280043599 0.0178166549 -0.0422076186
v -0.00418345444 0.0174088449 -0.0420918683
v -0.00336100813 0.0181312117 -0.0417583326
v -0.0047477386 0.0178627093 -0.0414436822
v -0.00381783 0.0184969964 -0.0412359894
v -0.00516521465 0.0183656535 -0.0407254028
v -0.0041573667 0.0189026742 -0.040656621
v -0.00542338844 0.0189023976 -0.039958852
v -0.00436789729 0.0193362771 -0.0400373192
v -0.00551446434 0.0194571746 -0.0391665996
v -0.00444277981 0.0197845069 -0.0393971801
v -0.00544033991 0.0200134477 -0.0383721067
v -0.00438319193 0.0202333755 -0.0387561808
v -0.00519534107 0.0205527912 -0.0376018436
v -0.00418827543 0.0206692838 -0.0381336386
v -0.00479217991 0.0210595313 -0.0368781431
v -0.00386515842 0.0210788805 -0.0375486214
v -0.00424272288 0.0215189224 -0.0362220641
v -0.00342201698 0.0214499933 -0.0370186169
v -0.00355833047 0.0219147455 -0.0356567695
v -0.00287411921 0.0217719899 -0.0365588097
v -0.00276897196 0.0222380179 -0.0351950883
v -0.00223786943 0.0220339859 -0.0361846402
v -0.00189438579 0.0224777203 -0.0348527575
v -0.00153002434 0.0222274484 -0.0359082949
v -0.000958470977 0.0226261995 -0.034640707
v -0.00077453733 0.0223484925 -0.035735426
v 9.3466042e-06 0.0226788813 -0.0345654696
v 6.76453101e-06 0.0223920146 -0.0356732698
v 0.000978215947 0.0226354986 -0.0346274266
v 0.000789231039 0.0223571653 -0.0357230918
v 0.00191769353 0.0224973088 -0.0348247822
v 0.00154878618 0.0222456009 -0.0358824224
v 0.00280065532 0.0222659963 -0.035155131
v 0.00226336718 0.0220605189 -0.0361467472
v 0.00359903811 0.0219493115 -0.0356074041
v 0.00291045662 0.0218071874 -0.0365084904
v 0.00429369928 0.021559045 -0.036164763
v 0.00347181316 0.0214931821 -0.0369569368
v 0.00485737808 0.0211052329 -0.0368128744
v 0.00392735936 0.0211271621 -0.0374797201
v 0.0052723838 0.0206018058 -0.0375318434
v 0.0042660092 0.0207214545 -0.0380590791
v 0.00553379999 0.0200654676 -0.0382978144
v 0.00447498308 0.0202878603 -0.0386783164
v 0.00562661653 0.0195099629 -0.0390911581
v 0.00455428101 0.0198400064 -0.0393179706
v 0.00555172423 0.0189538513 -0.0398853684
v 0.00449424749 0.0193910266 -0.0399591808
v 0.00530683994 0.0184146018 -0.0406554972
v 0.00429989351 0.0189549774 -0.0405818722
v 0.00490358332 0.0179077111 -0.0413794129
v 0.00397690758 0.0185449513 -0.0411674506
v 0.00435299845 0.0174484878 -0.0420352524
v 0.00353303668 0.0181739965 -0.0416972815
v 0.0036694908 0.0170523901 -0.042600939
v 0.00298410398 0.0178524335 -0.0421565214
v 0.00287974579 0.0167287523 -0.043063142
v 0.00234710448 0.0175908776 -0.0425300622
v 0.00200299011 0.016490567 -0.0434033062
v 0.00164012425 0.0173960981 -0.0428081845
v 0.00116559141 0.0178149479 -0.0415118927
v 0.00165845396 0.0179471179 -0.0413231341
v 0.00210118294 0.0181285728 -0.0410639894
v 0.00248083356 0.0183521749 -0.0407446522
v 0.00278647896 0.0186104392 -0.0403758123
v 0.00300978427 0.018895059 -0.0399693327
v 0.00314150099 0.0191979042 -0.0395368246
v 0.00317827938 0.0195093358 -0.0390920538
v 0.00312290434 0.0198198881 -0.0386485386
v 0.0029747556 0.0201202012 -0.0382196467
v 0.00273427251 0.0204001801 -0.0378197951
v 0.00241323933 0.0206522884 -0.0374597468
v 0.00202647201 0.0208719523 -0.0371460859
v 0.00157660246 0.0210474149 -0.0368954471
v 0.00107744697 0.0211718094 -0.0367177932
v 0.000550152035 0.0212492896 -0.0366071399
v 7.85887187e-06 0.0212751249 -0.0365702432
v -0.000533322222 0.0212429478 -0.036616197
v -0.00105766917 0.0211591567 -0.0367358632
v -0.00154608721 0.0210217089 -0.0369321591
v -0.00198422908 0.0208365254 -0.0371966289
v -0.0023669207 0.0206144468 -0.0375137903
v -0.0026801622 0.0203592774 -0.0378782621
v -0.0029055404 0.0200752154 -0.0382838931
v -0.00303514232 0.0197721107 -0.038716772
v -0.00306989416 0.0194605914 -0.0391616679
v -0.00301414728 0.0191500605 -0.0396051525
v -0.00286782021 0.0188494108 -0.0400345251
v -0.00263338792 0.0185677247 -0.0404368149
v -0.0023166691 0.0183139102 -0.0407992999
v -0.00192562572 0.0180968904 -0.0411092367
v -0.00147178886 0.0179247441 -0.0413550872
v -0.000971064845 0.0178025003 -0.0415296696
v 0.00200299011 0.016490567 -0.0434033062
v 0.00287974579 0.0167287523 -0.043063142
v 0.0036694908 0.0170523901 -0.042600939
v 0.00435299845 0.0174484878 -0.0420352524
v 0.00490358332 0.0179077111 -0.0413794129
v 0.00530683994 0.0184146018 -0.0406554972
v 0.00555172423 0.0189538513 -0.0398853684
v 0.00562661653 0.0195099629 -0.0390911581
v 0.00553379999 0.0200654676 -0.0382978144
v 0.0052723838 0.0206018058 -0.0375318434
v 0.00485737808 0.0211052329 -0.0368128744
v 0.00429369928 0.021559045 -0.036164763
v 0.00359903811 0.0219493115 -0.0356074041
v 0.00280065532 0.0222659963 -0.035155131
v 0.00191769353 0.0224973088 -0.0348247822
v 0.000978215947 0.0226354986 -0.0346274266
v 9.3466042e-06 0.0226788813 -0.0345654696
v 9.3466042e-06 0.0226788813 -0.0345654696
v -0.000958470977 0.0226261995 -0.034640707
v -0.00189438579 0.0224777203 -0.0348527575
v -0.00276897196 0.0222380179 -0.0351950883
v -0.00355833047 0.0219147455 -0.0356567695
v -0.00424272288 0.0215189224 -0.0362220641
v -0.00479217991 0.0210595313 -0.0368781431
v -0.00519534107 0.0205527912 -0.0376018436
v -0.00544033991 0.0200134477 -0.0383721067
v -0.00551446434 0.0194571746 -0.0391665996
v -0.00542338844 0.0189023976 -0.039958852
v -0.00516521465 0.0183656535 -0.0407254028
v -0.0047477386 0.0178627093 -0.0414436822
v -0.00418345444 0.0174088449 -0.0420918683
v -0.00348923681 0.0170181638 -0.0426498192
v -0.00268984307 0.0167027012 -0.0431003469
v -0.00180695229 0.0164719389 -0.0434299099
v -0.000867357361 0.0163326023 -0.0436289035
v 0.000100004669 0.0162879413 -0.0436926861
v 0.00106835365 0.0163416439 -0.0436159907
v 1.92523003e-05 0.0191777968 -0.0389710023
v -1.46251914e-05 -0.0020158789 -0.0386304166
v -0.00209411979 -0.00190464462 -0.0384715574
v 0.000131085515 0.0116730798 -0.0190805398
v -0.00194286101 0.01157812 -0.0192161566
v -0.00395635096 0.011277519 -0.0196454598
v -0.00584830251 0.0107810133 -0.020354544
v -0.0075601195 0.0101027712 -0.021323175
v -0.0090397168 0.00926380258 -0.0225213474
v -0.0102440165 0.00829068107 -0.0239111102
v -0.0111356257 0.00721241979 -0.0254510283
v -0.0116855903 0.00606147044 -0.0270947558
v -0.0118769929 0.00487305448 -0.0287919912
v -0.0117123025 0.00368345048 -0.0304909233
v -0.0111883068 0.00252856954 -0.0321402658
v -0.0103205293 0.00144397016 -0.0336892356
v -0.00913920347 0.000461577347 -0.0350922392
v -0.0076778885 -0.000387973432 -0.0363055246
v -0.0059815119 -0.00107893022 -0.037292314
v -0.00410069712 -0.00158921944 -0.0380210832
v 2.27445362e-05 0.0127369994 -0.0388311607
v 0.000649384223 0.0127649661 -0.0387912201
v 2.20274924e-05 0.0126507098 -0.0388415666
v 0.000668721157 0.012678152 -0.0388023751
v -0.000614743505 0.0126874404 -0.0387891099
v -0.000615408644 0.012772528 -0.0387804205
v 3.98635848e-06 0.00712039527 -0.0411352077
v -0.0015109044 0.00720140112 -0.0410195193
v 1.486361e-05 0.010274047 -0.0402355512
v -0.00105603097 0.0103320019 -0.0401527764
v 1.486361e-05 0.010274047 -0.0402355512
v 0.00109745376 0.0103230255 -0.0401655961
v 3.98635848e-06 0.00712039527 -0.0411352077
v 0.00152710197 0.00719046637 -0.0410351357
v -1.39296053e-05 0.00302446721 -0.0410032756
v 3.98635848e-06 0.00712039527 -0.0411352077
v 0.00188170432 0.0031106226 -0.0408802328
v 0.00152710197 0.00719046637 -0.0410351357
v 0.00204457273 0.0155253289 -0.0231501788
v 0.00162060978 0.0170732041 -0.026921127
v 0.000137540701 0.0156278212 -0.0230038044
v 0.000102232691 0.0171523897 -0.0268080057
v 0.00389120565 0.0152336824 -0.0235666935
v 0.00309145916 0.0168429709 -0.027249902
v 0.00562020298 0.0147610595 -0.0242416694
v 0.00446920376 0.0164683701 -0.0277849203
v 0.00717999926 0.0141235142 -0.0251521793
v 0.00571235642 0.0159620189 -0.0285080654
v 0.00852359738 0.0133404881 -0.0262704575
v 0.00678428169 0.0153401982 -0.0293961019
v 0.00960972719 0.012435567 -0.02756282
v 0.00765208714 0.0146211063 -0.0304230562
v 0.0104075242 0.0114367854 -0.0289892292
v 0.00828960445 0.0138266846 -0.0315576253
v 0.0108915325 0.0103738098 -0.0305073171
v 0.00867663324 0.0129808348 -0.0327656413
v 0.0110444548 0.00927874683 -0.0320712305
v 0.00880289078 0.0121093033 -0.0340103023
v 0.0108615393 0.00818521589 -0.0336329559
v 0.00866073556 0.0112385689 -0.035253841
v 0.0103505608 0.00712636833 -0.0351451321
v 0.00825693086 0.0103953022 -0.0364581516
v 0.00952710118 0.00613448641 -0.0365617038
v 0.00760449376 0.0096049145 -0.0375869433
v 0.00841686223 0.00523929172 -0.0378401755
v 0.00672347518 0.00889114591 -0.0386063114
v 0.00705387117 0.00446738677 -0.038942571
v 0.00563992979 0.00827585542 -0.0394850544
v 0.00547697069 0.00384384192 -0.0398330861
v 0.00438678265 0.00777773156 -0.0401964334
v 0.00373581401 0.00338614727 -0.0404867262
v 0.00300219539 0.00741152468 -0.0407194315
v -0.00298153865 0.00743220723 -0.0406898937
v -0.00209860201 0.0104954664 -0.0399193312
v -0.00435998198 0.00780594611 -0.0401561388
v -0.00307585462 0.0107603289 -0.039541068
v -0.00560513977 0.0083106467 -0.039435351
v -0.00395822292 0.0111183605 -0.039029752
v -0.00667878147 0.00893159221 -0.0385485481
v -0.00471939053 0.0115584748 -0.0384012095
v -0.00754586188 0.00965088641 -0.0375212886
v -0.00533446763 0.0120682453 -0.0376731617
v -0.00818079896 0.0104459504 -0.0363858185
v -0.00578367198 0.0126321363 -0.0368678607
v -0.00856586453 0.011292094 -0.0351773829
v -0.00605645636 0.0132319911 -0.0360111784
v -0.00868917909 0.0121637281 -0.0339325755
v -0.00614392245 0.0138499133 -0.0351286868
v -0.00854921807 0.0130345618 -0.0326888949
v -0.00604495034 0.014467255 -0.0342470371
v -0.00814797357 0.0138782045 -0.0314840471
v -0.00576100359 0.0150654261 -0.0333927594
v -0.00749835465 0.014669278 -0.0303542599
v -0.00530013535 0.0156261309 -0.0325919763
v -0.00661727414 0.0153829682 -0.0293350199
v -0.00467469916 0.0161317375 -0.0318698946
v -0.00553205004 0.0159971617 -0.02845786
v -0.00390509586 0.016566966 -0.0312483363
v -0.00427777041 0.0164943286 -0.0277478313
v -0.00301575172 0.0169192531 -0.0307452177
v -0.00289236056 0.0168594709 -0.0272263537
v -0.00203351141 0.0171779314 -0.0303757866
v -0.00141735794 0.0170808818 -0.0269101459
v -0.000987860491 0.01733484 -0.0301516976
v 0.000102232691 0.0171523897 -0.0268080057
v 8.92949101e-05 0.0173858716 -0.0300787973
v 0.00162060978 0.0170732041 -0.026921127
v 0.00116572971 0.0173301436 -0.0301583982
v 0.000102232691 0.0171523897 -0.0268080057
v 8.92949101e-05 0.0173858716 -0.0300787973
v 0.00309145916 0.0168429709 -0.027249902
v 0.00220838073 0.0171667644 -0.0303917282
v 0.00446920376 0.0164683701 -0.0277849203
v 0.0031846927 0.0169008786 -0.0307714463
v 0.00571235642 0.0159620189 -0.0285080654
v 0.00406499859 0.0165411513 -0.0312851905
v 0.00678428169 0.0153401982 -0.0293961019
v 0.0048244046 0.0160999853 -0.0319152545
v 0.00765208714 0.0146211063 -0.0304230562
v 0.00544028264 0.0155905187 -0.0326428489
v 0.00828960445 0.0138266846 -0.0315576253
v 0.00589299202 0.0150275464 -0.0334468444
v 0.00867663324 0.0129808348 -0.0327656413
v 0.00616832729 0.0144280566 -0.0343030183
v 0.00880289078 0.0121093033 -0.0340103023
v 0.00625668513 0.013810217 -0.035185379
v 0.00866073556 0.0112385689 -0.035253841
v 0.00615601055 0.0131929705 -0.0360668862
v 0.00825693086 0.0103953022 -0.0364581516
v 0.00586864445 0.0125953218 -0.0369204177
v 0.00760449376 0.0096049145 -0.0375869433
v 0.00540530682 0.0120352251 -0.037720326
v 0.00672347518 0.00889114591 -0.0386063114
v 0.00477961032 0.0115297156 -0.0384422755
v 0.00563992979 0.00827585542 -0.0394850544
v 0.00401169294 0.0110934278 -0.039065366
v 0.00438678265 0.00777773156 -0.0401964334
v 0.00312471134 0.0107391592 -0.0395713015
v 0.00300219539 0.00741152468 -0.0407194315
v 0.00214320654 0.0104796705 -0.0399418967
v -0.00123640231 0.0127847602 -0.0386501226
v -0.00122690736 0.0128703532 -0.0386407116
v -0.00181890186 0.0129423852 -0.0384250106
v -0.0017994385 0.0130276096 -0.0384161259
v -0.00234217872 0.0131579046 -0.0381172362
v -0.00231547235 0.013239574 -0.0381134092
v -0.00279381033 0.0134214103 -0.0377409108
v -0.00275957328 0.0134996769 -0.0377419434
v -0.00315877679 0.0137258819 -0.0373060603
v -0.00311838393 0.0138000349 -0.0373129874
v -0.0034263276 0.0140620196 -0.0368260056
v -0.00338077056 0.0141316052 -0.0368394554
v -0.00358877657 0.0144196053 -0.0363153392
v -0.0035387252 0.0144842791 -0.0363357845
v -0.00363907102 0.0147879676 -0.0357892434
v -0.0035875272 0.0148473482 -0.0358172676
v -0.00358059397 0.0151559234 -0.0352637476
v -0.00352564338 0.0152097613 -0.0352996876
v -0.00340923294 0.0155121357 -0.0347550233
v -0.00335488073 0.015560449 -0.0347988531
v -0.00313390954 0.0158461697 -0.0342779728
v -0.00308078527 0.0158888186 -0.0343298924
v -0.00275997166 0.0161470939 -0.0338482081
v -0.00271136989 0.0161848828 -0.0339070685
v -0.0022994529 0.0164054789 -0.0334791958
v -0.00225781789 0.0164396332 -0.0335432469
v -0.00176825817 0.0166145693 -0.0331805834
v -0.00173411309 0.016645417 -0.0332493569
v -0.00118201785 0.0167676815 -0.0329619164
v -0.00115605944 0.0167959331 -0.0330343975
v -0.000558397034 0.0168603198 -0.0328296151
v -0.000541178568 0.0168865339 -0.0329050059
v 8.38637352e-05 0.0168892779 -0.0327882586
v 9.17947254e-05 0.0169145647 -0.0328649737
v 8.38637352e-05 0.0168892779 -0.0327882586
v 0.000725282414 0.0168555495 -0.0328364278
v 9.17947254e-05 0.0169145647 -0.0328649737
v 0.000723633741 0.0168790447 -0.0329157017
v 0.00134665961 0.0167581688 -0.032975502
v 0.00133507012 0.0167810988 -0.0330555831
v 0.00192762609 0.0165985647 -0.0332034599
v 0.00190761802 0.0166238231 -0.0332801961
v 0.00245239493 0.0163842371 -0.0335095517
v 0.00242380379 0.0164118705 -0.0335828961
v 0.00290400977 0.0161207255 -0.0338858661
v 0.00286805863 0.0161517965 -0.0339543207
v 0.00326990127 0.0158165684 -0.0343202479
v 0.00322668301 0.0158513819 -0.0343833576
v 0.00353778107 0.0154805323 -0.0348001577
v 0.00348898163 0.0155198254 -0.0348568697
v 0.0037004326 0.0151229909 -0.0353107801
v 0.00364691252 0.0151671611 -0.0353605269
v 0.00375071983 0.0147546415 -0.0358368575
v 0.00369578833 0.0148041059 -0.035879024
v 0.00368877873 0.0143868539 -0.0363620937
v 0.0036337541 0.0144417116 -0.0363965967
v 0.0035149646 0.0140310343 -0.0368702767
v 0.00346314651 0.0140909591 -0.0368975041
v 0.00323739275 0.0136975825 -0.0373464956
v 0.00318889134 0.0137625821 -0.0373664755
v 0.00286303996 0.0133967891 -0.037776054
v 0.00281944987 0.0134664763 -0.0377893589
v 0.00240588654 0.0131364005 -0.0381479473
v 0.00236571301 0.0132118167 -0.0381530507
v 0.00187758205 0.0129249152 -0.0384499603
v 0.00184206723 0.0130061766 -0.038446755
v 0.00129256246 0.0127704372 -0.0386705975
v 0.00126421801 0.0128555627 -0.0386618346
v -0.000614743505 0.0126874404 -0.0387891099
v 2.20274924e-05 0.0126507098 -0.0388415666
v -0.00225401158 0.0155544148 -0.0397972038
v -0.00172987639 0.015348975 -0.0400906026
v 2.20274924e-05 0.0126507098 -0.0388415666
v 0.000668721157 0.012678152 -0.0388023751
v 0.00129256246 0.0127704372 -0.0386705975
v 0.00187758205 0.0129249152 -0.0384499603
v 0.00240588654 0.0131364005 -0.0381479473
v 0.00286303996 0.0133967891 -0.037776054
v 0.00323739275 0.0136975825 -0.0373464956
v 0.0035149646 0.0140310343 -0.0368702767
v 0.00368877873 0.0143868539 -0.0363620937
v 0.00375071983 0.0147546415 -0.0358368575
v 0.0037004326 0.0151229909 -0.0353107801
v 0.00353778107 0.0154805323 -0.0348001577
v 0.00326990127 0.0158165684 -0.0343202479
v 0.00290400977 0.0161207255 -0.0338858661
v 0.00245239493 0.0163842371 -0.0335095517
v 0.00192762609 0.0165985647 -0.0332034599
v 0.00134665961 0.0167581688 -0.032975502
v 0.000725282414 0.0168555495 -0.0328364278
v 8.38637352e-05 0.0168892779 -0.0327882586
v 8.38637352e-05 0.0168892779 -0.0327882586
v -0.000558397034 0.0168603198 -0.0328296151
v -0.00118201785 0.0167676815 -0.0329619164
v -0.00176825817 0.0166145693 -0.0331805834
v -0.0022994529 0.0164054789 -0.0334791958
v -0.00275997166 0.0161470939 -0.0338482081
v -0.00313390954 0.0158461697 -0.0342779728
v -0.00340923294 0.0155121357 -0.0347550233
v -0.00358059397 0.0151559234 -0.0352637476
v -0.00363907102 0.0147879676 -0.0357892434
v -0.00358877657 0.0144196053 -0.0363153392
v -0.0034263276 0.0140620196 -0.0368260056
v -0.00315877679 0.0137258819 -0.0373060603
v -0.00279381033 0.0134214103 -0.0377409108
v -0.00234217872 0.0131579046 -0.0381172362
v -0.00181890186 0.0129423852 -0.0384250106
v -0.00123640231 0.0127847602 -0.0386501226
v -0.00270816311 0.0158088501 -0.0394338323
v -0.003078382 0.0161046792 -0.0390113441
v -0.00335343834 0.0164328639 -0.0385426474
v -0.00352491857 0.016783478 -0.0380419182
v -0.00358760357 0.0171458441 -0.0375244053
v -0.00353944045 0.0175089228 -0.0370058747
v -0.00338248257 0.0178617686 -0.0365019581
v -0.00312079419 0.018193527 -0.0360281576
v -0.00276271347 0.0184942319 -0.0355987191
v -0.00231900206 0.0187546856 -0.0352267394
v -0.00180319487 0.0189669886 -0.034923539
v -0.00123097294 0.0191246958 -0.0346983095
v -0.000619671075 0.0192229908 -0.0345579426
v 1.20794766e-05 0.01925904 -0.034506446
v 0.000645124877 0.0192314056 -0.0345459121
v 1.20794766e-05 0.01925904 -0.034506446
v 0.00126018526 0.0191411765 -0.0346747727
v 0.00183860294 0.0189910792 -0.034889134
v 0.0023627854 0.0187856565 -0.0351825083
v 0.00281685824 0.0185311572 -0.0355459713
v 0.00318702939 0.0182353067 -0.03596849
v 0.00346184243 0.0179070408 -0.0364373028
v 0.00363317714 0.0175564246 -0.036938035
v 0.00369584071 0.0171940628 -0.0374555418
v 0.00364771835 0.0168309712 -0.0379740907
v 0.00349042658 0.0164781841 -0.0384779234
v 0.00322878105 0.0161464065 -0.0389517513
v 0.00287050009 0.0158458252 -0.0393810263
v 0.00242678402 0.0155853997 -0.0397529528
v 0.00191112747 0.0153731063 -0.0400561395
v 0.00133918284 0.0152152313 -0.0402816086
v 0.000728096929 0.0151166454 -0.0404224039
v 9.65154177e-05 0.0150805196 -0.040473997
v -0.000536631618 0.0151085653 -0.0404339435
v -0.00115153519 0.0151989301 -0.0403048891
v -1.46251914e-05 -0.0020158789 -0.0386304166
v 0.00205120072 -0.00191945221 -0.0384927049
v 0.00406476948 -0.00161891368 -0.038063491
v 0.00595656363 -0.0011221874 -0.0373540917
v 0.00766956806 -0.000444916417 -0.0363868476
v 0.0091497805 0.000393748754 -0.0351891086
v 0.0103540039 0.00136697603 -0.0337991947
v 0.0112447068 0.00244550173 -0.032258899
v 0.0117934514 0.0035965921 -0.0306149701
v 0.0119861215 0.00478483607 -0.0289179803
v 0.0118187135 0.00597441121 -0.0272190894
v 0.0112970825 0.00712965861 -0.0255692236
v 0.0104306405 0.0082146255 -0.0240197289
v 0.00924830418 0.00919656479 -0.022617373
v 0.00778748514 0.0100463041 -0.0214038184
v 0.00609010225 0.0107364271 -0.0204182198
v 0.00420957059 0.0112470672 -0.0196889494
v 0.00220283982 0.0115623167 -0.0192387261
v 0.00220283982 0.0115623167 -0.0192387261
v 0.000137540701 0.0156278212 -0.0230038044
v 0.000131085515 0.0116730798 -0.0190805398
v 0.00818563439 -0.0572881304 -0.0330814801
v 0.00877856277 -0.0662126805 -0.0402497677
v 0.000551625504 -0.0580189038 -0.0325458526
v 0.000574800943 -0.0670559775 -0.0396606859
v -0.00712001789 -0.0576428168 -0.0328311707
v -0.00767578604 -0.0665552557 -0.0400095667
v -0.014621105 -0.0561679855 -0.0338480729
v -0.0157599449 -0.0650157293 -0.0410729377
v -0.0216738507 -0.0536716405 -0.0355987783
v -0.023352528 -0.0623170198 -0.0429594191
v -0.0280814543 -0.0502162317 -0.0380332741
v -0.0302112568 -0.0585434005 -0.0456166417
v -0.0280814543 -0.0502162317 -0.0380332741
v -0.0302112568 -0.0585434005 -0.0456166417
v -0.0336976983 -0.0459094595 -0.0410678118
v -0.0362193286 -0.05388628 -0.0488837394
v -0.038281858 -0.04084782 -0.0446028351
v -0.0411312841 -0.048439657 -0.0527015512
v -0.0417465195 -0.035227058 -0.0485423985
v -0.0449148566 -0.0424092592 -0.0569097807
v -0.043961715 -0.0292008146 -0.0527896811
v -0.0472015738 -0.0359000424 -0.061479878
v -0.0448542386 -0.0229233249 -0.0571858291
v -0.0481518544 -0.029162257 -0.0662021984
v -0.0444221869 -0.0166234526 -0.0616060765
v -0.0477063358 -0.0223836059 -0.0709406453
v -0.042656403 -0.0104807112 -0.0659304159
v -0.0457137302 -0.0157982883 -0.0755601632
v -0.0395894237 -0.00466616429 -0.069992253
v -0.042474784 -0.00953921875 -0.0799341859
v -0.0353545956 0.00060048503 -0.0736675649
v -0.0378802493 -0.00391062328 -0.0838885026
v -0.0300594326 0.00518353977 -0.0768871806
v -0.032169342 0.000989114639 -0.0873276747
v -0.0238722805 0.00895442916 -0.079533169
v -0.0255235471 0.00503743085 -0.0901607065
v -0.0169893838 0.0117898647 -0.0815197254
v -0.0181280505 0.00808457232 -0.0922902347
v -0.00959770195 0.0136001207 -0.0827873751
v -0.010188913 0.0100438338 -0.0936563025
v -0.00201638089 0.0143211796 -0.083295108
v -0.00200857874 0.0107462182 -0.0941751761
v 0.0057690856 0.013955612 -0.0830477029
v 0.00630908972 0.0103897443 -0.0938987935
v 0.0132713504 0.0124895101 -0.0820163756
v 0.0143766208 0.00882869271 -0.0928025142
v 0.0203456115 0.00998239039 -0.080272842
v 0.0219262503 0.00604713219 -0.0908667243
v 0.0267862119 0.00651263894 -0.0778149376
v 0.0288878437 0.00237190964 -0.0882803189
v 0.0267862119 0.00651263894 -0.0778149376
v 0.0288878437 0.00237190964 -0.0882803189
v 0.0323652439 0.00217873203 -0.0747779765
v 0.0348860919 -0.00229315423 -0.0850124981
v 0.0369485095 -0.00289182852 -0.0712241776
v 0.0397443771 -0.00778430572 -0.0811791967
v 0.0404499434 -0.00854710057 -0.0672904879
v 0.0434873961 -0.0138310273 -0.0769314139
v 0.0458238199 -0.0203478266 -0.0723687229
v 0.0425947569 -0.0146121705 -0.0630149045
v 0.0467981324 -0.0270865429 -0.067646169
v 0.0434854887 -0.0208845478 -0.0586062691
v 0.0463164523 -0.0338518155 -0.0629057751
v 0.0430139899 -0.0271766477 -0.0541893174
v 0.0443067141 -0.0404354086 -0.0583002711
v 0.0412187576 -0.0333184657 -0.0498919423
v 0.0410810076 -0.0466783528 -0.0539135456
v 0.0381569266 -0.0390954367 -0.0458203208
v 0.0364834219 -0.0523159616 -0.0499655877
v 0.0339120291 -0.0443485912 -0.0421495236
v 0.0286087599 -0.0489266366 -0.0389453397
v 0.0307547189 -0.0572233705 -0.0465394445
v 0.0224411581 -0.0526617951 -0.0363046196
v 0.0241493024 -0.0612975002 -0.0436783783
v 0.0155735398 -0.0554935395 -0.0343432363
v 0.0167106334 -0.0642654044 -0.0416116363
v 0.00830372795 -0.0553483218 -0.0296081619
v 0.0157414917 -0.053530865 -0.0308807582
v -0.00206546648 0.0203279487 -0.0825972275
v -0.0104332538 0.0195518526 -0.0820537995
v -0.00206258171 0.0189016171 -0.0810522937
v -0.0100675579 0.0181372074 -0.0805011906
v -0.0185604654 0.0175554848 -0.0806559284
v -0.0178633109 0.0162304466 -0.0791668544
v -0.0261508562 0.0144526354 -0.0784832911
v -0.0251322165 0.0132480641 -0.0770837396
v -0.03297529 0.0103204395 -0.075589898
v -0.0316704921 0.00928340495 -0.0743061653
v -0.0388022996 0.00527047021 -0.0720538507
v -0.0372631438 0.00443507697 -0.0709273531
v -0.0435300432 -0.000503281889 -0.0680110509
v -0.0417341217 -0.00112887631 -0.067040465
v -0.046859283 -0.00688180673 -0.0635447622
v -0.0449399538 -0.00725124182 -0.0627603625
v -0.0488201529 -0.0136378868 -0.058814084
v -0.0468243025 -0.0137386213 -0.0582326878
v -0.049328573 -0.0205733363 -0.0539578553
v -0.0473175049 -0.020392863 -0.0535809986
v -0.0483419038 -0.0274734177 -0.049126369
v -0.046367988 -0.027015985 -0.0489532689
v -0.0459229276 -0.034124467 -0.0444692568
v -0.0440539904 -0.0334062142 -0.0444972258
v -0.0421775803 -0.0403497174 -0.0401102692
v -0.0404465087 -0.0393780567 -0.0403270137
v -0.0371096805 -0.0459208919 -0.036209293
v -0.0355754085 -0.0447101765 -0.0365981323
v -0.0309465211 -0.0506995926 -0.0328632354
v -0.0296686925 -0.0492970044 -0.0333972489
v -0.0309465211 -0.0506995926 -0.0328632354
v -0.0238787066 -0.0545471814 -0.0301691262
v -0.0296686925 -0.0492970044 -0.0333972489
v -0.0228922274 -0.0529807729 -0.030833242
v -0.0160816759 -0.0572617722 -0.0282683503
v -0.0154216951 -0.0556041125 -0.0290007358
v -0.0078451205 -0.0589029148 -0.0271191878
v -0.00751101458 -0.0571671807 -0.0279212354
v 0.000608042465 -0.0592787794 -0.0268560275
v 0.000598899089 -0.0575639183 -0.0276466522
v 0.00902357046 -0.0585116772 -0.0273931078
v 0.00867219921 -0.0567788366 -0.0281837293
v 0.0171418954 -0.056534065 -0.0287778961
v 0.0164629463 -0.054876806 -0.029512052
v 0.0247347821 -0.053440996 -0.0309436851
v 0.0237394329 -0.0519113038 -0.0315894729
v 0.0302559268 -0.0479355312 -0.0343602261
v 0.031556014 -0.0493202358 -0.0338290709
v 0.0358532704 -0.0431012571 -0.0377445008
v 0.0374020748 -0.0442839674 -0.037355502
v 0.0403275676 -0.0375358993 -0.0416249868
v 0.0420431904 -0.0384751816 -0.0414228553
v 0.0435574315 -0.0314191949 -0.0459028945
v 0.0454338081 -0.0321081784 -0.0458810765
v 0.0454396047 -0.0249252329 -0.0504230495
v 0.0474025346 -0.025351229 -0.0506123407
v 0.0459500104 -0.0182744302 -0.0550810123
v 0.0479624942 -0.0184200555 -0.055465598
v 0.0449830629 -0.0116548003 -0.0597134459
v 0.0469664745 -0.0115242238 -0.0602941086
v 0.0426697135 -0.00525635352 -0.0641649287
v 0.0445769876 -0.00486206071 -0.0649590028
v 0.0390542969 0.000716637846 -0.0683355496
v 0.0407819748 0.00133925432 -0.0693011852
v 0.0341970809 0.00607084238 -0.0720641097
v 0.0357337557 0.0069258332 -0.0732129477
v 0.0295597836 0.0116919293 -0.0765502249
v 0.0282919109 0.0106384686 -0.075268752
v 0.0295597836 0.0116919293 -0.0765502249
v 0.0224807728 0.0155183386 -0.0792295041
v 0.0282919109 0.0106384686 -0.075268752
v 0.0214916598 0.0142947911 -0.0778227411
v 0.0147012705 0.0182801877 -0.0811633478
v 0.0140343094 0.0169391268 -0.0796612401
v 0.0064535141 0.0199169864 -0.0823094687
v 0.00612802012 0.0184965431 -0.0807505398
v -0.00206546648 0.0168763984 -0.0801804273
v 0.00578292366 0.0164616536 -0.0798899973
v -0.0341438092 -0.0585931017 -0.0373913083
v -0.0263926126 -0.0628588424 -0.0343168621
v -0.0315712914 -0.0519124056 -0.0332691591
v -0.0243721567 -0.0558406541 -0.0304851365
v -0.040917892 -0.0533085378 -0.0411172105
v -0.0341438092 -0.0585931017 -0.0373913083
v -0.0378512964 -0.0470370178 -0.0366937459
v -0.0315712914 -0.0519124056 -0.0332691591
v -0.0465608574 -0.0471414445 -0.0453471635
v -0.043031577 -0.0413490329 -0.0406596097
v -0.0506352969 -0.0402725569 -0.050209798
v -0.0468524173 -0.0349943928 -0.0451059589
v -0.053245239 -0.0329529676 -0.0553916552
v -0.0492994674 -0.0282186144 -0.0498796993
v -0.0542384312 -0.0253538149 -0.0607485452
v -0.0502845384 -0.021187437 -0.054819652
v -0.0537683479 -0.0176638489 -0.0660491449
v -0.0497616567 -0.0141226084 -0.0597800477
v -0.051647298 -0.0102094392 -0.0712285466
v -0.0477587506 -0.0072423542 -0.0646071057
v -0.0477296039 -0.00336047815 -0.0762105134
v -0.0443266667 -0.000771008701 -0.0691702859
v -0.0427079014 0.00318074662 -0.0806146009
v -0.0395399071 0.00514428061 -0.0732810117
v -0.0361896902 0.00864285361 -0.0845342095
v -0.0335911177 0.0102884233 -0.0768843278
v -0.0286569204 0.0131629987 -0.0877257426
v -0.0266344249 0.0145001142 -0.07983292
v -0.0203162376 0.0166404268 -0.0901049164
v -0.0188980475 0.0176641973 -0.0820473604
v -0.0113691809 0.0189404869 -0.0916262628
v -0.0106151197 0.019728065 -0.0834649269
v -0.00208634976 0.0196842042 -0.092236846
v -0.00207247608 0.0204982544 -0.0840223372
v 0.0072794864 0.0191360442 -0.0919044826
v 0.00660848618 0.0200593416 -0.083728837
v 0.016371632 0.0173422876 -0.0906321824
v 0.0150179099 0.0183997975 -0.0825567073
v 0.0249525066 0.0144415974 -0.0883650343
v 0.0229465477 0.0155915658 -0.0805677293
v 0.0326968394 0.0100564589 -0.085532403
v 0.030162314 0.0116823704 -0.0778484145
v 0.0395554341 0.00487256059 -0.0818133737
v 0.0326968394 0.0100564589 -0.085532403
v 0.0364602283 0.00682552673 -0.0744433339
v 0.030162314 0.0116823704 -0.0778484145
v 0.0451325588 -0.00128165164 -0.0774855228
v 0.0416167453 0.0011390203 -0.0704456252
v 0.0491987988 -0.00822073763 -0.0727495778
v 0.0454598591 -0.00520929557 -0.066032155
v 0.0518738553 -0.0155132618 -0.0675833156
v 0.0479074083 -0.0119869894 -0.061267042
v 0.0530154407 -0.023076251 -0.0622029958
v 0.0489408113 -0.0190044466 -0.0563223072
v 0.0523305126 -0.0307676757 -0.0569037941
v 0.0483694449 -0.02607611 -0.0513690453
v 0.0501449555 -0.0382146532 -0.0516853561
v 0.0463561602 -0.0329679613 -0.0465457912
v 0.0463561602 -0.0329679613 -0.0465457912
v 0.0429128259 -0.0394574751 -0.0419799445
v 0.0413359068 -0.0516183509 -0.0421912093
v 0.0464956276 -0.0452136073 -0.0466761384
v 0.0381657034 -0.0453847965 -0.03783886
v 0.0429128259 -0.0394574751 -0.0419799445
v 0.0347996503 -0.0571670726 -0.0384060776
v 0.0322004519 -0.0505200438 -0.0342321812
v 0.0272600166 -0.0617006649 -0.0352539351
v 0.0252426341 -0.0547222212 -0.0312822418
v 0.0189252272 -0.0651353244 -0.0327788268
v 0.0175017156 -0.0578808865 -0.0290537089
v 0.0099623967 -0.06733583 -0.0311801788
v 0.00921006221 -0.0599005353 -0.0276540663
v 0.000646792643 -0.0681409597 -0.0306927506
v 0.000620046863 -0.0606804624 -0.0270669306
v -0.00869881641 -0.0677118766 -0.0309679577
v -0.00800713059 -0.0602907369 -0.027401009
v -0.0177851096 -0.0658707573 -0.0322841725
v -0.016416911 -0.0586139459 -0.0285430258
v -0.0276908297 -0.0682088613 -0.0380237117
v -0.0187104605 -0.0714206481 -0.0357691563
v 0.0198926926 -0.0707061742 -0.0361845389
v 0.0286527053 -0.067092369 -0.038789143
v 0.0104528805 -0.0729970304 -0.0345753897
v 0.000656791904 -0.0738388072 -0.0340541058
v -0.00917467102 -0.07338361 -0.0343222127
v -0.035893783 -0.0637602043 -0.0411129346
v -0.0430606082 -0.0582073097 -0.0449616731
v -0.035893783 -0.0637602043 -0.0411129346
v -0.0488585643 -0.0517109442 -0.0495556429
v -0.0531421639 -0.0444958972 -0.0546502372
v -0.05603569 -0.0367692932 -0.0599695603
v -0.0569580458 -0.0288012942 -0.0656701621
v -0.0564508028 -0.0207230582 -0.0712528363
v -0.0541952513 -0.0129356328 -0.0766934047
v -0.050085105 -0.00571387751 -0.0818932831
v -0.0447594076 0.0010912 -0.0865543039
v -0.0379698947 0.0069204216 -0.09064458
v -0.0300723072 0.0117199722 -0.0939936174
v -0.0212719142 0.0152980837 -0.0964989457
v -0.0118445875 0.017585494 -0.0980977598
v -0.00208614813 0.0185421381 -0.0987318
v 0.00775728701 0.0179893429 -0.0983685681
v 0.0172947124 0.0160333815 -0.0970348989
v 0.0261653885 0.0130181578 -0.0947340861
v 0.0344608687 0.00833758273 -0.0916530945
v 0.0278207008 0.010112044 -0.103235724
v 0.0364443585 0.00541379404 -0.0999460307
v 0.0183462519 0.0135344517 -0.105632119
v 0.041570548 0.00277711491 -0.087764645
v 0.0344608687 0.00833758273 -0.0916530945
v 0.04740116 -0.00370353336 -0.0832259119
v 0.0518527217 -0.0108268977 -0.0781730759
v 0.0545767583 -0.0185482759 -0.0727815465
v 0.0556250364 -0.0265596949 -0.0672024453
v 0.0550663732 -0.0345842156 -0.0615336481
v 0.0527647771 -0.0424122627 -0.0560408968
v 0.0488128662 -0.0497716465 -0.0508907324
v 0.0433679968 -0.0564851878 -0.0462020234
v 0.0365821458 -0.062326446 -0.0421067574
v 0.0302020442 -0.0741689212 -0.0442216446
v 0.0385480113 -0.0691340636 -0.0477470333
v 0.0483694449 -0.02607611 -0.0513690453
v 0.0489408113 -0.0190044466 -0.0563223072
v 0.0479074083 -0.0119869894 -0.061267042
v 0.0454598591 -0.00520929557 -0.066032155
v 0.0416167453 0.0011390203 -0.0704456252
v 0.0364602283 0.00682552673 -0.0744433339
v 0.030162314 0.0116823704 -0.0778484145
v 0.0229465477 0.0155915658 -0.0805677293
v 0.030162314 0.0116823704 -0.0778484145
v 0.0150179099 0.0183997975 -0.0825567073
v 0.00660848618 0.0200593416 -0.083728837
v -0.00207247608 0.0204982544 -0.0840223372
v -0.0106151197 0.019728065 -0.0834649269
v -0.0188980475 0.0176641973 -0.0820473604
v -0.0266344249 0.0145001142 -0.07983292
v -0.0335911177 0.0102884233 -0.0768843278
v -0.0395399071 0.00514428061 -0.0732810117
v -0.0443266667 -0.000771008701 -0.0691702859
v -0.0477587506 -0.0072423542 -0.0646071057
v -0.0497616567 -0.0141226084 -0.0597800477
v -0.0502845384 -0.021187437 -0.054819652
v -0.0492994674 -0.0282186144 -0.0498796993
v -0.0468524173 -0.0349943928 -0.0451059589
v -0.043031577 -0.0413490329 -0.0406596097
v -0.0378512964 -0.0470370178 -0.0366937459
v -0.0315712914 -0.0519124056 -0.0332691591
v -0.0243721567 -0.0558406541 -0.0304851365
v -0.0315712914 -0.0519124056 -0.0332691591
v -0.016416911 -0.0586139459 -0.0285430258
v -0.00800713059 -0.0602907369 -0.027401009
v 0.000620046863 -0.0606804624 -0.0270669306
v 0.00921006221 -0.0599005353 -0.0276540663
v 0.0175017156 -0.0578808865 -0.0290537089
v 0.0252426341 -0.0547222212 -0.0312822418
v 0.0322004519 -0.0505200438 -0.0342321812
v 0.0381657034 -0.0453847965 -0.03783886
v 0.0226822086 -0.0506983124 -0.0328641318
v 0.028877601 -0.0468895335 -0.035531066
v -0.0209974851 0.00873370379 -0.104757704
v -0.0202479921 0.00754728899 -0.102875122
v -0.0296385381 0.0052168201 -0.102310574
v -0.0285967253 0.00414834795 -0.100495159
v -0.0374597162 0.0005211149 -0.0990155316
v -0.0388077162 0.00191018344 -0.0999718682
v -0.0306664072 0.00676432215 -0.103370771
v -0.044212874 -0.00524005289 -0.0949998208
v -0.0458746701 -0.00406224633 -0.0957899302
v -0.0496551506 -0.0118547836 -0.0903826191
v -0.0516078174 -0.0109038453 -0.0909993936
v -0.0536114872 -0.0191676398 -0.0852922382
v -0.0557928458 -0.0184938138 -0.0856848435
v -0.0559525676 -0.0269121231 -0.0798774542
v -0.0582686998 -0.0265511698 -0.0800430252
v -0.0565943904 -0.0348946423 -0.0743088568
v -0.0589648411 -0.0348683709 -0.0742192616
v -0.0555195995 -0.0428401183 -0.0687605125
v -0.0578638054 -0.0431459971 -0.0684232085
v -0.0527653508 -0.0505045275 -0.0634032432
v -0.0549939349 -0.0511378743 -0.062827239
v -0.0484309755 -0.0576603275 -0.0583995497
v -0.0504874401 -0.0586020322 -0.0576007823
v -0.0426464453 -0.0641233376 -0.0539046556
v -0.0444688015 -0.0653513255 -0.0528748789
v -0.0355926119 -0.0696460533 -0.0500468697
v -0.0371323377 -0.071124333 -0.0488325777
v -0.0274714269 -0.0740581336 -0.0469603465
v -0.0286742207 -0.0757299999 -0.0456076569
v -0.0355926119 -0.0696460533 -0.0500468697
v -0.0371323377 -0.071124333 -0.0488325777
v -0.0185544584 -0.0772972501 -0.0447105031
v -0.019388523 -0.0791257398 -0.0432299355
v -0.00906948093 -0.0791884153 -0.0433903432
v -0.00949464738 -0.0811183725 -0.0418346798
v 0.000675472023 -0.0798108362 -0.0430025801
v 0.000679696794 -0.081731026 -0.0414056955
v 0.0103860665 -0.0788433444 -0.0436316368
v 0.0108304406 -0.0807723325 -0.0420769795
v 0.0197461694 -0.0765475113 -0.0452368672
v 0.0206052959 -0.0783702846 -0.0437589106
v 0.0284884628 -0.0729746724 -0.047734638
v 0.0297314823 -0.0746391883 -0.0463714509
v 0.0363179781 -0.0682175936 -0.0510516533
v 0.0378942862 -0.0696890408 -0.0498375796
v 0.0430225357 -0.0624157547 -0.0551025912
v 0.0448917001 -0.0636551125 -0.0540625793
v 0.0484009534 -0.0557466242 -0.0597564924
v 0.0504873246 -0.0566982996 -0.0589337895
v 0.0523179248 -0.0484135036 -0.0648771252
v 0.0545840822 -0.0490503712 -0.0642889236
v 0.0546327978 -0.0406476344 -0.0703177802
v 0.0569945909 -0.0409402196 -0.0699677097
v 0.0552334972 -0.0326553398 -0.0758955963
v 0.0576261505 -0.032601659 -0.0758064294
v 0.0541309714 -0.0246995891 -0.0814498343
v 0.056492079 -0.0243040658 -0.0816164635
v 0.0513616167 -0.0170226174 -0.0868083053
v 0.0536005758 -0.0162956816 -0.0872239914
v 0.0469145589 -0.00991078173 -0.091758867
v 0.0488764569 -0.00893419406 -0.0923785575
v 0.0410912707 -0.00348383153 -0.0962471393
v 0.0427639745 -0.00224596439 -0.0970617038
v 0.0353766233 0.0034785764 -0.101070068
v 0.0340099894 0.00201581412 -0.10007913
v 0.02689825 0.00798484418 -0.104225389
v 0.0353766233 0.0034785764 -0.101070068
v 0.0258759484 0.00637632145 -0.103127404
v 0.0340099894 0.00201581412 -0.10007913
v 0.0176690295 0.0112682036 -0.106524421
v 0.0169937126 0.00956089211 -0.105348177
v 0.00792540517 0.0132168081 -0.107888848
v 0.00758522004 0.01141137 -0.106648597
v -0.00206366531 0.0119564087 -0.107049938
v -0.00206546416 0.0137593973 -0.108268772
v 0.0163024701 0.00831930815 -0.103415695
v 0.00723571284 0.0100700483 -0.104641576
v 0.0163024701 0.00831930815 -0.103415695
v 0.00723571284 0.0100700483 -0.104641576
v 0.0248297695 0.00524414277 -0.101262442
v 0.0248297695 0.00524414277 -0.101262442
v 0.0326078795 0.00103572443 -0.0983156777
v 0.0326078795 0.00103572443 -0.0983156777
v 0.0393758379 -0.00421314222 -0.0946403838
v 0.0326078795 0.00103572443 -0.0983156777
v 0.0393758379 -0.00421314222 -0.0946403838
v 0.0326078795 0.00103572443 -0.0983156777
v 0.0448932238 -0.0103627894 -0.0903343569
v 0.0448932238 -0.0103627894 -0.0903343569
v 0.0490405634 -0.0171937842 -0.085551291
v 0.0490405634 -0.0171937842 -0.085551291
v 0.0516798012 -0.0245108789 -0.0804277635
v 0.0516798012 -0.0245108789 -0.0804277635
v 0.052755814 -0.0320953026 -0.0751170958
v 0.052755814 -0.0320953026 -0.0751170958
v 0.0521912389 -0.039711999 -0.0697838305
v 0.0521912389 -0.039711999 -0.0697838305
v 0.0499752052 -0.0471244256 -0.0645935965
v 0.0499752052 -0.0471244256 -0.0645935965
v 0.0462490842 -0.0541194544 -0.0596956273
v 0.0462490842 -0.0541194544 -0.0596956273
v 0.0410940163 -0.0604757706 -0.0552448892
v 0.0410940163 -0.0604757706 -0.0552448892
v 0.0346899219 -0.0660252591 -0.0513590978
v 0.0346899219 -0.0660252591 -0.0513590978
v 0.0272038449 -0.0705688904 -0.0481776601
v 0.0272038449 -0.0705688904 -0.0481776601
v 0.0188572109 -0.0739694198 -0.0457965396
v 0.0188572109 -0.0739694198 -0.0457965396
v 0.00992702506 -0.0761436703 -0.0442741139
v 0.00992702506 -0.0761436703 -0.0442741139
v 0.000673303613 -0.0770770509 -0.0436205541
v 0.000673303613 -0.0770770509 -0.0436205541
v -0.00862521585 -0.0764905251 -0.0440312437
v -0.00862521585 -0.0764905251 -0.0440312437
v -0.0176869575 -0.074720441 -0.0452706692
v -0.0176869575 -0.074720441 -0.0452706692
v -0.0262266528 -0.0716670548 -0.0474086721
v -0.0262266528 -0.0716670548 -0.0474086721
v -0.0340021327 -0.067459114 -0.0503551023
v -0.0340021327 -0.067459114 -0.0503551023
v -0.0407655723 -0.0622043578 -0.0540345201
v -0.0340021327 -0.067459114 -0.0503551023
v -0.0407655723 -0.0622043578 -0.0540345201
v -0.0340021327 -0.067459114 -0.0503551023
v -0.0463072211 -0.0560660914 -0.0583325781
v -0.0463072211 -0.0560660914 -0.0583325781
v -0.0504651256 -0.0492351775 -0.0631156329
v -0.0504651256 -0.0492351775 -0.0631156329
v -0.0530965403 -0.041917167 -0.0682397561
v -0.0530965403 -0.041917167 -0.0682397561
v -0.0541417673 -0.0343295533 -0.073552703
v -0.0541417673 -0.0343295533 -0.073552703
v -0.053557355 -0.0267133519 -0.0788855761
v -0.053557355 -0.0267133519 -0.0788855761
v -0.0513642095 -0.0192979552 -0.0840778899
v -0.0513642095 -0.0192979552 -0.0840778899
v -0.0476519018 -0.0122970882 -0.0889799471
v -0.0476519018 -0.0122970882 -0.0889799471
v -0.0425173938 -0.00592370524 -0.0934426808
v -0.0425173938 -0.00592370524 -0.0934426808
v -0.0360877998 -0.000396113404 -0.0973131401
v -0.0360877998 -0.000396113404 -0.0973131401
v -0.0285967253 0.00414834795 -0.100495159
v -0.0202479921 0.00754728899 -0.102875122
v -0.0217342749 0.0103816587 -0.105903656
v -0.0113106249 0.00969650439 -0.104380018
v -0.0117190359 0.0109807659 -0.10632511
v -0.0113106249 0.00969650439 -0.104380018
v -0.0123489089 0.0144288576 -0.107693645
v -0.0223051254 0.0120484393 -0.106026905
v -0.0123752784 0.015135712 -0.106753387
v -0.0223141853 0.0127486016 -0.105081915
v -0.0121203419 0.0127138651 -0.107536683
v -0.0315952115 0.00828666845 -0.103392841
v -0.0315920264 0.00899224854 -0.102451635
v -0.0399514772 0.00325765896 -0.0998715377
v -0.0399327464 0.00396122073 -0.0989289284
v -0.0471230671 -0.00289021223 -0.0955667088
v -0.0470979698 -0.00218871516 -0.0946226448
v -0.0528687276 -0.00997204381 -0.0906079597
v -0.0528503396 -0.00924627142 -0.0896808935
v -0.0570266694 -0.0177682563 -0.085148996
v -0.0570016094 -0.0169976959 -0.0842532906
v -0.0594658665 -0.0260400712 -0.0793570121
v -0.0594126098 -0.0251590299 -0.0785386662
v -0.0601213835 -0.0345356608 -0.0734083396
v -0.0600947179 -0.0336384427 -0.0726013753
v -0.0589572899 -0.0429929168 -0.0674865085
v -0.0589668639 -0.0420884239 -0.0666845836
v -0.0560238622 -0.0511270982 -0.0617908965
v -0.0560746379 -0.0502229119 -0.0609888115
v -0.0514209718 -0.0586808452 -0.0565017089
v -0.0515037514 -0.0578321243 -0.0556607865
v -0.0453341268 -0.0654913226 -0.0517329639
v -0.0453626998 -0.0646831668 -0.0508635831
v -0.0378394313 -0.0713354503 -0.0476408639
v -0.0378665552 -0.070567256 -0.0467435563
v -0.0292403605 -0.0760366118 -0.044349077
v -0.0292422287 -0.0752748918 -0.0434471815
v -0.0378394313 -0.0713354503 -0.0476408639
v -0.0378665552 -0.070567256 -0.0467435563
v -0.0197828282 -0.0794259769 -0.0419758193
v -0.0197870824 -0.0786859445 -0.041058738
v -0.00970458984 -0.0814319848 -0.0405711983
v -0.0097076986 -0.0807050131 -0.0396449718
v 0.000655072916 -0.0819882023 -0.0401817308
v 0.00065433979 -0.0812493826 -0.0392638549
v 0.0109775346 -0.0810477787 -0.0408402676
v 0.0109726526 -0.0803179721 -0.0399159806
v 0.0209403224 -0.078680772 -0.0424976171
v 0.020920543 -0.0779217631 -0.0415938779
v 0.0301737208 -0.0749390104 -0.0451176708
v 0.0302020442 -0.0741689212 -0.0442216446
v 0.0385147072 -0.0699465314 -0.0486133949
v 0.0385480113 -0.0691340636 -0.0477470333
v 0.0456625745 -0.063814295 -0.0529072306
v 0.0457121655 -0.0629767981 -0.0520583946
v 0.0514009073 -0.0568166412 -0.0578070378
v 0.0514532477 -0.0559029553 -0.0570116045
v 0.055566594 -0.049069312 -0.0632317731
v 0.0556050092 -0.0481544133 -0.0624371344
v 0.0580441654 -0.040837105 -0.0689960233
v 0.0580498092 -0.0399046393 -0.0682137397
v 0.0587550737 -0.0323473035 -0.0749406429
v 0.0586993024 -0.0314182181 -0.0741559379
v 0.0576307662 -0.0238882742 -0.0808637158
v 0.0575592034 -0.0229911404 -0.080056638
v 0.0547450632 -0.0157158035 -0.0865861837
v 0.0546681955 -0.0148797042 -0.0857363235
v 0.0501819998 -0.00808137351 -0.0919318206
v 0.0500855632 -0.00730006542 -0.0910436408
v 0.0440462492 -0.00122625294 -0.096731825
v 0.0439392477 -0.000456699536 -0.0958354145
v 0.036558073 0.00465042742 -0.100846719
v 0.0364443585 0.00541379404 -0.0999460307
v 0.036558073 0.00465042742 -0.100846719
v 0.027931327 0.00938100461 -0.104159148
v 0.0364443585 0.00541379404 -0.0999460307
v 0.0278207008 0.010112044 -0.103235724
v 0.0184262842 0.0128078585 -0.10655861
v 0.0183462519 0.0135344517 -0.105632119
v 0.00833467487 0.0148229264 -0.107969575
v 0.00828491151 0.0155253084 -0.107026131
v 0.0133354282 0.0149890086 -0.0788588634
v 0.00578292366 0.0164616536 -0.0798899973
v 0.0204513352 0.0124804315 -0.0771023171
v 0.0269576646 0.00900835784 -0.074671169
v 0.0325846076 0.0046414313 -0.0716134159
v 0.0269576646 0.00900835784 -0.074671169
v 0.0372362882 -0.00044888748 -0.0680491383
v 0.0406575389 -0.00617284848 -0.0640411799
v 0.0428864285 -0.0122677976 -0.0597734529
v 0.0438234694 -0.0185914368 -0.0553455956
v 0.0433663912 -0.0249478773 -0.0508947705
v 0.0415695943 -0.0311375788 -0.0465606972
v 0.0385111608 -0.0369848519 -0.0424663721
v 0.0342094041 -0.0422731159 -0.0387635146
v 0.000592073193 -0.0561398268 -0.0290539217
v -0.00715358229 -0.0557226744 -0.0293460376
v -0.0147175686 -0.0542612499 -0.0303693147
v -0.021842422 -0.0517388965 -0.0321354846
v -0.0283093452 -0.0482472561 -0.0345803562
v -0.0339461528 -0.0438752723 -0.0376416732
v -0.0283093452 -0.0482472561 -0.0345803562
v -0.0386099629 -0.0388043708 -0.041192332
v -0.0420749262 -0.0331133277 -0.045177241
v -0.0442815758 -0.027015965 -0.049446658
v -0.0451939777 -0.0206948289 -0.0538727854
v -0.0447202288 -0.0143421837 -0.0583209529
v -0.042921029 -0.00815436583 -0.0626537073
v -0.039844092 -0.0023082684 -0.0667471637
v -0.0356481932 0.00303136749 -0.0704860149
v -0.0303050615 0.0076533237 -0.0737223417
v -0.0240661614 0.0114441623 -0.0763767368
v -0.0171346664 0.0142987129 -0.0783754634
v -0.00968758576 0.0161114681 -0.0796448176
v 0.00828491151 0.0155253084 -0.107026131
v 0.0133354282 0.0149890086 -0.0788588634
v 0.0204513352 0.0124804315 -0.0771023171
v 0.0269576646 0.00900835784 -0.074671169
v 0.0439392477 -0.000456699536 -0.0958354145
v 0.0364443585 0.00541379404 -0.0999460307
v 0.0269576646 0.00900835784 -0.074671169
v 0.0325846076 0.0046414313 -0.0716134159
v 0.0500855632 -0.00730006542 -0.0910436408
v 0.0372362882 -0.00044888748 -0.0680491383
v 0.0546681955 -0.0148797042 -0.0857363235
v 0.0406575389 -0.00617284848 -0.0640411799
v 0.0575592034 -0.0229911404 -0.080056638
v 0.0428864285 -0.0122677976 -0.0597734529
v 0.0586993024 -0.0314182181 -0.0741559379
v 0.0438234694 -0.0185914368 -0.0553455956
v 0.0580498092 -0.0399046393 -0.0682137397
v 0.0433663912 -0.0249478773 -0.0508947705
v 0.0556050092 -0.0481544133 -0.0624371344
v 0.0415695943 -0.0311375788 -0.0465606972
v 0.0514532477 -0.0559029553 -0.0570116045
v 0.0385111608 -0.0369848519 -0.0424663721
v 0.0457121655 -0.0629767981 -0.0520583946
v 0.0342094041 -0.0422731159 -0.0387635146
v 0.028877601 -0.0468895335 -0.035531066
v 0.0226822086 -0.0506983124 -0.0328641318
v 0.020920543 -0.0779217631 -0.0415938779
v 0.0157414917 -0.053530865 -0.0308807582
v 0.0109726526 -0.0803179721 -0.0399159806
v 0.00830372795 -0.0553483218 -0.0296081619
v 0.00065433979 -0.0812493826 -0.0392638549
v 0.000592073193 -0.0561398268 -0.0290539217
v -0.0097076986 -0.0807050131 -0.0396449718
v -0.00715358229 -0.0557226744 -0.0293460376
v -0.0197870824 -0.0786859445 -0.041058738
v -0.0147175686 -0.0542612499 -0.0303693147
v -0.0292422287 -0.0752748918 -0.0434471815
v -0.021842422 -0.0517388965 -0.0321354846
v -0.0378665552 -0.070567256 -0.0467435563
v -0.0283093452 -0.0482472561 -0.0345803562
v -0.0453626998 -0.0646831668 -0.0508635831
v -0.0378665552 -0.070567256 -0.0467435563
v -0.0283093452 -0.0482472561 -0.0345803562
v -0.0339461528 -0.0438752723 -0.0376416732
v -0.0515037514 -0.0578321243 -0.0556607865
v -0.0386099629 -0.0388043708 -0.041192332
v -0.0560746379 -0.0502229119 -0.0609888115
v -0.0420749262 -0.0331133277 -0.045177241
v -0.0589668639 -0.0420884239 -0.0666845836
v -0.0442815758 -0.027015965 -0.049446658
v -0.0600947179 -0.0336384427 -0.0726013753
v -0.0451939777 -0.0206948289 -0.0538727854
v -0.0594126098 -0.0251590299 -0.0785386662
v -0.0447202288 -0.0143421837 -0.0583209529
v -0.0570016094 -0.0169976959 -0.0842532906
v -0.042921029 -0.00815436583 -0.0626537073
v -0.0528503396 -0.00924627142 -0.0896808935
v -0.039844092 -0.0023082684 -0.0667471637
v -0.0470979698 -0.00218871516 -0.0946226448
v -0.0356481932 0.00303136749 -0.0704860149
v -0.0399327464 0.00396122073 -0.0989289284
v -0.0303050615 0.0076533237 -0.0737223417
v -0.0315920264 0.00899224854 -0.102451635
v -0.0240661614 0.0114441623 -0.0763767368
v -0.0223141853 0.0127486016 -0.105081915
v -0.0171346664 0.0142987129 -0.0783754634
v -0.0123752784 0.015135712 -0.106753387
v -0.00968758576 0.0161114681 -0.0796448176
v -0.00206546648 0.0168763984 -0.0801804273
v -0.00206546416 0.0106419296 -0.105042057
v -0.00206546416 0.0106419296 -0.105042057
v -0.00206546416 0.015369208 -0.108352085
v -0.00206546648 0.0160763078 -0.107411944
v -0.00206546648 0.0160763078 -0.107411944
v 0.0125464434 0.0226615096 -0.0239054965
v 0.0124247838 0.0177121999 -0.020535237
v 0.0127930259 0.0231022618 -0.0231047282
v 0.0127144335 0.0182050072 -0.0198314342
v 0.0124484533 0.0172409226 -0.0212082917
v 0.0124849221 0.0223029546 -0.024577009
v 0.0124734109 0.0167438978 -0.0219181175
v 0.0125482744 0.0218822114 -0.0253188381
v 0.0127645582 0.0162812521 -0.022578845
v 0.0127608394 0.0214640732 -0.0260339553
v 0.0131192207 0.0158275503 -0.0232267993
v 0.0131148528 0.0210613043 -0.0267008444
v 0.01362627 0.0154352823 -0.0237870169
v 0.0135945696 0.0206853317 -0.0273013093
v 0.0142566394 0.0150939626 -0.0242744725
v 0.0141938683 0.0203500638 -0.0278115833
v 0.0149428844 0.0148026388 -0.0246905265
v 0.0148909185 0.0200652457 -0.0282172681
v 0.015753001 0.0146256609 -0.0249432775
v 0.0156633854 0.0198394216 -0.0285065772
v 0.0165669527 0.0144583374 -0.0251822407
v 0.016487103 0.0196789817 -0.0286716117
v 0.017433472 0.0144726583 -0.0251617882
v 0.0173369404 0.019588442 -0.0287080006
v 0.0182999987 0.0144869734 -0.0251413442
v 0.017433472 0.0144726583 -0.0251617882
v 0.018187141 0.019571146 -0.0286136383
v 0.0173369404 0.019588442 -0.0287080006
v 0.0191069786 0.0146534102 -0.0249036474
v 0.0190114975 0.0196275341 -0.0283914743
v 0.0198979937 0.0148568361 -0.0246131247
v 0.0197847746 0.019755787 -0.0280485367
v 0.0205809008 0.015148537 -0.0241965321
v 0.0204837602 0.0199516851 -0.0275958654
v 0.021175975 0.0155101017 -0.0236801635
v 0.0210887901 0.0202084799 -0.0270482812
v 0.0216852557 0.0159032121 -0.0231187428
v 0.0215820875 0.0205186939 -0.0264217955
v 0.0219938084 0.0163678813 -0.0224551255
v 0.0219477843 0.0208735246 -0.0257344611
v 0.0222854987 0.016834925 -0.0217881172
v 0.0221754648 0.0212621849 -0.0250070746
v 0.0222640596 0.0173319222 -0.0210783306
v 0.0222566407 0.0216733088 -0.0242611874
v 0.0222391132 0.0178289306 -0.020368528
v 0.0221906267 0.022094304 -0.0235193489
v 0.0219447892 0.0182916199 -0.0197077384
v 0.02197567 0.0225123596 -0.0228047202
v 0.0215901174 0.0187453167 -0.0190597913
v 0.0216224864 0.0229149978 -0.0221379266
v 0.0210822094 0.0191374094 -0.018499824
v 0.0211400986 0.0232900753 -0.0215394545
v 0.0204518307 0.0194787294 -0.0180123679
v 0.0205423534 0.0236260193 -0.0210277668
v 0.0197659489 0.0197705782 -0.017595564
v 0.0198453143 0.0239111212 -0.0206215599
v 0.0189558398 0.019947556 -0.0173428132
v 0.0190727804 0.0241371454 -0.0203318546
v 0.0181415174 0.0201144472 -0.0171044676
v 0.0182489958 0.0242975842 -0.0201668542
v 0.0172749888 0.0201001376 -0.0171249038
v 0.017399272 0.0243882817 -0.0201301684
v 0.0164084714 0.0200858169 -0.0171453559
v 0.0165493581 0.0244056726 -0.0202243302
v 0.0156014347 0.0199194291 -0.0173829827
v 0.0157262702 0.0243477052 -0.0204491134
v 0.014810428 0.0197159981 -0.0176735126
v 0.0149615956 0.0242113654 -0.0208051786
v 0.0141268438 0.0194246634 -0.0180895823
v 0.0142523954 0.024024719 -0.0212428835
v 0.0135317706 0.0190630935 -0.0186059583
v 0.0136483377 0.0237678492 -0.0217904967
v 0.013022976 0.0186696767 -0.0191678165
v 0.0131537812 0.0234582418 -0.0224160447
v 0.0190114975 0.0196275341 -0.0283914743
v 0.018187141 0.019571146 -0.0286136383
v 0.0188281238 0.0206437743 -0.0283759737
v 0.0180673786 0.0206025833 -0.0285582159
v 0.0173369404 0.019588442 -0.0287080006
v 0.0173334889 0.0206100699 -0.0286304826
v 0.0197847746 0.019755787 -0.0280485367
v 0.0194770228 0.0207837699 -0.0280681401
v 0.0204837602 0.0199516851 -0.0275958654
v 0.0200991631 0.0209490178 -0.0276724524
v 0.0210887901 0.0202084799 -0.0270482812
v 0.0206967723 0.0211382365 -0.0271821092
v 0.0215820875 0.0205186939 -0.0264217955
v 0.0211467557 0.0213709873 -0.0266550489
v 0.0219477843 0.0208735246 -0.0257344611
v 0.0214883033 0.0216718855 -0.0260629174
v 0.0217334367 0.0220232798 -0.0254208043
v 0.0221754648 0.0212621849 -0.0250070746
v 0.0222566407 0.0216733088 -0.0242611874
v 0.0218296237 0.022409943 -0.0247781245
v 0.0221906267 0.022094304 -0.0235193489
v 0.0217462908 0.0228299482 -0.0241018367
v 0.02197567 0.0225123596 -0.0228047202
v 0.0214869678 0.0232032163 -0.0234684279
v 0.0216224864 0.0229149978 -0.0221379266
v 0.021181697 0.0235380362 -0.0228320338
v 0.0211400986 0.0232900753 -0.0215394545
v 0.0207829662 0.0238361353 -0.0222974564
v 0.0205423534 0.0236260193 -0.0210277668
v 0.0202786438 0.024128048 -0.0217815991
v 0.0198453143 0.0239111212 -0.0206215599
v 0.0196627416 0.02437375 -0.0213752793
v 0.0190727804 0.0241371454 -0.0203318546
v 0.0190106202 0.0245645679 -0.0210863956
v 0.0182197765 0.0247224565 -0.0209400534
v 0.0182489958 0.0242975842 -0.0201668542
v 0.017399272 0.0243882817 -0.0201301684
v 0.0173876192 0.0248077791 -0.0209205133
v 0.0166158862 0.0248154553 -0.0209711996
v 0.0165493581 0.0244056726 -0.0202243302
v 0.0158114713 0.024748686 -0.0211979925
v 0.0157262702 0.0243477052 -0.0204491134
v 0.0149615956 0.0242113654 -0.0208051786
v 0.0151168341 0.0246187071 -0.0215212802
v 0.0145240016 0.0244423475 -0.0218754486
v 0.0142523954 0.024024719 -0.0212428835
v 0.0139928628 0.0241998063 -0.0224306499
v 0.0136483377 0.0237678492 -0.0217904967
v 0.0131537812 0.0234582418 -0.0224160447
v 0.0135375494 0.0239150231 -0.0229505682
v 0.0127930259 0.0231022618 -0.0231047282
v 0.0131858727 0.0235699379 -0.0235852232
v 0.0129502388 0.0231613669 -0.0243292181
v 0.0125464434 0.0226615096 -0.0239054965
v 0.0124849221 0.0223029546 -0.024577009
v 0.0129103372 0.0228203555 -0.0249726167
v 0.0125482744 0.0218822114 -0.0253188381
v 0.0129886717 0.0224572595 -0.0256323572
v 0.0127608394 0.0214640732 -0.0260339553
v 0.0132155987 0.0220880359 -0.0262791107
v 0.0131148528 0.0210613043 -0.0267008444
v 0.0135703748 0.0217617044 -0.026880072
v 0.0140195275 0.0214794783 -0.0274082891
v 0.0135945696 0.0206853317 -0.0273013093
v 0.0145426746 0.0212439348 -0.0278343419
v 0.0141938683 0.0203500638 -0.0278115833
v 0.0166084375 0.0206812701 -0.028594383
v 0.016487103 0.0196789817 -0.0286716117
v 0.0156633854 0.0198394216 -0.0285065772
v 0.0158322714 0.0208083969 -0.028451718
v 0.0148909185 0.0200652457 -0.0282172681
v 0.0151140401 0.0210143802 -0.0281784825
v 0.0173821263 0.023240956 -0.0252269117
v 0.0282768626 0.0143220367 -0.0353050033
v 0.0283766557 0.0096645822 -0.0320433706
v 0.0283896253 0.0138325349 -0.036000604
v 0.028403949 0.0091691253 -0.0327509574
v 0.0280358884 0.0101224165 -0.0313895145
v 0.0280137248 0.0147942502 -0.0346524863
v 0.0276812352 0.0105761045 -0.0307415801
v 0.0276137926 0.0152441301 -0.0340487385
v 0.0271327198 0.0109516317 -0.0302052709
v 0.0270941928 0.0156567291 -0.0335134315
v 0.0265023615 0.011292938 -0.0297178343
v 0.0264650341 0.0160180936 -0.0330655253
v 0.0257899854 0.0115605023 -0.0293357123
v 0.0257454868 0.0163163222 -0.0327198345
v 0.0249798764 0.0117374807 -0.0290829606
v 0.0249612033 0.0165469765 -0.0324799181
v 0.0241573714 0.0118759167 -0.0288852533
v 0.0241290461 0.0166971761 -0.0323623202
v 0.0232908633 0.0118615984 -0.0289057019
v 0.0232801624 0.016767117 -0.0323629485
v 0.0224243533 0.0118476445 -0.0289256302
v 0.0224367511 0.0167517719 -0.0324865144
v 0.0216284562 0.01165346 -0.0292029548
v 0.0216257088 0.0166511223 -0.0327297259
v 0.0208374597 0.0114500352 -0.029493476
v 0.0209004208 0.0164652025 -0.0330555454
v 0.0201827809 0.0111354028 -0.0299428182
v 0.0201956555 0.0161788872 -0.0335115928
v 0.0195877068 0.0107738413 -0.0304591822
v 0.0196094122 0.0158377531 -0.0340577112
v 0.019121265 0.0103652397 -0.0310427428
v 0.0191497412 0.0154604508 -0.0346861129
v 0.0188127328 0.00990056875 -0.0317063464
v 0.0188391302 0.0150423536 -0.0353214927
v 0.0185707472 0.00942879223 -0.032380114
v 0.0186561011 0.0145962844 -0.0360142203
v 0.0185956955 0.00893178299 -0.0330899178
v 0.018618755 0.0141314146 -0.0367414098
v 0.0186206624 0.00843477695 -0.0337997169
v 0.0187287331 0.0136449088 -0.0374330371
v 0.0189592931 0.00797826528 -0.0344516841
v 0.0189925563 0.0131696256 -0.0380899057
v 0.0193139445 0.00752456769 -0.0350996323
v 0.0193901062 0.012719132 -0.0386947701
v 0.0198625363 0.00714908535 -0.0356358774
v 0.0199091136 0.0123062391 -0.0392306398
v 0.0204928964 0.00680776836 -0.0361233292
v 0.0205373373 0.0119442171 -0.0396796409
v 0.0212053303 0.00654024785 -0.0365053886
v 0.0212567709 0.0116454838 -0.0400260199
v 0.0220154189 0.00636327797 -0.0367581281
v 0.0220417585 0.0114150926 -0.0402654632
v 0.022837963 0.00622488581 -0.0369557729
v 0.0228723716 0.0112636008 -0.0403851533
v 0.0237044711 0.00623920301 -0.0369353258
v 0.022837963 0.00622488581 -0.0369557729
v 0.0237221327 0.0111972521 -0.0403791545
v 0.0228723716 0.0112636008 -0.0403851533
v 0.0245709792 0.00625315056 -0.0369154066
v 0.024565544 0.0112116979 -0.0402569508
v 0.0253668595 0.00644739596 -0.0366379951
v 0.025374813 0.0113153782 -0.0400094696
v 0.026157856 0.0066508165 -0.03634748
v 0.0261194035 0.0115074429 -0.0396418024
v 0.0268124957 0.00696548304 -0.035898089
v 0.026805304 0.0117535566 -0.03920281
v 0.0274075493 0.00732705736 -0.0353817066
v 0.0273808092 0.0120780849 -0.038663553
v 0.0278739166 0.00773569758 -0.0347981071
v 0.0278401934 0.0124599436 -0.038055182
v 0.0281824488 0.00820035342 -0.0341345089
v 0.0281671509 0.0128886462 -0.037394771
v 0.0284288973 0.00867212903 -0.0334607588
v 0.028353367 0.0133506658 -0.0367030546
v 0.0195156857 0.0157253926 -0.0360141027
v 0.0193493459 0.0153215541 -0.0366166746
v 0.0188391302 0.0150423536 -0.0353214927
v 0.0186561011 0.0145962844 -0.0360142203
v 0.019294681 0.0149257447 -0.0371819628
v 0.018618755 0.0141314146 -0.0367414098
v 0.0187287331 0.0136449088 -0.0374330371
v 0.0193806253 0.014514902 -0.0377572054
v 0.0189925563 0.0131696256 -0.0380899057
v 0.0196357723 0.0141003782 -0.0383050102
v 0.0200215336 0.0136671868 -0.0388515406
v 0.0193901062 0.012719132 -0.0386947701
v 0.0199091136 0.0123062391 -0.0392306398
v 0.0204624366 0.0133319492 -0.0392703172
v 0.0209865943 0.0129686719 -0.0396887018
v 0.0205373373 0.0119442171 -0.0396796409
v 0.0216285698 0.0126703709 -0.0400204736
v 0.0212567709 0.0116454838 -0.0400260199
v 0.0222694203 0.0125127247 -0.0401944951
v 0.0220417585 0.0114150926 -0.0402654632
v 0.0228723716 0.0112636008 -0.0403851533
v 0.0230039023 0.0123868908 -0.0402962989
v 0.0237303153 0.0123359545 -0.040284786
v 0.0237221327 0.0111972521 -0.0403791545
v 0.0244233888 0.0123331956 -0.0401858737
v 0.024565544 0.0112116979 -0.0402569508
v 0.025114974 0.0124219439 -0.0399588343
v 0.025374813 0.0113153782 -0.0400094696
v 0.0261194035 0.0115074429 -0.0396418024
v 0.0257927701 0.0125271881 -0.0396694879
v 0.026805304 0.0117535566 -0.03920281
v 0.0264244266 0.0126931306 -0.0392883504
v 0.026937522 0.0129216992 -0.0388557618
v 0.0273808092 0.0120780849 -0.038663553
v 0.0278401934 0.0124599436 -0.038055182
v 0.0273899063 0.0132499464 -0.0383189291
v 0.0276612658 0.0136631368 -0.0377584347
v 0.0281671509 0.0128886462 -0.037394771
v 0.028353367 0.0133506658 -0.0367030546
v 0.0278311912 0.0141453591 -0.0371082895
v 0.0283896253 0.0138325349 -0.036000604
v 0.0278622247 0.0145786777 -0.0364817101
v 0.0282768626 0.0143220367 -0.0353050033
v 0.0277746189 0.0149554203 -0.0358691042
v 0.0280137248 0.0147942502 -0.0346524863
v 0.0275273118 0.0153422489 -0.0352570322
v 0.0276137926 0.0152441301 -0.0340487385
v 0.0272114184 0.015702552 -0.0347122254
v 0.0270941928 0.0156567291 -0.0335134315
v 0.0267551802 0.0160798441 -0.0341858723
v 0.0264650341 0.0160180936 -0.0330655253
v 0.0262596309 0.0163787153 -0.0338201689
v 0.0255561825 0.0166747363 -0.033550685
v 0.0257454868 0.0163163222 -0.0327198345
v 0.0249612033 0.0165469765 -0.0324799181
v 0.0248487666 0.0169041777 -0.0333313164
v 0.0240303986 0.0170709323 -0.0332398586
v 0.0241290461 0.0166971761 -0.0323623202
v 0.0232801624 0.016767117 -0.0323629485
v 0.0233433153 0.0171388433 -0.0332612791
v 0.0225504488 0.0171396679 -0.0334082231
v 0.0224367511 0.0167517719 -0.0324865144
v 0.0218356326 0.0170604606 -0.0336576829
v 0.0216257088 0.0166511223 -0.0327297259
v 0.0212087817 0.0169234263 -0.0339407117
v 0.0209004208 0.0164652025 -0.0330555454
v 0.0206477344 0.0167088294 -0.0343748316
v 0.0201956555 0.0161788872 -0.0335115928
v 0.0201606937 0.016437453 -0.0348448434
v 0.0196094122 0.0158377531 -0.0340577112
v 0.0197700299 0.0160942104 -0.035422427
v 0.0191497412 0.0154604508 -0.0346861129
v 0.0236112587 0.0152080605 -0.0372305878
vt 0.442732006 0.973967016
vt 0.436921 0.973967016
vt 0.43967101 0.941697001
vt 0.448451012 0.972958028
vt 0.45391801 0.971059024
vt 0.458988011 0.968240976
vt 0.46349901 0.96459502
vt 0.467231005 0.960151017
vt 0.469985008 0.955034018
vt 0.471780986 0.949513018
vt 0.472561002 0.943759978
vt 0.472425014 0.937951028
vt 0.471350014 0.932259023
vt 0.46935001 0.926805019
vt 0.46637401 0.921814978
vt 0.462556005 0.917429984
vt 0.458164006 0.913625002
vt 0.453099012 0.910772979
vt 0.447658002 0.908739984
vt 0.44194001 0.907719016
vt 0.436145008 0.907673001
vt 0.430433005 0.908644974
vt 0.424980015 0.910583019
vt 0.0529580005 0.969336987
vt 0.0533000007 0.969623983
vt 0.0516490005 0.971265018
vt 0.0525740013 0.969114006
vt 0.0521560013 0.968958974
vt 0.0517180003 0.968881011
vt 0.0512720011 0.968877017
vt 0.0508340001 0.968953013
vt 0.0504150018 0.969105005
vt 0.050028 0.969326973
vt 0.0496900007 0.969614029
vt 0.0494010001 0.969955027
vt 0.0491750017 0.97033602
vt 0.0490190014 0.970754027
vt 0.0489349999 0.971192002
vt 0.0489349999 0.971637011
vt 0.0490080006 0.972077012
vt 0.0491599999 0.972495019
vt 0.0493800007 0.972882986
vt 0.0496629998 0.973227024
vt 0.0500040017 0.973514974
vt 0.0503880009 0.973739028
vt 0.0508080013 0.97388798
vt 0.0512470007 0.973966002
vt 0.0516920015 0.973967016
vt 0.0521310009 0.973891973
vt 0.0525510013 0.973742008
vt 0.0529390015 0.973522007
vt 0.0532820001 0.973236978
vt 0.0535690002 0.972898006
vt 0.0537960008 0.97251302
vt 0.0539500006 0.972096026
vt 0.0540210009 0.971731007
vt 0.0540320016 0.971212029
vt 0.0539570004 0.970772028
vt 0.0538050011 0.970354021
vt 0.0535850003 0.969967008
vt 0.419954985 0.913513005
vt 0.415538013 0.917298019
vt 0.411870003 0.921805024
vt 0.408984005 0.926855028
vt 0.407130986 0.932370007
vt 0.406235009 0.938121021
vt 0.406282008 0.943938017
vt 0.407411009 0.949630022
vt 0.409402013 0.955093026
vt 0.412362009 0.960102022
vt 0.416168004 0.964501023
vt 0.420643985 0.968240976
vt 0.425716013 0.971058011
vt 0.43118301 0.973047018
vt 0.0225569997 0.961946011
vt 0.0218010005 0.961310029
vt 0.0243439991 0.960030973
vt 0.0232289992 0.959101021
vt 0.0219810009 0.95837301
vt 0.0209500007 0.960811019
vt 0.0206250008 0.957879007
vt 0.0200210009 0.960470021
vt 0.0192070007 0.957637012
vt 0.0190450009 0.960303009
vt 0.0177720003 0.957616985
vt 0.0180539992 0.960286021
vt 0.0163550004 0.957854986
vt 0.0170750003 0.96045202
vt 0.0149940001 0.958319008
vt 0.0161320008 0.960771024
vt 0.0137290005 0.958998024
vt 0.0152519997 0.961241007
vt 0.0126090003 0.959896028
vt 0.0144769996 0.961865008
vt 0.0116490005 0.960964024
vt 0.0138100004 0.962603986
vt 0.0108829997 0.962181985
vt 0.0132830003 0.963446975
vt 0.0103420001 0.96351701
vt 0.0129079996 0.964370012
vt 0.0100490004 0.964923024
vt 0.0127090001 0.965336025
vt 0.00999899954 0.966364026
vt 0.0126759997 0.966323018
vt 0.0102040004 0.967795014
vt 0.0128180003 0.967297971
vt 0.0106530003 0.969178021
vt 0.0131209996 0.968231022
vt 0.0113540003 0.970465004
vt 0.0135890003 0.969080985
vt 0.0122950003 0.971611023
vt 0.0142080002 0.969825029
vt 0.0134469997 0.97252202
vt 0.0149830002 0.970426977
vt 0.014711 0.973240972
vt 0.0158450007 0.970916986
vt 0.212015003 0.909794986
vt 0.214413002 0.909255028
vt 0.21728 0.91890502
vt 0.207967997 0.912768006
vt 0.209992006 0.910908997
vt 0.205991 0.91702503
vt 0.206889004 0.914692998
vt 0.206038997 0.921320975
vt 0.205797002 0.91891098
vt 0.206992999 0.924794972
vt 0.206421003 0.92324698
vt 0.209294006 0.927779019
vt 0.207987994 0.926322997
vt 0.213094994 0.929664016
vt 0.210971996 0.928792
vt 0.216781005 0.930149019
vt 0.214987993 0.930019975
vt 0.219857007 0.929977
vt 0.218151003 0.930154026
vt 0.223240003 0.929068029
vt 0.221698001 0.929614007
vt 0.226251006 0.927079976
vt 0.224802002 0.928263009
vt 0.228278995 0.923631012
vt 0.227235004 0.925693989
vt 0.228319004 0.916912973
vt 0.228860006 0.919874012
vt 0.219927996 0.909371972
vt 0.222183004 0.909929991
vt 0.0650020018 0.968952
vt 0.0654039979 0.96895802
vt 0.0652059987 0.971288025
vt 0.0645660013 0.969024003
vt 0.0641489998 0.969169974
vt 0.0637639984 0.969385028
vt 0.0634239987 0.969667017
vt 0.0631370023 0.970000982
vt 0.0629130006 0.970381975
vt 0.0627660006 0.970772028
vt 0.0626799986 0.971230984
vt 0.0626790002 0.971673012
vt 0.0627560019 0.972108006
vt 0.0629049987 0.97252202
vt 0.0631270036 0.972904027
vt 0.0634120032 0.973241985
vt 0.0637490004 0.973526001
vt 0.0641340017 0.973743021
vt 0.0645480007 0.973894
vt 0.0649840012 0.973967016
vt 0.0654250011 0.973966002
vt 0.065857999 0.973882973
vt 0.066271998 0.973729014
vt 0.0666510016 0.973504007
vt 0.066986002 0.973213971
vt 0.0672629997 0.972873986
vt 0.0674870014 0.972495019
vt 0.0676430017 0.972082019
vt 0.0677179992 0.971647024
vt 0.0677170008 0.971207023
vt 0.0676380023 0.970772028
vt 0.0674839988 0.970359027
vt 0.0672589988 0.969977975
vt 0.0669720024 0.96964401
vt 0.0666299984 0.969362974
vt 0.0662439987 0.96914798
vt 0.0658250004 0.969008982
vt 0.0160729997 0.973728001
vt 0.0167779997 0.971251011
vt 0.145769 0.984305978
vt 0.146175995 0.983820975
vt 0.148796007 0.986136019
vt 0.145456001 0.984857023
vt 0.145244002 0.985432029
vt 0.145132005 0.986077011
vt 0.145134002 0.986710012
vt 0.145245999 0.987331986
vt 0.145465001 0.98792702
vt 0.145784006 0.988474011
vt 0.146191999 0.988955975
vt 0.146678001 0.989363015
vt 0.147229001 0.989677012
vt 0.147823006 0.989893019
vt 0.148448005 0.99000001
vt 0.149081007 0.99000001
vt 0.149702996 0.989888012
vt 0.150297001 0.989669025
vt 0.150845006 0.989350021
vt 0.151326999 0.988942027
vt 0.151733994 0.988457024
vt 0.152045995 0.987905979
vt 0.152263001 0.987312019
vt 0.152370006 0.986688018
vt 0.152370006 0.98605603
vt 0.152255997 0.985432029
vt 0.152041003 0.984838009
vt 0.151722997 0.984287977
vt 0.151315004 0.983805001
vt 0.150829002 0.98339802
vt 0.150278002 0.983084977
vt 0.149682 0.982869029
vt 0.149057999 0.982764006
vt 0.148424998 0.982765019
vt 0.147801995 0.982878029
vt 0.147209004 0.983096004
vt 0.14666 0.983412027
vt 0.188494995 0.921118021
vt 0.189209998 0.920871019
vt 0.190295994 0.924287021
vt 0.187933996 0.921437025
vt 0.187438995 0.921853006
vt 0.187022001 0.922344983
vt 0.186699003 0.922904015
vt 0.186476007 0.923509002
vt 0.186361 0.92414403
vt 0.186359003 0.924789011
vt 0.186468005 0.92542398
vt 0.186685994 0.92602998
vt 0.187005997 0.926593006
vt 0.187423006 0.927087009
vt 0.187915996 0.927501023
vt 0.188475996 0.92782402
vt 0.189081997 0.928044975
vt 0.189716995 0.928160012
vt 0.190364003 0.928160012
vt 0.190999001 0.928049982
vt 0.191605002 0.927829981
vt 0.192166001 0.927510977
vt 0.192662001 0.927097023
vt 0.193078995 0.926603973
vt 0.193404004 0.926047027
vt 0.193627998 0.925441027
vt 0.193742007 0.924803972
vt 0.193743005 0.924157977
vt 0.193633005 0.923524022
vt 0.193409994 0.922917008
vt 0.193092003 0.922357023
vt 0.192674994 0.921863973
vt 0.192182004 0.921449006
vt 0.191624001 0.921126008
vt 0.191018 0.920903027
vt 0.190383002 0.920789003
vt 0.189738005 0.920786977
vt 0.239245996 0.929387987
vt 0.239172995 0.927685022
vt 0.245765001 0.927020013
vt 0.239254996 0.93117702
vt 0.239429995 0.932838023
vt 0.239951998 0.934194028
vt 0.240880996 0.935464025
vt 0.242008001 0.936518013
vt 0.243198007 0.937089026
vt 0.244553998 0.93731302
vt 0.246022001 0.937321007
vt 0.247480005 0.937044024
vt 0.248964995 0.936671972
vt 0.250149012 0.935644984
vt 0.251222014 0.934185028
vt 0.251821011 0.932923973
vt 0.252231985 0.931518018
vt 0.252411008 0.930067003
vt 0.252514005 0.928224027
vt 0.252393007 0.926900983
vt 0.252328008 0.925450027
vt 0.252691001 0.923865974
vt 0.252485007 0.922217011
vt 0.251823008 0.920737982
vt 0.250405014 0.919368029
vt 0.248964995 0.918645024
vt 0.247121006 0.917957008
vt 0.245655 0.917887986
vt 0.244286001 0.918066025
vt 0.243011996 0.918493986
vt 0.241806 0.919250011
vt 0.240382001 0.920372009
vt 0.239417002 0.921931982
vt 0.239038005 0.92346102
vt 0.23906 0.925054014
vt 0.239133999 0.926468015
vt 0.0174969994 0.973963976
vt 0.0177590009 0.971413016
vt 0.568708003 0.935029984
vt 0.568708003 0.926558971
vt 0.571506977 0.935029984
vt 0.571506977 0.926558971
vt 0.565904975 0.926558971
vt 0.565904975 0.935029984
vt 0.56310302 0.926558971
vt 0.56310302 0.935029984
vt 0.560298979 0.926558971
vt 0.560298979 0.935029984
vt 0.557496011 0.926558971
vt 0.557496011 0.935029984
vt 0.554691017 0.926558971
vt 0.554691017 0.935029984
vt 0.551886022 0.926558971
vt 0.551886022 0.935029984
vt 0.549081028 0.926558971
vt 0.549081028 0.935029984
vt 0.546276987 0.926558971
vt 0.546276987 0.935029984
vt 0.543474019 0.926558971
vt 0.543474019 0.935029984
vt 0.540672004 0.926558971
vt 0.540672004 0.935029984
vt 0.537871003 0.926558971
vt 0.537871003 0.935029984
vt 0.535070002 0.926558971
vt 0.535070002 0.935029984
vt 0.532266021 0.926558971
vt 0.532266021 0.935029984
vt 0.52946502 0.926558971
vt 0.52946502 0.935029984
vt 0.526660025 0.926558971
vt 0.526660025 0.935029984
vt 0.523855984 0.926558971
vt 0.523855984 0.935029984
vt 0.521053016 0.926558971
vt 0.521053016 0.935029984
vt 0.518248022 0.926558971
vt 0.518248022 0.935029984
vt 0.515443027 0.926558971
vt 0.515443027 0.935029984
vt 0.51264298 0.935029984
vt 0.51264298 0.926558971
vt 0.509841025 0.926558971
vt 0.509841025 0.935029984
vt 0.507040024 0.935029984
vt 0.507040024 0.926558971
vt 0.504239023 0.935029984
vt 0.504239023 0.926558971
vt 0.501437008 0.935029984
vt 0.501437008 0.926558971
vt 0.498634011 0.935029984
vt 0.498634011 0.926558971
vt 0.495831013 0.935029984
vt 0.495831013 0.926558971
vt 0.493028015 0.935029984
vt 0.493028015 0.926558971
vt 0.490224004 0.935029984
vt 0.490224004 0.926558971
vt 0.487044007 0.935029984
vt 0.487044007 0.926558971
vt 0.490978986 0.0491250157
vt 0.498643011 0.0491250157
vt 0.490978986 0.0519570112
vt 0.498643011 0.0519570112
vt 0.490978986 0.0463789701
vt 0.498643011 0.0463789701
vt 0.490978986 0.0436320305
vt 0.498643011 0.0436320305
vt 0.490978986 0.139810979
vt 0.498643011 0.139810979
vt 0.490978986 0.142558992
vt 0.498643011 0.142558992
vt 0.490978986 0.137066007
vt 0.498643011 0.137066007
vt 0.490978986 0.134320974
vt 0.498643011 0.134320974
vt 0.490978986 0.131573021
vt 0.498643011 0.131573021
vt 0.490978986 0.128823996
vt 0.498643011 0.128823996
vt 0.490978986 0.126075983
vt 0.498643011 0.126075983
vt 0.498643011 0.123327017
vt 0.490978986 0.123327017
vt 0.498643011 0.120576978
vt 0.490978986 0.120576978
vt 0.498643011 0.117826998
vt 0.490978986 0.117826998
vt 0.498643011 0.115078986
vt 0.490978986 0.115078986
vt 0.498643011 0.112331986
vt 0.490978986 0.112331986
vt 0.498643011 0.109584987
vt 0.490978986 0.109584987
vt 0.498643011 0.106836021
vt 0.490978986 0.106836021
vt 0.498643011 0.104089022
vt 0.490978986 0.104089022
vt 0.498643011 0.101342976
vt 0.490978986 0.101342976
vt 0.498643011 0.0985980034
vt 0.490978986 0.0985980034
vt 0.498643011 0.0958499908
vt 0.490978986 0.0958499908
vt 0.498643011 0.0931019783
vt 0.490978986 0.0931019783
vt 0.498643011 0.0903589725
vt 0.490978986 0.0903589725
vt 0.498643011 0.0876089931
vt 0.490978986 0.0876089931
vt 0.498643011 0.0848590136
vt 0.490978986 0.0848590136
vt 0.498643011 0.0793629885
vt 0.498643011 0.082111001
vt 0.490978986 0.0793629885
vt 0.490978986 0.082111001
vt 0.498643011 0.0766140223
vt 0.490978986 0.0766140223
vt 0.498643011 0.073867023
vt 0.490978986 0.073867023
vt 0.498643011 0.0711209774
vt 0.490978986 0.0711209774
vt 0.498643011 0.0683739781
vt 0.490978986 0.0683739781
vt 0.498643011 0.0656269789
vt 0.490978986 0.0656269789
vt 0.498643011 0.0628799796
vt 0.490978986 0.0628799796
vt 0.498643011 0.0601919889
vt 0.490978986 0.0601919889
vt 0.498643011 0.0575090051
vt 0.490978986 0.0575090051
vt 0.490978986 0.0547789931
vt 0.498643011 0.0547789931
vt 0.160132006 0.704096019
vt 0.164424002 0.704096019
vt 0.160132006 0.708283007
vt 0.164424002 0.708283007
vt 0.155846998 0.704096019
vt 0.155846998 0.708283007
vt 0.151556998 0.704096019
vt 0.151556998 0.708283007
vt 0.147268996 0.704096019
vt 0.147268996 0.708283007
vt 0.142976001 0.704096019
vt 0.142976001 0.708283007
vt 0.138680995 0.704096019
vt 0.138680995 0.708283007
vt 0.134388998 0.704096019
vt 0.134388998 0.708283007
vt 0.130097002 0.704096019
vt 0.130097002 0.708283007
vt 0.125805005 0.704096019
vt 0.125805005 0.708283007
vt 0.121509999 0.704096019
vt 0.121509999 0.708283007
vt 0.117215998 0.704096019
vt 0.117215998 0.708283007
vt 0.112937003 0.704096019
vt 0.112937003 0.708283007
vt 0.108649999 0.704096019
vt 0.108649999 0.708283007
vt 0.104369 0.704096019
vt 0.104369 0.708283007
vt 0.100079 0.704096019
vt 0.100079 0.708283007
vt 0.0957939997 0.704096019
vt 0.0957939997 0.708283007
vt 0.0915040001 0.708283007
vt 0.0915040001 0.704096019
vt 0.0872170031 0.704096019
vt 0.0872170031 0.708283007
vt 0.0829290003 0.704096019
vt 0.0829290003 0.708283007
vt 0.0786430016 0.704096019
vt 0.0786430016 0.708283007
vt 0.074357003 0.704096019
vt 0.074357003 0.708283007
vt 0.0700739995 0.704096019
vt 0.0700739995 0.708283007
vt 0.0657820031 0.704096019
vt 0.0657820031 0.708283007
vt 0.0614910014 0.704096019
vt 0.0614910014 0.708283007
vt 0.0572020002 0.704096019
vt 0.0572020002 0.708283007
vt 0.0529100001 0.704096019
vt 0.0529100001 0.708283007
vt 0.048618 0.704096019
vt 0.048618 0.708283007
vt 0.0443280004 0.704096019
vt 0.0443280004 0.708283007
vt 0.0400430001 0.704096019
vt 0.0400430001 0.708283007
vt 0.0357620008 0.704096019
vt 0.0357620008 0.708283007
vt 0.0314700007 0.704096019
vt 0.0314700007 0.708283007
vt 0.0271780007 0.704096019
vt 0.0271780007 0.708283007
vt 0.0229390003 0.704096019
vt 0.0229390003 0.708283007
vt 0.018592 0.704096019
vt 0.018592 0.708283007
vt 0.0143330004 0.708283007
vt 0.0143330004 0.704096019
vt 0.00999899954 0.708283007
vt 0.00999899954 0.704096019
vt 0.574310005 0.935029984
vt 0.574310005 0.926558971
vt 0.577111006 0.935029984
vt 0.577111006 0.926558971
vt 0.57991302 0.935029984
vt 0.57991302 0.926558971
vt 0.582714975 0.935029984
vt 0.582714975 0.926558971
vt 0.481817007 0.935029984
vt 0.481817007 0.926558971
vt 0.484620005 0.935029984
vt 0.484620005 0.926558971
vt 0.516174018 0.44651103
vt 0.523162007 0.44651103
vt 0.516174018 0.448750973
vt 0.523162007 0.448750973
vt 0.523162007 0.464531004
vt 0.516174018 0.464531004
vt 0.523162007 0.462556005
vt 0.516174018 0.462556005
vt 0.523162007 0.466506004
vt 0.516174018 0.466506004
vt 0.523162007 0.468481004
vt 0.516174018 0.468481004
vt 0.523162007 0.470458984
vt 0.516174018 0.470458984
vt 0.523162007 0.472436011
vt 0.516174018 0.472436011
vt 0.523162007 0.474408984
vt 0.516174018 0.474408984
vt 0.523162007 0.476384044
vt 0.516174018 0.476384044
vt 0.523162007 0.478356004
vt 0.516174018 0.478356004
vt 0.523162007 0.480331004
vt 0.516174018 0.480331004
vt 0.523162007 0.482303977
vt 0.516174018 0.482303977
vt 0.523162007 0.484279037
vt 0.516174018 0.484279037
vt 0.523162007 0.486253977
vt 0.516174018 0.486253977
vt 0.523162007 0.488231003
vt 0.516174018 0.488231003
vt 0.523162007 0.490206003
vt 0.516174018 0.490206003
vt 0.523162007 0.492184043
vt 0.516174018 0.492184043
vt 0.523162007 0.494158983
vt 0.516174018 0.494158983
vt 0.523162007 0.49613601
vt 0.516174018 0.49613601
vt 0.523162007 0.498113036
vt 0.516174018 0.498113036
vt 0.523162007 0.500087023
vt 0.516174018 0.500087023
vt 0.523162007 0.502062023
vt 0.516174018 0.502062023
vt 0.523162007 0.504037976
vt 0.516174018 0.504037976
vt 0.516174018 0.450724006
vt 0.523162007 0.450724006
vt 0.516174018 0.452699006
vt 0.523162007 0.452699006
vt 0.516174018 0.454663038
vt 0.523162007 0.454663038
vt 0.516174018 0.456634045
vt 0.523162007 0.456634045
vt 0.516174018 0.458608985
vt 0.523162007 0.458608985
vt 0.516174018 0.460582972
vt 0.523162007 0.460582972
vt 0.516174018 0.506012976
vt 0.523162007 0.506012976
vt 0.516174018 0.507990003
vt 0.523162007 0.507990003
vt 0.516174018 0.509962976
vt 0.523162007 0.509962976
vt 0.516174018 0.511940002
vt 0.523162007 0.511940002
vt 0.516174018 0.513916016
vt 0.523162007 0.513916016
vt 0.516174018 0.515891016
vt 0.523162007 0.515891016
vt 0.516174018 0.44480598
vt 0.523162007 0.44480598
vt 0.0272959992 0.99000001
vt 0.0253829993 0.99000001
vt 0.0272959992 0.982644975
vt 0.0253829993 0.982644975
vt 0.0293220002 0.982644975
vt 0.0293220002 0.99000001
vt 0.0332540013 0.982644975
vt 0.0332540013 0.99000001
vt 0.0312880017 0.982644975
vt 0.0312880017 0.99000001
vt 0.0352820009 0.982644975
vt 0.0352820009 0.99000001
vt 0.0371930003 0.982644975
vt 0.0371930003 0.99000001
vt 0.0391580015 0.982644975
vt 0.0391580015 0.99000001
vt 0.0411240011 0.982644975
vt 0.0411240011 0.99000001
vt 0.0430900007 0.982644975
vt 0.0430900007 0.99000001
vt 0.0450539999 0.982644975
vt 0.0450539999 0.99000001
vt 0.0470170006 0.982644975
vt 0.0470170006 0.99000001
vt 0.0489830002 0.982644975
vt 0.0489830002 0.99000001
vt 0.0509510003 0.982644975
vt 0.0509510003 0.99000001
vt 0.0529169999 0.982644975
vt 0.0529169999 0.99000001
vt 0.0548840016 0.982644975
vt 0.0548840016 0.99000001
vt 0.0568500012 0.982644975
vt 0.0568500012 0.99000001
vt 0.0588110015 0.982644975
vt 0.0588110015 0.99000001
vt 0.0607750006 0.982644975
vt 0.0607750006 0.99000001
vt 0.0627389997 0.982644975
vt 0.0627389997 0.99000001
vt 0.0647049993 0.982644975
vt 0.0647049993 0.99000001
vt 0.0666709989 0.982644975
vt 0.0666709989 0.99000001
vt 0.0686360002 0.982644975
vt 0.0686360002 0.99000001
vt 0.0706019998 0.982644975
vt 0.0706019998 0.99000001
vt 0.0725700036 0.982644975
vt 0.0725700036 0.99000001
vt 0.0745370016 0.982644975
vt 0.0745370016 0.99000001
vt 0.0765030012 0.982644975
vt 0.0765030012 0.99000001
vt 0.0784690008 0.982644975
vt 0.0784690008 0.99000001
vt 0.0804350004 0.982644975
vt 0.0804350004 0.99000001
vt 0.0823649988 0.982644975
vt 0.0823649988 0.99000001
vt 0.0842510015 0.982644975
vt 0.0842510015 0.99000001
vt 0.0862170011 0.982644975
vt 0.0862170011 0.99000001
vt 0.0881830007 0.982644975
vt 0.0881830007 0.99000001
vt 0.0901480019 0.982644975
vt 0.0901480019 0.99000001
vt 0.0921130031 0.982644975
vt 0.0921130031 0.99000001
vt 0.0214520004 0.982644975
vt 0.0234169997 0.982644975
vt 0.0214520004 0.99000001
vt 0.0234169997 0.99000001
vt 0.703499973 0.894266009
vt 0.702817976 0.892652988
vt 0.707333028 0.893247008
vt 0.707122028 0.891366005
vt 0.711350024 0.891053975
vt 0.711250007 0.892854989
vt 0.715139985 0.893139005
vt 0.715469003 0.891236007
vt 0.718876004 0.894210994
vt 0.719531 0.892557025
vt 0.722344995 0.895999014
vt 0.723122001 0.894542992
vt 0.726719022 0.896753013
vt 0.725537002 0.898279011
vt 0.729646981 0.899868011
vt 0.728205025 0.901169002
vt 0.730346978 0.904498994
vt 0.731885016 0.903494
vt 0.733676016 0.907517016
vt 0.731908977 0.908165991
vt 0.734700978 0.911763012
vt 0.732793987 0.912083983
vt 0.735092998 0.91612798
vt 0.73309499 0.916113973
vt 0.734975994 0.920369983
vt 0.732789993 0.920145988
vt 0.733995974 0.924688995
vt 0.731823027 0.924067974
vt 0.730184972 0.927763999
vt 0.732163012 0.928557992
vt 0.728016973 0.931155026
vt 0.73001498 0.932143986
vt 0.725327015 0.933982015
vt 0.726879001 0.935293972
vt 0.723405004 0.938180029
vt 0.722145975 0.936542988
vt 0.719542027 0.940038025
vt 0.718675971 0.938324988
vt 0.715143979 0.94116801
vt 0.714837015 0.939466
vt 0.710937977 0.939917982
vt 0.710924983 0.941587985
vt 0.707059026 0.939633012
vt 0.706848025 0.941390991
vt 0.702556014 0.940186977
vt 0.703292012 0.938665986
vt 0.698876977 0.938390017
vt 0.699783027 0.936971009
vt 0.696637988 0.934647024
vt 0.695545018 0.935926974
vt 0.692407012 0.932792008
vt 0.693944991 0.931793988
vt 0.691772997 0.928507984
vt 0.690104008 0.929310024
vt 0.688376009 0.925298989
vt 0.690208972 0.924862981
vt 0.687461019 0.921208978
vt 0.689328015 0.920966983
vt 0.689061999 0.916952014
vt 0.686990976 0.916731
vt 0.68758899 0.912536025
vt 0.689508021 0.912926018
vt 0.69056201 0.908993006
vt 0.688879013 0.908206999
vt 0.690595984 0.904202998
vt 0.692147017 0.905228972
vt 0.694338977 0.90180397
vt 0.692861021 0.900547981
vt 0.69572401 0.897312999
vt 0.697003007 0.898743987
vt 0.699169993 0.894620001
vt 0.700114012 0.896176994
vt 0.740706027 0.910754979
vt 0.742260993 0.910463989
vt 0.741261005 0.915609002
vt 0.742886007 0.915475011
vt 0.739170015 0.905824006
vt 0.740535975 0.905372024
vt 0.738259017 0.899870992
vt 0.736980975 0.900620997
vt 0.734305978 0.896423995
vt 0.735449016 0.895534992
vt 0.73041302 0.892785013
vt 0.731280029 0.89180702
vt 0.726696014 0.887923002
vt 0.725920975 0.889343023
vt 0.691188991 0.939939976
vt 0.690129995 0.940944016
vt 0.687529027 0.936097026
vt 0.686326981 0.936945021
vt 0.695290983 0.94313401
vt 0.694419026 0.944326997
vt 0.700420022 0.945473015
vt 0.699917972 0.946750998
vt 0.705744028 0.946705997
vt 0.705483973 0.947959006
vt 0.710952997 0.948589981
vt 0.71092701 0.947003007
vt 0.715951025 0.946502984
vt 0.716207027 0.947999001
vt 0.742156029 0.920751989
vt 0.740701973 0.920664012
vt 0.721862018 0.946536005
vt 0.721386015 0.945188999
vt 0.740427017 0.927290022
vt 0.739136994 0.926764011
vt 0.727286994 0.944042981
vt 0.726530015 0.942852974
vt 0.737178981 0.931367993
vt 0.738452971 0.932089984
vt 0.732101977 0.940541983
vt 0.731063008 0.93945998
vt 0.735980988 0.936293006
vt 0.734831989 0.935573995
vt 0.684655011 0.931759
vt 0.683290005 0.932403982
vt 0.68156898 0.927932978
vt 0.682931006 0.927389979
vt 0.680211008 0.922299981
vt 0.68167001 0.922062993
vt 0.681387007 0.916405976
vt 0.679991007 0.91634798
vt 0.681802988 0.911171973
vt 0.680343986 0.910847008
vt 0.683809996 0.905498028
vt 0.682556987 0.904839993
vt 0.685599029 0.901317
vt 0.684354007 0.900592029
vt 0.688345015 0.896583974
vt 0.687210977 0.895573974
vt 0.691718996 0.892274976
vt 0.690690994 0.890982985
vt 0.696171999 0.889011979
vt 0.695179999 0.887372017
vt 0.700738013 0.886736989
vt 0.700061977 0.885125995
vt 0.706273019 0.883984029
vt 0.706542015 0.885582983
vt 0.711571991 0.885205984
vt 0.711745977 0.883635998
vt 0.716798007 0.885661006
vt 0.717133999 0.884287
vt 0.721436024 0.886973977
vt 0.721921027 0.88558197
vt 0.688549995 0.363826036
vt 0.675832987 0.357097983
vt 0.692439973 0.349694967
vt 0.681765974 0.346135974
vt 0.669789016 0.338927031
vt 0.661239982 0.348878026
vt 0.682674766 0.846544087
vt 0.674341261 0.863334894
vt 0.672231019 0.848604977
vt 0.725043297 0.841333628
vt 0.720371008 0.848460019
vt 0.716944695 0.842659175
vt 0.659443974 0.327839017
vt 0.647509992 0.340201974
vt 0.773136973 0.938116014
vt 0.768236995 0.924084008
vt 0.781399012 0.925715029
vt 0.778339386 0.918346465
vt 0.791040242 0.914259553
vt 0.79509598 0.920340002
vt 0.801320791 0.904791951
vt 0.806819022 0.908150971
vt 0.80541873 0.889356017
vt 0.811776996 0.889374971
vt 0.800315201 0.875426829
vt 0.80586803 0.872189999
vt 0.791937768 0.863291979
vt 0.796728015 0.858155012
vt 0.777800798 0.851931095
vt 0.782127023 0.845035017
vt 0.760052204 0.838488698
vt 0.767235875 0.848865151
vt 0.708938122 0.837026536
vt 0.734615684 0.835722566
vt 0.653991997 0.358056009
vt 0.638796985 0.34899801
vt 0.669938028 0.366688967
vt 0.624441981 0.338854015
vt 0.635474026 0.331171036
vt 0.611455977 0.327407002
vt 0.623642981 0.320721984
vt 0.599597991 0.31487596
vt 0.611760974 0.308627009
vt 0.774778008 0.918232977
vt 0.58910203 0.301095963
vt 0.580330014 0.286041975
vt 0.600687027 0.293676972
vt 0.592144012 0.27947104
vt 0.572822988 0.269677043
vt 0.58543402 0.26396203
vt 0.567173004 0.252382994
vt 0.580515027 0.24851799
vt 0.56358403 0.233955979
vt 0.577796996 0.231617987
vt 0.561767995 0.216067016
vt 0.576874018 0.214532971
vt 0.329470009 0.982343972
vt 0.337072015 0.969784975
vt 0.345598012 0.99000001
vt 0.351054013 0.976082981
vt 0.314314008 0.972841978
vt 0.32356599 0.961019993
vt 0.300810009 0.961587012
vt 0.312157005 0.951179028
vt 0.289085001 0.949069023
vt 0.301167995 0.937677026
vt 0.278914005 0.935850024
vt 0.290325999 0.923147023
vt 0.269701004 0.922559023
vt 0.280079007 0.91050297
vt 0.259757012 0.910435021
vt 0.267399013 0.899031997
vt 0.246932 0.901777029
vt 0.248319998 0.887534976
vt 0.229402006 0.897575021
vt 0.229523003 0.884974003
vt 0.218572006 0.898328006
vt 0.216289997 0.884433985
vt 0.201214999 0.900860012
vt 0.195928007 0.887529016
vt 0.185957 0.907069981
vt 0.179076999 0.896151006
vt 0.135969996 0.0806739926
vt 0.138063997 0.0598890185
vt 0.145997003 0.0722280145
vt 0.148212999 0.0643240213
vt 0.161531001 0.930455029
vt 0.152333006 0.922523975
vt 0.172177002 0.917815983
vt 0.164102003 0.90803498
vt 0.153310001 0.944091976
vt 0.144333005 0.936931014
vt 0.144595996 0.959290028
vt 0.135516003 0.952058971
vt 0.684542 0.374233961
vt 0.808559 0.966383994
vt 0.795920014 0.977478981
vt 0.806015015 0.964241028
vt 0.793866992 0.975071013
vt 0.823918998 0.937050998
vt 0.826434016 0.938111007
vt 0.816169024 0.951288998
vt 0.818836987 0.953112006
vt 0.831140995 0.921500027
vt 0.828171015 0.920924008
vt 0.832656026 0.904254019
vt 0.829370975 0.904362977
vt 0.830960989 0.886484981
vt 0.828086019 0.886892974
vt 0.823423982 0.871595979
vt 0.825855017 0.869982004
vt 0.817793012 0.85510999
vt 0.815729976 0.857146025
vt 0.806980014 0.841786981
vt 0.805234015 0.843684971
vt 0.794016004 0.831101
vt 0.792985976 0.832991004
vt 0.778967023 0.823019028
vt 0.778593004 0.825420976
vt 0.762668014 0.817888975
vt 0.762284994 0.820285022
vt 0.746532023 0.818661988
vt 0.745715976 0.815880001
vt 0.728586972 0.819058001
vt 0.728596985 0.816039026
vt 0.711569011 0.820860982
vt 0.711594999 0.817954004
vt 0.693684995 0.823858023
vt 0.692876995 0.82139802
vt 0.683736026 0.827476978
vt 0.682530999 0.82526499
vt 0.666706979 0.832301974
vt 0.668114007 0.834914029
vt 0.655937016 0.845257998
vt 0.653774023 0.842383981
vt 0.646408021 0.858578026
vt 0.643755019 0.856613994
vt 0.639729023 0.873386979
vt 0.636771023 0.872456014
vt 0.632984996 0.887331009
vt 0.635885 0.88756299
vt 0.633984983 0.904448986
vt 0.631217003 0.904601991
vt 0.634389997 0.921325028
vt 0.631844997 0.921639979
vt 0.653870821 0.869447827
vt 0.652044892 0.878669143
vt 0.659546018 0.861290932
vt 0.669211745 0.858308077
vt 0.690550923 0.838702023
vt 0.699506462 0.835877419
vt 0.746324182 0.834815502
vt 0.653478026 0.318884969
vt 0.661186993 0.288522005
vt 0.656377971 0.285257995
vt 0.664022028 0.282867014
vt 0.659402013 0.279033005
vt 0.653324008 0.292451024
vt 0.659193993 0.294610977
vt 0.658264995 0.301383018
vt 0.65020901 0.300978005
vt 0.658667028 0.308673978
vt 0.650487006 0.309469998
vt 0.663423002 0.273880005
vt 0.667647004 0.277925014
vt 0.667847991 0.269235969
vt 0.670677006 0.273983955
vt 0.673313975 0.265130043
vt 0.675373971 0.270283997
vt 0.680755019 0.266880035
vt 0.678812027 0.261479974
vt 0.687304974 0.258524001
vt 0.688414991 0.264150977
vt 0.696349978 0.263027012
vt 0.69460398 0.256999016
vt 0.704337001 0.262775004
vt 0.703319013 0.256213009
vt 0.711867988 0.25562501
vt 0.711980999 0.262919009
vt 0.720220029 0.262425005
vt 0.720175982 0.254642963
vt 0.728192985 0.253612041
vt 0.729005992 0.261393011
vt 0.739180028 0.251706004
vt 0.739450991 0.25918299
vt 0.747251987 0.257230043
vt 0.747592986 0.250169039
vt 0.749468029 0.284641981
vt 0.744895995 0.285576999
vt 0.747413993 0.273956001
vt 0.741128981 0.275862992
vt 0.751379013 0.293839991
vt 0.747129977 0.294535995
vt 0.74713999 0.305108011
vt 0.751670003 0.305832028
vt 0.749749005 0.314954996
vt 0.745050013 0.313392043
vt 0.744988024 0.324607015
vt 0.741324008 0.320572972
vt 0.735794008 0.327612996
vt 0.738894999 0.33146596
vt 0.730306029 0.339820027
vt 0.727638006 0.335098982
vt 0.723441005 0.346096039
vt 0.720502019 0.339357018
vt 0.702961028 0.251958966
vt 0.711245 0.250905037
vt 0.692874014 0.252053976
vt 0.684670985 0.25385201
vt 0.67604202 0.257037997
vt 0.719456971 0.249880016
vt 0.727403998 0.248659968
vt 0.738560975 0.246568978
vt 0.746924996 0.24496901
vt 0.754469991 0.284083962
vt 0.752204001 0.273236036
vt 0.756341994 0.293990016
vt 0.757449985 0.305514991
vt 0.757317007 0.316055
vt 0.669131994 0.259656012
vt 0.662976027 0.262012959
vt 0.653973997 0.265929997
vt 0.75356102 0.328096032
vt 0.747099996 0.340278983
vt 0.740733027 0.351260006
vt 0.732437015 0.362558961
vt 0.684652984 0.340732992
vt 0.694063008 0.343289971
vt 0.673560977 0.334675014
vt 0.663911998 0.32375598
vt 0.660085976 0.315059006
vt 0.625289023 0.279671013
vt 0.480991006 0.985696018
vt 0.480991006 0.98279202
vt 0.495083004 0.985696018
vt 0.495083004 0.98279202
vt 0.469090015 0.98279202
vt 0.469090015 0.985696018
vt 0.460110009 0.985696018
vt 0.460110009 0.98279202
vt 0.425853014 0.98279202
vt 0.434596002 0.98279202
vt 0.425853014 0.985696018
vt 0.434596002 0.985696018
vt 0.414714009 0.98279202
vt 0.414714009 0.985696018
vt 0.405939013 0.985696018
vt 0.405939013 0.98279202
vt 0.397291005 0.98279202
vt 0.397291005 0.985696018
vt 0.388870001 0.985696018
vt 0.388870001 0.98279202
vt 0.378645986 0.98279202
vt 0.378645986 0.985696018
vt 0.370112002 0.985696018
vt 0.370112002 0.98279202
vt 0.360428005 0.985696018
vt 0.360428005 0.98279202
vt 0.61372298 0.98279202
vt 0.620693028 0.98279202
vt 0.61372298 0.985696018
vt 0.620693028 0.985696018
vt 0.604475975 0.985696018
vt 0.604475975 0.98279202
vt 0.597015023 0.98279202
vt 0.597015023 0.985696018
vt 0.590313971 0.985696018
vt 0.590313971 0.98279202
vt 0.583585978 0.985696018
vt 0.583585978 0.98279202
vt 0.576186001 0.98279202
vt 0.576186001 0.985696018
vt 0.568865001 0.98279202
vt 0.568865001 0.985696018
vt 0.560527027 0.985696018
vt 0.560527027 0.98279202
vt 0.553825021 0.98279202
vt 0.553825021 0.985696018
vt 0.547523022 0.98279202
vt 0.547523022 0.985696018
vt 0.542375982 0.985696018
vt 0.542375982 0.98279202
vt 0.536201 0.98279202
vt 0.536201 0.985696018
vt 0.529690027 0.98279202
vt 0.529690027 0.985696018
vt 0.523877025 0.98279202
vt 0.523877025 0.985696018
vt 0.517162979 0.985696018
vt 0.517162979 0.98279202
vt 0.509940028 0.985696018
vt 0.509940028 0.98279202
vt 0.503759027 0.98279202
vt 0.503759027 0.985696018
vt 0.547523022 0.99000001
vt 0.553825021 0.99000001
vt 0.560527027 0.99000001
vt 0.542375982 0.99000001
vt 0.536201 0.99000001
vt 0.529690027 0.99000001
vt 0.523877025 0.99000001
vt 0.517162979 0.99000001
vt 0.509940028 0.99000001
vt 0.503759027 0.99000001
vt 0.495083004 0.99000001
vt 0.480991006 0.99000001
vt 0.469090015 0.99000001
vt 0.460110009 0.99000001
vt 0.434596002 0.99000001
vt 0.425853014 0.99000001
vt 0.414714009 0.99000001
vt 0.405939013 0.99000001
vt 0.397291005 0.99000001
vt 0.388870001 0.99000001
vt 0.378645986 0.99000001
vt 0.370112002 0.99000001
vt 0.360428005 0.99000001
vt 0.61372298 0.99000001
vt 0.620693028 0.99000001
vt 0.604475975 0.99000001
vt 0.597015023 0.99000001
vt 0.590313971 0.99000001
vt 0.583585978 0.99000001
vt 0.576186001 0.99000001
vt 0.568865001 0.99000001
vt 0.647666991 0.269037962
vt 0.639020026 0.272556007
vt 0.632872999 0.275838971
vt 0.771309018 0.318590999
vt 0.771896005 0.300579011
vt 0.772879004 0.291866004
vt 0.773661017 0.283756018
vt 0.774572015 0.273419023
vt 0.739273012 0.222801983
vt 0.731073976 0.225557983
vt 0.721557021 0.227643013
vt 0.711697996 0.228381991
vt 0.702713013 0.230609
vt 0.694414973 0.232187033
vt 0.682689011 0.235381007
vt 0.679723978 0.245160997
vt 0.614166975 0.267181993
vt 0.633067012 0.265946031
vt 0.626998007 0.269575
vt 0.658840001 0.256229043
vt 0.649141014 0.259763956
vt 0.636959016 0.25642097
vt 0.660813987 0.245527029
vt 0.671090007 0.248915017
vt 0.606931984 0.253708005
vt 0.602185011 0.240377009
vt 0.599633992 0.22667402
vt 0.599088013 0.21180898
vt 0.630456984 0.243342996
vt 0.657351017 0.230401993
vt 0.677492023 0.221310973
vt 0.654470026 0.220743001
vt 0.626362979 0.23209703
vt 0.623395979 0.220851004
vt 0.652698994 0.213544965
vt 0.619724989 0.207045019
vt 0.650906026 0.20459497
vt 0.699490011 0.223299026
vt 0.690515995 0.22458303
vt 0.70658797 0.214304984
vt 0.727777004 0.218721986
vt 0.719703972 0.220301032
vt 0.730252981 0.209967017
vt 0.779913008 0.284857988
vt 0.780672014 0.29095304
vt 0.789137006 0.270120025
vt 0.788335025 0.297312021
vt 0.788909972 0.318943977
vt 0.65852499 0.211979032
vt 0.660284996 0.218039036
vt 0.672370017 0.202834964
vt 0.69778502 0.200435996
vt 0.722868979 0.197670996
vt 0.0112370001 0.921880007
vt 0.0401660018 0.927522004
vt 0.0142559996 0.935204029
vt 0.0387400016 0.942466021
vt 0.058995001 0.945729971
vt 0.0626839995 0.931935012
vt 0.188244 0.689960003
vt 0.188244 0.687767029
vt 0.194624007 0.689960003
vt 0.194624007 0.687767029
vt 0.201535001 0.687767029
vt 0.201535001 0.689960003
vt 0.182218999 0.687767029
vt 0.182218999 0.689960003
vt 0.174805 0.687767029
vt 0.174805 0.689960003
vt 0.168033004 0.687767029
vt 0.168033004 0.689960003
vt 0.161604002 0.689960003
vt 0.161604002 0.687767029
vt 0.155631006 0.687767029
vt 0.155631006 0.689960003
vt 0.148167998 0.689960003
vt 0.148167998 0.687767029
vt 0.141788006 0.687767029
vt 0.141788006 0.689960003
vt 0.135369003 0.687767029
vt 0.135369003 0.689960003
vt 0.128544003 0.687767029
vt 0.128544003 0.689960003
vt 0.122629002 0.687767029
vt 0.122629002 0.689960003
vt 0.116438001 0.687767029
vt 0.116438001 0.689960003
vt 0.110659003 0.687767029
vt 0.110659003 0.689960003
vt 0.103463002 0.687767029
vt 0.103463002 0.689960003
vt 0.097240001 0.689960003
vt 0.097240001 0.687767029
vt 0.0904389992 0.687767029
vt 0.0904389992 0.689960003
vt 0.0826710016 0.687767029
vt 0.0826710016 0.689960003
vt 0.0745930001 0.689960003
vt 0.0745930001 0.687767029
vt 0.0675709993 0.687767029
vt 0.0675709993 0.689960003
vt 0.0620750003 0.687767029
vt 0.0620750003 0.689960003
vt 0.0561680011 0.689960003
vt 0.0561680011 0.687767029
vt 0.0488450006 0.689960003
vt 0.0488450006 0.687767029
vt 0.0417300016 0.687767029
vt 0.0417300016 0.689960003
vt 0.0347199999 0.687767029
vt 0.0347199999 0.689960003
vt 0.0269399993 0.687767029
vt 0.0269399993 0.689960003
vt 0.0216140002 0.687767029
vt 0.0216140002 0.689960003
vt 0.0159559995 0.687767029
vt 0.0159559995 0.689960003
vt 0.00999899954 0.689960003
vt 0.00999899954 0.687767029
vt 0.246884003 0.687767029
vt 0.246884003 0.689960003
vt 0.240620002 0.687767029
vt 0.240620002 0.689960003
vt 0.232344002 0.687767029
vt 0.232344002 0.689960003
vt 0.225403994 0.687767029
vt 0.225403994 0.689960003
vt 0.216721997 0.687767029
vt 0.216721997 0.689960003
vt 0.208847001 0.687767029
vt 0.208847001 0.689960003
vt 0.148167998 0.682861984
vt 0.141788006 0.682861984
vt 0.155631006 0.682861984
vt 0.161604002 0.682861984
vt 0.168033004 0.682861984
vt 0.174805 0.682861984
vt 0.182218999 0.682861984
vt 0.188244 0.682861984
vt 0.194624007 0.682861984
vt 0.201535001 0.682861984
vt 0.208847001 0.682861984
vt 0.216721997 0.682861984
vt 0.225403994 0.682861984
vt 0.232344002 0.682861984
vt 0.240620002 0.682861984
vt 0.246884003 0.682861984
vt 0.00999899954 0.682861984
vt 0.0159559995 0.682861984
vt 0.0216140002 0.682861984
vt 0.0269399993 0.682861984
vt 0.0347199999 0.682861984
vt 0.0417300016 0.682861984
vt 0.0488450006 0.682861984
vt 0.0561680011 0.682861984
vt 0.0620750003 0.682861984
vt 0.0675709993 0.682861984
vt 0.0745930001 0.682861984
vt 0.0826710016 0.682861984
vt 0.0904389992 0.682861984
vt 0.097240001 0.682861984
vt 0.103463002 0.682861984
vt 0.110659003 0.682861984
vt 0.116438001 0.682861984
vt 0.122629002 0.682861984
vt 0.128544003 0.682861984
vt 0.135369003 0.682861984
vt 0.263476014 0.875822008
vt 0.271223009 0.880164027
vt 0.260780007 0.882084012
vt 0.267643005 0.885912001
vt 0.252119005 0.87342
vt 0.257955998 0.869930983
vt 0.243575007 0.875778019
vt 0.229256004 0.875190973
vt 0.276926011 0.88934499
vt 0.278726995 0.881861985
vt 0.286651999 0.891885996
vt 0.286695987 0.883590996
vt 0.295255005 0.883871973
vt 0.297872007 0.895299971
vt 0.275180995 0.895337999
vt 0.281260014 0.898308992
vt 0.312204987 0.889380991
vt 0.305528998 0.890092015
vt 0.310169995 0.882623971
vt 0.303204 0.883404016
vt 0.317104995 0.881707013
vt 0.319471002 0.893158019
vt 0.32506901 0.880379021
vt 0.333638996 0.878135026
vt 0.328260005 0.891327977
vt 0.339605004 0.889285028
vt 0.348535001 0.882161975
vt 0.342002988 0.872780025
vt 0.348271996 0.864610016
vt 0.356175989 0.874234974
vt 0.365388006 0.860239029
vt 0.351146996 0.857429981
vt 0.381998003 0.86836201
vt 0.368577003 0.887754023
vt 0.361180007 0.905596018
vt 0.306091994 0.90803498
vt 0.317925006 0.921847999
vt 0.331115991 0.932106972
vt 0.339533001 0.944930017
vt 0.345288992 0.954089999
vt 0.356741011 0.954891026
vt 0.357560009 0.934373975
vt 0.323936999 0.901548982
vt 0.329443008 0.913053989
vt 0.332022995 0.897696972
vt 0.343308985 0.902206004
vt 0.386927009 0.840619981
vt 0.399028003 0.852011025
vt 0.0410550013 0.911303997
vt 0.0149529995 0.907503009
vt 0.0648149997 0.914296985
vt 0.0853710026 0.941114008
vt 0.0950630009 0.919717014
vt 0.131340995 0.92731899
vt 0.132146001 0.91011399
vt 0.153167993 0.895218015
vt 0.171350002 0.882305026
vt 0.190611005 0.87419498
vt 0.213909999 0.86846
vt 0.248327002 0.863152981
vt 0.254188001 0.863048017
vt 0.240613997 0.863942027
vt 0.228018001 0.865050018
vt 0.351476997 0.848546982
vt 0.361084998 0.846300006
vt 0.349034011 0.841558993
vt 0.357989013 0.837264001
vt 0.345867008 0.83543098
vt 0.354445994 0.829795003
vt 0.342112988 0.830205023
vt 0.351621985 0.822535992
vt 0.338117003 0.825241029
vt 0.348129004 0.814894974
vt 0.331497014 0.819774985
vt 0.342464 0.799354017
vt 0.380831003 0.831623018
vt 0.0156159997 0.896377027
vt 0.038798999 0.895429015
vt 0.0613709986 0.894629002
vt 0.0869259983 0.894545019
vt 0.119744003 0.890942991
vt 0.142006993 0.881214976
vt 0.158371001 0.863979995
vt 0.184212998 0.858030021
vt 0.211605996 0.852513015
vt 0.227035999 0.852486014
vt 0.239189997 0.853025973
vt 0.246085003 0.853263974
vt 0.252900988 0.85491401
vt 0.325152993 0.816141009
vt 0.325668991 0.806681991
vt 0.241105005 0.835335016
vt 0.253849 0.840970993
vt 0.246037006 0.846496999
vt 0.252599001 0.848246992
vt 0.256457001 0.834397972
vt 0.252047986 0.830780983
vt 0.261696994 0.828070998
vt 0.257445008 0.823853016
vt 0.255528003 0.813212991
vt 0.26672101 0.823512018
vt 0.282081991 0.817883015
vt 0.273698986 0.819990993
vt 0.280405998 0.811589003
vt 0.271079004 0.814411998
vt 0.284884006 0.802775979
vt 0.290273011 0.816604018
vt 0.296573997 0.808866024
vt 0.302500993 0.809005976
vt 0.297446012 0.816284001
vt 0.303288996 0.81565702
vt 0.306208998 0.796486974
vt 0.309013009 0.815024972
vt 0.316325009 0.807099998
vt 0.317274988 0.814884007
vt 0.320630997 0.785871983
vt 0.335438997 0.776750028
vt 0.376367986 0.824009001
vt 0.35827899 0.82614702
vt 0.356532007 0.821838021
vt 0.367098004 0.803264022
vt 0.361972004 0.787487984
vt 0.355017006 0.766947985
vt 0.0363110006 0.881353974
vt 0.0145469997 0.886269987
vt 0.0127870003 0.862124026
vt 0.0335280001 0.859329998
vt 0.0112920003 0.844232976
vt 0.031355001 0.840104997
vt 0.00999899954 0.821129978
vt 0.0291080009 0.818708003
vt 0.0590369999 0.878395021
vt 0.0553350002 0.857097983
vt 0.0524079986 0.837957025
vt 0.0511040017 0.817466974
vt 0.08354 0.876585007
vt 0.0808970034 0.857371986
vt 0.0790809989 0.838522017
vt 0.0774509981 0.818488002
vt 0.109022997 0.874356985
vt 0.105949 0.858079016
vt 0.104525998 0.839721024
vt 0.103161 0.81962198
vt 0.130233005 0.872768998
vt 0.131384 0.860026002
vt 0.130475998 0.841305017
vt 0.129058003 0.820774019
vt 0.156250998 0.842390001
vt 0.154312 0.821081996
vt 0.180592999 0.839066029
vt 0.178504005 0.819356024
vt 0.209193006 0.834860981
vt 0.206722006 0.816006005
vt 0.225560993 0.83496201
vt 0.223517001 0.816681027
vt 0.275126994 0.777997017
vt 0.248170003 0.787306011
vt 0.220521003 0.792411983
vt 0.203573003 0.794574022
vt 0.296009988 0.770255983
vt 0.312498003 0.762627006
vt 0.327347994 0.754786015
vt 0.346980006 0.744386971
vt 0.0285030007 0.795849979
vt 0.0104050003 0.795605004
vt 0.0511539988 0.795571029
vt 0.0759809986 0.796827972
vt 0.101504996 0.797951996
vt 0.127251998 0.798830986
vt 0.152591005 0.799084008
vt 0.176256999 0.798035026
vt 0.0152470004 0.746483982
vt 0.0317940004 0.748911023
vt 0.0123450002 0.770434022
vt 0.029476 0.772391021
vt 0.337199003 0.722118974
vt 0.317806989 0.732303977
vt 0.325664014 0.701443017
vt 0.306432009 0.711275995
vt 0.0195310004 0.721072018
vt 0.035259001 0.72280401
vt 0.310575008 0.680370986
vt 0.293015987 0.688292027
vt 0.0519890003 0.772769988
vt 0.053842999 0.74929899
vt 0.0753730014 0.773671985
vt 0.0763840005 0.750136971
vt 0.100041002 0.774474978
vt 0.0995860025 0.75059998
vt 0.124574997 0.750293016
vt 0.125968993 0.775352001
vt 0.150941998 0.775861025
vt 0.149284005 0.749638975
vt 0.174412996 0.774425983
vt 0.172832996 0.746192992
vt 0.200417995 0.770994008
vt 0.196869001 0.743548989
vt 0.216269001 0.767700016
vt 0.211484998 0.740474999
vt 0.241734996 0.760448992
vt 0.235705003 0.733952999
vt 0.266633004 0.752224982
vt 0.259207994 0.726727009
vt 0.286731988 0.744892001
vt 0.277747989 0.721059978
vt 0.302060992 0.739135981
vt 0.291851014 0.716787994
vt 0.0568160005 0.725560009
vt 0.0774459988 0.726310015
vt 0.0996410027 0.727038026
vt 0.124714002 0.724807024
vt 0.147120997 0.722064018
vt 0.170295 0.717414021
vt 0.194105998 0.714030027
vt 0.207038999 0.711574018
vt 0.230464995 0.706085026
vt 0.251652986 0.700460017
vt 0.268774986 0.695913017
vt 0.280716002 0.692206979
vt 0.338999987 0.689558983
vt 0.340407014 0.690034986
vt 0.33989501 0.691213012
vt 0.339199007 0.685082018
vt 0.340086013 0.683955014
vt 0.340517014 0.685316026
vt 0.334012002 0.685002029
vt 0.332850009 0.684871972
vt 0.333496004 0.683703005
vt 0.332874 0.69084698
vt 0.33206901 0.689557016
vt 0.333595008 0.689565003
vt 0.339531004 0.683803022
vt 0.33375001 0.683668017
vt 0.33338201 0.690997005
vt 0.339154005 0.691313028
vt 0.330653012 0.68413502
vt 0.331063986 0.682874978
vt 0.342581004 0.684786975
vt 0.342680007 0.683103025
vt 0.341441005 0.690603971
vt 0.340721011 0.691770017
vt 0.330749005 0.690144002
vt 0.331472009 0.691518009
vt 0.497346014 0.595179021
vt 0.497103006 0.596674979
vt 0.495673001 0.594878018
vt 0.495577008 0.597648025
vt 0.502632022 0.60234803
vt 0.503525972 0.600444973
vt 0.505635023 0.601440012
vt 0.504778981 0.599933028
vt 0.508966029 0.592589021
vt 0.509477019 0.595175028
vt 0.507884026 0.593611002
vt 0.508103013 0.595107019
vt 0.499395013 0.58941102
vt 0.501922011 0.588989973
vt 0.500406027 0.590506017
vt 0.501721025 0.590345025
vt 0.332511008 0.681427002
vt 0.33989501 0.68125701
vt 0.339457005 0.692215979
vt 0.332502007 0.692251027
vt 0.485505015 0.599357009
vt 0.497393012 0.614377022
vt 0.509324014 0.590233982
vt 0.503291011 0.58653301
vt 0.501653016 0.585165024
vt 0.503022015 0.584873974
vt 0.510528982 0.58950001
vt 0.511762977 0.591198027
vt 0.51256597 0.582511008
vt 0.514256001 0.581704974
vt 0.512682974 0.584101021
vt 0.515160024 0.584330022
vt 0.505361021 0.580128014
vt 0.504499018 0.579186022
vt 0.507341027 0.579611003
vt 0.507036984 0.577672005
vt 0.258287013 0.987410009
vt 0.259532005 0.987833977
vt 0.257726014 0.988554001
vt 0.258406013 0.989723027
vt 0.250755012 0.987266004
vt 0.251549006 0.988323987
vt 0.249510005 0.987793982
vt 0.250081986 0.989296019
vt 0.248445004 0.980768979
vt 0.251017004 0.98241502
vt 0.248199001 0.982137024
vt 0.250277013 0.983213007
vt 0.258552015 0.980479002
vt 0.259532005 0.98202002
vt 0.256713003 0.982294023
vt 0.257389009 0.983084977
vt 0.251643002 0.983506978
vt 0.256383985 0.983482003
vt 0.25711301 0.987469018
vt 0.251958013 0.987200022
vt 0.251125008 0.982380986
vt 0.256529003 0.982334971
vt 0.251724005 0.988358021
vt 0.257398009 0.988573015
vt 0.249934003 0.979560018
vt 0.257034004 0.979883015
vt 0.257263005 0.98991698
vt 0.251154006 0.99000001
vt 0.492615014 0.591866016
vt 0.507600009 0.602639019
vt 0.512642026 0.594443023
vt 0.517939985 0.583588004
vt 0.519631982 0.577920973
vt 0.505203009 0.569621027
vt 0.502223015 0.576843023
vt 0.497456014 0.585358977
vt 0.151456997 0.142558992
vt 0.145971 0.12866497
vt 0.165634006 0.13558197
vt 0.157793999 0.122413993
vt 0.184338003 0.123860002
vt 0.174162 0.112281024
vt 0.185416996 0.0997279882
vt 0.197679996 0.107666969
vt 0.194343001 0.0831090212
vt 0.207449004 0.0866900086
vt 0.207337007 0.0604299903
vt 0.192809001 0.062852025
vt 0.198473006 0.0387179852
vt 0.186085999 0.047285974
vt 0.171287 0.0349789858
vt 0.180739999 0.0219990015
vt 0.151456997 0.0250170231
vt 0.160657004 0.00999897718
vt 0.491019011 0.519325018
vt 0.478632987 0.510874987
vt 0.497393012 0.509136021
vt 0.483215004 0.498663008
vt 0.488119006 0.536068022
vt 0.474947006 0.534904003
vt 0.489266008 0.55637902
vt 0.474952012 0.55736202
vt 0.477153003 0.575227976
vt 0.491086006 0.572238028
vt 0.493499011 0.579918027
vt 0.480473012 0.587391019
vt 0.490217 0.589550018
vt 0.495050013 0.583032012
vt 0.504342973 0.555980027
vt 0.504230022 0.537774026
vt 0.504786015 0.529214025
vt 0.510397017 0.523271024
vt 0.142993003 0.0433290005
vt 0.159851 0.051214993
vt 0.172280997 0.0570909977
vt 0.175762996 0.065994978
vt 0.176285997 0.0791450143
vt 0.169897005 0.0888000131
vt 0.162789002 0.0952990055
vt 0.150094002 0.100534022
vt 0.147734001 0.117380023
vt 0.142627001 0.119768977
vt 0.144984007 0.109373987
vt 0.139375001 0.108262002
vt 0.138104007 0.102495015
vt 0.521453977 0.566650987
vt 0.515356004 0.563979983
vt 0.513804972 0.556800008
vt 0.512090027 0.538904011
vt 0.511977017 0.532172978
vt 0.514464021 0.529940009
vt 0.517829001 0.53727001
vt 0.521691024 0.556593001
vt 0.147572994 0.0909720063
vt 0.136222005 0.0911170244
vt 0.158326 0.0872399807
vt 0.162374005 0.0829979777
vt 0.165518001 0.0761920214
vt 0.167804003 0.0677750111
vt 0.164745003 0.0614179969
vt 0.155843005 0.0577409863
vt 0.140091002 0.0513110161
vt 0.153060004 0.0647860169
vt 0.150886998 0.0734490156
vt 0.148783997 0.0822319984
vt 0.0189360008 0.973967016
vt 0.0187500007 0.971414983
vt 0.0203569997 0.973739982
vt 0.0197330005 0.971261024
vt 0.0217250008 0.973295987
vt 0.0206790008 0.970960021
vt 0.0229969993 0.972625971
vt 0.0215600003 0.970502019
vt 0.0241369996 0.971749008
vt 0.0223500002 0.969901025
vt 0.0250879992 0.970668972
vt 0.0230080001 0.969163001
vt 0.0258259997 0.969434023
vt 0.0235159993 0.968316972
vt 0.0263429992 0.968087971
vt 0.0238739997 0.967401028
vt 0.0266200006 0.96667397
vt 0.0240659993 0.966440976
vt 0.0266590007 0.965228021
vt 0.0241010003 0.965462029
vt 0.0264379997 0.96379298
vt 0.0239579994 0.964492023
vt 0.0259789992 0.96241498
vt 0.0236549992 0.963562012
vt 0.025262 0.961152017
vt 0.0231740009 0.962706983
vt 0.765277028 0.948192
vt 0.764431 0.989102006
vt 0.765217006 0.992048025
vt 0.748136997 0.99209702
vt 0.748171985 0.995001972
vt 0.780131996 0.983404994
vt 0.756901026 0.956148028
vt 0.747757971 0.962228
vt 0.781372011 0.986141026
vt 0.738363981 0.966436028
vt 0.728623986 0.970108986
vt 0.730377018 0.992558002
vt 0.730477989 0.995450974
vt 0.717890024 0.972392976
vt 0.714963019 0.991587996
vt 0.714486003 0.994123995
vt 0.653828979 0.887953401
vt 0.65803349 0.903124452
vt 0.656696022 0.918839991
vt 0.66633302 0.976589978
vt 0.678780973 0.963402987
vt 0.679605007 0.983162999
vt 0.688251972 0.967508018
vt 0.706938028 0.972362995
vt 0.702202022 0.989292026
vt 0.664674997 0.978641987
vt 0.678529024 0.985378981
vt 0.701532006 0.991952002
vt 0.690328002 0.989166021
vt 0.691173971 0.986720979
vt 0.746371984 0.37192297
vt 0.739169002 0.384518027
vt 0.724119008 0.37917304
vt 0.73428899 0.394412994
vt 0.719264984 0.389276028
vt 0.696662009 0.380002975
vt 0.699653983 0.369111001
vt 0.707405984 0.384824038
vt 0.711654007 0.374229014
vt 0.701075017 0.351469994
vt 0.715807021 0.34978801
vt 0.708505988 0.351128995
vt 0.714285016 0.341951013
vt 0.701399982 0.343968987
vt 0.707022011 0.343777001
vt 0.377065003 0.722128987
vt 0.37637499 0.724618018
vt 0.370157003 0.720712006
vt 0.369444996 0.722814023
vt 0.351500005 0.719498992
vt 0.357859999 0.719680011
vt 0.351659 0.721400976
vt 0.357740998 0.721633971
vt 0.364903986 0.719968975
vt 0.364416987 0.722195983
vt 0.368611008 0.727069974
vt 0.375129014 0.729306996
vt 0.226134002 0.913010001
vt 0.227275997 0.914645016
vt 0.351213992 0.726395011
vt 0.356885999 0.726104021
vt 0.217040002 0.908990979
vt 0.225143 0.911864996
vt 0.223605007 0.910745978
vt 0.363420993 0.726476014
vt 0.697385013 0.970507026
vt 0.670749009 0.957920015
vt 0.655385017 0.968742013
vt 0.65346998 0.969953001
vt 0.752022028 0.388282001
vt 0.748503029 0.398101985
vt 0.758863986 0.400045991
vt 0.761702001 0.390393019
vt 0.665023029 0.950917006
vt 0.648535013 0.961045027
vt 0.646655977 0.962334991
vt 0.66188997 0.942597985
vt 0.643760979 0.954042971
vt 0.637687981 0.938506007
vt 0.657600999 0.926896989
vt 0.642054975 0.955190003
vt 0.635442019 0.939360976
vt 0.640026987 0.945363998
vt 0.63795203 0.946371019
vt 0.753928006 0.361729026
vt 0.763758004 0.350620031
vt 0.757955015 0.376307964
vt 0.764146984 0.366582036
vt 0.769886017 0.391775012
vt 0.767425001 0.401645005
vt 0.777287006 0.403100014
vt 0.778935015 0.392874002
vt 0.786175013 0.393777013
vt 0.784788013 0.403882027
vt 0.780816019 0.37906003
vt 0.788420975 0.378841043
vt 0.126367003 0.966700971
vt 0.134367004 0.972149014
vt 0.124398999 0.986763
vt 0.116617002 0.980982006
vt 0.105613001 0.972334981
vt 0.0939880013 0.964222014
vt 0.112924002 0.957947016
vt 0.102691002 0.950397015
vt 0.118456997 0.940514028
vt 0.766771972 0.377965987
vt 0.772445977 0.370994985
vt 0.772598028 0.378695011
vt 0.0772309974 0.954191029
vt 0.789727986 0.341309011
vt 0.789716005 0.363148987
vt 0.781684995 0.361415029
vt 0.769635975 0.333512008
vt 0.771622002 0.354743004
vt 0.659328997 0.93482703
vt 0.684293866 0.884037495
vt 0.678519368 0.889940798
vt 0.680970728 0.885192454
vt 0.679347396 0.887103558
vt 0.674710453 0.895691395
vt 0.675097167 0.889936566
vt 0.672897637 0.890648007
vt 0.683171153 0.880693018
vt 0.69062376 0.879903436
vt 0.683603168 0.878318369
vt 0.659788728 0.886814177
vt 0.661621749 0.888557076
vt 0.657487571 0.882656097
vt 0.656817496 0.880412221
vt 0.656487346 0.878120601
vt 0.6566872 0.875728428
vt 0.657087207 0.873396456
vt 0.657947063 0.871213377
vt 0.660787165 0.866879284
vt 0.659088314 0.868994355
vt 0.662833571 0.865335107
vt 0.66481787 0.864084125
vt 0.667068779 0.863337755
vt 0.669474244 0.86284709
vt 0.671916842 0.862766385
vt 0.663785696 0.889956355
vt 0.658527136 0.884922266
vt 0.681737006 0.882888019
vt 0.679974973 0.881779015
vt 0.682569027 0.880544007
vt 0.680562019 0.879898012
vt 0.682288647 0.883160472
vt 0.682977974 0.87827301
vt 0.680957973 0.87786299
vt 0.68370223 0.875889599
vt 0.683067024 0.875908971
vt 0.681044996 0.875813007
vt 0.682927012 0.873484015
vt 0.683530331 0.873333991
vt 0.680817008 0.873821974
vt 0.682644963 0.870981216
vt 0.682089984 0.871254981
vt 0.680271983 0.871936977
vt 0.680903971 0.869129002
vt 0.681421757 0.86877656
vt 0.679399014 0.870208025
vt 0.680139422 0.867136598
vt 0.679678023 0.867546022
vt 0.67829901 0.868628979
vt 0.678076982 0.865907013
vt 0.678464592 0.865439832
vt 0.676901996 0.867331028
vt 0.676318526 0.864108443
vt 0.67602998 0.864633024
vt 0.675296009 0.866322994
vt 0.674151003 0.863911986
vt 0.673515022 0.865643024
vt 0.671845019 0.863381028
vt 0.671616971 0.865292013
vt 0.665068984 0.864645004
vt 0.667213976 0.86393398
vt 0.665812016 0.86630398
vt 0.667707026 0.865629017
vt 0.669533014 0.863458991
vt 0.669660985 0.865284026
vt 0.663172007 0.865842998
vt 0.664048016 0.867331028
vt 0.658501029 0.871465027
vt 0.659601986 0.869333982
vt 0.660027981 0.872002006
vt 0.661110997 0.870221972
vt 0.661211014 0.867323995
vt 0.662459016 0.868642986
vt 0.657678008 0.873556972
vt 0.659256995 0.873938024
vt 0.657292008 0.875801027
vt 0.658810973 0.875967026
vt 0.657097995 0.878095984
vt 0.658719003 0.878030002
vt 0.657410026 0.880271018
vt 0.658976018 0.880065978
vt 0.658052981 0.882432997
vt 0.659555018 0.882013977
vt 0.659051001 0.884616971
vt 0.660461009 0.883807003
vt 0.660247028 0.886415005
vt 0.661647022 0.885401011
vt 0.66198802 0.888076007
vt 0.663079977 0.886736989
vt 0.664047003 0.889403999
vt 0.664713025 0.887768984
vt 0.665960193 0.890642524
vt 0.666100025 0.890048981
vt 0.666510999 0.888453007
vt 0.668257058 0.890918076
vt 0.668321013 0.890304029
vt 0.668428004 0.888768971
vt 0.670643985 0.89042902
vt 0.670671642 0.891055167
vt 0.670404017 0.888737023
vt 0.67276001 0.890051007
vt 0.672370017 0.88836199
vt 0.674879014 0.889364004
vt 0.674269974 0.887696981
vt 0.677058995 0.888288975
vt 0.677391589 0.888807952
vt 0.675987005 0.886587977
vt 0.678911984 0.886668026
vt 0.67751497 0.885232985
vt 0.680482984 0.884813011
vt 0.678825974 0.883647978
vt 0.697479308 0.876549721
vt 0.697933257 0.877874017
vt 0.6913082 0.881140471
vt 0.711538196 0.874607027
vt 0.717922449 0.874989808
vt 0.704339147 0.875704587
vt 0.68521446 0.885110617
vt 0.679677486 0.890769958
vt 0.675961733 0.896350741
vt 0.673305094 0.902131557
vt 0.671145201 0.909554243
vt 0.670061052 0.916224778
vt 0.670762002 0.923915386
vt 0.672501266 0.930063009
vt 0.675120652 0.936395347
vt 0.679080546 0.942713201
vt 0.683985293 0.947344482
vt 0.68915236 0.951588511
vt 0.695451736 0.955219626
vt 0.702144206 0.957510054
vt 0.709404349 0.958515525
vt 0.717417419 0.958004892
vt 0.724625945 0.955881894
vt 0.731898785 0.952573776
vt 0.738815904 0.948184609
vt 0.744546235 0.942686856
vt 0.748128891 0.937242329
vt 0.750935256 0.9306283
vt 0.753177464 0.92277956
vt 0.753605127 0.914557993
vt 0.75269407 0.907731593
vt 0.750358462 0.901041269
vt 0.747068226 0.894298851
vt 0.742812872 0.888751447
vt 0.738048315 0.883719683
vt 0.732225597 0.879475713
vt 0.72514081 0.87661171
vt 0.704022348 0.874327183
vt 0.698745549 0.868499279
vt 0.696114063 0.868015885
vt 0.711502492 0.873192549
vt 0.70582819 0.867492795
vt 0.703431368 0.868277133
vt 0.718086243 0.873586595
vt 0.711620152 0.86291939
vt 0.709846973 0.864565015
vt 0.730310321 0.871056557
vt 0.732659876 0.8733325
vt 0.725586832 0.87527734
vt 0.732950807 0.878266335
vt 0.741433144 0.877162099
vt 0.738960862 0.88264662
vt 0.738231659 0.876280904
vt 0.761038423 0.903162181
vt 0.75406009 0.907381773
vt 0.759572268 0.900215626
vt 0.751652062 0.900476217
vt 0.718720019 0.861250997
vt 0.748260736 0.893541873
vt 0.743858695 0.887815416
vt 0.751743019 0.888033986
vt 0.752268374 0.93107754
vt 0.754564166 0.923023224
vt 0.749369979 0.937908232
vt 0.732562363 0.953814983
vt 0.73971349 0.949275255
vt 0.745655358 0.943565786
vt 0.725065351 0.957216501
vt 0.717620432 0.959400833
vt 0.709266126 0.959914029
vt 0.688340962 0.952739418
vt 0.694831908 0.956486106
vt 0.668643713 0.916193783
vt 0.669374466 0.924170554
vt 0.669754922 0.909303367
vt 0.701746404 0.95886308
vt 0.683038116 0.948385358
vt 0.677984476 0.943609834
vt 0.673863947 0.937033951
vt 0.671152413 0.930462539
vt 0.671963573 0.901701093
vt 0.755004704 0.914469182
vt 0.687866509 0.860353887
vt 0.6889112 0.862447977
vt 0.690241873 0.864180982
vt 0.691921949 0.865825951
vt 0.687069356 0.857954979
vt 0.719987988 0.850917995
vt 0.71410948 0.851077259
vt 0.713244796 0.848761559
vt 0.693763375 0.867128074
vt 0.713032722 0.86044997
vt 0.714447081 0.853381515
vt 0.719673991 0.85333699
vt 0.686865449 0.855672419
vt 0.686958075 0.853384912
vt 0.687397242 0.850882113
vt 0.688345194 0.848565042
vt 0.691289783 0.844682872
vt 0.689696431 0.846465051
vt 0.693216145 0.843288243
vt 0.682674766 0.846544087
vt 0.689696431 0.846465051
vt 0.688345194 0.848565042
vt 0.695345104 0.842038035
vt 0.697645843 0.841336727
vt 0.699954629 0.841146767
vt 0.704623759 0.841615081
vt 0.70226872 0.841049671
vt 0.706816792 0.84236598
vt 0.708858907 0.843404651
vt 0.71068728 0.844918132
vt 0.711957693 0.846845329
vt 0.714245319 0.855762601
vt 0.719226003 0.856055975
vt 0.713769138 0.858269215
vt 0.718892992 0.858690023
vt 0.701256931 0.868661225
vt 0.708287597 0.866063356
vt 0.712450981 0.860198021
vt 0.71044898 0.859194994
vt 0.713158011 0.858116984
vt 0.711291015 0.85741502
vt 0.711107016 0.862523019
vt 0.70934701 0.860823989
vt 0.709553003 0.863986015
vt 0.70796299 0.862272024
vt 0.707898021 0.865556002
vt 0.706359982 0.863479972
vt 0.705569029 0.866907001
vt 0.704424977 0.864602983
vt 0.703287005 0.867667019
vt 0.702780008 0.865307987
vt 0.70123899 0.868026018
vt 0.700814009 0.865736008
vt 0.71362102 0.855682015
vt 0.711766005 0.855503976
vt 0.713818014 0.853402019
vt 0.71191901 0.853550017
vt 0.71350801 0.851230025
vt 0.711727023 0.851607978
vt 0.712692022 0.849043012
vt 0.711157024 0.849736989
vt 0.711484015 0.847243011
vt 0.710269988 0.847986996
vt 0.710224986 0.845328987
vt 0.709102988 0.84641403
vt 0.708521008 0.843912005
vt 0.707652986 0.845091999
vt 0.706574023 0.842925012
vt 0.705964983 0.844066024
vt 0.704446971 0.842197001
vt 0.704105973 0.843364
vt 0.702201009 0.84166199
vt 0.702143013 0.842994988
vt 0.699985027 0.841751993
vt 0.700128973 0.842985988
vt 0.697755992 0.841935992
vt 0.698131979 0.843331993
vt 0.695587993 0.842598021
vt 0.696210027 0.844011009
vt 0.69354701 0.843796015
vt 0.694428027 0.845021009
vt 0.691699028 0.84513402
vt 0.692831993 0.846310973
vt 0.690182984 0.84683001
vt 0.691483974 0.847859979
vt 0.688887 0.848841012
vt 0.690414011 0.849609017
vt 0.68798703 0.851042986
vt 0.689664006 0.851512015
vt 0.687563002 0.85343802
vt 0.689238012 0.853501976
vt 0.687466025 0.855639994
vt 0.689146996 0.855517983
vt 0.687651992 0.857807994
vt 0.689399004 0.857502997
vt 0.688413024 0.860099971
vt 0.689942002 0.859408021
vt 0.689413011 0.862106025
vt 0.690811992 0.861160994
vt 0.690687001 0.863765001
vt 0.691959977 0.862708986
vt 0.692314029 0.865355015
vt 0.693379998 0.863973975
vt 0.694060028 0.86658901
vt 0.695019007 0.864943027
vt 0.696286023 0.867424011
vt 0.696857989 0.865539014
vt 0.698836029 0.867877007
vt 0.698814988 0.865818977
vt 0.726047039 0.853027165
vt 0.725263238 0.856396854
vt 0.725084603 0.859421432
vt 0.725580096 0.862724483
vt 0.727163076 0.850171328
vt 0.756207645 0.872349083
vt 0.758148134 0.870065749
vt 0.760205984 0.875940979
vt 0.762310982 0.873802006
vt 0.753788292 0.874720454
vt 0.757981002 0.878261983
vt 0.750762343 0.876324117
vt 0.755847991 0.880437016
vt 0.764512002 0.871706009
vt 0.759857357 0.867286384
vt 0.766543984 0.869771004
vt 0.761171579 0.86420238
vt 0.747961223 0.877281666
vt 0.75404799 0.882314026
vt 0.729075193 0.847243786
vt 0.733790159 0.843069136
vt 0.731345534 0.844789326
vt 0.736288905 0.841501474
vt 0.742636323 0.840043247
vt 0.739412665 0.840399921
vt 0.745887935 0.840244532
vt 0.751720905 0.841958463
vt 0.748908699 0.840653539
vt 0.755034328 0.843872607
vt 0.759145737 0.848836899
vt 0.757345617 0.846221805
vt 0.760483384 0.851558268
vt 0.761317253 0.854648948
vt 0.761847377 0.858063221
vt 0.761650443 0.861090779
vt 0.728140295 0.868419528
vt 0.726634204 0.865775704
vt 0.735464513 0.875011384
vt 0.744627535 0.877546966
vt 0.738484979 0.875545025
vt 0.739166975 0.873982012
vt 0.741568983 0.876396
vt 0.741903007 0.874615014
vt 0.735813975 0.874329984
vt 0.73654598 0.872910023
vt 0.733133018 0.872717023
vt 0.734142005 0.871390998
vt 0.730880022 0.870536029
vt 0.732006013 0.869509995
vt 0.728779018 0.867995977
vt 0.730220973 0.867300987
vt 0.744629979 0.876761019
vt 0.744675994 0.874758005
vt 0.747790992 0.876519024
vt 0.747384012 0.87440002
vt 0.750447989 0.875608027
vt 0.749679983 0.873674989
vt 0.753332019 0.874082029
vt 0.752305984 0.872294009
vt 0.755644023 0.871802986
vt 0.754405022 0.870577991
vt 0.757525027 0.869589984
vt 0.756197989 0.868498981
vt 0.759176016 0.866916001
vt 0.757673979 0.866158009
vt 0.760424018 0.863978982
vt 0.758701026 0.863569975
vt 0.760882974 0.861000001
vt 0.759284973 0.860831022
vt 0.761076987 0.858093977
vt 0.759416997 0.858030975
vt 0.760560989 0.854807019
vt 0.759041011 0.855250001
vt 0.759759009 0.851827979
vt 0.75822401 0.852563024
vt 0.758485019 0.849222004
vt 0.756924987 0.850071013
vt 0.756754994 0.846706986
vt 0.75523001 0.847828984
vt 0.754568994 0.844476998
vt 0.75317502 0.84591198
vt 0.751370013 0.842640996
vt 0.750810981 0.844394028
vt 0.748695016 0.841391981
vt 0.748232007 0.843300998
vt 0.745817006 0.840996981
vt 0.745500028 0.842692018
vt 0.742658019 0.84079802
vt 0.742708981 0.842562973
vt 0.739584029 0.841135979
vt 0.739947021 0.842939019
vt 0.736618996 0.842182994
vt 0.737298012 0.843796015
vt 0.734206021 0.843695998
vt 0.734844983 0.845120013
vt 0.731845021 0.845355988
vt 0.732648015 0.846841991
vt 0.729672015 0.847703993
vt 0.730786026 0.848928988
vt 0.727836013 0.850511014
vt 0.729291975 0.851298988
vt 0.726768017 0.853244007
vt 0.728233993 0.853893995
vt 0.726011992 0.85650003
vt 0.727636993 0.856630981
vt 0.725843012 0.859386027
vt 0.727532983 0.859423995
vt 0.726315975 0.862549007
vt 0.727937996 0.862183988
vt 0.727333009 0.865471005
vt 0.728845 0.864834011
vt 0.75996387 0.884434581
vt 0.758878171 0.887301028
vt 0.76148963 0.881519496
vt 0.763746321 0.879049599
vt 0.766141832 0.876884639
vt 0.768974781 0.875221133
vt 0.771867275 0.874134481
vt 0.758337319 0.890513778
vt 0.774965167 0.873454571
vt 0.778084099 0.873620629
vt 0.781210303 0.874231577
vt 0.784289896 0.875314295
vt 0.789395392 0.879238725
vt 0.78696686 0.877033412
vt 0.791430116 0.881730974
vt 0.793015599 0.884771168
vt 0.793964565 0.887750387
vt 0.794445455 0.891111016
vt 0.79441154 0.894320369
vt 0.79388845 0.897551894
vt 0.792976618 0.90056777
vt 0.791226566 0.903529882
vt 0.7894063 0.905687988
vt 0.786461771 0.90802151
vt 0.780219197 0.910728872
vt 0.783488572 0.909725785
vt 0.777376056 0.911055624
vt 0.774289548 0.911221147
vt 0.771121919 0.910675347
vt 0.758740544 0.897005379
vt 0.75814867 0.893666387
vt 0.762930095 0.905778527
vt 0.765152276 0.907888889
vt 0.768034935 0.909478962
vt 0.775039971 0.874327004
vt 0.775182009 0.876416981
vt 0.772117019 0.874965012
vt 0.772547007 0.876833975
vt 0.769348979 0.876007974
vt 0.770027995 0.877732992
vt 0.766647995 0.877593994
vt 0.76769799 0.879083991
vt 0.764346004 0.879674017
vt 0.765617013 0.880834997
vt 0.777984023 0.874484003
vt 0.777849019 0.876443982
vt 0.780988991 0.875075996
vt 0.780480981 0.876973987
vt 0.783913016 0.876106024
vt 0.782985985 0.877978027
vt 0.786439002 0.877735972
vt 0.785279989 0.879431009
vt 0.788762987 0.87984997
vt 0.787295997 0.881268024
vt 0.790691018 0.882224977
vt 0.788945973 0.883449972
vt 0.760742009 0.884801984
vt 0.762198985 0.882036984
vt 0.762466013 0.885335982
vt 0.763863027 0.882946014
vt 0.762198985 0.882036984
vt 0.75996387 0.884434581
vt 0.76148963 0.881519496
vt 0.763746321 0.879049599
vt 0.762198985 0.882036984
vt 0.76148963 0.881519496
vt 0.759709001 0.887539029
vt 0.761492014 0.887947977
vt 0.759194016 0.890618026
vt 0.760972977 0.890706003
vt 0.759015024 0.893617988
vt 0.760892987 0.893530011
vt 0.759581983 0.896813989
vt 0.761295021 0.896329999
vt 0.760393023 0.899896979
vt 0.762179017 0.898998022
vt 0.761774004 0.90269798
vt 0.763469994 0.901466012
vt 0.763576984 0.905183017
vt 0.765154004 0.903653026
vt 0.765654027 0.907163024
vt 0.76718998 0.905463994
vt 0.768387973 0.908675015
vt 0.769469976 0.906877995
vt 0.771348 0.90982002
vt 0.771956027 0.907773972
vt 0.774336994 0.910329998
vt 0.774550021 0.908182979
vt 0.77730298 0.910152018
vt 0.777180016 0.908056021
vt 0.780043006 0.909842014
vt 0.77977401 0.90753597
vt 0.783133984 0.908895016
vt 0.782271028 0.906661987
vt 0.785951018 0.907257974
vt 0.784618974 0.905104995
vt 0.788775027 0.905023992
vt 0.786867976 0.903276026
vt 0.790494025 0.902997017
vt 0.788528025 0.90130198
vt 0.792155027 0.90020299
vt 0.789968014 0.899155974
vt 0.793009996 0.897347987
vt 0.790772021 0.896664977
vt 0.793513 0.894239008
vt 0.79132098 0.893975019
vt 0.793546975 0.891169012
vt 0.791408002 0.891225994
vt 0.793089986 0.887952983
vt 0.791034997 0.888499975
vt 0.792194009 0.885116994
vt 0.790205002 0.885883987
vt 0.270401001 0.130761981
vt 0.270401001 0.142558992
vt 0.263058007 0.130761981
vt 0.263058007 0.142558992
vt 0.255070984 0.142558992
vt 0.255070984 0.130761981
vt 0.475531995 0.142558992
vt 0.475531995 0.125406981
vt 0.482264996 0.142558992
vt 0.482264996 0.125406981
vt 0.466517001 0.142558992
vt 0.466517001 0.125406981
vt 0.278127998 0.130761981
vt 0.278127998 0.142558992
vt 0.282506019 0.142558992
vt 0.282506019 0.130761981
vt 0.286624998 0.142558992
vt 0.286624998 0.130761981
vt 0.290660024 0.142558992
vt 0.290660024 0.130761981
vt 0.294844985 0.142558992
vt 0.294844985 0.130761981
vt 0.299212992 0.142558992
vt 0.299212992 0.130761981
vt 0.303608 0.142558992
vt 0.303608 0.130761981
vt 0.308087021 0.142558992
vt 0.308087021 0.130761981
vt 0.311741978 0.142558992
vt 0.311741978 0.130761981
vt 0.315622985 0.130761981
vt 0.315622985 0.142558992
vt 0.319711 0.142558992
vt 0.319711 0.130761981
vt 0.326195985 0.130761981
vt 0.326195985 0.142558992
vt 0.331521988 0.142558992
vt 0.331521988 0.130761981
vt 0.348242998 0.130761981
vt 0.348242998 0.142558992
vt 0.33821398 0.130761981
vt 0.33821398 0.142558992
vt 0.354282022 0.130761981
vt 0.354282022 0.142558992
vt 0.35898301 0.142558992
vt 0.35898301 0.130761981
vt 0.365525991 0.142558992
vt 0.365525991 0.130761981
vt 0.371100992 0.142558992
vt 0.371100992 0.130761981
vt 0.376058012 0.142558992
vt 0.376058012 0.130761981
vt 0.385621995 0.142558992
vt 0.385621995 0.125406981
vt 0.392362982 0.142558992
vt 0.392362982 0.125406981
vt 0.40040502 0.142558992
vt 0.40040502 0.125406981
vt 0.409720033 0.125406981
vt 0.409720033 0.142558992
vt 0.419027984 0.125406981
vt 0.419027984 0.142558992
vt 0.426936001 0.125406981
vt 0.426936001 0.142558992
vt 0.434522986 0.125406981
vt 0.434522986 0.142558992
vt 0.441677988 0.125406981
vt 0.441677988 0.142558992
vt 0.450774997 0.142558992
vt 0.450774997 0.125406981
vt 0.458479971 0.142558992
vt 0.458479971 0.125406981
vt 0.236419991 0.954945028
vt 0.239554003 0.95421505
vt 0.238474995 0.961187005
vt 0.2412 0.961088955
vt 0.233188987 0.949500978
vt 0.235875994 0.947655976
vt 0.229806006 0.941851974
vt 0.227527007 0.944830954
vt 0.223514989 0.93900305
vt 0.221852005 0.94224298
vt 0.213744 0.938055933
vt 0.21340701 0.941412032
vt 0.206046 0.938162029
vt 0.206168994 0.941280007
vt 0.197908998 0.941498995
vt 0.197889999 0.938308001
vt 0.188629001 0.941555977
vt 0.188044995 0.938424051
vt 0.182241008 0.941816032
vt 0.180807993 0.938620985
vt 0.176981002 0.944787979
vt 0.174099997 0.941511035
vt 0.168493003 0.946221948
vt 0.173273996 0.949640989
vt 0.170865998 0.955678046
vt 0.163727999 0.952813983
vt 0.169978008 0.963353992
vt 0.161164999 0.961295009
vt 0.162024006 0.968716025
vt 0.170343012 0.969100952
vt 0.165197 0.97559005
vt 0.171379 0.974859953
vt 0.168467999 0.979620993
vt 0.173420995 0.978712976
vt 0.179095998 0.984142959
vt 0.176641002 0.98656702
vt 0.175978005 0.981809974
vt 0.172300994 0.983330965
vt 0.182436004 0.985553026
vt 0.180807993 0.988332987
vt 0.241036013 0.964696944
vt 0.238645002 0.964630008
vt 0.238182008 0.967971981
vt 0.240146995 0.968608022
vt 0.237097993 0.971553981
vt 0.238935009 0.972299039
vt 0.235252008 0.974991977
vt 0.237039983 0.976116002
vt 0.232792988 0.977966011
vt 0.234517992 0.979520023
vt 0.229660004 0.980701923
vt 0.231472 0.982695997
vt 0.227825001 0.985512018
vt 0.226309001 0.983420014
vt 0.224822 0.987223029
vt 0.223692998 0.984853983
vt 0.220717996 0.98863095
vt 0.219903007 0.986059964
vt 0.216526002 0.989576936
vt 0.216262981 0.986961007
vt 0.209829003 0.989962041
vt 0.210097998 0.987267971
vt 0.204934016 0.987215996
vt 0.204628006 0.99000001
vt 0.197914004 0.986800015
vt 0.197497994 0.989759982
vt 0.187586993 0.986600995
vt 0.187001005 0.98934406
vt 0.177756011 0.973057985
vt 0.178219989 0.97627002
vt 0.179468006 0.978425026
vt 0.180993989 0.980365992
vt 0.183541998 0.981795967
vt 0.187489003 0.98250705
vt 0.197159991 0.98230499
vt 0.204629004 0.982273996
vt 0.17746 0.968492985
vt 0.177398995 0.963430941
vt 0.177919999 0.958016038
vt 0.179156005 0.953487039
vt 0.181137994 0.950238943
vt 0.184068993 0.948126972
vt 0.190514997 0.948083997
vt 0.198286995 0.948013961
vt 0.206001997 0.947912991
vt 0.212985009 0.948125005
vt 0.22009699 0.948746979
vt 0.224753007 0.948728025
vt 0.225994989 0.952836037
vt 0.227334008 0.957201004
vt 0.228812993 0.961155951
vt 0.229508013 0.964442015
vt 0.229665995 0.967448056
vt 0.229302004 0.970409989
vt 0.22848101 0.973298073
vt 0.210171998 0.98217696
vt 0.215569988 0.982155979
vt 0.219230011 0.981911063
vt 0.221662015 0.981276929
vt 0.223199993 0.980041981
vt 0.225219995 0.978148997
vt 0.227232009 0.975870967
vt 0.184937 0.97654599
vt 0.195564002 0.97726202
vt 0.203531995 0.97714901
vt 0.216587007 0.977775991
vt 0.210009009 0.977245033
vt 0.220235005 0.979215026
vt 0.221536011 0.977382004
vt 0.222394988 0.975442946
vt 0.185064003 0.972411036
vt 0.185039997 0.968105972
vt 0.185128003 0.963137984
vt 0.185123995 0.958232045
vt 0.184922993 0.953467965
vt 0.191633999 0.953294992
vt 0.198963001 0.95321101
vt 0.206159011 0.953108013
vt 0.213149995 0.953045011
vt 0.220130011 0.953309
vt 0.22053501 0.95738399
vt 0.221496001 0.961359978
vt 0.222371995 0.964695036
vt 0.223005012 0.967578053
vt 0.222800002 0.973170996
vt 0.22315301 0.970378995
vt 0.192411005 0.958142996
vt 0.199797004 0.958009005
vt 0.206968993 0.957828045
vt 0.213854998 0.957540035
vt 0.200688004 0.962724984
vt 0.20806399 0.96243602
vt 0.201723993 0.967505932
vt 0.209910005 0.967275023
vt 0.216084003 0.967879951
vt 0.216463983 0.970494032
vt 0.217044994 0.973692
vt 0.219789997 0.975261033
vt 0.215414986 0.96547997
vt 0.214752004 0.961755931
vt 0.219460011 0.976765037
vt 0.210727006 0.972140014
vt 0.202495992 0.972346961
vt 0.194373995 0.972545981
vt 0.193627 0.96774298
vt 0.193043992 0.962957978
vt 0.213286012 0.968502998
vt 0.213525996 0.970388949
vt 0.674210012 0.758671999
vt 0.674210012 0.745359004
vt 0.676079988 0.758671999
vt 0.676079988 0.745359004
vt 0.740745008 0.745359004
vt 0.740745008 0.758671999
vt 0.738910019 0.745359004
vt 0.738910019 0.758671999
vt 0.737056017 0.758671999
vt 0.737056017 0.745359004
vt 0.735225022 0.758671999
vt 0.735225022 0.745359004
vt 0.733371019 0.758671999
vt 0.733371019 0.745359004
vt 0.731517017 0.758671999
vt 0.731517017 0.745359004
vt 0.729671001 0.758671999
vt 0.729671001 0.745359004
vt 0.727816999 0.758671999
vt 0.727816999 0.745359004
vt 0.725983024 0.758671999
vt 0.725983024 0.745359004
vt 0.724129021 0.758671999
vt 0.724129021 0.745359004
vt 0.722275019 0.758671999
vt 0.722275019 0.745359004
vt 0.72043699 0.758671999
vt 0.72043699 0.745359004
vt 0.718582988 0.758671999
vt 0.718582988 0.745359004
vt 0.716741979 0.758671999
vt 0.716741979 0.745359004
vt 0.714887977 0.758671999
vt 0.714887977 0.745359004
vt 0.713033974 0.758671999
vt 0.713033974 0.745359004
vt 0.711202025 0.758671999
vt 0.711202025 0.745359004
vt 0.709348023 0.758671999
vt 0.709348023 0.745359004
vt 0.707495987 0.758671999
vt 0.707495987 0.745359004
vt 0.705641985 0.758671999
vt 0.705641985 0.745359004
vt 0.703787982 0.758671999
vt 0.703787982 0.745359004
vt 0.701956987 0.758671999
vt 0.701956987 0.745359004
vt 0.700102985 0.758671999
vt 0.700102985 0.745359004
vt 0.698249042 0.758671999
vt 0.698249042 0.745359004
vt 0.696402967 0.758671999
vt 0.696402967 0.745359004
vt 0.694549024 0.758671999
vt 0.694549024 0.745359004
vt 0.692714989 0.758671999
vt 0.692714989 0.745359004
vt 0.690860987 0.758671999
vt 0.690860987 0.745359004
vt 0.689006031 0.758671999
vt 0.689006031 0.745359004
vt 0.687169015 0.758671999
vt 0.687169015 0.745359004
vt 0.685315013 0.758671999
vt 0.685315013 0.745359004
vt 0.683474004 0.758671999
vt 0.683474004 0.745359004
vt 0.681620002 0.758671999
vt 0.681620002 0.745359004
vt 0.679765999 0.758671999
vt 0.679765999 0.745359004
vt 0.677933991 0.758671999
vt 0.677933991 0.745359004
vt 0.89499402 0.878376961
vt 0.894109011 0.874074042
vt 0.904980958 0.876507998
vt 0.904395044 0.872200012
vt 0.914771974 0.872196019
vt 0.914486051 0.876817942
vt 0.924979985 0.874070048
vt 0.923795044 0.878809988
vt 0.934692979 0.877653003
vt 0.932388008 0.882084966
vt 0.940695047 0.886650026
vt 0.943559945 0.882869065
vt 0.948337972 0.892796993
vt 0.951620042 0.889703989
vt 0.954288006 0.900055945
vt 0.958103001 0.897650957
vt 0.961475015 0.917384982
vt 0.966358006 0.916526973
vt 0.963024974 0.926690996
vt 0.967880964 0.926633
vt 0.958611012 0.908591986
vt 0.96311599 0.906771958
vt 0.967737973 0.936892986
vt 0.963234007 0.936465025
vt 0.965812027 0.946984947
vt 0.961333036 0.945387959
vt 0.957895041 0.953973055
vt 0.962138951 0.956559002
vt 0.952842951 0.96203202
vt 0.956919014 0.965354025
vt 0.950213969 0.973096013
vt 0.946919024 0.969284952
vt 0.939536989 0.975374043
vt 0.942336023 0.979555964
vt 0.933533967 0.984661043
vt 0.931724012 0.980283022
vt 0.923963964 0.988159001
vt 0.923079014 0.983258009
vt 0.913861036 0.984723032
vt 0.913926005 0.989942014
vt 0.903744042 0.99000001
vt 0.904694021 0.984933019
vt 0.895475984 0.983595014
vt 0.893692017 0.988313973
vt 0.884070992 0.984859943
vt 0.886505008 0.980259001
vt 0.87519002 0.979769051
vt 0.878080964 0.975400984
vt 0.867325962 0.973170042
vt 0.870998025 0.969501972
vt 0.864955962 0.962169051
vt 0.860828996 0.965257049
vt 0.855790019 0.956363976
vt 0.860216975 0.953916013
vt 0.852313936 0.946730971
vt 0.857013941 0.945550978
vt 0.850569069 0.936625004
vt 0.855321944 0.935930967
vt 0.855425954 0.926769018
vt 0.850596011 0.926361024
vt 0.85236603 0.916248024
vt 0.856728017 0.917448997
vt 0.855882049 0.906575024
vt 0.860061049 0.908340037
vt 0.864944041 0.900126934
vt 0.861011982 0.89764297
vt 0.867600024 0.889703989
vt 0.870984972 0.892640054
vt 0.877820969 0.886379004
vt 0.875437975 0.882972002
vt 0.886219025 0.881553054
vt 0.884370029 0.877707005
vt 0.908978045 0.930353999
vt 0.674210012 0.712864041
vt 0.674210012 0.699847043
vt 0.676060975 0.712864041
vt 0.676060975 0.699847043
vt 0.740720034 0.699847043
vt 0.740720034 0.712864041
vt 0.738866985 0.699847043
vt 0.738866985 0.712864041
vt 0.677914023 0.712864041
vt 0.677914023 0.699847043
vt 0.679745018 0.712864041
vt 0.679745018 0.699847043
vt 0.681598008 0.712864041
vt 0.681598008 0.699847043
vt 0.683450997 0.712864041
vt 0.683450997 0.699847043
vt 0.685295999 0.712864041
vt 0.685295999 0.699847043
vt 0.687149048 0.712864041
vt 0.687149048 0.699847043
vt 0.688983977 0.712864041
vt 0.688983977 0.699847043
vt 0.690837026 0.712864041
vt 0.690837026 0.699847043
vt 0.692690015 0.712864041
vt 0.692690015 0.699847043
vt 0.69452703 0.712864041
vt 0.69452703 0.699847043
vt 0.69637996 0.712864041
vt 0.69637996 0.699847043
vt 0.698220968 0.712864041
vt 0.698220968 0.699847043
vt 0.700074017 0.712864041
vt 0.700074017 0.699847043
vt 0.701927006 0.712864041
vt 0.701927006 0.699847043
vt 0.703758955 0.712864041
vt 0.703758955 0.699847043
vt 0.705612004 0.712864041
vt 0.705612004 0.699847043
vt 0.707464039 0.712864041
vt 0.707464039 0.699847043
vt 0.709316969 0.712864041
vt 0.709316969 0.699847043
vt 0.711170018 0.712864041
vt 0.711170018 0.699847043
vt 0.713000953 0.712864041
vt 0.713000953 0.699847043
vt 0.714854002 0.712864041
vt 0.714854002 0.699847043
vt 0.716706991 0.712864041
vt 0.716706991 0.699847043
vt 0.718551993 0.712864041
vt 0.718551993 0.699847043
vt 0.720404983 0.712864041
vt 0.720404983 0.699847043
vt 0.722239971 0.712864041
vt 0.722239971 0.699847043
vt 0.72409302 0.712864041
vt 0.72409302 0.699847043
vt 0.725946009 0.712864041
vt 0.725946009 0.699847043
vt 0.727782011 0.712864041
vt 0.727782011 0.699847043
vt 0.729635 0.712864041
vt 0.729635 0.699847043
vt 0.731475949 0.712864041
vt 0.731475949 0.699847043
vt 0.733328998 0.712864041
vt 0.733328998 0.699847043
vt 0.735181987 0.712864041
vt 0.735181987 0.699847043
vt 0.737013996 0.712864041
vt 0.737013996 0.699847043
vt 0.803627968 0.352548003
vt 0.801858008 0.362300992
vt 0.799717009 0.352053046
vt 0.797891021 0.362390995
vt 0.80212301 0.372352004
vt 0.797917008 0.372821987
vt 0.799700022 0.383092999
vt 0.804018021 0.381947041
vt 0.803285003 0.392858028
vt 0.806901991 0.390801013
vt 0.803249002 0.342314005
vt 0.806932986 0.344069958
vt 0.811474979 0.335491002
vt 0.80843699 0.333446026
vt 0.81508702 0.325490952
vt 0.817997992 0.328121006
vt 0.825020969 0.322210014
vt 0.823063016 0.31882596
vt 0.832045019 0.313709021
vt 0.833317995 0.317550004
vt 0.84227401 0.31479001
vt 0.841715991 0.310348034
vt 0.85184598 0.308632016
vt 0.851767957 0.312847972
vt 0.861817956 0.313238978
vt 0.862146974 0.308748007
vt 0.870994031 0.315127969
vt 0.872245014 0.310778022
vt 0.881712019 0.314592957
vt 0.879787028 0.319188952
vt 0.890379012 0.319905996
vt 0.887154996 0.323616028
vt 0.898020029 0.326597989
vt 0.894511998 0.330178022
vt 0.904403031 0.334475994
vt 0.900473058 0.337378025
vt 0.909325004 0.343329012
vt 0.904669046 0.345178008
vt 0.912567973 0.352898955
vt 0.907516003 0.353770018
vt 0.914084971 0.362899005
vt 0.909049988 0.363054037
vt 0.909399986 0.372337997
vt 0.914046943 0.372976005
vt 0.907513976 0.381556988
vt 0.912336051 0.382884979
vt 0.909013987 0.392349958
vt 0.904736996 0.390020013
vt 0.904107034 0.401125014
vt 0.89991796 0.398157001
vt 0.894171953 0.405344009
vt 0.897786021 0.408951044
vt 0.890186012 0.415578008
vt 0.887037039 0.41148901
vt 0.879076004 0.416242003
vt 0.881533027 0.420799971
vt 0.872079015 0.42444396
vt 0.870595038 0.419574976
vt 0.86183095 0.421360016
vt 0.862099051 0.426398039
vt 0.851886034 0.421658039
vt 0.851891041 0.426566958
vt 0.843173027 0.420525968
vt 0.841778994 0.424941003
vt 0.832045019 0.421516001
vt 0.833666027 0.417178988
vt 0.825571001 0.412804961
vt 0.823112965 0.41642499
vt 0.815174997 0.409785032
vt 0.818341017 0.406399012
vt 0.808502018 0.401856005
vt 0.812086999 0.399082005
vt 0.856051981 0.369058013
vt 0.653515995 0.687368035
vt 0.649016023 0.687368035
vt 0.653515995 0.681154013
vt 0.649016023 0.681154013
vt 0.797891021 0.287750959
vt 0.797891021 0.282649994
vt 0.803719997 0.287750959
vt 0.803719997 0.282649994
vt 0.653515995 0.803421021
vt 0.653515995 0.809060037
vt 0.649016023 0.803421021
vt 0.649016023 0.809060037
vt 0.653515995 0.796781003
vt 0.649016023 0.796781003
vt 0.653515995 0.722554028
vt 0.649016023 0.722554028
vt 0.653515995 0.717491984
vt 0.649016023 0.717491984
vt 0.653515995 0.712249994
vt 0.649016023 0.712249994
vt 0.653515995 0.703491986
vt 0.649016023 0.703491986
vt 0.649016023 0.779018998
vt 0.649016023 0.773899972
vt 0.653515995 0.779018998
vt 0.653515995 0.773899972
vt 0.653515995 0.787764013
vt 0.649016023 0.787764013
vt 0.649016023 0.747804999
vt 0.649016023 0.736317992
vt 0.653515995 0.747804999
vt 0.653515995 0.736317992
vt 0.891788006 0.282649994
vt 0.90022099 0.282649994
vt 0.891788006 0.287750959
vt 0.90022099 0.287750959
vt 0.881172001 0.282649994
vt 0.886479974 0.282649994
vt 0.881172001 0.287750959
vt 0.886479974 0.287750959
vt 0.830161035 0.287750959
vt 0.822447002 0.287750959
vt 0.830161035 0.282649994
vt 0.822447002 0.282649994
vt 0.839525998 0.287750959
vt 0.839525998 0.282649994
vt 0.844987988 0.287750959
vt 0.844987988 0.282649994
vt 0.855758965 0.287750959
vt 0.855758965 0.282649994
vt 0.865988016 0.287750959
vt 0.865988016 0.282649994
vt 0.871030986 0.287750959
vt 0.871030986 0.282649994
vt 0.665309012 0.754854977
vt 0.665309012 0.761964977
vt 0.653515995 0.754854977
vt 0.653515995 0.761964977
vt 0.665309012 0.747804999
vt 0.665309012 0.736317992
vt 0.653515995 0.727150977
vt 0.665309012 0.727150977
vt 0.653515995 0.731625974
vt 0.665309012 0.731625974
vt 0.665309012 0.717491984
vt 0.665309012 0.712249994
vt 0.665309012 0.703491986
vt 0.665309012 0.693666041
vt 0.653515995 0.693666041
vt 0.665309012 0.687368035
vt 0.665309012 0.681154013
vt 0.797891021 0.300595999
vt 0.803719997 0.300595999
vt 0.81219101 0.300595999
vt 0.81219101 0.287750959
vt 0.817381024 0.300595999
vt 0.817381024 0.287750959
vt 0.822447002 0.300595999
vt 0.830161035 0.300595999
vt 0.839525998 0.300595999
vt 0.844987988 0.300595999
vt 0.855758965 0.300595999
vt 0.860916972 0.300595999
vt 0.860916972 0.287750959
vt 0.865988016 0.300595999
vt 0.881172001 0.300595999
vt 0.87608397 0.287750959
vt 0.87608397 0.300595999
vt 0.886479974 0.300595999
vt 0.90022099 0.300595999
vt 0.891788006 0.300595999
vt 0.90674901 0.287750959
vt 0.90674901 0.300595999
vt 0.665309012 0.796781003
vt 0.665309012 0.803421021
vt 0.665309012 0.809060037
vt 0.665309012 0.787764013
vt 0.665309012 0.779018998
vt 0.665309012 0.768375993
vt 0.665309012 0.773899972
vt 0.653515995 0.768375993
vt 0.649016023 0.693666041
vt 0.90674901 0.282649994
vt 0.649016023 0.768375993
vt 0.649016023 0.754854977
vt 0.649016023 0.761964977
vt 0.649016023 0.727150977
vt 0.649016023 0.731625974
vt 0.81219101 0.282649994
vt 0.817381024 0.282649994
vt 0.860916972 0.282649994
vt 0.87608397 0.282649994
vt 0.665309012 0.722554028
vt 0.871030986 0.300595999
vt 0.529375017 0.790516019
vt 0.528712034 0.797047973
vt 0.526318967 0.790279984
vt 0.525774002 0.796914995
vt 0.465858012 0.778800011
vt 0.464337975 0.784224033
vt 0.462860018 0.778362989
vt 0.461391985 0.784547031
vt 0.463904977 0.790094018
vt 0.472947985 0.790493011
vt 0.47309503 0.784583032
vt 0.487291008 0.784864962
vt 0.487219006 0.790594995
vt 0.480485022 0.784745038
vt 0.48040098 0.79055202
vt 0.493685991 0.785138011
vt 0.493624032 0.790720999
vt 0.505784988 0.790862024
vt 0.499781996 0.790858984
vt 0.505729973 0.785335004
vt 0.499752969 0.785347998
vt 0.518732011 0.790705979
vt 0.518662989 0.784774005
vt 0.52639401 0.784162998
vt 0.52551502 0.779254973
vt 0.51789397 0.779271007
vt 0.505477965 0.780135036
vt 0.499781996 0.780135989
vt 0.487745017 0.779097974
vt 0.49396801 0.779739022
vt 0.481089979 0.779051006
vt 0.474145025 0.778907001
vt 0.464864016 0.796741009
vt 0.473635018 0.796724975
vt 0.480875969 0.796472013
vt 0.499820024 0.796579003
vt 0.493741989 0.796389997
vt 0.505675018 0.796678007
vt 0.518185019 0.797150016
vt 0.523137987 0.806600988
vt 0.525704026 0.807700992
vt 0.487887025 0.822698057
vt 0.48722899 0.825370967
vt 0.483125001 0.820804
vt 0.480754018 0.823000014
vt 0.493887991 0.824096978
vt 0.493602008 0.826907992
vt 0.467100978 0.804274976
vt 0.475216001 0.803101003
vt 0.477632999 0.808954
vt 0.470708996 0.811581016
vt 0.481897026 0.802356958
vt 0.499853998 0.802299976
vt 0.494047016 0.802080989
vt 0.505424976 0.802560031
vt 0.516772032 0.804351985
vt 0.488883972 0.80755198
vt 0.483322024 0.807850957
vt 0.488085985 0.802069008
vt 0.494474024 0.807624996
vt 0.505197048 0.808251977
vt 0.499969006 0.807879984
vt 0.514950991 0.810645044
vt 0.519793987 0.814256966
vt 0.514352977 0.82121104
vt 0.515724003 0.823242009
vt 0.510975003 0.822946966
vt 0.512000978 0.825408995
vt 0.474495023 0.815346003
vt 0.480314016 0.813158035
vt 0.485175014 0.816483974
vt 0.482218981 0.815670967
vt 0.478410989 0.818785012
vt 0.495000988 0.818343043
vt 0.489541978 0.817505002
vt 0.501329005 0.818848014
vt 0.503920972 0.824823022
vt 0.512125969 0.817840993
vt 0.509581029 0.818274021
vt 0.513316989 0.815002978
vt 0.517089009 0.817725003
vt 0.484667003 0.812539041
vt 0.489537001 0.812658966
vt 0.494856 0.81300199
vt 0.511004031 0.803153992
vt 0.510172009 0.808995008
vt 0.511698008 0.796898007
vt 0.512008011 0.790829957
vt 0.511931002 0.785135031
vt 0.511388004 0.77978301
vt 0.505258977 0.813593984
vt 0.509564042 0.813970029
vt 0.505939007 0.818795979
vt 0.500357985 0.813345015
vt 0.522895992 0.771357
vt 0.525756955 0.770731032
vt 0.528497994 0.778855979
vt 0.518347979 0.762674034
vt 0.520565987 0.761188984
vt 0.520723999 0.767031014
vt 0.523297012 0.765883982
vt 0.516194999 0.773402989
vt 0.513841033 0.768347979
vt 0.509941995 0.762747049
vt 0.481441021 0.758175969
vt 0.477879971 0.760526001
vt 0.47962001 0.755985022
vt 0.475600988 0.758660972
vt 0.46893397 0.771880984
vt 0.475989997 0.773320973
vt 0.471533 0.767533958
vt 0.477760017 0.769134998
vt 0.47449103 0.763372004
vt 0.479100972 0.766530991
vt 0.481496006 0.765281975
vt 0.485637993 0.756608963
vt 0.484689027 0.763586998
vt 0.488287985 0.761985004
vt 0.503135026 0.760695994
vt 0.496804982 0.760345995
vt 0.504083991 0.754552007
vt 0.494537026 0.755056024
vt 0.508791029 0.755187988
vt 0.505025983 0.775427997
vt 0.510297 0.774720967
vt 0.499933004 0.775416017
vt 0.494639993 0.774654031
vt 0.488591015 0.772816002
vt 0.481937975 0.773515999
vt 0.481945992 0.768938005
vt 0.497081012 0.767572999
vt 0.497285008 0.764357984
vt 0.500717998 0.768206954
vt 0.501789987 0.765002966
vt 0.490101993 0.765856981
vt 0.486356974 0.767804027
vt 0.496064991 0.770679951
vt 0.494270027 0.767064035
vt 0.492254972 0.769095004
vt 0.504414022 0.771497011
vt 0.500280976 0.771450996
vt 0.508637011 0.770318985
vt 0.506021023 0.76672101
vt 0.52928704 0.784227967
vt 0.461204976 0.790516019
vt 0.462150991 0.797302008
vt 0.487488002 0.796349049
vt 0.518875957 0.819362998
vt 0.521939993 0.815454006
vt 0.471729994 0.816748023
vt 0.468527973 0.81301403
vt 0.476020992 0.82030499
vt 0.464452982 0.805242002
vt 0.504307985 0.827382982
vt 0.507597029 0.82456398
vt 0.508262038 0.826970994
vt 0.466243029 0.770612001
vt 0.472030997 0.762033999
vt 0.468895018 0.766110003
vt 0.514256954 0.757571995
vt 0.516062975 0.755693972
vt 0.507529974 0.751807988
vt 0.503220022 0.751335025
vt 0.493506014 0.751863003
vt 0.488674998 0.75265801
vt 0.490031987 0.755487025
vt 0.484024018 0.753993988
vt 0.492181987 0.760816991
vt 0.493468016 0.764530003
vt 0.503714025 0.768804967
vt 0.48181802 0.973967016
vt 0.48181802 0.961276948
vt 0.487599015 0.973967016
vt 0.487599015 0.961276948
vt 0.445418984 0.805814981
vt 0.44787699 0.81824398
vt 0.443122029 0.805972993
vt 0.445968986 0.819536984
vt 0.445466995 0.793109
vt 0.443200976 0.792255998
vt 0.399364978 0.811038017
vt 0.399419993 0.789608955
vt 0.418520033 0.808682978
vt 0.418575972 0.791060984
vt 0.421858996 0.826028049
vt 0.40339601 0.831665993
vt 0.385504991 0.647202969
vt 0.36470601 0.647202969
vt 0.385504991 0.623180985
vt 0.36470601 0.623180985
vt 0.40645501 0.623180985
vt 0.40645501 0.647202969
vt 0.597696006 0.462960958
vt 0.573792994 0.446037054
vt 0.604860008 0.454516053
vt 0.584043026 0.43364501
vt 0.56577003 0.460120022
vt 0.592279971 0.47261405
vt 0.55478102 0.432765007
vt 0.567798018 0.417218983
vt 0.544809997 0.450263023
vt 0.493356019 0.961276948
vt 0.493356019 0.973967016
vt 0.49911201 0.961276948
vt 0.49911201 0.973967016
vt 0.504868031 0.961276948
vt 0.504868031 0.973967016
vt 0.510624051 0.961276948
vt 0.510624051 0.973967016
vt 0.516379952 0.961276948
vt 0.516379952 0.973967016
vt 0.522136986 0.961276948
vt 0.522136986 0.973967016
vt 0.527893007 0.961276948
vt 0.527893007 0.973967016
vt 0.533649027 0.961276948
vt 0.533649027 0.973967016
vt 0.539404988 0.961276948
vt 0.539404988 0.973967016
vt 0.545161009 0.961276948
vt 0.545161009 0.973967016
vt 0.550918043 0.961276948
vt 0.550918043 0.973967016
vt 0.556674004 0.961276948
vt 0.556674004 0.973967016
vt 0.562429965 0.961276948
vt 0.562429965 0.973967016
vt 0.568185985 0.961276948
vt 0.568185985 0.973967016
vt 0.573942006 0.961276948
vt 0.573942006 0.973967016
vt 0.579698026 0.961276948
vt 0.579698026 0.973967016
vt 0.585455 0.961276948
vt 0.585455 0.973967016
vt 0.447908014 0.780638993
vt 0.446040004 0.779013991
vt 0.452639014 0.768854976
vt 0.451422989 0.766660035
vt 0.459343016 0.758031011
vt 0.459000975 0.755127013
vt 0.467802972 0.748468995
vt 0.468535006 0.745043993
vt 0.47775802 0.740438998
vt 0.479618996 0.736806989
vt 0.488962024 0.734245002
vt 0.491968006 0.730816007
vt 0.501079977 0.730086982
vt 0.505246997 0.727180004
vt 0.513723016 0.727962971
vt 0.518970966 0.725831032
vt 0.526556015 0.728089988
vt 0.532512009 0.726781011
vt 0.539206982 0.730111003
vt 0.545035005 0.729831994
vt 0.551301003 0.734314978
vt 0.556279004 0.734668016
vt 0.562472999 0.740529954
vt 0.566305995 0.740972042
vt 0.572421014 0.748522043
vt 0.575322986 0.748775005
vt 0.580881 0.758055985
vt 0.582924008 0.757631004
vt 0.587393045 0.768972993
vt 0.589047015 0.768227994
vt 0.592060983 0.780779958
vt 0.593777955 0.779999018
vt 0.594549 0.793195009
vt 0.596498013 0.79340297
vt 0.594581008 0.805814981
vt 0.596354008 0.807016969
vt 0.59225899 0.818202019
vt 0.59384197 0.819383979
vt 0.58770299 0.829953015
vt 0.589429021 0.83067596
vt 0.581048012 0.840662003
vt 0.583306015 0.840737998
vt 0.572492003 0.849982023
vt 0.575442016 0.849628031
vt 0.562584996 0.857901931
vt 0.567036986 0.857033968
vt 0.551413 0.863971949
vt 0.556787968 0.863475025
vt 0.539341986 0.86805898
vt 0.545361996 0.868224025
vt 0.526754975 0.870188951
vt 0.532400966 0.871376932
vt 0.513976991 0.870209932
vt 0.518549025 0.872291028
vt 0.501358032 0.868115067
vt 0.504921019 0.870779991
vt 0.489239991 0.864024997
vt 0.491824031 0.867057979
vt 0.47795698 0.858021021
vt 0.479420006 0.86114502
vt 0.467866987 0.850201964
vt 0.46815297 0.853057981
vt 0.459287018 0.840784013
vt 0.458564013 0.84313798
vt 0.452487975 0.830038965
vt 0.451097012 0.832069039
vt 0.343847007 0.647202969
vt 0.343847007 0.623180985
vt 0.322993994 0.647202969
vt 0.322993994 0.623180985
vt 0.302136004 0.647202969
vt 0.302136004 0.623180985
vt 0.281275988 0.647202969
vt 0.281275988 0.623180985
vt 0.260413975 0.647202969
vt 0.260413975 0.623180985
vt 0.239547998 0.647202969
vt 0.239547998 0.623180985
vt 0.218681008 0.647202969
vt 0.218681008 0.623180985
vt 0.197797 0.647202969
vt 0.197797 0.623180985
vt 0.176914006 0.647202969
vt 0.176914006 0.623180985
vt 0.156048998 0.647202969
vt 0.156048998 0.623180985
vt 0.135182992 0.647202969
vt 0.135182992 0.623180985
vt 0.114321999 0.647202969
vt 0.114321999 0.623180985
vt 0.0934560001 0.647202969
vt 0.0934560001 0.623180985
vt 0.0725999996 0.647202969
vt 0.0725999996 0.623180985
vt 0.0517340042 0.647202969
vt 0.0517340042 0.623180985
vt 0.0308769997 0.647202969
vt 0.0308769997 0.623180985
vt 0.00999999978 0.647202969
vt 0.00999999978 0.623180985
vt 0.761156976 0.647202969
vt 0.740278006 0.647202969
vt 0.761156976 0.623180985
vt 0.740278006 0.623180985
vt 0.719412029 0.647202969
vt 0.719412029 0.623180985
vt 0.698559999 0.647202969
vt 0.698559999 0.623180985
vt 0.67770803 0.647202969
vt 0.67770803 0.623180985
vt 0.656847 0.647202969
vt 0.656847 0.623180985
vt 0.635985017 0.647202969
vt 0.635985017 0.623180985
vt 0.61511898 0.647202969
vt 0.61511898 0.623180985
vt 0.594247997 0.647202969
vt 0.594247997 0.623180985
vt 0.573363006 0.647202969
vt 0.573363006 0.623180985
vt 0.552491009 0.647202969
vt 0.552491009 0.623180985
vt 0.531624973 0.647202969
vt 0.531624973 0.623180985
vt 0.510764003 0.647202969
vt 0.510764003 0.623180985
vt 0.489904016 0.647202969
vt 0.489904016 0.623180985
vt 0.469035983 0.647202969
vt 0.469035983 0.623180985
vt 0.448181003 0.647202969
vt 0.448181003 0.623180985
vt 0.427320033 0.647202969
vt 0.427320033 0.623180985
vt 0.411195993 0.851155937
vt 0.428339988 0.842457056
vt 0.422360003 0.869000971
vt 0.437683016 0.857333958
vt 0.43641898 0.884516001
vt 0.449427992 0.870292962
vt 0.452862024 0.897292018
vt 0.463199019 0.880990028
vt 0.471111 0.907019019
vt 0.478498012 0.889165998
vt 0.490639001 0.913501978
vt 0.494918019 0.894658029
vt 0.510883987 0.916707993
vt 0.511988997 0.897373021
vt 0.531334996 0.91654104
vt 0.529260039 0.897242963
vt 0.551476002 0.913020968
vt 0.546275973 0.894325018
vt 0.570774972 0.906242967
vt 0.56259197 0.888670981
vt 0.588729024 0.896333992
vt 0.577755988 0.880348027
vt 0.604815006 0.883492947
vt 0.591352999 0.869592011
vt 0.618515015 0.86799103
vt 0.602890015 0.856582046
vt 0.629360974 0.850257993
vt 0.611986995 0.841717005
vt 0.63688302 0.830753028
vt 0.618291974 0.825413942
vt 0.640739024 0.810117006
vt 0.621464968 0.808187962
vt 0.640684009 0.78906697
vt 0.621353984 0.790629029
vt 0.636835992 0.768414021
vt 0.618070006 0.773393035
vt 0.629408956 0.748822987
vt 0.611804008 0.757035971
vt 0.61867404 0.730886996
vt 0.602770984 0.742054999
vt 0.605014026 0.715126991
vt 0.59128201 0.728888988
vt 0.588864028 0.701951981
vt 0.577693045 0.717889011
vt 0.57070297 0.691792011
vt 0.562416971 0.709399998
vt 0.551078975 0.684891045
vt 0.545917988 0.703649044
vt 0.530596018 0.681420028
vt 0.528687 0.700816989
vt 0.509827018 0.681410968
vt 0.511218011 0.700812995
vt 0.489327967 0.684868038
vt 0.493979007 0.703722
vt 0.469679981 0.691770017
vt 0.477479994 0.709544003
vt 0.451471001 0.70193702
vt 0.462197036 0.718056023
vt 0.43523398 0.715095997
vt 0.448575974 0.729070008
vt 0.42148599 0.730904996
vt 0.437062979 0.742321014
vt 0.410656005 0.74891901
vt 0.42798999 0.757368028
vt 0.403181016 0.768675029
vt 0.421708018 0.773800969
vt 0.583334982 0.404127002
vt 0.596360028 0.423241973
vt 0.600868046 0.393988013
vt 0.610323012 0.415104032
vt 0.619872034 0.387081981
vt 0.625508964 0.40953505
vt 0.639822006 0.383560002
vt 0.641427994 0.406674027
vt 0.660058975 0.383578002
vt 0.657608986 0.406628013
vt 0.679960966 0.387122035
vt 0.67355299 0.409386039
vt 0.698933005 0.39407599
vt 0.688762963 0.414895058
vt 0.716403008 0.404240012
vt 0.702781975 0.42298305
vt 0.73191601 0.417237997
vt 0.715201974 0.433346033
vt 0.74485296 0.432765007
vt 0.725619018 0.445710003
vt 0.754911005 0.450278997
vt 0.733729005 0.459675968
vt 0.761798024 0.469264984
vt 0.739270985 0.474847019
vt 0.765184999 0.489184976
vt 0.742124975 0.490747988
vt 0.765154004 0.509347022
vt 0.742166042 0.506874979
vt 0.761631012 0.529183984
vt 0.739350975 0.522772014
vt 0.754680991 0.548129976
vt 0.733856022 0.537954032
vt 0.744526982 0.565593004
vt 0.725785017 0.551950991
vt 0.731525958 0.581044018
vt 0.715408981 0.564332008
vt 0.716093004 0.593999982
vt 0.703076005 0.574729979
vt 0.698607981 0.604043007
vt 0.689128995 0.582844019
vt 0.679634988 0.610864043
vt 0.673997045 0.588406026
vt 0.659749031 0.614377975
vt 0.65812701 0.59127003
vt 0.639568031 0.614345968
vt 0.641993046 0.59128499
vt 0.619728982 0.610767007
vt 0.626106024 0.588518977
vt 0.600772977 0.603893042
vt 0.610943019 0.583002985
vt 0.583287001 0.593774974
vt 0.59691602 0.575013995
vt 0.567813993 0.580808997
vt 0.584520042 0.56467098
vt 0.554876983 0.565329969
vt 0.574102998 0.552347004
vt 0.544809997 0.547856033
vt 0.565976977 0.538406968
vt 0.537931979 0.528897047
vt 0.560434997 0.523253977
vt 0.53450501 0.509027958
vt 0.557587981 0.507367015
vt 0.534497023 0.488898993
vt 0.557556033 0.491250038
vt 0.538035989 0.469116986
vt 0.560299993 0.475342035
vt 0.588479996 0.483044028
vt 0.586483955 0.493954003
vt 0.586508036 0.505039036
vt 0.588487029 0.515938997
vt 0.592343986 0.526318967
vt 0.597934008 0.535874009
vt 0.605138004 0.544283032
vt 0.613701999 0.551295042
vt 0.623323023 0.556760967
vt 0.633747041 0.560479999
vt 0.64467299 0.562254012
vt 0.655749023 0.562120974
vt 0.666658998 0.560229003
vt 0.677035034 0.556387007
vt 0.686528981 0.550679982
vt 0.694997013 0.543537021
vt 0.702145994 0.535079956
vt 0.707607985 0.525449038
vt 0.711385012 0.515031993
vt 0.713190019 0.504103005
vt 0.71301502 0.493021011
vt 0.71112299 0.482097983
vt 0.707441032 0.471643031
vt 0.701883018 0.462049961
vt 0.694648027 0.453649998
vt 0.686043978 0.446650028
vt 0.676399052 0.441174984
vt 0.665959001 0.437409997
vt 0.655025959 0.435500979
vt 0.643932998 0.435529947
vt 0.633031964 0.437545061
vt 0.622686982 0.441516995
vt 0.613247991 0.447290003
vt 0.343847007 0.671636999
vt 0.322993994 0.671636999
vt 0.302136004 0.671636999
vt 0.281275988 0.671636999
vt 0.260413975 0.671636999
vt 0.239547998 0.671636999
vt 0.218681008 0.671636999
vt 0.197797 0.671636999
vt 0.176914006 0.671636999
vt 0.156048998 0.671636999
vt 0.135182992 0.671636999
vt 0.114321999 0.671636999
vt 0.0934560001 0.671636999
vt 0.0725999996 0.671636999
vt 0.0517340042 0.671636999
vt 0.0308769997 0.671636999
vt 0.00999999978 0.671636999
vt 0.761156976 0.671636999
vt 0.740278006 0.671636999
vt 0.719412029 0.671636999
vt 0.698559999 0.671636999
vt 0.67770803 0.671636999
vt 0.656847 0.671636999
vt 0.635985017 0.671636999
vt 0.61511898 0.671636999
vt 0.594247997 0.671636999
vt 0.573363006 0.671636999
vt 0.552491009 0.671636999
vt 0.531624973 0.671636999
vt 0.510764003 0.671636999
vt 0.489904016 0.671636999
vt 0.469035983 0.671636999
vt 0.448181003 0.671636999
vt 0.427320033 0.671636999
vt 0.40645501 0.671636999
vt 0.385504991 0.671636999
vt 0.36470601 0.671636999
vt 0.649475992 0.497791052
vt 0.48181802 0.94402802
vt 0.487599015 0.94402802
vt 0.585455 0.94402802
vt 0.579698026 0.94402802
vt 0.573942006 0.94402802
vt 0.568185985 0.94402802
vt 0.562429965 0.94402802
vt 0.556674004 0.94402802
vt 0.550918043 0.94402802
vt 0.545161009 0.94402802
vt 0.539404988 0.94402802
vt 0.533649027 0.94402802
vt 0.527893007 0.94402802
vt 0.522136986 0.94402802
vt 0.516379952 0.94402802
vt 0.510624051 0.94402802
vt 0.504868031 0.94402802
vt 0.49911201 0.94402802
vt 0.493356019 0.94402802
vt 0.374430001 0.938724995
vt 0.374430001 0.940675974
vt 0.374170005 0.938724995
vt 0.374170005 0.940675974
vt 0.374170005 0.936759949
vt 0.374430001 0.936759949
vt 0.669628978 0.295612991
vt 0.672975004 0.295612991
vt 0.669628978 0.305789948
vt 0.672975004 0.305789948
vt 0.266523004 0.853851974
vt 0.269896001 0.853851974
vt 0.266523004 0.86402899
vt 0.269896001 0.86402899
vt 0.233384013 0.0389729738
vt 0.246074006 0.0389729738
vt 0.233384013 0.0447049737
vt 0.246074006 0.0447049737
vt 0.233384013 0.136803031
vt 0.246074006 0.136803031
vt 0.233384013 0.142558992
vt 0.246074006 0.142558992
vt 0.233384013 0.13104701
vt 0.246074006 0.13104701
vt 0.233384013 0.12529099
vt 0.246074006 0.12529099
vt 0.233384013 0.119534969
vt 0.246074006 0.119534969
vt 0.233384013 0.113779008
vt 0.246074006 0.113779008
vt 0.233384013 0.108021975
vt 0.246074006 0.108021975
vt 0.233384013 0.102266014
vt 0.246074006 0.102266014
vt 0.233384013 0.0965099931
vt 0.246074006 0.0965099931
vt 0.233384013 0.0907539725
vt 0.246074006 0.0907539725
vt 0.233384013 0.0849980116
vt 0.246074006 0.0849980116
vt 0.233384013 0.079241991
vt 0.246074006 0.079241991
vt 0.233384013 0.0734850168
vt 0.246074006 0.0734850168
vt 0.233384013 0.0677289963
vt 0.246074006 0.0677289963
vt 0.233384013 0.0619729757
vt 0.246074006 0.0619729757
vt 0.233384013 0.0562170148
vt 0.246074006 0.0562170148
vt 0.233384013 0.0504609942
vt 0.246074006 0.0504609942
vt 0.676333964 0.295612991
vt 0.676333964 0.305789948
vt 0.679693043 0.295612991
vt 0.679693043 0.305789948
vt 0.683052003 0.295612991
vt 0.683052003 0.305789948
vt 0.686410964 0.295612991
vt 0.686410964 0.305789948
vt 0.689770997 0.295612991
vt 0.689770997 0.305789948
vt 0.693129957 0.295612991
vt 0.693129957 0.305789948
vt 0.696489036 0.295612991
vt 0.696489036 0.305789948
vt 0.699847996 0.295612991
vt 0.699847996 0.305789948
vt 0.703206956 0.295612991
vt 0.703206956 0.305789948
vt 0.706566036 0.295612991
vt 0.706566036 0.305789948
vt 0.709924996 0.295612991
vt 0.709924996 0.305789948
vt 0.713283956 0.295612991
vt 0.713283956 0.305789948
vt 0.716643035 0.295612991
vt 0.716643035 0.305789948
vt 0.720001996 0.295612991
vt 0.720001996 0.305789948
vt 0.723362029 0.295612991
vt 0.723362029 0.305789948
vt 0.726720989 0.295612991
vt 0.726720989 0.305789948
vt 0.730080009 0.295612991
vt 0.730080009 0.305789948
vt 0.323642999 0.86402899
vt 0.323642999 0.853851974
vt 0.327001989 0.86402899
vt 0.327001989 0.853851974
vt 0.320282996 0.86402899
vt 0.320282996 0.853851974
vt 0.316924006 0.86402899
vt 0.316924006 0.853851974
vt 0.313564986 0.86402899
vt 0.313564986 0.853851974
vt 0.310205996 0.86402899
vt 0.310205996 0.853851974
vt 0.306847006 0.86402899
vt 0.306847006 0.853851974
vt 0.303487003 0.86402899
vt 0.303487003 0.853851974
vt 0.300128013 0.86402899
vt 0.300128013 0.853851974
vt 0.296768993 0.86402899
vt 0.296768993 0.853851974
vt 0.293410003 0.86402899
vt 0.293410003 0.853851974
vt 0.290051013 0.86402899
vt 0.290051013 0.853851974
vt 0.28669098 0.86402899
vt 0.28669098 0.853851974
vt 0.28333202 0.86402899
vt 0.28333202 0.853851974
vt 0.279973 0.86402899
vt 0.279973 0.853851974
vt 0.276613981 0.86402899
vt 0.276613981 0.853851974
vt 0.273254991 0.86402899
vt 0.273254991 0.853851974
vt 0.374170005 0.934800982
vt 0.374430001 0.934800982
vt 0.374170005 0.93284297
vt 0.374430001 0.93284297
vt 0.374170005 0.930884957
vt 0.374430001 0.930884957
vt 0.374170005 0.928926945
vt 0.374430001 0.928926945
vt 0.374170005 0.926969051
vt 0.374430001 0.926969051
vt 0.374170005 0.925009966
vt 0.374430001 0.925009966
vt 0.374170005 0.923051953
vt 0.374430001 0.923051953
vt 0.374170005 0.921092987
vt 0.374430001 0.921092987
vt 0.374170005 0.919134974
vt 0.374430001 0.919134974
vt 0.374170005 0.917176962
vt 0.374430001 0.917176962
vt 0.374170005 0.915217996
vt 0.374430001 0.915217996
vt 0.374170005 0.913259983
vt 0.374430001 0.913259983
vt 0.374170005 0.91130197
vt 0.374430001 0.91130197
vt 0.374170005 0.909342945
vt 0.374430001 0.909342945
vt 0.374170005 0.907384932
vt 0.374430001 0.907384932
vt 0.374170005 0.905426979
vt 0.374430001 0.905426979
vt 0.374170005 0.903467953
vt 0.374430001 0.903467953
vt 0.374170005 0.973967016
vt 0.374170005 0.972009003
vt 0.374430001 0.973967016
vt 0.374430001 0.972009003
vt 0.374170005 0.970050991
vt 0.374430001 0.970050991
vt 0.374170005 0.968091965
vt 0.374430001 0.968091965
vt 0.374170005 0.966134012
vt 0.374430001 0.966134012
vt 0.374170005 0.964175999
vt 0.374430001 0.964175999
vt 0.374170005 0.962216973
vt 0.374430001 0.962216973
vt 0.374170005 0.960258961
vt 0.374430001 0.960258961
vt 0.374170005 0.958300948
vt 0.374430001 0.958300948
vt 0.374170005 0.956341982
vt 0.374430001 0.956341982
vt 0.374170005 0.954383969
vt 0.374430001 0.954383969
vt 0.374170005 0.952425957
vt 0.374430001 0.952425957
vt 0.374170005 0.95046699
vt 0.374430001 0.95046699
vt 0.374170005 0.948508978
vt 0.374430001 0.948508978
vt 0.374170005 0.946550965
vt 0.374430001 0.946550965
vt 0.374170005 0.944592953
vt 0.374430001 0.944592953
vt 0.374170005 0.94263494
vt 0.374430001 0.94263494
vt 0.672975004 0.314337969
vt 0.669628978 0.314337969
vt 0.383230001 0.930884957
vt 0.383230001 0.93284297
vt 0.266523004 0.845304012
vt 0.269896001 0.845304012
vt 0.273254991 0.845304012
vt 0.276613981 0.845304012
vt 0.279973 0.845304012
vt 0.28333202 0.845304012
vt 0.28669098 0.845304012
vt 0.290051013 0.845304012
vt 0.293410003 0.845304012
vt 0.296768993 0.845304012
vt 0.300128013 0.845304012
vt 0.303487003 0.845304012
vt 0.306847006 0.845304012
vt 0.310205996 0.845304012
vt 0.313564986 0.845304012
vt 0.316924006 0.845304012
vt 0.320282996 0.845304012
vt 0.323642999 0.845304012
vt 0.327001989 0.845304012
vt 0.730080009 0.314337969
vt 0.726720989 0.314337969
vt 0.723362029 0.314337969
vt 0.720001996 0.314337969
vt 0.716643035 0.314337969
vt 0.713283956 0.314337969
vt 0.709924996 0.314337969
vt 0.706566036 0.314337969
vt 0.703206956 0.314337969
vt 0.699847996 0.314337969
vt 0.696489036 0.314337969
vt 0.693129957 0.314337969
vt 0.689770997 0.314337969
vt 0.686410964 0.314337969
vt 0.683052003 0.314337969
vt 0.679693043 0.314337969
vt 0.676333964 0.314337969
vt 0.383230001 0.928926945
vt 0.383230001 0.926969051
vt 0.383230001 0.925009966
vt 0.383230001 0.923051953
vt 0.383230001 0.921092987
vt 0.383230001 0.919134974
vt 0.383230001 0.917176962
vt 0.383230001 0.915217996
vt 0.383230001 0.913259983
vt 0.383230001 0.91130197
vt 0.383230001 0.909342945
vt 0.383230001 0.907384932
vt 0.383230001 0.905426979
vt 0.383230001 0.903467953
vt 0.383230001 0.972009003
vt 0.383230001 0.973967016
vt 0.383230001 0.970050991
vt 0.383230001 0.968091965
vt 0.383230001 0.966134012
vt 0.383230001 0.964175999
vt 0.383230001 0.962216973
vt 0.383230001 0.960258961
vt 0.383230001 0.958300948
vt 0.383230001 0.956341982
vt 0.383230001 0.954383969
vt 0.383230001 0.952425957
vt 0.383230001 0.95046699
vt 0.383230001 0.948508978
vt 0.383230001 0.946550965
vt 0.383230001 0.944592953
vt 0.383230001 0.94263494
vt 0.383230001 0.940675974
vt 0.383230001 0.938724995
vt 0.383230001 0.936759949
vt 0.383230001 0.934800982
vt 0.216134012 0.0389729738
vt 0.216134012 0.0447049737
vt 0.216134012 0.0504609942
vt 0.216134012 0.0562170148
vt 0.216134012 0.0619729757
vt 0.216134012 0.0677289963
vt 0.216134012 0.0734850168
vt 0.216134012 0.079241991
vt 0.216134012 0.0849980116
vt 0.216134012 0.0907539725
vt 0.216134012 0.0965099931
vt 0.216134012 0.102266014
vt 0.216134012 0.108021975
vt 0.216134012 0.113779008
vt 0.216134012 0.119534969
vt 0.216134012 0.12529099
vt 0.216134012 0.13104701
vt 0.216134012 0.136803031
vt 0.216134012 0.136803031
vt 0.233384013 0.142558992
vt 0.216134012 0.142558992
vt 0.136589006 0.545472026
vt 0.136589006 0.580980003
vt 0.111275002 0.545472026
vt 0.111275002 0.580980003
vt 0.0859609991 0.545472026
vt 0.0859609991 0.580980003
vt 0.060595002 0.545472026
vt 0.060595002 0.580980003
vt 0.0352849998 0.545472026
vt 0.0352849998 0.580980003
vt 0.00999999978 0.545472026
vt 0.00999999978 0.580980003
vt 0.466122031 0.45610702
vt 0.466122031 0.491578996
vt 0.440795034 0.45610702
vt 0.440795034 0.491578996
vt 0.415491998 0.45610702
vt 0.415491998 0.491578996
vt 0.390183002 0.45610702
vt 0.390183002 0.491578996
vt 0.364861012 0.45610702
vt 0.364861012 0.491578996
vt 0.339506 0.45610702
vt 0.339506 0.491578996
vt 0.314162016 0.45610702
vt 0.314162016 0.491578996
vt 0.288807005 0.45610702
vt 0.288807005 0.491578996
vt 0.263429016 0.45610702
vt 0.263429016 0.491578996
vt 0.238116995 0.45610702
vt 0.238116995 0.491578996
vt 0.212779999 0.45610702
vt 0.212779999 0.491578996
vt 0.187429011 0.45610702
vt 0.187429011 0.491578996
vt 0.162095994 0.45610702
vt 0.162095994 0.491578996
vt 0.136738002 0.45610702
vt 0.136738002 0.491578996
vt 0.111575998 0.45610702
vt 0.111575998 0.491578996
vt 0.0860349983 0.45610702
vt 0.0860349983 0.491578996
vt 0.0606810004 0.45610702
vt 0.0606810004 0.491578996
vt 0.0353579968 0.45610702
vt 0.0353579968 0.491578996
vt 0.00999999978 0.45610702
vt 0.00999999978 0.491578996
vt 0.465925962 0.545472026
vt 0.465925962 0.580980003
vt 0.440618992 0.545472026
vt 0.440618992 0.580980003
vt 0.415291011 0.545472026
vt 0.415291011 0.580980003
vt 0.38992101 0.545472026
vt 0.38992101 0.580980003
vt 0.364551991 0.580980003
vt 0.364551991 0.545472026
vt 0.339187026 0.580980003
vt 0.339187026 0.545472026
vt 0.313854009 0.580980003
vt 0.313854009 0.545472026
vt 0.288511008 0.580980003
vt 0.288511008 0.545472026
vt 0.263172001 0.580980003
vt 0.263172001 0.545472026
vt 0.237861007 0.580980003
vt 0.237861007 0.545472026
vt 0.212519988 0.545472026
vt 0.212519988 0.580980003
vt 0.187229007 0.545472026
vt 0.187229007 0.580980003
vt 0.161926001 0.545472026
vt 0.161926001 0.580980003
vt 0.136589006 0.533104956
vt 0.161926001 0.533104956
vt 0.111668013 0.255448997
vt 0.136832997 0.255448997
vt 0.111668013 0.261826992
vt 0.136832997 0.261826992
vt 0.162215009 0.255448997
vt 0.162215009 0.261826992
vt 0.187579006 0.255448997
vt 0.187579006 0.261826992
vt 0.212961018 0.255448997
vt 0.212961018 0.261826992
vt 0.238340989 0.255448997
vt 0.238340989 0.261826992
vt 0.263707012 0.255448997
vt 0.263707012 0.261826992
vt 0.28905502 0.255448997
vt 0.28905502 0.261826992
vt 0.314417988 0.255448997
vt 0.314417988 0.261826992
vt 0.339792997 0.255448997
vt 0.339792997 0.261826992
vt 0.365170002 0.255448997
vt 0.365170002 0.261826992
vt 0.390522003 0.255448997
vt 0.390522003 0.261826992
vt 0.415877968 0.255448997
vt 0.415877968 0.261826992
vt 0.441241026 0.255448997
vt 0.441241026 0.261826992
vt 0.466622025 0.255448997
vt 0.466622025 0.261826992
vt 0.00999999978 0.228461981
vt 0.0353760011 0.228461981
vt 0.00999999978 0.234580994
vt 0.0353760011 0.234580994
vt 0.0607369989 0.228461981
vt 0.0607369989 0.234580994
vt 0.086120002 0.228461981
vt 0.086120002 0.234580994
vt 0.111469992 0.228461981
vt 0.111469992 0.234580994
vt 0.136833996 0.228461981
vt 0.136833996 0.234580994
vt 0.162195995 0.228461981
vt 0.162195995 0.234580994
vt 0.187565997 0.228461981
vt 0.187565997 0.234580994
vt 0.212916985 0.234580994
vt 0.212916985 0.228461981
vt 0.238300994 0.234580994
vt 0.238300994 0.228461981
vt 0.263664991 0.234580994
vt 0.263664991 0.228461981
vt 0.289045006 0.234580994
vt 0.289045006 0.228461981
vt 0.314426005 0.234580994
vt 0.314426005 0.228461981
vt 0.339813977 0.234580994
vt 0.339813977 0.228461981
vt 0.365197986 0.234580994
vt 0.365197986 0.228461981
vt 0.390567005 0.234580994
vt 0.390567005 0.228461981
vt 0.415933996 0.234580994
vt 0.415933996 0.228461981
vt 0.441320986 0.234580994
vt 0.441320986 0.228461981
vt 0.46668902 0.228461981
vt 0.46668902 0.234580994
vt 0.00999999978 0.255448997
vt 0.0353699997 0.255448997
vt 0.00999999978 0.261826992
vt 0.0353699997 0.261826992
vt 0.0607159957 0.255448997
vt 0.0607159957 0.261826992
vt 0.0860919952 0.255448997
vt 0.0860919952 0.261826992
vt 0.111668013 0.268530011
vt 0.0860919952 0.268530011
vt 0.00999999978 0.407992959
vt 0.0394850001 0.407992959
vt 0.00999999978 0.433438003
vt 0.0394850001 0.433438003
vt 0.510655999 0.325587034
vt 0.54016602 0.325587034
vt 0.510655999 0.350983977
vt 0.54016602 0.350983977
vt 0.481150001 0.325587034
vt 0.481150001 0.350983977
vt 0.451708972 0.325587034
vt 0.451708972 0.350983977
vt 0.422283977 0.325587034
vt 0.422283977 0.350983977
vt 0.392803997 0.325587034
vt 0.392803997 0.350983977
vt 0.363333017 0.325587034
vt 0.363333017 0.350983977
vt 0.334031016 0.325587034
vt 0.334031016 0.350983977
vt 0.304640979 0.325587034
vt 0.304640979 0.350983977
vt 0.275195003 0.325587034
vt 0.275195003 0.350983977
vt 0.245701 0.325587034
vt 0.245701 0.350983977
vt 0.216244996 0.325587034
vt 0.216244996 0.350983977
vt 0.186802 0.325587034
vt 0.186802 0.350983977
vt 0.157326996 0.325587034
vt 0.157326996 0.350983977
vt 0.127910003 0.325587034
vt 0.127910003 0.350983977
vt 0.0983429998 0.325587034
vt 0.0983429998 0.350983977
vt 0.0688859969 0.325587034
vt 0.0688859969 0.350983977
vt 0.039632 0.325587034
vt 0.039632 0.350983977
vt 0.00999999978 0.325587034
vt 0.00999999978 0.350983977
vt 0.510890007 0.407992959
vt 0.540372014 0.407992959
vt 0.510890007 0.433438003
vt 0.540372014 0.433438003
vt 0.481406987 0.407992959
vt 0.481406987 0.433438003
vt 0.452016979 0.407992959
vt 0.452016979 0.433438003
vt 0.422633976 0.407992959
vt 0.422633976 0.433438003
vt 0.393189996 0.407992959
vt 0.393189996 0.433438003
vt 0.363689989 0.407992959
vt 0.363689989 0.433438003
vt 0.334219009 0.407992959
vt 0.334219009 0.433438003
vt 0.289045006 0.224092007
vt 0.263664991 0.224092007
vt 0.275305003 0.407992959
vt 0.304791987 0.407992959
vt 0.275305003 0.433438003
vt 0.304791987 0.433438003
vt 0.245787993 0.407992959
vt 0.245787993 0.433438003
vt 0.216333002 0.407992959
vt 0.216333002 0.433438003
vt 0.186880007 0.407992959
vt 0.186880007 0.433438003
vt 0.157381997 0.407992959
vt 0.157381997 0.433438003
vt 0.127883002 0.407992959
vt 0.127883002 0.433438003
vt 0.0983880013 0.407992959
vt 0.0983880013 0.433438003
vt 0.0688909963 0.407992959
vt 0.0688909963 0.433438003
vt 0.0394850001 0.387627006
vt 0.0688909963 0.387627006
vt 0.186880007 0.387627006
vt 0.216333002 0.387627006
vt 0.157381997 0.387627006
vt 0.127883002 0.387627006
vt 0.0983880013 0.387627006
vt 0.00999999978 0.387627006
vt 0.510655999 0.305240989
vt 0.54016602 0.305240989
vt 0.481150001 0.305240989
vt 0.451708972 0.305240989
vt 0.422283977 0.305240989
vt 0.392803997 0.305240989
vt 0.363333017 0.305240989
vt 0.334031016 0.305240989
vt 0.304640979 0.305240989
vt 0.275195003 0.305240989
vt 0.245701 0.305240989
vt 0.216244996 0.305240989
vt 0.186802 0.305240989
vt 0.157326996 0.305240989
vt 0.127910003 0.305240989
vt 0.0983429998 0.305240989
vt 0.0688859969 0.305240989
vt 0.039632 0.305240989
vt 0.00999999978 0.305240989
vt 0.039632 0.277418017
vt 0.00999999978 0.277418017
vt 0.0688859969 0.277418017
vt 0.510890007 0.387627006
vt 0.540372014 0.387627006
vt 0.481406987 0.387627006
vt 0.452016979 0.387627006
vt 0.422633976 0.387627006
vt 0.393189996 0.387627006
vt 0.363689989 0.387627006
vt 0.334219009 0.387627006
vt 0.304791987 0.387627006
vt 0.275305003 0.387627006
vt 0.245787993 0.387627006
vt 0.216333002 0.359753966
vt 0.245787993 0.359753966
vt 0.314426005 0.224092007
vt 0.339813977 0.224092007
vt 0.365197986 0.224092007
vt 0.390567005 0.224092007
vt 0.415933996 0.224092007
vt 0.441320986 0.224092007
vt 0.46668902 0.224092007
vt 0.0353699997 0.251062036
vt 0.00999999978 0.251062036
vt 0.0607159957 0.251062036
vt 0.0860919952 0.251062036
vt 0.111668013 0.251062036
vt 0.136832997 0.251062036
vt 0.162215009 0.251062036
vt 0.187579006 0.251062036
vt 0.212961018 0.251062036
vt 0.238340989 0.251062036
vt 0.263707012 0.251062036
vt 0.28905502 0.251062036
vt 0.314417988 0.251062036
vt 0.339792997 0.251062036
vt 0.365170002 0.251062036
vt 0.390522003 0.251062036
vt 0.415877968 0.251062036
vt 0.441241026 0.251062036
vt 0.466622025 0.251062036
vt 0.0353760011 0.224092007
vt 0.00999999978 0.224092007
vt 0.0607369989 0.224092007
vt 0.086120002 0.224092007
vt 0.111469992 0.224092007
vt 0.136833996 0.224092007
vt 0.162195995 0.224092007
vt 0.187565997 0.224092007
vt 0.212916985 0.224092007
vt 0.238300994 0.224092007
vt 0.187229007 0.533104956
vt 0.212519988 0.533104956
vt 0.193366006 0.191223025
vt 0.193366006 0.183580995
vt 0.223796993 0.191223025
vt 0.223796993 0.183580995
vt 0.25435701 0.191223025
vt 0.25435701 0.198152006
vt 0.223796993 0.198152006
vt 0.285031021 0.191223025
vt 0.285031021 0.198152006
vt 0.315670997 0.191223025
vt 0.315670997 0.198152006
vt 0.346345991 0.191223025
vt 0.346345991 0.198152006
vt 0.376960009 0.191223025
vt 0.376960009 0.198152006
vt 0.407665998 0.191223025
vt 0.407665998 0.198152006
vt 0.438360989 0.191223025
vt 0.438360989 0.198152006
vt 0.469014019 0.191223025
vt 0.469014019 0.198152006
vt 0.499633998 0.191223025
vt 0.499633998 0.198152006
vt 0.530305982 0.191223025
vt 0.530305982 0.198152006
vt 0.560979962 0.191223025
vt 0.560979962 0.198152006
vt 0.0405969992 0.159227014
vt 0.0405969992 0.166646004
vt 0.00999999978 0.159227014
vt 0.00999999978 0.166646004
vt 0.0711840019 0.159227014
vt 0.0711840019 0.166646004
vt 0.101847999 0.159227014
vt 0.101847999 0.166646004
vt 0.132543996 0.159227014
vt 0.132543996 0.166646004
vt 0.163259998 0.159227014
vt 0.163259998 0.166646004
vt 0.19394201 0.159227014
vt 0.19394201 0.166646004
vt 0.224559009 0.159227014
vt 0.224559009 0.166646004
vt 0.255149007 0.159227014
vt 0.255149007 0.166646004
vt 0.285769999 0.159227014
vt 0.285769999 0.166646004
vt 0.316347003 0.159227014
vt 0.316347003 0.166646004
vt 0.346973002 0.159227014
vt 0.346973002 0.166646004
vt 0.377615988 0.159227014
vt 0.377615988 0.166646004
vt 0.408305019 0.159227014
vt 0.408305019 0.166646004
vt 0.438979 0.159227014
vt 0.438979 0.166646004
vt 0.469635993 0.159227014
vt 0.469635993 0.166646004
vt 0.500239968 0.159227014
vt 0.500239968 0.166646004
vt 0.530918002 0.159227014
vt 0.530918002 0.166646004
vt 0.561556995 0.166646004
vt 0.561556995 0.159227014
vt 0.0406129993 0.198152006
vt 0.00999999978 0.198152006
vt 0.0406129993 0.191223025
vt 0.00999999978 0.191223025
vt 0.071171999 0.198152006
vt 0.071171999 0.191223025
vt 0.101692997 0.198152006
vt 0.101692997 0.191223025
vt 0.132237002 0.191223025
vt 0.132237002 0.198152006
vt 0.0606810004 0.525052965
vt 0.0860349983 0.525052965
vt 0.071171999 0.183580995
vt 0.101692997 0.183580995
vt 0.0353579968 0.525052965
vt 0.0406129993 0.183580995
vt 0.00999999978 0.525052965
vt 0.00999999978 0.183580995
vt 0.440618992 0.614377975
vt 0.465925962 0.614377975
vt 0.530918002 0.150991023
vt 0.561556995 0.150991023
vt 0.415291011 0.614377975
vt 0.500239968 0.150991023
vt 0.38992101 0.614377975
vt 0.469635993 0.150991023
vt 0.364551991 0.614377975
vt 0.438979 0.150991023
vt 0.339187026 0.614377975
vt 0.408305019 0.150991023
vt 0.313854009 0.614377975
vt 0.377615988 0.150991023
vt 0.288511008 0.614377975
vt 0.346973002 0.150991023
vt 0.263172001 0.614377975
vt 0.316347003 0.150991023
vt 0.237861007 0.614377975
vt 0.285769999 0.150991023
vt 0.212519988 0.614377975
vt 0.255149007 0.150991023
vt 0.224559009 0.150991023
vt 0.187229007 0.614377975
vt 0.161926001 0.614377975
vt 0.19394201 0.150991023
vt 0.136589006 0.614377975
vt 0.163259998 0.150991023
vt 0.111275002 0.614377975
vt 0.132543996 0.150991023
vt 0.0859609991 0.614377975
vt 0.101847999 0.150991023
vt 0.060595002 0.614377975
vt 0.0711840019 0.150991023
vt 0.0352849998 0.614377975
vt 0.0405969992 0.150991023
vt 0.00999999978 0.614377975
vt 0.00999999978 0.150991023
vt 0.440795034 0.525052965
vt 0.466122031 0.525052965
vt 0.530305982 0.183580995
vt 0.560979962 0.183580995
vt 0.415491998 0.525052965
vt 0.499633998 0.183580995
vt 0.390183002 0.525052965
vt 0.469014019 0.183580995
vt 0.364861012 0.525052965
vt 0.438360989 0.183580995
vt 0.339506 0.525052965
vt 0.407665998 0.183580995
vt 0.314162016 0.525052965
vt 0.376960009 0.183580995
vt 0.288807005 0.525052965
vt 0.346345991 0.183580995
vt 0.263429016 0.525052965
vt 0.315670997 0.183580995
vt 0.238116995 0.525052965
vt 0.285031021 0.183580995
vt 0.212779999 0.525052965
vt 0.25435701 0.183580995
vt 0.187429011 0.525052965
vt 0.162095994 0.525052965
vt 0.193366006 0.198152006
vt 0.136738002 0.525052965
vt 0.162858993 0.191223025
vt 0.162858993 0.183580995
vt 0.162858993 0.203061998
vt 0.193366006 0.203061998
vt 0.162858993 0.206689954
vt 0.193366006 0.206689954
vt 0.162858993 0.198152006
vt 0.223796993 0.203061998
vt 0.223796993 0.206689954
vt 0.25435701 0.203061998
vt 0.25435701 0.206689954
vt 0.285031021 0.203061998
vt 0.285031021 0.206689954
vt 0.315670997 0.203061998
vt 0.315670997 0.206689954
vt 0.346345991 0.203061998
vt 0.346345991 0.206689954
vt 0.376960009 0.203061998
vt 0.376960009 0.206689954
vt 0.407665998 0.203061998
vt 0.407665998 0.206689954
vt 0.438360989 0.203061998
vt 0.438360989 0.206689954
vt 0.469014019 0.203061998
vt 0.469014019 0.206689954
vt 0.499633998 0.203061998
vt 0.499633998 0.206689954
vt 0.530305982 0.203061998
vt 0.530305982 0.206689954
vt 0.560979962 0.203061998
vt 0.560979962 0.206689954
vt 0.0405969992 0.170984983
vt 0.0405969992 0.174624979
vt 0.00999999978 0.170984983
vt 0.00999999978 0.174624979
vt 0.0711840019 0.170984983
vt 0.0711840019 0.174624979
vt 0.101847999 0.170984983
vt 0.101847999 0.174624979
vt 0.132543996 0.170984983
vt 0.132543996 0.174624979
vt 0.163259998 0.170984983
vt 0.163259998 0.174624979
vt 0.19394201 0.170984983
vt 0.19394201 0.174624979
vt 0.224559009 0.170984983
vt 0.224559009 0.174624979
vt 0.255149007 0.170984983
vt 0.255149007 0.174624979
vt 0.285769999 0.170984983
vt 0.285769999 0.174624979
vt 0.316347003 0.170984983
vt 0.316347003 0.174624979
vt 0.346973002 0.170984983
vt 0.346973002 0.174624979
vt 0.377615988 0.170984983
vt 0.377615988 0.174624979
vt 0.408305019 0.170984983
vt 0.408305019 0.174624979
vt 0.438979 0.170984983
vt 0.438979 0.174624979
vt 0.469635993 0.170984983
vt 0.469635993 0.174624979
vt 0.500239968 0.170984983
vt 0.500239968 0.174624979
vt 0.530918002 0.170984983
vt 0.530918002 0.174624979
vt 0.561556995 0.170984983
vt 0.561556995 0.174624979
vt 0.00999999978 0.203061998
vt 0.0406129993 0.203061998
vt 0.00999999978 0.206689954
vt 0.0406129993 0.206689954
vt 0.071171999 0.203061998
vt 0.071171999 0.206689954
vt 0.101692997 0.203061998
vt 0.101692997 0.206689954
vt 0.0606810004 0.443663001
vt 0.0860349983 0.443663001
vt 0.0353579968 0.443663001
vt 0.00999999978 0.443663001
vt 0.440618992 0.533104956
vt 0.465925962 0.533104956
vt 0.415291011 0.533104956
vt 0.38992101 0.533104956
vt 0.364551991 0.533104956
vt 0.339187026 0.533104956
vt 0.313854009 0.533104956
vt 0.288511008 0.533104956
vt 0.263172001 0.533104956
vt 0.237861007 0.533104956
vt 0.111275002 0.533104956
vt 0.0859609991 0.533104956
vt 0.060595002 0.533104956
vt 0.0352849998 0.533104956
vt 0.00999999978 0.533104956
vt 0.440795034 0.443663001
vt 0.466122031 0.443663001
vt 0.415491998 0.443663001
vt 0.390183002 0.443663001
vt 0.364861012 0.443663001
vt 0.339506 0.443663001
vt 0.314162016 0.443663001
vt 0.288807005 0.443663001
vt 0.263429016 0.443663001
vt 0.238116995 0.443663001
vt 0.212779999 0.443663001
vt 0.187429011 0.443663001
vt 0.162095994 0.443663001
vt 0.136738002 0.443663001
vt 0.0983429998 0.277418017
vt 0.0607159957 0.268530011
vt 0.0353699997 0.268530011
vt 0.00999999978 0.268530011
vt 0.510890007 0.359753966
vt 0.540372014 0.359753966
vt 0.46668902 0.241046011
vt 0.441320986 0.241046011
vt 0.481406987 0.359753966
vt 0.415933996 0.241046011
vt 0.452016979 0.359753966
vt 0.390567005 0.241046011
vt 0.422633976 0.359753966
vt 0.365197986 0.241046011
vt 0.393189996 0.359753966
vt 0.339813977 0.241046011
vt 0.363689989 0.359753966
vt 0.314426005 0.241046011
vt 0.334219009 0.359753966
vt 0.289045006 0.241046011
vt 0.304791987 0.359753966
vt 0.263664991 0.241046011
vt 0.275305003 0.359753966
vt 0.238300994 0.241046011
vt 0.212916985 0.241046011
vt 0.187565997 0.241046011
vt 0.186880007 0.359753966
vt 0.162195995 0.241046011
vt 0.157381997 0.359753966
vt 0.136833996 0.241046011
vt 0.127883002 0.359753966
vt 0.111469992 0.241046011
vt 0.0983880013 0.359753966
vt 0.086120002 0.241046011
vt 0.0688909963 0.359753966
vt 0.0607369989 0.241046011
vt 0.0394850001 0.359753966
vt 0.0353760011 0.241046011
vt 0.00999999978 0.359753966
vt 0.00999999978 0.241046011
vt 0.510655999 0.277418017
vt 0.54016602 0.277418017
vt 0.466622025 0.268530011
vt 0.441241026 0.268530011
vt 0.481150001 0.277418017
vt 0.415877968 0.268530011
vt 0.451708972 0.277418017
vt 0.390522003 0.268530011
vt 0.422283977 0.277418017
vt 0.365170002 0.268530011
vt 0.392803997 0.277418017
vt 0.339792997 0.268530011
vt 0.363333017 0.277418017
vt 0.314417988 0.268530011
vt 0.334031016 0.277418017
vt 0.28905502 0.268530011
vt 0.304640979 0.277418017
vt 0.263707012 0.268530011
vt 0.275195003 0.277418017
vt 0.238340989 0.268530011
vt 0.245701 0.277418017
vt 0.212961018 0.268530011
vt 0.216244996 0.277418017
vt 0.187579006 0.268530011
vt 0.186802 0.277418017
vt 0.162215009 0.268530011
vt 0.157326996 0.277418017
vt 0.136832997 0.268530011
vt 0.111575998 0.443663001
vt 0.111575998 0.525052965
vt 0.132237002 0.183580995
vt 0.132237002 0.203061998
vt 0.132237002 0.206689954
vt 0.127910003 0.277418017
vt 0.556712031 0.821775019
vt 0.539077997 0.821775019
vt 0.556712031 0.81892401
vt 0.539077997 0.81892401
vt 0.539077997 0.824215055
vt 0.556712031 0.824215055
vt 0.539077997 0.826863945
vt 0.556712031 0.826863945
vt 0.539077997 0.829498053
vt 0.556712031 0.829498053
vt 0.539077997 0.832148075
vt 0.556712031 0.832148075
vt 0.539077997 0.834774017
vt 0.556712031 0.834774017
vt 0.539077997 0.837423027
vt 0.556712031 0.837423027
vt 0.539077997 0.840051949
vt 0.556712031 0.840051949
vt 0.539077997 0.842700958
vt 0.556712031 0.842700958
vt 0.539077997 0.845346987
vt 0.556712031 0.845346987
vt 0.539077997 0.847995996
vt 0.556712031 0.847995996
vt 0.539077997 0.755522013
vt 0.539077997 0.75287205
vt 0.556712031 0.755522013
vt 0.556712031 0.75287205
vt 0.539077997 0.758156955
vt 0.556712031 0.758156955
vt 0.539077997 0.760806978
vt 0.556712031 0.760806978
vt 0.539077997 0.763431966
vt 0.556712031 0.763431966
vt 0.539077997 0.766081989
vt 0.556712031 0.766081989
vt 0.539077997 0.768711984
vt 0.556712031 0.768711984
vt 0.539077997 0.771360993
vt 0.556712031 0.771360993
vt 0.539077997 0.774008036
vt 0.556712031 0.774008036
vt 0.539077997 0.776656985
vt 0.556712031 0.776656985
vt 0.539077997 0.779307008
vt 0.556712031 0.779307008
vt 0.539077997 0.781943023
vt 0.556712031 0.781943023
vt 0.539077997 0.784591973
vt 0.556712031 0.784591973
vt 0.539077997 0.787218034
vt 0.556712031 0.787218034
vt 0.539077997 0.789866984
vt 0.556712031 0.789866984
vt 0.539077997 0.792497039
vt 0.556712031 0.792497039
vt 0.539077997 0.795147002
vt 0.556712031 0.795147002
vt 0.539077997 0.797793031
vt 0.556712031 0.797793031
vt 0.539077997 0.80044198
vt 0.556712031 0.80044198
vt 0.539077997 0.80309099
vt 0.556712031 0.80309099
vt 0.539077997 0.805725992
vt 0.556712031 0.805725992
vt 0.539077997 0.808374047
vt 0.556712031 0.808374047
vt 0.539077997 0.810997009
vt 0.556712031 0.810997009
vt 0.539077997 0.813646019
vt 0.556712031 0.813646019
vt 0.539077997 0.816275001
vt 0.556712031 0.816275001
vt 0.805368006 0.634900987
vt 0.818674982 0.627591014
vt 0.815393031 0.648752987
vt 0.826682031 0.642844021
vt 0.832970023 0.622684002
vt 0.838021994 0.638872981
vt 0.793479979 0.64447701
vt 0.806447983 0.656656981
vt 0.78341502 0.656035006
vt 0.798193991 0.665816009
vt 0.775421023 0.669216037
vt 0.790629029 0.676322043
vt 0.769887984 0.683416963
vt 0.785641968 0.687177002
vt 0.766658962 0.698216975
vt 0.782804012 0.699262977
vt 0.781814039 0.71203196
vt 0.765824974 0.713436007
vt 0.767543972 0.728802979
vt 0.783362985 0.724433005
vt 0.772139966 0.743822038
vt 0.787791014 0.736885965
vt 0.779718041 0.757766008
vt 0.794508994 0.74793303
vt 0.789756 0.770127952
vt 0.802008986 0.758481979
vt 0.801474035 0.780339003
vt 0.810823023 0.76691097
vt 0.814650953 0.788423002
vt 0.82169503 0.774585962
vt 0.829207003 0.794139028
vt 0.833855987 0.780017018
vt 0.844637036 0.79726404
vt 0.846147001 0.783062994
vt 0.860248029 0.783137023
vt 0.86045593 0.797608018
vt 0.876198053 0.795145035
vt 0.874426961 0.780588984
vt 0.887148023 0.776580989
vt 0.891326964 0.789891005
vt 0.899542987 0.76928103
vt 0.905271947 0.781895995
vt 0.91762805 0.771277964
vt 0.909308016 0.760562003
vt 0.917120039 0.751464009
vt 0.92800498 0.758875012
vt 0.923070014 0.739027977
vt 0.935634971 0.744983971
vt 0.940634966 0.730166972
vt 0.927783966 0.727068007
vt 0.942887008 0.715056956
vt 0.930245042 0.713447988
vt 0.930179 0.69848901
vt 0.942665994 0.698216975
vt 0.939945042 0.684499979
vt 0.927405953 0.686702967
vt 0.934501946 0.669927001
vt 0.922563016 0.675127983
vt 0.92671603 0.65694201
vt 0.915505946 0.664156973
vt 0.917003036 0.645408988
vt 0.906704009 0.654844999
vt 0.896874011 0.647602975
vt 0.905428052 0.63536799
vt 0.886445045 0.64251399
vt 0.892055929 0.627633989
vt 0.849740028 0.636889994
vt 0.84780097 0.62025398
vt 0.862774014 0.62026298
vt 0.862799048 0.636533022
vt 0.877642989 0.622604012
vt 0.87561202 0.638668001
vt 0.856315017 0.707753003
vt 0.740198016 0.786155999
vt 0.740198016 0.767643034
vt 0.742849052 0.786155999
vt 0.742849052 0.767643034
vt 0.737558007 0.767643034
vt 0.737558007 0.786155999
vt 0.734910965 0.767643034
vt 0.734910965 0.786155999
vt 0.732284009 0.767643034
vt 0.732284009 0.786155999
vt 0.729636014 0.767643034
vt 0.729636014 0.786155999
vt 0.727014005 0.767643034
vt 0.727014005 0.786155999
vt 0.724368036 0.767643034
vt 0.724368036 0.786155999
vt 0.721733987 0.767643034
vt 0.721733987 0.786155999
vt 0.719088018 0.767643034
vt 0.719088018 0.786155999
vt 0.716441035 0.767643034
vt 0.716441035 0.786155999
vt 0.713797033 0.767643034
vt 0.713797033 0.786155999
vt 0.711206019 0.767643034
vt 0.711206019 0.786155999
vt 0.708525956 0.767643034
vt 0.708525956 0.786155999
vt 0.705850959 0.767643034
vt 0.705850959 0.786155999
vt 0.703208029 0.767643034
vt 0.703208029 0.786155999
vt 0.700608969 0.767643034
vt 0.700608969 0.786155999
vt 0.69799 0.767643034
vt 0.69799 0.786155999
vt 0.695325017 0.767643034
vt 0.695325017 0.786155999
vt 0.692677975 0.767643034
vt 0.692677975 0.786155999
vt 0.690033972 0.767643034
vt 0.690033972 0.786155999
vt 0.68738699 0.767643034
vt 0.68738699 0.786155999
vt 0.684760034 0.767643034
vt 0.684760034 0.786155999
vt 0.682112038 0.767643034
vt 0.682112038 0.786155999
vt 0.679489017 0.767643034
vt 0.679489017 0.786155999
vt 0.676843047 0.767643034
vt 0.676843047 0.786155999
vt 0.674210012 0.767643034
vt 0.674210012 0.786155999
vt 0.766609013 0.767643034
vt 0.769255996 0.767643034
vt 0.766609013 0.786155999
vt 0.769255996 0.786155999
vt 0.763962984 0.767643034
vt 0.763962984 0.786155999
vt 0.761318982 0.767643034
vt 0.761318982 0.786155999
vt 0.758673012 0.767643034
vt 0.758673012 0.786155999
vt 0.756048024 0.767643034
vt 0.756048024 0.786155999
vt 0.753400981 0.767643034
vt 0.753400981 0.786155999
vt 0.750777006 0.767643034
vt 0.750777006 0.786155999
vt 0.748129964 0.767643034
vt 0.748129964 0.786155999
vt 0.745495975 0.767643034
vt 0.745495975 0.786155999
vt 0.823037982 0.466239989
vt 0.813526988 0.473985016
vt 0.812290013 0.449882984
vt 0.80044198 0.459808946
vt 0.805831969 0.482391953
vt 0.790344 0.472097039
vt 0.782420993 0.485849023
vt 0.799784005 0.49237299
vt 0.777454972 0.500642002
vt 0.796006978 0.503841043
vt 0.793859005 0.517094016
vt 0.774986982 0.515868008
vt 0.775065005 0.531302989
vt 0.794068038 0.528796017
vt 0.795331001 0.541539013
vt 0.777720988 0.54657501
vt 0.799256027 0.553939998
vt 0.782988012 0.561311007
vt 0.805375993 0.563543022
vt 0.790754974 0.574705005
vt 0.800590992 0.586468041
vt 0.813616991 0.573193014
vt 0.823076963 0.58099705
vt 0.812354982 0.596395969
vt 0.833115041 0.587135017
vt 0.825686991 0.604191005
vt 0.844749033 0.591233015
vt 0.840244055 0.609394014
vt 0.855465055 0.61184299
vt 0.856903017 0.594285965
vt 0.870815039 0.612087011
vt 0.869598031 0.595399022
vt 0.881492019 0.594170988
vt 0.885963976 0.609510958
vt 0.900455952 0.604431033
vt 0.893958986 0.590306997
vt 0.904563963 0.583593011
vt 0.913937986 0.596935034
vt 0.925988972 0.587116003
vt 0.914849997 0.574344993
vt 0.936117947 0.575131953
vt 0.922921956 0.564495027
vt 0.943794072 0.561311007
vt 0.929270029 0.554141045
vt 0.94856602 0.546585023
vt 0.933617949 0.542005002
vt 0.950792015 0.531340003
vt 0.936073065 0.529995024
vt 0.950551927 0.515998006
vt 0.936462998 0.516660988
vt 0.947778046 0.500800967
vt 0.934458017 0.505460024
vt 0.928788006 0.493258953
vt 0.942361057 0.486508012
vt 0.934790015 0.473443985
vt 0.922245026 0.482033014
vt 0.912941992 0.471601963
vt 0.925128996 0.461688995
vt 0.913607061 0.451666951
vt 0.904011011 0.464455962
vt 0.89230597 0.45817697
vt 0.900487959 0.443804979
vt 0.880398035 0.454364002
vt 0.886173069 0.438308954
vt 0.869104028 0.452201962
vt 0.871773064 0.435220957
vt 0.856980979 0.452877045
vt 0.855750978 0.434615016
vt 0.845224023 0.455022991
vt 0.840140045 0.437047958
vt 0.833395004 0.459777951
vt 0.82536906 0.442514002
vt 0.863192022 0.524890006
vn -0.39615698 0.91411739 -0.0863078491
vn -0.316345688 0.947602155 -0.0444472861
vn -0.05255471 0.818122394 -0.572637539
vn -0.464737592 0.874187981 -0.140763435
vn -0.520864546 0.829082925 -0.203277222
vn -0.563604954 0.778613407 -0.27588153
vn -0.592291217 0.722266389 -0.357102755
vn -0.603602266 0.659547959 -0.447951777
vn -0.594067235 0.599647327 -0.536196982
vn -0.568628385 0.54477495 -0.616345692
vn -0.528459455 0.497273001 -0.688077152
vn -0.477646051 0.456484935 -0.750650221
vn -0.413567335 0.421534726 -0.807013342
vn -0.334623398 0.391329133 -0.857256491
vn -0.243196749 0.370018296 -0.896628018
vn -0.157394008 0.361083011 -0.919155148
vn -0.062408012 0.356859133 -0.932071241
vn 0.0359716321 0.366603932 -0.92968145
vn 0.127438071 0.382020758 -0.915324903
vn 0.216326067 0.408236584 -0.886874244
vn 0.297187565 0.4413649 -0.846685642
vn 0.368273722 0.482198831 -0.794895435
vn 0.429456573 0.529450626 -0.731607194
vn -0.721213651 0.692366072 0.021911001
vn -0.633935465 0.763389082 0.12394731
vn 0.0177457503 0.820796299 -0.57094529
vn -0.771033275 0.630866004 -0.086693563
vn -0.794551095 0.568953381 -0.21208632
vn -0.81200466 0.502542023 -0.296816354
vn -0.770812786 0.465549393 -0.434869419
vn -0.727950388 0.373897525 -0.574707641
vn -0.657801752 0.323759085 -0.680056549
vn -0.516689681 0.288087504 -0.806248947
vn -0.353076006 0.231483541 -0.906505766
vn -0.264743866 0.221693292 -0.938489621
vn -0.194029174 0.251108234 -0.948312888
vn -0.0840006809 0.267868557 -0.959786602
vn 0.00563333175 0.261306064 -0.965239559
vn 0.111451785 0.29208163 -0.949877266
vn 0.22550208 0.288389523 -0.930580623
vn 0.320998169 0.325616069 -0.8893449
vn 0.429020201 0.35278883 -0.831553792
vn 0.510705812 0.393479033 -0.764430392
vn 0.585599239 0.431658747 -0.686108051
vn 0.646642208 0.451662151 -0.61469924
vn 0.687748018 0.492226018 -0.533588054
vn 0.721264594 0.567960614 -0.396482189
vn 0.734943477 0.632985502 -0.24328469
vn 0.716269637 0.687233504 -0.121111183
vn 0.664549064 0.747210636 -0.007127889
vn 0.590508168 0.800054826 0.105888523
vn 0.49628784 0.845128342 0.198636515
vn 0.377280374 0.885744067 0.270401491
vn 0.240958347 0.913051282 0.329053844
vn 0.150755738 0.915754366 0.37237971
vn 0.00121342392 0.938229297 0.346012013
vn -0.152487308 0.919526632 0.362240796
vn -0.285555417 0.900805132 0.327121107
vn -0.423413886 0.86169852 0.279636087
vn -0.53593835 0.814391028 0.22256985
vn 0.476346082 0.582659788 -0.65848461
vn 0.506658693 0.637636425 -0.580273003
vn 0.51908278 0.691959391 -0.501742233
vn 0.516219646 0.747729312 -0.417633994
vn 0.49346645 0.803158871 -0.333806367
vn 0.457294625 0.850429508 -0.260098593
vn 0.404578759 0.895022885 -0.187750002
vn 0.33746855 0.932755071 -0.126818591
vn 0.261109185 0.96242315 -0.0745900403
vn 0.167960201 0.985261711 -0.0323841316
vn 0.0733965571 0.997281447 -0.0065315071
vn -0.0265978858 0.999618591 0.00743138787
vn -0.127123752 0.991879653 0.00378224112
vn -0.224625577 0.974374559 -0.0117289498
vn 0.0533362363 -0.0950059725 0.994046835
vn 0.184803948 -0.100388886 0.977634682
vn -0.0266336054 0.999617696 0.00742381852
vn 0.0734398888 0.997278438 -0.00650382133
vn 0.1679503 0.98526108 -0.0324545832
vn 0.308060556 -0.12251997 0.943444514
vn 0.261085574 0.96242801 -0.0746099759
vn 0.428427299 -0.156636499 0.889896093
vn 0.337496994 0.932750051 -0.126779815
vn 0.530206934 -0.196697254 0.824736805
vn 0.404597734 0.895007856 -0.187780752
vn 0.616105202 -0.251673245 0.746374543
vn 0.457334783 0.850400455 -0.260122975
vn 0.686871965 -0.313611725 0.655632969
vn 0.493470375 0.803167857 -0.333778943
vn 0.734164362 -0.380050455 0.562640509
vn 0.516206491 0.747719026 -0.417668669
vn 0.763429304 -0.456440583 0.456987628
vn 0.519113733 0.691967144 -0.501699515
vn 0.772437097 -0.531357304 0.347851042
vn 0.506677096 0.637613146 -0.580282514
vn 0.75740586 -0.604976647 0.245641242
vn 0.476286932 0.582689383 -0.658501208
vn 0.720368032 -0.678758664 0.14267647
vn 0.429382991 0.529471333 -0.731635397
vn 0.66162542 -0.748559466 0.0437096008
vn 0.368261441 0.482136482 -0.794938943
vn 0.586525001 -0.808601993 -0.0463814582
vn 0.297181907 0.441413157 -0.84666247
vn 0.495361616 -0.859727169 -0.124443014
vn 0.216338591 0.408181193 -0.886896684
vn 0.389666027 -0.90113958 -0.190020642
vn 0.127396914 0.382099464 -0.91529778
vn 0.271248386 -0.93204372 -0.240247409
vn 0.035951704 0.366544976 -0.929705467
vn 0.146206257 -0.950124592 -0.275475932
vn -0.062372317 0.356907366 -0.932055163
vn 0.00288889529 -0.958645948 -0.284586719
vn -0.157381031 0.361126558 -0.919140261
vn -0.133755616 -0.952684327 -0.27295056
vn -0.243241351 0.36998937 -0.896627855
vn -0.251897701 -0.938444939 -0.236365489
vn -0.0592194139 -0.75683938 -0.6509126
vn -0.0106426779 -0.843360842 -0.537242239
vn -0.194032252 -0.860603504 -0.470864199
vn -0.211516192 -0.603392113 -0.768881564
vn -0.148550627 -0.661137433 -0.735411453
vn -0.207050997 -0.612426399 -0.762931052
vn -0.248469881 -0.593023552 -0.765888885
vn -0.10250948 -0.651394842 -0.75178226
vn -0.147661202 -0.640783077 -0.753387826
vn -0.0262966326 -0.643983654 -0.76458717
vn -0.0698020343 -0.651177115 -0.755708965
vn -0.0953745788 -0.680451934 -0.726559602
vn -0.0466476991 -0.670186884 -0.740725005
vn -0.177611682 -0.769846707 -0.613017241
vn -0.110933547 -0.706938289 -0.698521298
vn -0.27124126 -0.863831708 -0.424526747
vn -0.242903744 -0.833517733 -0.49623176
vn -0.302253911 -0.907891402 -0.290475085
vn -0.306828391 -0.885165333 -0.349769456
vn -0.239220008 -0.960876842 -0.139604737
vn -0.282513971 -0.93549089 -0.212232539
vn -0.231023092 -0.966544194 -0.111447976
vn -0.211895577 -0.971705319 -0.104350548
vn -0.270190756 -0.959842163 -0.075498201
vn -0.266545494 -0.955459344 -0.126692308
vn -0.140680161 -0.986248747 -0.0867323527
vn -0.221406561 -0.972981543 -0.0654679461
vn 0.00334125771 -0.938802547 -0.344439565
vn -0.0336257063 -0.979287431 -0.199663317
vn 0.699283824 0.713729735 -0.039899857
vn 0.707337082 0.705667605 0.0413217097
vn -0.0558233266 0.863875772 -0.500602044
vn 0.662213234 0.747660682 -0.0497708419
vn 0.583794156 0.810735626 0.0434985879
vn 0.500076355 0.853201471 0.148225805
vn 0.395416088 0.894703333 0.207730745
vn 0.257749207 0.928802564 0.266253907
vn 0.137866992 0.939471302 0.313666008
vn -0.0103160219 0.952484839 0.304411255
vn -0.149809839 0.940082265 0.306271689
vn -0.270996286 0.923132271 0.272741311
vn -0.400939552 0.887917149 0.225500804
vn -0.510959512 0.84614405 0.151527634
vn -0.605656502 0.794180793 0.0495688365
vn -0.676538903 0.73547032 -0.0371284274
vn -0.72072157 0.67726118 -0.147911164
vn -0.743964006 0.605899628 -0.281785731
vn -0.747014619 0.529442938 -0.402068818
vn -0.715659676 0.471910673 -0.514909258
vn -0.675758207 0.414967894 -0.609222859
vn -0.621900965 0.378655582 -0.685462719
vn -0.574061609 0.341977157 -0.743979094
vn -0.465111638 0.320271422 -0.825286241
vn -0.357320837 0.25238919 -0.899233849
vn -0.349356815 0.203335611 -0.914660836
vn -0.270361808 0.212392073 -0.939038924
vn -0.0674474737 0.169647732 -0.983194022
vn 0.102059562 0.155919364 -0.982483078
vn 0.247207662 0.161061597 -0.95548288
vn 0.377737648 0.187958026 -0.906634463
vn 0.498221346 0.22408054 -0.837593817
vn 0.600242962 0.278426009 -0.749791534
vn 0.682918467 0.337557241 -0.647825189
vn 0.738764844 0.411975267 -0.533388119
vn 0.766935219 0.507537762 -0.392703183
vn 0.721171742 0.67669056 -0.148328031
vn -0.334624188 0.391321487 -0.857259673
vn -0.378106897 -0.908063972 -0.180152707
vn -0.0147315692 0.994670951 0.102042542
vn 0.0949237525 0.989266456 0.111091674
vn 0.00790713567 0.835164365 -0.549943598
vn -0.119426636 0.990085741 0.0739425683
vn -0.213876422 0.97645589 0.0281206583
vn -0.297709605 0.95403711 -0.0343828906
vn -0.387819843 0.917566173 -0.0875676163
vn -0.456200876 0.8786199 -0.141095116
vn -0.507726219 0.836536506 -0.20596301
vn -0.554324387 0.780195849 -0.289860158
vn -0.584710645 0.719079819 -0.375549831
vn -0.595188857 0.653919227 -0.46705446
vn -0.596116202 0.586549864 -0.54827432
vn -0.567993673 0.521479395 -0.636743613
vn -0.529244518 0.446974749 -0.721189167
vn -0.469472777 0.389245613 -0.79251698
vn -0.389165709 0.330852956 -0.859701327
vn -0.282320837 0.286442744 -0.91555748
vn -0.184247932 0.234461165 -0.954505454
vn -0.0745485966 0.218288063 -0.973032799
vn 0.0294994873 0.168568027 -0.985248497
vn 0.135769609 0.173352836 -0.975456512
vn 0.278883021 0.166500245 -0.945781121
vn 0.401621684 0.181750234 -0.897589481
vn 0.513641328 0.215839388 -0.830413117
vn 0.614777243 0.267777542 -0.741851825
vn 0.693570133 0.324213437 -0.643308727
vn 0.744288315 0.392412357 -0.540414144
vn 0.772146707 0.463416005 -0.434781634
vn 0.7737078 0.541660153 -0.328603894
vn 0.749383533 0.623542041 -0.222754673
vn 0.70606881 0.697331517 -0.123270398
vn 0.638971491 0.768084326 -0.0419750186
vn 0.547846785 0.836138823 0.0271250464
vn 0.442773232 0.892900226 0.0817377004
vn 0.33024838 0.937714556 0.107830516
vn 0.214516155 0.969497189 0.118566523
vn -0.108104334 0.962812898 0.247598014
vn -0.00431286161 0.95749386 0.288421404
vn 0.0115242233 0.843100661 -0.537632279
vn -0.24990202 0.944170463 0.214688419
vn -0.367073573 0.918868164 0.144700688
vn -0.472161998 0.878708508 0.0702453174
vn -0.54328091 0.839545532 -0.0030254549
vn -0.595213679 0.796188936 -0.108645547
vn -0.644026708 0.740714444 -0.191237316
vn -0.648622381 0.69489957 -0.310489283
vn -0.666450251 0.625251689 -0.406084213
vn -0.629801708 0.58527628 -0.510687267
vn -0.586776143 0.514128083 -0.625592577
vn -0.527409379 0.461190955 -0.713542045
vn -0.461692293 0.418539996 -0.782089828
vn -0.39810821 0.377906872 -0.835880523
vn -0.311418546 0.346393864 -0.8848897
vn -0.209867678 0.300914227 -0.930272103
vn -0.100231535 0.277442264 -0.955499571
vn 0.0220507642 0.254385371 -0.966851512
vn 0.1430875 0.24835653 -0.958042275
vn 0.260585575 0.244990568 -0.933849442
vn 0.371865602 0.258769017 -0.891490084
vn 0.482733615 0.281950326 -0.829139476
vn 0.583353768 0.320173795 -0.746449679
vn 0.665355961 0.360535846 -0.65369362
vn 0.722063155 0.426701318 -0.544564767
vn 0.767375795 0.477545155 -0.427884347
vn 0.776534783 0.541364491 -0.322363489
vn 0.762946402 0.614484415 -0.200802616
vn 0.738933794 0.66796531 -0.0883130415
vn 0.67724971 0.735753098 0.000457156706
vn 0.596840069 0.796012475 0.10072771
vn 0.496631782 0.849773973 0.176751428
vn 0.372072027 0.898644589 0.232379669
vn 0.259829801 0.924883703 0.27763035
vn 0.126075005 0.95314964 0.274974285
vn 0.889043003 0.117675054 -0.442442222
vn 0.887603934 0.0920259012 -0.451320829
vn 0.991449246 -0.0308201396 0.126801074
vn 0.881761988 0.127991816 -0.453997677
vn 0.878337004 0.116965051 -0.463511903
vn 0.900204149 0.0732074363 -0.429270499
vn 0.928357065 0.000407780749 -0.371689379
vn 0.940968032 -0.0683281899 -0.331527408
vn 0.9628602 -0.115539921 -0.244030247
vn 0.979741094 -0.149849885 -0.13286234
vn 0.981697219 -0.188407655 -0.0278051206
vn 0.980181492 -0.188464296 0.0610364862
vn 0.95652368 -0.186325183 0.224377751
vn 0.887565319 -0.100933248 0.449488913
vn 0.803035302 -0.0167117524 0.595697088
vn 0.752943738 0.0457010023 0.656496113
vn 0.750042873 0.0591072621 0.658742757
vn 0.762543565 0.0568329641 0.644435664
vn 0.78241487 0.0200482637 0.622434766
vn 0.803012123 -0.048127911 0.59401619
vn 0.798956769 -0.125118869 0.588228995
vn 0.725200503 -0.219633942 0.652568128
vn 0.740269373 -0.139474898 0.657683821
vn 0.742857398 -0.0845376556 0.664090559
vn 0.77792552 -0.0619591938 0.625294286
vn 0.832889024 0.00284841687 0.553432706
vn 0.88748738 0.0881662672 0.452319422
vn 0.943517487 0.172532796 0.282855414
vn 0.971231667 0.221480413 0.0874955773
vn 0.947860844 0.164236699 -0.273104608
vn 0.886415089 0.137649778 -0.441951161
vn 0.925615141 0.180083444 -0.332876199
vn 0.911280795 0.04498217 -0.409321289
vn 0.789883153 -0.0876210441 -0.606965532
vn 0.878939225 8.91886651e-05 -0.47693378
vn 0.889382311 0.0485991097 -0.454573681
vn -0.41353378 0.421574484 -0.807009769
vn -0.488977833 -0.865249277 -0.11065427
vn 0.887893791 0.440380773 0.133076636
vn 0.738933327 0.66796443 -0.0883236005
vn 0.818140148 0.51275554 0.26024691
vn 0.677247801 0.73575483 0.000496495813
vn 0.762949217 0.614490077 -0.200774591
vn 0.930851195 0.365398278 0.000388191471
vn 0.77652824 0.541356353 -0.322392915
vn 0.947577526 0.287496702 -0.139436291
vn 0.767365922 0.477548916 -0.427897855
vn 0.934833818 0.215466008 -0.282241266
vn 0.722065696 0.426713946 -0.544551503
vn 0.898395251 0.135622436 -0.417723028
vn 0.66535933 0.360543731 -0.653685842
vn 0.833163351 0.0609844559 -0.549654189
vn 0.583349367 0.32021037 -0.746437429
vn 0.745579721 -0.00544787919 -0.666394177
vn 0.482745345 0.28197239 -0.829125143
vn 0.633994546 -0.0591985175 -0.771068383
vn 0.371860434 0.258775884 -0.891490246
vn 0.506105825 -0.101909658 -0.856429399
vn 0.260603285 0.244999071 -0.933842269
vn 0.364354257 -0.142243047 -0.920333033
vn 0.143045717 0.248370477 -0.958044899
vn 0.209643655 -0.170190231 -0.962852441
vn 0.022098232 0.254389367 -0.966849377
vn 0.0489491399 -0.159069555 -0.986053172
vn -0.100215658 0.277456042 -0.955497235
vn -0.112343018 -0.136802599 -0.984207344
vn -0.209828459 0.300929927 -0.930275871
vn -0.268934544 -0.118585728 -0.955830339
vn -0.311359433 0.346380052 -0.884915908
vn -0.419559466 -0.0885816232 -0.903395346
vn -0.398078466 0.377872806 -0.835910089
vn -0.555499786 -0.03598392 -0.830737711
vn -0.461710136 0.418579831 -0.782057975
vn -0.675619334 0.0307962503 -0.736607159
vn -0.527422274 0.461211425 -0.713519282
vn -0.774960258 0.099815012 -0.62407817
vn -0.586786821 0.514132204 -0.625579175
vn -0.862965266 0.152442849 -0.481717892
vn -0.629836632 0.585253929 -0.510669811
vn -0.918716365 0.217726974 -0.329477169
vn -0.939767414 0.289377051 -0.181928913
vn -0.666443999 0.625247762 -0.40610052
vn -0.648597591 0.694928007 -0.310477424
vn -0.930540738 0.364583852 -0.0342425192
vn -0.889868999 0.443609698 0.106506336
vn -0.644054551 0.740682675 -0.191266597
vn -0.82236888 0.516063757 0.239557142
vn -0.595203339 0.796193231 -0.108670717
vn -0.727101439 0.587833901 0.354647434
vn -0.543269303 0.839553159 -0.0029931198
vn -0.611475233 0.64456695 0.458946061
vn -0.472183095 0.878697591 0.0702400761
vn -0.479512059 0.682737039 0.551306015
vn -0.367078434 0.918864119 0.14471404
vn -0.326179527 0.725668138 0.605815706
vn -0.249905017 0.944171659 0.214679671
vn -0.152458796 0.759815317 0.632010284
vn -0.10809348 0.962818209 0.2475821
vn 0.0023534352 0.77330441 0.63403056
vn -0.00429648509 0.957492815 0.28842512
vn 0.0108480191 0.859197003 0.511529891
vn -0.0147755476 0.994671701 0.102028872
vn -0.156155114 0.852359366 0.499098278
vn -0.119435451 0.990084925 0.073939266
vn 0.166725872 0.830869401 0.530903496
vn 0.0949033931 0.989267423 0.111100461
vn 0.32746495 0.795918906 0.509195249
vn 0.214482536 0.969505718 0.118557597
vn 0.470361362 0.761011497 0.446790433
vn 0.330229175 0.937723759 0.107809293
vn 0.327469771 0.795914405 0.509199185
vn 0.214482123 0.969506266 0.118553866
vn 0.600127271 0.709523032 0.369356639
vn 0.442788295 0.892893216 0.0817326848
vn 0.707701215 0.65048312 0.275736652
vn 0.547850407 0.836135793 0.0271452844
vn 0.797505416 0.576794263 0.176899658
vn 0.638958038 0.768095792 -0.0419699832
vn 0.866964322 0.494446463 0.0624144095
vn 0.706081986 0.697317454 -0.123274482
vn 0.91460678 0.401358988 -0.0490448828
vn 0.749400362 0.623524703 -0.22274659
vn 0.773715163 0.541670309 -0.328569814
vn 0.940452941 0.295496511 -0.168018084
vn 0.772127084 0.463441877 -0.434788906
vn 0.934741824 0.198446225 -0.294748739
vn 0.744311471 0.392400865 -0.540390595
vn 0.90431067 0.106852348 -0.413285358
vn 0.693572588 0.324226258 -0.643299618
vn 0.846113452 0.0137885305 -0.532824458
vn 0.614745564 0.267799967 -0.741869982
vn 0.761272833 -0.063984885 -0.645267083
vn 0.513641926 0.215870056 -0.830404775
vn 0.655626487 -0.128480386 -0.744074392
vn 0.401637248 0.1817393 -0.89758473
vn 0.528880211 -0.182037389 -0.828943974
vn 0.27886542 0.166522038 -0.945782474
vn 0.388739406 -0.223871305 -0.893735594
vn 0.135793507 0.173348659 -0.975453928
vn 0.23891643 -0.247133959 -0.939065358
vn 0.0294938281 0.168545038 -0.985252599
vn 0.0820486951 -0.249541845 -0.964881795
vn -0.0745423508 0.218281559 -0.973034737
vn -0.0775336894 -0.232334151 -0.969540803
vn -0.184227493 0.234455103 -0.954510888
vn -0.24371582 -0.205345448 -0.947858558
vn -0.282317634 0.28646231 -0.915552346
vn -0.40198007 -0.157738994 -0.901959219
vn -0.389172716 0.330872713 -0.859690552
vn -0.538069673 -0.102569487 -0.836636437
vn -0.469432347 0.389249532 -0.792539004
vn -0.660214871 -0.0287461512 -0.75052647
vn -0.567979651 0.521494759 -0.636743537
vn -0.52924324 0.446965896 -0.721195591
vn -0.834649879 0.132837889 -0.534521913
vn -0.760071611 0.0492760476 -0.647968377
vn -0.596118319 0.586535591 -0.548287288
vn -0.884461603 0.226712029 -0.407834928
vn -0.59518508 0.65392123 -0.46705647
vn -0.907635785 0.321351712 -0.270056214
vn -0.584696171 0.719087818 -0.375557049
vn -0.899437658 0.417100965 -0.130532309
vn -0.554335244 0.780174225 -0.289897594
vn -0.862028738 0.506855619 -0.00195860658
vn -0.50773083 0.836524761 -0.205999339
vn -0.793922075 0.596514021 0.117723239
vn -0.45616269 0.878640988 -0.141087257
vn -0.704118961 0.674639937 0.221534294
vn -0.387831477 0.917559998 -0.0875807913
vn -0.584758511 0.759844989 0.284065267
vn -0.297684334 0.95404633 -0.0343458499
vn -0.469048504 0.794839157 0.38499898
vn -0.316093962 0.837439504 0.445847155
vn -0.213837722 0.976464187 0.028126861
vn 0.308048296 -0.122494589 0.943451813
vn 0.184777745 -0.100389702 0.977639552
vn 0.334551551 0.782999631 0.524391874
vn 0.175235129 0.817691625 0.548336626
vn 0.428422223 -0.156644051 0.889897207
vn 0.487274038 0.739755725 0.464031764
vn 0.53022136 -0.196666744 0.824734807
vn 0.621010849 0.678725446 0.392016957
vn 0.61612672 -0.251670235 0.746357795
vn 0.745222841 0.590338782 0.310069411
vn 0.686879549 -0.313614893 0.655623508
vn 0.842157431 0.499094495 0.204145895
vn 0.734154675 -0.380072047 0.562638564
vn 0.90968074 0.405468182 0.0898693803
vn 0.763434848 -0.456463144 0.456955829
vn 0.953076892 0.299879143 -0.0414359357
vn 0.772448313 -0.531345011 0.347844913
vn 0.965929086 0.188867526 -0.176946484
vn 0.757407127 -0.604972904 0.245646552
vn 0.94628299 0.0876438511 -0.311234731
vn 0.720378503 -0.678747082 0.142678701
vn 0.894870221 -0.00489853218 -0.446299554
vn 0.661632187 -0.74855413 0.0436985572
vn 0.814577393 -0.103809627 -0.570690136
vn 0.586536938 -0.80859361 -0.0463766538
vn 0.716096457 -0.179809984 -0.674443647
vn 0.495354371 -0.859727983 -0.12446623
vn 0.588861121 -0.224053574 -0.77655816
vn 0.389660203 -0.901144736 -0.190008134
vn 0.443101924 -0.243603839 -0.862738578
vn 0.271261355 -0.932043259 -0.240234554
vn 0.290426302 -0.243514339 -0.925393608
vn 0.146175839 -0.950118638 -0.275512608
vn 0.129453832 -0.237861272 -0.962633742
vn -0.0567076625 -0.222088749 -0.973375995
vn 0.00288278999 -0.958640078 -0.284606552
vn -0.133722719 -0.952683349 -0.27297009
vn -0.223608219 -0.2210856 -0.949273681
vn -0.251911335 -0.938435345 -0.236389048
vn -0.362985587 -0.214164404 -0.90684898
vn -0.378095851 -0.908065176 -0.180169819
vn -0.511095723 -0.188271662 -0.838650668
vn -0.489000518 -0.8652382 -0.110640637
vn -0.649467637 -0.163401983 -0.742624792
vn -0.576769338 -0.816358359 -0.0299359362
vn -0.757827409 -0.129165077 -0.639542025
vn -0.644966083 -0.761715688 0.0617086943
vn -0.844267708 -0.0519324885 -0.533399525
vn -0.69380389 -0.700111418 0.168760674
vn -0.918796602 0.0177493709 -0.394332048
vn -0.721961881 -0.630868354 0.284211476
vn -0.967151747 0.079796055 -0.241350551
vn -0.726512928 -0.55341347 0.407323577
vn -0.981972166 0.167753095 -0.0871181044
vn -0.707916868 -0.469027043 0.528078916
vn -0.959987767 0.274869608 0.0535741148
vn -0.669154996 -0.389390784 0.632934758
vn -0.905446785 0.394315327 0.157103603
vn -0.610441219 -0.31640204 0.726120698
vn -0.818485948 0.524137791 0.235287759
vn -0.534217249 -0.251808627 0.806972333
vn -0.7104106 0.629365542 0.314985387
vn -0.439885247 -0.198273694 0.87589298
vn -0.593192722 0.702722642 0.392814564
vn -0.332299807 -0.155717985 0.930230481
vn -0.461229204 0.763114617 0.452684993
vn -0.208630841 -0.124096154 0.970089334
vn -0.314745343 0.80380678 0.504806923
vn -0.080272633 -0.100381635 0.991705517
vn -0.157464945 0.837923772 0.522578743
vn 0.011935804 0.840808062 0.541201755
vn 0.0533244937 -0.0950020527 0.99404784
vn 0.175236859 0.817699195 0.548324784
vn 0.18483657 -0.100394037 0.977627986
vn 0.725149261 0.578522857 0.373456628
vn 0.596823636 0.796018817 0.10077495
vn 0.610345174 0.638387486 0.46897781
vn 0.49661642 0.849779375 0.17676862
vn 0.476386684 0.694738984 0.538881687
vn 0.372095138 0.89863914 0.232363734
vn 0.330419148 0.740149985 0.585663032
vn 0.259848671 0.924880144 0.277624543
vn 0.330415403 0.740161683 0.585650361
vn 0.259859238 0.92487861 0.277619762
vn 0.181858472 0.766223829 0.616302312
vn 0.126080977 0.953152248 0.274962505
vn -0.00464294271 0.80379097 0.594893705
vn 0.00120949192 0.938236541 0.345992385
vn -0.16995064 0.780933467 0.601048834
vn -0.152488977 0.919528267 0.362235942
vn -0.812003825 0.502539258 -0.296823319
vn -0.940900555 0.290492124 -0.174127745
vn -0.794574627 0.568910679 -0.212112707
vn -0.924231418 0.379394874 -0.0430791778
vn -0.770797546 0.465530211 -0.434916964
vn -0.928827771 0.202605497 -0.31020958
vn -0.727959211 0.373849632 -0.574727622
vn -0.879953366 0.130462597 -0.456794904
vn -0.657799958 0.323753479 -0.680060954
vn -0.802723733 0.0619376753 -0.593125899
vn -0.516711353 0.288061656 -0.806244293
vn -0.7059533 -0.00298960847 -0.708252074
vn -0.353086592 0.231461799 -0.906507195
vn -0.575317145 -0.0417941849 -0.81686194
vn -0.264784446 0.221689901 -0.938478974
vn -0.434317426 -0.042360763 -0.899763269
vn -0.194020988 0.251127202 -0.948309541
vn -0.296260695 -0.0425436481 -0.954159126
vn -0.0840472792 0.267854147 -0.959786544
vn -0.144739156 -0.0252209041 -0.989148362
vn 0.00562679446 0.261306927 -0.965239364
vn 0.00981575493 0.00113424714 -0.999951181
vn 0.111467776 0.292081693 -0.949875371
vn 0.165430392 0.0197294018 -0.986024105
vn 0.22551132 0.288376889 -0.930582299
vn 0.306318641 0.0530801041 -0.950447996
vn 0.32098302 0.325601219 -0.889355805
vn 0.433615009 0.0892859682 -0.896663839
vn 0.429060745 0.352760255 -0.831544995
vn 0.553730021 0.133535296 -0.821919332
vn 0.510677331 0.393474511 -0.764451746
vn 0.66503877 0.179525453 -0.724909681
vn 0.58560092 0.431650397 -0.686111869
vn 0.760066609 0.226247811 -0.60918854
vn 0.646630095 0.451646573 -0.614723429
vn 0.830519724 0.277237204 -0.483090593
vn 0.6877536 0.492247338 -0.53356119
vn 0.876817023 0.337127858 -0.34283628
vn 0.721263756 0.567947009 -0.396503201
vn 0.892864027 0.405667288 -0.195519513
vn 0.734954368 0.632972732 -0.243285013
vn 0.885690725 0.461454453 -0.051105061
vn 0.716275639 0.687231818 -0.121085252
vn 0.845343258 0.527903238 0.0819325732
vn -0.342044523 0.748133486 0.56859637
vn -0.285569667 0.900800375 0.327121767
vn -0.485039201 0.71356482 0.505531621
vn -0.423393449 0.861696149 0.279674338
vn -0.619337654 0.656989672 0.429866772
vn -0.535962392 0.81437592 0.222567236
vn -0.734087563 0.589125881 0.33770719
vn -0.63395196 0.763378227 0.123929795
vn -0.821802962 0.520876636 0.230927306
vn -0.721211568 0.692367086 0.021947481
vn -0.887578309 0.44993079 0.0988282884
vn -0.771055853 0.630834751 -0.086720167
vn 0.777182871 0.594404683 0.206566836
vn 0.664529035 0.747228345 -0.00713876747
vn 0.682627465 0.661317767 0.310931753
vn 0.590503071 0.80006295 0.105855556
vn 0.57154187 0.711788277 0.408285856
vn 0.496280628 0.845130728 0.198644384
vn 0.444873935 0.754657635 0.482264487
vn 0.377290438 0.885741772 0.270394967
vn 0.304412323 0.781977075 0.543916347
vn 0.240931451 0.913066712 0.32903072
vn 0.16308653 0.80454231 0.571064318
vn 0.15074809 0.915763073 0.372361394
vn 0.163076548 0.80454196 0.571067661
vn 0.150738441 0.915761389 0.372369442
vn -0.029898999 0.845473504 0.533179711
vn 0.131327316 0.834664739 0.534871863
vn -0.0103246193 0.952494323 0.304381287
vn 0.137908541 0.939464376 0.313668487
vn -0.149829825 0.940074359 0.30628618
vn -0.181264725 0.831919095 0.524455641
vn -0.400972578 0.88791365 0.225455852
vn -0.475157701 0.762539425 0.439043033
vn -0.271020672 0.923123375 0.27274719
vn -0.333147168 0.804218876 0.492183872
vn -0.510936185 0.846153371 0.151554241
vn -0.593563951 0.722288617 0.354938008
vn -0.605667779 0.794171869 0.0495740231
vn -0.711610914 0.646698998 0.274572964
vn -0.67655864 0.735452685 -0.0371181311
vn -0.798153643 0.576407908 0.175227528
vn -0.720713535 0.67727246 -0.147898667
vn -0.861964869 0.503828503 0.0563329835
vn -0.743946048 0.605915291 -0.281799464
vn -0.902409918 0.423500113 -0.0793976971
vn -0.746990177 0.529466582 -0.402083094
vn -0.915810296 0.338856304 -0.215564161
vn -0.715655105 0.47189351 -0.514931342
vn -0.906381844 0.244666861 -0.344398141
vn -0.675760061 0.414965394 -0.609222506
vn -0.860330955 0.178486732 -0.477465322
vn -0.621904812 0.378675324 -0.685448324
vn -0.792755379 0.125697 -0.596438742
vn -0.574039732 0.341952032 -0.744007523
vn -0.705840913 0.0650388731 -0.705378303
vn -0.465100612 0.320293267 -0.825283977
vn -0.589084603 0.00755804186 -0.808036018
vn -0.357281551 0.252401384 -0.899246037
vn -0.452024976 -0.0281799262 -0.891560045
vn -0.349328265 0.203344433 -0.914669779
vn -0.316559064 -0.066091406 -0.946267555
vn -0.270349067 0.212395422 -0.939041834
vn -0.164146386 -0.112114052 -0.980044082
vn -0.0674519801 0.169621455 -0.983198247
vn 0.00621343488 -0.134767681 -0.990857742
vn 0.102060052 0.155939477 -0.982479835
vn 0.171221356 -0.130442338 -0.976559288
vn 0.247242539 0.161106157 -0.955466343
vn 0.325807774 -0.0951941685 -0.940631365
vn 0.377760841 0.187990737 -0.906618017
vn 0.475035465 -0.0641564125 -0.877624784
vn 0.498209858 0.224066583 -0.837604384
vn 0.611760673 -0.0245719983 -0.790661176
vn 0.600243617 0.278417694 -0.749794097
vn 0.726052106 0.0318884908 -0.686899893
vn 0.682879322 0.337558619 -0.647865735
vn 0.814042463 0.107145331 -0.570836883
vn 0.738778779 0.411981641 -0.533363894
vn 0.87853654 0.191796173 -0.437478887
vn 0.766929697 0.507550849 -0.392697054
vn 0.911711259 0.285687014 -0.295238055
vn 0.721157566 0.676715972 -0.148281013
vn 0.896268935 0.413557259 -0.160226061
vn 0.707340074 0.705664338 0.0413262999
vn 0.839794108 0.540495555 -0.0510921783
vn 0.699252851 0.713760394 -0.0398942404
vn 0.789094375 0.613532392 0.0301342187
vn 0.662198681 0.747673784 -0.0497676523
vn 0.727274704 0.673999379 0.1296007
vn 0.58379015 0.810739007 0.0434893482
vn 0.64319823 0.72533658 0.245321997
vn 0.500060448 0.853211498 0.148221755
vn 0.542356295 0.761691569 0.35450755
vn 0.395403059 0.894708037 0.207735287
vn 0.422120899 0.792472482 0.440228705
vn 0.39540387 0.894707881 0.207734412
vn 0.257730237 0.928809661 0.266247514
vn 0.422125131 0.792465326 0.440237528
vn 0.278241125 0.819926331 0.500302597
vn -0.0566934255 -0.222107231 -0.973372608
vn -0.043120618 0.85391076 -0.518629951
vn -0.223603553 -0.221103658 -0.949270574
vn -0.0493915676 0.848223171 -0.527330945
vn -0.0501933686 0.832990782 -0.551005429
vn -0.362991918 -0.214171011 -0.906844885
vn -0.511115641 -0.188251408 -0.838643076
vn -0.055716885 0.827955424 -0.558019215
vn -0.649468012 -0.163427215 -0.742618911
vn -0.0745351186 0.81491649 -0.574765718
vn -0.757803787 -0.129137919 -0.639575498
vn -0.0977597026 0.802097546 -0.589137138
vn -0.103522047 0.801457261 -0.589024146
vn -0.844244718 -0.0519210454 -0.533437027
vn -0.120972559 0.798232056 -0.590077304
vn -0.918786028 0.0177447659 -0.394356893
vn -0.967144404 0.0798145613 -0.241373854
vn -0.137011658 0.80298231 -0.580040701
vn -0.140147223 0.809157993 -0.570633068
vn -0.981973926 0.167734236 -0.0871345731
vn -0.141013099 0.814794946 -0.562338424
vn -0.959997172 0.274837717 0.0535691967
vn -0.13513819 0.821044749 -0.554637891
vn -0.90544346 0.394325585 0.157097019
vn -0.117930901 0.823351853 -0.55514325
vn -0.818467373 0.524156146 0.235311483
vn -0.107947297 0.828208348 -0.549925735
vn -0.710387498 0.629384764 0.314999081
vn -0.593201734 0.702711033 0.392821724
vn -0.107565265 0.832813913 -0.543001565
vn -0.461241796 0.763098917 0.452698629
vn -0.0831911385 0.825906635 -0.557635602
vn -0.314768306 0.80380454 0.504796172
vn -0.06927595 0.834951424 -0.545945933
vn -0.0597077933 0.832562214 -0.55070422
vn -0.15745919 0.837923634 0.522580698
vn -0.0508161582 0.836781984 -0.545173027
vn 0.0119305711 0.840804436 0.541207504
vn -0.0388329578 0.842232769 -0.537713646
vn 0.175263345 0.817695825 0.548321346
vn 0.334570736 0.782979834 0.524409193
vn -0.0273046023 0.840960215 -0.540407601
vn 0.487296896 0.739747306 0.464021182
vn -0.0191594839 0.833336134 -0.552434432
vn -0.00910398998 0.829654112 -0.558203523
vn 0.620995537 0.678731294 0.392031087
vn 0.00173228924 0.825187198 -0.564856697
vn 0.745228758 0.590337019 0.310058545
vn 0.84216155 0.499101616 0.20411149
vn 0.0154273233 0.821928985 -0.569381016
vn 0.0193990958 0.816483952 -0.57704214
vn 0.909680849 0.405465283 0.0898813508
vn 0.953084583 0.299853781 -0.0414425817
vn 0.0305977968 0.810736878 -0.584610546
vn 0.036690598 0.802754038 -0.595180439
vn 0.965940514 0.188856484 -0.176895881
vn 0.0397840547 0.795872661 -0.604155557
vn 0.946284637 0.0876368213 -0.311231704
vn 0.894845547 -0.00489017262 -0.446349116
vn 0.027527608 0.793669752 -0.607725724
vn 0.0247082694 0.791052334 -0.611249299
vn 0.814554895 -0.103830716 -0.570718411
vn 0.716092775 -0.179852545 -0.674436209
vn 0.0198097676 0.789417567 -0.61353686
vn 0.00615430244 0.799935076 -0.600054996
vn 0.588850654 -0.224078222 -0.776558985
vn 0.443115685 -0.243578009 -0.862738803
vn -0.0138755489 0.823354941 -0.567357127
vn -0.0273837845 0.843056247 -0.537127818
vn 0.290406105 -0.243490296 -0.925406273
vn -0.0372804165 0.851253404 -0.523428899
vn 0.12943042 -0.237839362 -0.962642303
vn 0.112165568 0.786748318 -0.606997504
vn 0.370371475 0.709482621 -0.599549315
vn 0.118279531 0.764829567 -0.63328168
vn 0.34231422 0.667015862 -0.661748302
vn 0.0967323564 0.809646595 -0.578891392
vn 0.386898641 0.752041789 -0.53361277
vn 0.390099281 0.79305535 -0.467852288
vn 0.098859743 0.827029442 -0.553397735
vn 0.0978570733 0.841795228 -0.530852887
vn 0.378939934 0.833416222 -0.402270963
vn 0.0790257606 0.86085834 -0.502670714
vn 0.344109983 0.874815617 -0.341007267
vn 0.297087061 0.913317836 -0.278549474
vn 0.0754703542 0.880222904 -0.468520933
vn -0.181177978 0.745460283 -0.641454213
vn -0.455401749 0.566128082 -0.687101333
vn -0.196141757 0.759391029 -0.620365761
vn -0.48028511 0.614040844 -0.626322644
vn -0.170556226 0.731315702 -0.660369531
vn -0.417311864 0.53141966 -0.737186512
vn -0.144960378 0.729290209 -0.668672027
vn -0.358009056 0.502770258 -0.786798312
vn -0.118824613 0.725205881 -0.678201402
vn -0.285415409 0.478976698 -0.830132138
vn -0.218438094 0.462375761 -0.859356419
vn -0.104033045 0.715445818 -0.690879445
vn -0.0847797229 0.70741361 -0.701696788
vn -0.143785715 0.452044289 -0.880330409
vn 0.305965704 0.623748223 -0.719251793
vn 0.0986856165 0.746404119 -0.658135275
vn -0.063932609 0.444927572 -0.893281634
vn -0.0586938428 0.694344748 -0.717245009
vn 0.260715072 0.582894304 -0.769585526
vn 0.0744251272 0.731192137 -0.67809952
vn 0.00974384089 0.455023579 -0.890426078
vn -0.0226925303 0.685803398 -0.727432986
vn 0.0480756844 0.712804758 -0.699712874
vn 0.205729868 0.54694119 -0.811498956
vn 0.0835994743 0.48435748 -0.870866786
vn 0.0128406117 0.68714345 -0.726408285
vn 0.145663034 0.516247009 -0.843961674
vn 0.0364158227 0.689438954 -0.723427824
vn -0.20347088 0.77438547 -0.599104953
vn -0.495142523 0.661252992 -0.563540915
vn -0.493541646 0.708540396 -0.504368072
vn -0.197119504 0.792953466 -0.576514269
vn -0.476353442 0.760462518 -0.441343582
vn -0.193041951 0.810147853 -0.55352982
vn -0.179861292 0.829974368 -0.528008016
vn -0.448808882 0.810543346 -0.376284563
vn -0.166873342 0.851247238 -0.497525303
vn -0.40575321 0.863643219 -0.299139972
vn -0.138864917 0.864645593 -0.482809003
vn -0.358666388 0.900520013 -0.245809128
vn -0.121848345 0.88643706 -0.446522475
vn -0.295022262 0.93519169 -0.195903977
vn -0.109539344 0.911999082 -0.395295847
vn -0.226543454 0.961413182 -0.156085733
vn -0.0918091211 0.932955527 -0.348087734
vn -0.156267388 0.979715942 -0.1254479
vn -0.0640757809 0.940521718 -0.333636319
vn -0.0868279074 0.990323731 -0.108258127
vn -0.0309343585 0.942126436 -0.333827566
vn -0.0196907461 0.993742741 -0.109943803
vn 0.04973344 0.99049724 -0.128225593
vn -0.00506596087 0.933021594 -0.359784715
vn 0.0253352816 0.922549036 -0.38504727
vn 0.118612929 0.980779321 -0.154928682
vn 0.0476965905 0.911139469 -0.409328602
vn 0.187788688 0.964362757 -0.186386379
vn 0.0674107429 0.896473799 -0.437938944
vn 0.245637958 0.942819439 -0.225285372
vn -0.438679047 -0.734339587 -0.517982689
vn -0.356666098 -0.777469458 -0.51800631
vn -0.408633473 -0.76180511 -0.502664559
vn -0.333915305 -0.790496406 -0.513435488
vn -0.213823304 -0.833999139 -0.508650205
vn -0.232859216 -0.833157845 -0.501621961
vn -0.0185813978 0.883628524 -0.467819798
vn -0.0267957608 0.885193327 -0.464451033
vn -0.0339280794 0.882159187 -0.469727638
vn 0.0369211621 0.901891795 -0.430381248
vn 0.0209264662 0.893249352 -0.449074246
vn 0.0290367365 0.902544924 -0.429615559
vn -0.0674521758 -0.868594732 -0.490910781
vn -0.0847858826 -0.879896138 -0.467540522
vn 0.0485638226 0.741896503 -0.668753418
vn 0.0413742452 0.766522596 -0.640883204
vn 0.0723684044 0.744866833 -0.663276877
vn 0.0651957013 0.763342247 -0.64269599
vn 0.0869804886 0.768829254 -0.63351083
vn 0.0954502777 0.75064411 -0.653775699
vn 0.123950196 0.784687666 -0.607372716
vn 0.132381388 0.765771043 -0.629340828
vn 0.141728843 0.804131482 -0.577308838
vn 0.158603296 0.793601613 -0.587402311
vn 0.140395045 0.825442786 -0.546748057
vn 0.156266182 0.82084396 -0.549359695
vn 0.127001747 0.844275787 -0.520642825
vn 0.141494933 0.84158657 -0.521259272
vn 0.116086777 0.856811271 -0.502392581
vn 0.120722604 0.860617327 -0.494736161
vn 0.0960293915 0.876793137 -0.471181655
vn 0.107663518 0.866989849 -0.486556439
vn 0.0271160052 0.897397069 -0.440389853
vn 0.051204234 0.896527587 -0.44001865
vn -0.270116974 -0.688848763 -0.672699191
vn -0.106716624 -0.760918615 -0.640011269
vn -0.389594864 -0.617314006 -0.683475866
vn 0.061884637 -0.808283923 -0.585531717
vn 0.0535941653 -0.904470223 -0.423156331
vn 0.213372682 -0.80947869 -0.547006717
vn 0.168150563 -0.907642081 -0.384592304
vn 0.375987765 -0.77095876 -0.51405816
vn 0.309000563 -0.896213122 -0.318309113
vn 0.0566927835 0.769110195 -0.636596761
vn 0.531233982 -0.709748224 -0.462653126
vn 0.680935182 -0.620822543 -0.388467049
vn 0.42206245 -0.862238317 -0.280014951
vn 0.587109607 -0.778955673 -0.220296093
vn 0.807087107 -0.501913692 -0.310955057
vn 0.716777057 -0.683915911 -0.13597675
vn 0.90909552 -0.365082923 -0.200648435
vn 0.81793229 -0.575152858 -0.0136366763
vn 0.965864492 -0.254921038 -0.046054829
vn 0.871298575 -0.471037942 0.137702765
vn 0.983624154 -0.138990528 0.114739515
vn 0.883996142 -0.373733402 0.280845448
vn 0.959166134 -0.0226410213 0.281935651
vn 0.859106784 -0.266541034 0.436911216
vn 0.983623662 -0.138973183 0.114764739
vn 0.883996869 -0.373729558 0.280848273
vn 0.882441759 0.0407963253 0.468649338
vn 0.755698945 -0.202246349 0.622908917
vn 0.748162333 0.0553730026 0.661201145
vn 0.635349419 -0.17035313 0.753200456
vn 0.619551914 0.063434878 0.782388293
vn 0.538906701 -0.142754393 0.830181155
vn 0.52370148 0.113638977 0.844288424
vn 0.49853277 -0.0882656237 0.862365501
vn 0.465527809 0.266135125 0.84407106
vn 0.494835004 0.0253284594 0.868617746
vn 0.452445097 0.518040317 0.725897833
vn 0.514134075 0.32783876 0.792583056
vn 0.39451044 0.788668549 0.471554273
vn 0.530115894 0.717985378 0.451081074
vn 0.236314994 0.959975965 0.15033752
vn 0.321683139 0.936253331 0.141243262
vn 0.00957080646 0.999286084 -0.0365475383
vn 0.0108298567 0.999941002 0.000840709103
vn -0.152986273 0.988227865 0.000941366923
vn -0.217503012 0.975670928 0.027544146
vn -0.367731543 0.923314843 0.11073939
vn -0.489280624 0.861279055 0.137123522
vn 0.120535463 -0.0458978081 0.991647414
vn 0.108893009 0.211788622 0.971230092
vn -0.122446965 0.0499938995 0.991215088
vn -0.129027554 0.233479632 0.963763016
vn -0.729831572 0.640273563 0.239573873
vn -0.839918607 0.436386883 0.322650309
vn -0.567922737 0.798122209 0.201158404
vn -0.722371068 0.638262707 0.266084115
vn -0.851315318 0.465612882 0.241799241
vn -0.912709065 0.22470951 0.341273788
vn -0.921343318 0.320862172 0.219485665
vn -0.93726093 0.0795219326 0.339438082
vn -0.475670998 -0.55652243 -0.681190051
vn 0.376007668 -0.770942236 -0.514068383
vn 0.213383514 -0.809448351 -0.547047387
vn 0.0695562076 0.714985093 -0.69567108
vn 0.0398096299 0.707213245 -0.705878615
vn 0.134769536 0.722742242 -0.677850148
vn 0.680970951 -0.620789647 -0.388456919
vn 0.0978131693 0.719803418 -0.687252227
vn 0.531246659 -0.709738643 -0.462653267
vn 0.807102502 -0.50191003 -0.310921006
vn 0.180795735 0.726477468 -0.662980687
vn 0.909104328 -0.365066675 -0.20063809
vn 0.232487674 0.744040451 -0.626381105
vn 0.965861543 -0.254932923 -0.0460508994
vn 0.238151728 0.770640051 -0.591098694
vn 0.242120636 0.799744696 -0.549350543
vn 0.983625058 -0.138995291 0.114726
vn 0.959164367 -0.0226498972 0.281940951
vn 0.222938664 0.828945215 -0.51297971
vn 0.882421843 0.0407855114 0.468687778
vn 0.202217004 0.852419053 -0.48217221
vn 0.748148269 0.0553857656 0.661215989
vn 0.191817307 0.871141405 -0.452016342
vn 0.619554303 0.0634136741 0.78238812
vn 0.152211635 0.884555448 -0.44090053
vn 0.523737009 0.113646386 0.844265388
vn 0.126232391 0.898233147 -0.421001896
vn 0.0984211264 0.912044153 -0.398106448
vn 0.465530698 0.266118536 0.844074697
vn 0.0597830154 0.910948025 -0.408166249
vn 0.452428691 0.518080184 0.725879606
vn 0.0390958354 0.908589331 -0.415856878
vn 0.394485218 0.788654047 0.471599627
vn 0.0172330319 0.908060362 -0.418484649
vn 0.236308718 0.959974344 0.150357739
vn -0.00566754275 0.89684805 -0.442302447
vn 0.00955414488 0.999285286 -0.0365737076
vn -0.152988178 0.988227551 0.000961956584
vn -0.0356010194 0.900929828 -0.432502037
vn -0.0836578362 0.90858331 -0.409240438
vn -0.36773192 0.923315668 0.11073126
vn -0.136248442 0.904030569 -0.405172918
vn -0.567946964 0.798108454 0.201144579
vn -0.172727525 0.888890262 -0.424310386
vn -0.729838691 0.64026799 0.239567082
vn -0.851309036 0.465629588 0.241789191
vn -0.183950197 0.867155005 -0.462822345
vn -0.196551169 0.847930898 -0.492321876
vn -0.921348184 0.320849131 0.219484303
vn -0.222404516 0.825621708 -0.518541248
vn -0.96828044 0.194914556 0.156337156
vn -0.0942084625 0.880381596 -0.464815029
vn -0.118932715 0.872674519 -0.473597079
vn -0.0624003895 0.884243613 -0.462838442
vn -0.0400296965 0.884776525 -0.464293146
vn -0.00717626102 0.885610772 -0.464372761
vn 0.00874814251 0.893837167 -0.448306356
vn 0.0744018136 0.890305853 -0.449243651
vn 0.0615721245 -0.884635228 -0.462200592
vn 0.0653625487 -0.945713102 -0.318362161
vn 0.39290413 -0.883697435 -0.254372147
vn 0.0715435415 -0.939382661 -0.335323333
vn 0.461972448 -0.857362215 -0.226961427
vn 0.332897578 -0.891000656 -0.308702178
vn 0.0664902667 -0.946911426 -0.314543789
vn 0.05467876 -0.944627727 -0.323556317
vn 0.278711143 -0.896278442 -0.34497109
vn 0.0253817615 -0.936903007 -0.348666778
vn 0.16173208 -0.892733353 -0.420559026
vn 0.542522627 -0.808653082 -0.227484928
vn 0.0204499942 -0.930530606 -0.365642706
vn 0.600391328 -0.7683717 -0.221664575
vn -0.0452254694 -0.907489269 -0.417633671
vn 0.61809852 -0.748512814 -0.240172409
vn -0.152840544 -0.867058112 -0.474183507
vn -0.136684526 -0.815912684 -0.561786288
vn 0.635605696 -0.738747243 -0.224182761
vn 0.599534906 -0.773091428 -0.207093072
vn -0.086180385 -0.762682231 -0.64100605
vn -0.0229459256 -0.715157618 -0.698586477
vn 0.533612286 -0.824056151 -0.190235089
vn -0.00473345804 -0.682197297 -0.731152818
vn 0.418653208 -0.88408712 -0.207652249
vn 0.280838946 -0.937943634 -0.203448339
vn -0.00127401209 -0.668993244 -0.743267392
vn -0.0243367714 -0.686404664 -0.726812465
vn 0.14911529 -0.977377943 -0.149989953
vn -0.05368036 -0.993954457 -0.0957755496
vn -0.0944949189 -0.693003842 -0.714714198
vn -0.226867953 -0.971290956 -0.0715877871
vn -0.157137354 -0.686865698 -0.709593802
vn -0.228847116 -0.657015607 -0.718303201
vn -0.439250876 -0.894230558 -0.0860835477
vn -0.579030692 -0.811130942 -0.0824017703
vn -0.27571863 -0.644474912 -0.713183935
vn -0.439265884 -0.894224099 -0.0860740576
vn -0.228843246 -0.657000063 -0.718318652
vn -0.713821592 -0.697374925 -0.0642413361
vn -0.310717099 -0.664376418 -0.679749115
vn -0.303052623 -0.70881967 -0.636972357
vn -0.770203887 -0.623272907 -0.135339781
vn -0.758465996 -0.618389186 -0.205728337
vn -0.328963126 -0.77315453 -0.542231809
vn -0.704600177 -0.661581054 -0.256610796
vn -0.304295861 -0.822112315 -0.481181224
vn -0.25429816 -0.869717873 -0.422993223
vn -0.640872838 -0.703533808 -0.307119172
vn -0.604333082 -0.72033793 -0.340433243
vn -0.293713457 -0.879013934 -0.375588751
vn -0.588075155 -0.714191268 -0.379603008
vn -0.349340856 -0.87023666 -0.347345824
vn 0.613339453 -0.478565199 0.628323218
vn 0.454545077 -0.500680846 0.736686815
vn 0.739942034 -0.442637412 0.506515457
vn 0.851970344 -0.449803827 0.267998226
vn 0.846698492 -0.519383122 0.1155112
vn 0.299470243 -0.51918491 0.800477734
vn 0.0892363006 -0.545797431 0.833151875
vn -0.119375643 -0.543586642 0.83082069
vn -0.355375457 -0.506340996 0.785701649
vn -0.505376852 -0.467875386 0.725042661
vn -0.355380481 -0.506317894 0.785714264
vn -0.670234278 -0.459318 0.582934806
vn -0.779235384 -0.507996454 0.367058331
vn -0.805024471 -0.574920533 0.146294161
vn 0.785668627 -0.618318946 0.0201615993
vn 0.699389721 -0.712741624 -0.0534171861
vn 0.580447501 -0.806997398 -0.10879291
vn -0.770336644 -0.633959775 -0.068384635
vn -0.718579911 -0.670890184 -0.183164604
vn -0.679828925 -0.681651563 -0.270525006
vn -0.647993632 -0.674499901 -0.353771306
vn -0.25981023 -0.911981273 -0.31747252
vn -0.286733462 -0.899006942 -0.33101426
vn -0.21023844 -0.924212308 -0.318796813
vn -0.125422234 -0.93643914 -0.327644625
vn -0.0316058186 -0.934818446 -0.353716757
vn 0.382600811 -0.88089422 -0.278643127
vn -0.11149758 -0.725817497 0.678791022
vn -0.210230879 -0.924222594 -0.318771979
vn -0.323418197 -0.70182835 0.634694916
vn -0.125424257 -0.936433095 -0.327661127
vn -0.259797648 -0.911985143 -0.317471702
vn 0.147665663 -0.738175742 0.658248757
vn 0.323589748 -0.74776863 0.579768705
vn -0.286721455 -0.899006951 -0.331024635
vn -0.293712954 -0.879012215 -0.375593166
vn -0.349352321 -0.870248916 -0.347303585
vn 0.859705756 -0.51033634 -0.0215135585
vn 0.803111712 -0.577472354 0.146755775
vn -0.254292803 -0.869728927 -0.422973716
vn 0.880893958 -0.439628024 -0.175365432
vn 0.861127 -0.372854847 -0.34560028
vn -0.304265483 -0.822118049 -0.481190638
vn -0.328957736 -0.773172946 -0.542208819
vn 0.787338596 -0.300561329 -0.538294365
vn 0.616368976 -0.195163005 -0.762889695
vn -0.303054208 -0.708841854 -0.636946916
vn -0.310724482 -0.664376942 -0.679745229
vn 0.391403339 -0.115864321 -0.912895879
vn 0.187729462 -0.0262153039 -0.981870871
vn -0.275727995 -0.644466465 -0.713187947
vn 0.0906882132 0.0444466869 -0.994886999
vn -0.228855799 -0.656983808 -0.71832952
vn -0.157163308 -0.686861567 -0.709592054
vn -0.228863791 -0.656998264 -0.718313752
vn -0.0293588969 0.0812455548 -0.99626162
vn 0.0906892705 0.0444438592 -0.994887029
vn -0.107845683 0.0802015079 -0.990927357
vn -0.0945062738 -0.693006288 -0.714710325
vn -0.024340442 -0.686394208 -0.726822217
vn -0.197367876 0.0972623687 -0.975492672
vn -0.323090921 0.108105059 -0.94017315
vn -0.00127001104 -0.66899874 -0.743262452
vn -0.468412576 0.061983509 -0.881332913
vn -0.0047414452 -0.68218623 -0.731163091
vn -0.0229437036 -0.715180273 -0.698563356
vn -0.616327344 -0.0302060888 -0.78691054
vn -0.0861699328 -0.762654053 -0.641040981
vn -0.76533049 -0.118580432 -0.632619887
vn -0.87279046 -0.179344789 -0.453951825
vn -0.136681852 -0.81592275 -0.561772317
vn -0.152849981 -0.867063089 -0.474171364
vn -0.92686704 -0.237040524 -0.291082944
vn -0.0452158126 -0.907499505 -0.417612474
vn -0.943073088 -0.275876751 -0.185755672
vn -0.940915852 -0.3276587 -0.0855402587
vn 0.0204234112 -0.930530459 -0.365644566
vn 0.0715163954 -0.939391891 -0.335303265
vn -0.929920609 -0.367728075 -0.00487081558
vn 0.0653579502 -0.945729124 -0.318315506
vn -0.896424566 -0.432703955 0.0958659725
vn 0.0665074867 -0.946911464 -0.314540036
vn -0.83761686 -0.498561651 0.22323592
vn -0.748710416 -0.558756538 0.356684517
vn 0.0546641083 -0.944623199 -0.323572014
vn -0.633478252 -0.612535811 0.47276335
vn 0.0254053755 -0.936912382 -0.348639866
vn -0.0316341505 -0.934820037 -0.353710022
vn -0.4994551 -0.664252697 0.556159112
vn -0.271253849 -0.863822832 -0.424536764
vn -0.24289284 -0.833507919 -0.496253582
vn -0.177579485 -0.769835037 -0.613041224
vn -0.306841783 -0.885154787 -0.349784395
vn -0.302244765 -0.907907355 -0.290434737
vn -0.282539539 -0.93548254 -0.212235309
vn -0.239202605 -0.960882869 -0.13959307
vn -0.21191214 -0.971703975 -0.10432943
vn -0.231051827 -0.966536112 -0.111458499
vn -0.266523234 -0.955466447 -0.126685574
vn -0.270188314 -0.959842657 -0.0755006518
vn -0.221422876 -0.972977425 -0.0654739699
vn -0.140719114 -0.986241007 -0.0867571787
vn -0.0619006308 -0.986211858 -0.153474697
vn -0.0336178522 -0.979289543 -0.19965428
vn 0.00336024164 -0.93880477 -0.344433321
vn 0.0190925892 -0.893613734 -0.44843056
vn -0.0106259874 -0.843379582 -0.53721315
vn -0.0592156974 -0.756859938 -0.650889035
vn -0.148560791 -0.661133684 -0.735412771
vn -0.211500485 -0.603389264 -0.76888812
vn -0.248450361 -0.593013039 -0.765903358
vn -0.207045513 -0.612416904 -0.762940163
vn -0.147631295 -0.640765496 -0.753408641
vn -0.207014344 -0.612447389 -0.762924149
vn -0.102511749 -0.651420928 -0.751759347
vn -0.0697698757 -0.651165713 -0.75572176
vn -0.0262816392 -0.643969373 -0.764599714
vn -0.0466946802 -0.670188395 -0.740720678
vn -0.0953973562 -0.680459683 -0.726549354
vn -0.110927523 -0.706962344 -0.698497909
vn 0.478601702 -0.869325685 -0.123342064
vn 0.415327802 -0.895378995 -0.160621517
vn 0.369344868 -0.893836281 -0.254246083
vn -0.724807405 -0.599588147 0.339335053
vn -0.64002358 -0.559260681 0.52687504
vn -0.541934359 -0.465733378 0.699570991
vn -0.430192875 -0.414389277 0.802007242
vn -0.307468715 -0.441064052 0.843163976
vn -0.30744375 -0.441070281 0.843169821
vn -0.0781069727 -0.477322236 0.875250126
vn 0.137103144 -0.468684294 0.872661309
vn 0.323333547 -0.450374122 0.832237086
vn 0.461490987 -0.431033311 0.775394321
vn 0.606998185 -0.431907401 0.667090099
vn 0.679045293 -0.542090861 0.495010089
vn 0.814705593 -0.46718555 0.343500303
vn 0.550135056 -0.824950512 -0.129645952
vn 0.457540068 -0.888909515 -0.0222926044
vn 0.461801441 -0.883155386 -0.0823164275
vn 0.608554523 -0.791660852 0.0541709134
vn 0.527889795 -0.848673483 0.0329497266
vn 0.52398564 -0.843327259 0.119323856
vn 0.607201333 -0.744469413 0.277618146
vn 0.794799038 -0.554022843 0.247695736
vn 0.643782823 -0.765189013 -0.00542694935
vn 0.729612055 -0.670329669 0.135367586
vn 0.765881912 -0.576901465 0.283918291
vn 0.759539138 -0.497980863 0.41846787
vn 0.556646581 -0.805448104 0.203464827
vn 0.572614359 -0.7387652 0.355441662
vn 0.538128971 -0.634001701 0.555390902
vn 0.543291409 -0.727553069 0.418928367
vn 0.598428034 -0.732426222 0.324708665
vn 0.625645581 -0.646382512 0.436757661
vn 0.559544695 -0.660345037 0.500853438
vn 0.615432716 -0.492833463 0.615107917
vn 0.59351973 -0.514628502 0.618782543
vn 0.473072902 -0.434009534 0.76670578
vn 0.542095279 -0.457977991 0.704548699
vn 0.333313744 -0.599423152 0.727731979
vn 0.0408975876 -0.470831417 0.881274738
vn 0.185719972 -0.448682854 0.874180638
vn -0.0728108569 -0.630990763 0.772365999
vn -0.342736987 -0.549917135 0.761657733
vn -0.358383997 -0.61701439 0.700609844
vn -0.0727768969 -0.630989212 0.772370467
vn -0.432897546 -0.660976765 0.61295141
vn -0.666527616 -0.587436364 0.458976531
vn 0.511721963 -0.656701587 0.55397081
vn 0.527627635 -0.682044269 0.506383939
vn 0.509929894 -0.678520701 0.528754349
vn 0.365927926 -0.762147972 0.534066682
vn 0.0387961027 -0.815111357 0.578003753
vn 0.0388285813 -0.815105945 0.578009203
vn -0.336858022 -0.789666344 0.512790151
vn -0.0727900798 -0.630992445 0.772366583
vn -0.432895014 -0.660985053 0.61294426
vn -0.666550351 -0.587434546 0.45894584
vn -0.675811615 -0.614955618 0.406335145
vn 0.81462382 -0.0254445437 0.579431279
vn 0.510125864 -0.105342101 0.853624416
vn 0.812202891 -0.0522563765 0.581029892
vn 0.471437303 -0.170711202 0.865219368
vn 0.358333009 -0.176980676 0.916665312
vn 0.819270835 -0.114263004 0.561906812
vn 0.458082751 -0.102932747 0.882929806
vn 0.803754336 -0.0437579747 0.593349986
vn 0.40155133 -0.114415479 0.908661448
vn 0.785053954 0.00394951292 0.619414796
vn 0.361908395 -0.177657532 0.915128469
vn 0.777322887 0.0586625292 0.626360789
vn 0.786768132 0.0990275585 0.60925319
vn 0.350905745 -0.285201729 0.891922156
vn 0.404679895 -0.430862376 0.806592707
vn 0.84059173 0.161730512 0.516961105
vn 0.906686792 0.262805734 0.329927578
vn 0.465336493 -0.591164338 0.658776649
vn 0.541866348 -0.749690914 0.379926828
vn 0.922987001 0.34889283 0.162384696
vn 0.657609 -0.745928868 0.105548698
vn 0.909863181 0.410848191 0.0579029908
vn 0.687765591 -0.723428762 -0.060243819
vn 0.905834821 0.42158413 0.0415944559
vn 0.705358822 -0.670321897 -0.230515696
vn 0.908188254 0.415894033 0.047183139
vn 0.734352262 -0.545395706 -0.404067173
vn 0.910342038 0.411286759 0.0460497054
vn 0.740853872 -0.362830232 -0.565234256
vn 0.933397172 0.357687733 0.0287959344
vn 0.696527128 -0.238475897 -0.67674161
vn 0.967875556 0.25066915 0.0195418826
vn 0.97819385 0.204077528 0.0385895587
vn 0.696433614 -0.0991179899 -0.710743165
vn 0.696488671 0.0685551141 -0.714285467
vn 0.986220113 0.162759533 0.0296517002
vn 0.656894533 0.171433548 -0.734234371
vn 0.995288502 0.0969377745 0.00196589168
vn 0.998855337 0.0470058365 0.00885818658
vn 0.631466967 0.178979833 -0.754463842
vn 0.634306436 0.150009614 -0.758388068
vn 0.999912444 0.0121596843 -0.00521973941
vn 0.614047401 0.116759315 -0.78058507
vn 0.998357831 -0.05435613 -0.0180845715
vn 0.99310253 -0.117234905 -0.00182822513
vn 0.626355026 0.0831151646 -0.77509435
vn 0.982748898 -0.184818335 -0.00684012949
vn 0.604236713 0.152743577 -0.782027745
vn 0.563823166 0.374865195 -0.735920868
vn 0.880545786 -0.473485354 0.0212306014
vn 0.559538925 0.577005571 -0.594962825
vn 0.779554835 -0.626057623 0.0186040803
vn 0.561354831 0.688432359 -0.459283835
vn 0.713043623 -0.70111906 0.000924786191
vn 0.475471601 0.828973034 -0.294500365
vn 0.62780839 -0.777912607 -0.0266195465
vn 0.457748931 0.886276106 -0.0705732248
vn 0.567867393 -0.82152001 -0.0512981197
vn 0.534824602 -0.843113012 -0.0558846603
vn 0.515295549 0.835883243 0.189128796
vn 0.515289085 0.835889315 0.18911957
vn 0.534830852 -0.84310984 -0.0558726901
vn 0.577892383 0.642775065 0.502872359
vn 0.566499678 -0.824048232 -0.00475664202
vn 0.583034616 0.432909707 0.687502598
vn 0.629622651 -0.771919753 0.0878362752
vn 0.502082439 0.287192501 0.815741191
vn 0.717158509 -0.663332829 0.213712965
vn 0.458896547 0.107295685 0.881987299
vn 0.813124323 -0.423202752 0.399660188
vn 0.377284208 -0.0571221122 0.924334188
vn 0.824800276 -0.236046576 0.513796184
vn 0.887548128 -0.100920296 0.449525766
vn 0.95651816 -0.186304806 0.2244182
vn 0.803027097 -0.0166996531 0.595708488
vn 0.752930385 0.0456969042 0.656511713
vn 0.750048002 0.0591144698 0.65873627
vn 0.76254063 0.0568143626 0.644440778
vn 0.782421021 0.0200285289 0.62242767
vn 0.803016115 -0.0481117205 0.594012105
vn 0.798945098 -0.125138635 0.588240642
vn 0.725184938 -0.219612035 0.652592798
vn 0.740271792 -0.139453451 0.657685646
vn 0.742835563 -0.0845465866 0.664113846
vn 0.777931707 -0.061968099 0.625285706
vn 0.832883952 0.00282260784 0.553440471
vn 0.88749232 0.0882069109 0.452301804
vn 0.943095898 0.172094324 0.284523586
vn 0.943510242 0.172545816 0.282871641
vn 0.971236192 0.221454216 0.0875116552
vn 0.947863805 0.164239885 -0.273092414
vn 0.886402703 0.137653734 -0.44197477
vn 0.925618792 0.180051406 -0.332883378
vn 0.911274644 0.0449709161 -0.409336218
vn 0.789893487 -0.0876153022 -0.606952913
vn 0.878932632 0.000112870347 -0.476945924
vn 0.889392617 0.0485911512 -0.454554367
vn 0.887612303 0.0920230204 -0.451304957
vn 0.889045356 0.117678746 -0.442436513
vn 0.881777067 0.127974933 -0.453973149
vn 0.878328544 0.116996084 -0.463520102
vn 0.900198581 0.0732214366 -0.429279787
vn 0.928361762 0.000418792699 -0.371677633
vn 0.940950237 -0.0683280801 -0.331577932
vn 0.962860978 -0.115541561 -0.244026403
vn 0.97973778 -0.149851439 -0.132885022
vn 0.981699673 -0.18839191 -0.0278251631
vn 0.9801763 -0.188482802 0.0610627007
vn 0.906679126 0.262792061 0.329959535
vn 0.84059877 0.161708915 0.516956414
vn 0.762837677 0.447824936 0.466402728
vn 0.734789905 0.32894494 0.593193915
vn 0.821677445 0.550637324 0.147121428
vn 0.922988452 0.348898143 0.16236503
vn 0.649138548 0.754673966 0.0953223466
vn 0.417949825 0.908152811 0.0240086485
vn 0.766093042 0.134094745 0.628585754
vn 0.786783558 0.0990128572 0.609235657
vn 0.714630201 0.0294383929 0.69888272
vn 0.777331524 0.0586717124 0.626349209
vn 0.785056996 0.00394294151 0.619410983
vn 0.630833493 -0.0789946065 0.771886622
vn 0.63820853 0.106874533 0.762409146
vn 0.607748906 0.0247825925 0.793742459
vn 0.812191679 -0.0321955514 0.582501608
vn 0.807526507 -0.0478168056 0.587889865
vn 0.814620928 -0.0254511644 0.579435055
vn 0.803748286 -0.0437710037 0.593357221
vn 0.812194018 -0.0522550285 0.581042415
vn 0.709737455 -0.108017322 0.696135765
vn 0.819276766 -0.114257108 0.561899363
vn 0.824800516 -0.236047813 0.513795231
vn 0.777536512 -0.136621804 0.613817119
vn 0.728694276 -0.312971435 0.609141637
vn 0.666079696 -0.519246076 0.535463679
vn 0.81314121 -0.423191378 0.399637875
vn 0.717149446 -0.663342959 0.213711936
vn 0.580598359 -0.715204706 0.389085819
vn 0.378752809 -0.891312395 0.249215818
vn 0.629634195 -0.771907987 0.0878569328
vn 0.365930807 -0.762145388 0.534068396
vn 0.509923527 -0.678504622 0.528781122
vn 0.593522684 -0.514629783 0.618778644
vn 0.547124997 -0.142574164 0.824819281
vn 0.520234943 -0.198111027 0.830727167
vn 0.580115686 -0.318557231 0.749657976
vn 0.637569625 -0.359019533 0.681623025
vn 0.754286472 -0.393514 0.525546049
vn 0.759537527 -0.497970848 0.418482711
vn 0.615423048 -0.492832309 0.615118515
vn 0.609140585 -0.164725379 0.775766265
vn 0.591017144 -0.282796983 0.755463171
vn 0.660320181 -0.186569517 0.727440083
vn 0.635326804 -0.344206937 0.691289691
vn 0.0401412992 -0.974013922 0.222902572
vn 0.0388089949 -0.815091903 0.578030321
vn -0.303311431 -0.930478073 0.205457374
vn 0.0401554998 -0.974011471 0.222910721
vn -0.693392779 -0.696472541 0.184749706
vn -0.853838084 -0.375620077 0.36037492
vn -0.938198469 -0.271268772 0.21493461
vn -0.942821953 0.0534236274 0.328987356
vn -0.965599749 0.137003329 0.221014054
vn -0.82913314 0.535672494 0.159978799
vn -0.607990788 0.791998354 0.0555500604
vn -0.305980257 0.952027771 0.00438233378
vn -0.00984743772 0.999780348 -0.0185009193
vn 0.819577116 0.571506979 0.0409038382
vn 0.909860466 0.410855353 0.0578948268
vn 0.667510124 0.744503166 0.012052825
vn 0.454411139 0.89067094 -0.0146898745
vn 0.566517761 -0.824035927 -0.00473465182
vn 0.26586529 -0.962680771 -0.0506100829
vn 0.534835866 -0.843105405 -0.0558916127
vn 0.254921347 -0.958562109 -0.127176215
vn 0.567832982 -0.821543883 -0.0512967246
vn 0.360161666 -0.926304184 -0.110653209
vn 0.627789626 -0.777928521 -0.0265970101
vn 0.423737613 -0.905603219 -0.0181451115
vn 0.713024364 -0.701138663 0.00091146454
vn 0.44321624 -0.896263964 -0.0164399349
vn 0.779564637 -0.626045068 0.0186158268
vn 0.504929009 -0.863159899 -0.00129831006
vn 0.0172088586 -0.997198758 -0.072790746
vn 0.0172031141 -0.997199289 -0.0727848224
vn -0.278036456 -0.959013025 -0.0546785749
vn -0.640477814 -0.767969009 -0.00343086957
vn -0.933624031 -0.354664988 0.0505857255
vn -0.995012262 0.0413542684 0.090776771
vn -0.889993339 0.448269746 0.0834631103
vn -0.733346771 0.679618483 0.0179229419
vn -0.376320448 0.92635655 -0.0156991115
vn 0.010658682 0.999431017 -0.0320005282
vn 0.499800245 0.866029283 -0.0138923176
vn 0.700475792 0.713521278 0.0148677923
vn 0.826262949 0.56223004 0.03445174
vn 0.905829634 0.421595634 0.0415908162
vn 0.880529838 -0.473516211 0.0212038344
vn 0.856701159 -0.512661927 0.0569286658
vn 0.81113577 0.580365758 0.0723488103
vn 0.910357171 0.411256206 0.0460234001
vn 0.853404448 0.518992998 0.0484470361
vn 0.90819738 0.415873201 0.0471910847
vn 0.933398681 0.357684134 0.0287917217
vn 0.907627338 0.412690378 0.0768066855
vn 0.967873826 0.250674588 0.0195577958
vn 0.933188735 0.351160177 0.0764546592
vn 0.938759057 0.342471443 0.0380097764
vn 0.97819091 0.204088787 0.0386045508
vn 0.995288718 0.0969352407 0.00198188419
vn 0.986221077 0.162758536 0.0296250964
vn 0.98623642 0.119393597 0.114380476
vn 0.978916491 0.162285656 0.124039786
vn 0.995872665 0.0695203866 0.0583485356
vn 0.998855399 0.0470038688 0.0088616144
vn 0.995682604 -0.0209323822 0.0904322291
vn 0.99466436 -0.0573651828 0.0857440814
vn 0.999912502 0.0121618531 -0.00520355705
vn 0.99835832 -0.0543486438 -0.0180800694
vn 0.988735028 -0.13266648 0.0693011561
vn 0.993101587 -0.117242767 -0.00183610403
vn 0.970225678 -0.230297091 0.0750025626
vn 0.982746876 -0.184828804 -0.00684771505
vn 0.891205288 -0.449566339 0.060359274
vn 0.561344583 -0.826552462 0.0412708989
vn -0.0205921687 -0.990514696 -0.135855067
vn 0.172917677 -0.97422719 -0.144847708
vn 0.19794034 -0.976020876 -0.0905697014
vn 0.0277152209 -0.995773286 -0.0875638637
vn 0.106284459 -0.994003448 -0.0257052369
vn 0.138033933 -0.989847312 0.0338958951
vn -0.271197735 -0.956341053 -0.108920056
vn -0.0205960557 -0.990514229 -0.135857883
vn 0.027687463 -0.995774703 -0.0875565267
vn -0.275474098 -0.958306282 -0.0759150271
vn 0.106272079 -0.994004834 -0.0257028292
vn -0.282795062 -0.959142711 -0.00849782158
vn 0.138004021 -0.989851614 0.0338920828
vn -0.29018045 -0.955470096 0.0535929308
vn -0.618972066 -0.784053019 -0.0462000579
vn -0.617847595 -0.78609673 -0.0177842787
vn -0.623701554 -0.780905845 0.0343865204
vn -0.624762476 -0.7770138 0.0769506617
vn -0.906321018 -0.422563512 0.00472138409
vn -0.892209558 -0.450598292 0.0303855939
vn -0.892847606 -0.446732213 0.0570393053
vn -0.890377634 -0.448823261 0.0760614829
vn -0.997613047 -0.0618134804 0.0307782621
vn -0.997079242 -0.0590286045 0.0484624573
vn -0.997405454 -0.0498246601 0.0519602076
vn -0.996650036 -0.0591936965 0.0564341377
vn -0.958413931 0.277944761 0.0647259372
vn -0.94636199 0.319891272 0.0454813893
vn -0.950269788 0.31009575 0.0287742378
vn -0.95358104 0.299786971 0.0284775578
vn -0.755885866 0.654699528 -0.00225535215
vn -0.761018097 0.648730567 0.000328007959
vn -0.388906944 0.920784037 -0.0301354708
vn -0.382902903 0.923280564 -0.0306327829
vn 0.0236886288 0.998933066 -0.0396431376
vn 0.0618420124 0.997222244 -0.0415133931
vn 0.636312297 0.771051211 0.0242217165
vn 0.742365519 0.669956366 0.00720438091
vn 0.995166617 0.0856752728 0.0479911692
vn 0.946556641 0.321814605 0.0215843951
vn 0.779735702 0.626016872 -0.0107289512
vn 0.0895975469 0.995145883 -0.0407056636
vn 0.992221328 -0.10783632 0.06219457
vn 0.916866569 -0.391528665 0.0778524196
vn 0.608424201 -0.788045927 0.0938275447
vn 0.168960858 -0.980333495 0.101972877
vn -0.299385734 -0.947505706 0.11225471
vn 0.168985244 -0.9803294 0.101971837
vn -0.621037549 -0.775532344 0.113410519
vn -0.88522531 -0.455977114 0.0919838156
vn -0.99524818 -0.0765042286 0.0602342384
vn -0.956905237 0.289150484 0.0269140387
vn -0.758327006 0.651868164 -0.0028369831
vn -0.380000636 0.924471351 -0.0308583528
vn 0.216521144 -0.932194135 0.290056355
vn -0.277151744 -0.914092058 0.296011183
vn 0.197193632 -0.963475682 0.181188527
vn -0.296617419 -0.937867931 0.180060686
vn 0.197187128 -0.963477314 0.181186926
vn 0.6411299 -0.752885548 0.148713831
vn 0.216515207 -0.932190465 0.29007258
vn 0.664708915 -0.712011576 0.226277647
vn 0.200642501 -0.900206086 0.386486209
vn -0.257513001 -0.859829792 0.440885227
vn 0.200647004 -0.90020563 0.386484932
vn 0.675599129 -0.680864739 0.282823308
vn -0.60642259 -0.778587248 0.161411088
vn -0.570831669 -0.776090294 0.268020636
vn -0.875197109 -0.469897806 0.115004666
vn -0.855152035 -0.479210861 0.197666254
vn -0.993471909 -0.0944259849 0.0640101544
vn -0.986054354 -0.10833505 0.126334191
vn -0.951537459 0.296500394 0.0816332002
vn -0.957138896 0.288515936 0.0253710234
vn -0.744934866 0.667131312 0.00280335688
vn -0.717949621 0.692546579 0.0701967096
vn -0.364602937 0.931108733 -0.0100611158
vn -0.328579899 0.941119733 0.0795543705
vn 0.116912487 0.993029969 -0.0149315556
vn 0.153361747 0.984532514 0.0847107039
vn 0.793194134 0.608943012 0.00561015717
vn 0.803187118 0.59104374 0.0745503243
vn 0.950346419 0.309767778 0.0297591553
vn 0.949682103 0.303942962 0.0756477274
vn 0.994486183 0.0930402643 0.0483812031
vn 0.9916022 0.097805999 0.084611255
vn 0.993555666 -0.092861575 0.064991274
vn 0.991176068 -0.0846257233 0.102022002
vn 0.929830171 -0.355430047 0.0953170188
vn 0.932290059 -0.332576673 0.142225179
vn -0.524591076 -0.737859763 0.424696565
vn -0.801895038 -0.468425144 0.370866866
vn -0.947112672 -0.109673066 0.301578192
vn -0.918538581 0.3041018 0.252604374
vn -0.663913199 0.705017214 0.24933911
vn -0.290241981 0.9188039 0.267505113
vn 0.176382266 0.945094312 0.275110957
vn 0.805099476 0.559168319 0.197852535
vn 0.938501045 0.296344317 0.177188697
vn 0.979233412 0.101395586 0.175558708
vn 0.978633716 -0.0817259622 0.188671451
vn 0.929359977 -0.3026596 0.21139347
vn 0.335329099 -0.879746862 0.337045775
vn -0.635900502 -0.689479152 0.346769448
vn 0.183438895 -0.933765138 -0.307299265
vn 0.35833173 -0.752261885 0.552901825
vn 0.0951339279 0.11274749 0.989058916
vn -0.605784574 -0.596068145 0.526998877
vn 0.502533912 -0.697764354 0.510474851
vn 0.937655272 -0.246416979 0.245114798
vn 0.280192995 0.178158219 0.943266418
vn 0.307309103 -0.898528706 -0.313380406
vn 0.938177398 -0.335962851 0.0833794458
vn 0.489320917 -0.825337319 0.281750511
vn 0.0951179564 0.112742596 0.98906101
vn 0.280190561 0.178176376 0.943263711
vn 0.307310902 -0.898528742 -0.313378538
vn 0.183427518 -0.933772508 -0.307283661
vn 0.787834615 -0.421740428 0.448833634
vn 0.42120152 -0.262164464 0.868250582
vn -0.181906606 -0.657532038 0.7311372
vn 0.283977108 -0.268148181 0.920572406
vn -0.0842520235 -0.817535136 0.569682277
vn 0.381033031 -0.88490011 0.267891069
vn 0.748947731 -0.570776368 0.336588226
vn 0.457826016 -0.840723945 0.289099615
vn -0.181908569 -0.657513486 0.731153396
vn 0.283959619 -0.268106491 0.920589944
vn 0.675587182 -0.584020561 0.450002159
vn 0.498493263 -0.784551661 0.368758943
vn 0.395639146 -0.825443248 0.402632725
vn 0.421208592 -0.262178495 0.868242914
vn 0.198372067 -0.804086124 0.560440923
vn 0.787848587 -0.421733346 0.448815762
vn 0.383559374 -0.588528046 0.711700039
vn 0.229016321 -0.738976298 0.633613096
vn 0.457862315 -0.840699213 0.28911405
vn 0.748943013 -0.570773142 0.336604195
vn 0.670926729 -0.531247321 0.51733317
vn 0.532068272 -0.509113333 0.676540441
vn -0.0842845431 -0.817544843 0.569663537
vn 0.381025675 -0.884902795 0.267892662
vn 0.421209183 -0.262150351 0.868251126
vn 0.283954577 -0.268094981 0.920594851
vn 0.380994201 -0.884905529 0.267928392
vn 0.457899404 -0.84068052 0.289109667
vn 0.675615243 -0.680858858 0.282798973
vn 0.200672714 -0.90019319 0.38650056
vn 0.430856438 -0.207088216 0.878337749
vn 0.289700711 -0.138794926 0.947000246
vn 0.653342063 -0.42466654 0.626739562
vn -0.226424594 -0.438500557 0.869740861
vn 0.732911539 -0.355386269 0.580121776
vn 0.237454771 -0.620759865 0.747176299
vn 0.555572744 -0.801945024 0.219597599
vn 0.442818444 -0.300400402 0.844790757
vn 0.797000191 -0.451512397 0.401157388
vn 0.259687443 -0.586918186 0.76686992
vn -0.229651412 -0.657827781 0.717302474
vn 0.66874486 -0.376120913 0.641337174
vn 0.438893856 -0.874549506 0.206240986
vn 0.511810212 -0.260786827 0.818560039
vn -0.359883502 -0.627408239 0.690538027
vn -0.229651319 -0.657826426 0.717303747
vn 0.307279794 -0.950923217 -0.0363890514
vn 0.438901787 -0.874537534 0.206274874
vn 0.963571313 -0.244141892 0.109201932
vn 0.484209697 -0.87062663 -0.0868921201
vn 0.797002201 -0.451508752 0.401157499
vn 0.555565955 -0.801942887 0.219622576
vn 0.430847471 -0.207093701 0.878340854
vn 0.332147729 0.190595355 0.923770154
vn 0.732922546 -0.355384591 0.580108898
vn 0.970746102 -0.091548607 0.2219704
vn 0.289720075 -0.138846168 0.946986811
vn -0.226377256 -0.438499431 0.869753751
vn 0.184318677 0.128020909 0.974493341
vn -0.340838721 -0.436025831 0.832892815
vn 0.545847011 -0.531679043 0.647586624
vn 0.474717928 -0.560507817 0.678582255
vn 0.484139013 -0.643921379 0.592431155
vn 0.543533646 -0.612230481 0.574234285
vn 0.332130396 0.190583916 0.923778746
vn 0.184311341 0.128021541 0.974494646
vn 0.484230385 -0.870615064 -0.0868927129
vn 0.307277245 -0.950923438 -0.036404811
vn 0.430859491 -0.20709162 0.878335449
vn 0.289712255 -0.138820056 0.946993031
vn 0.438897158 -0.874544547 0.20625499
vn 0.555574755 -0.801946909 0.219585627
vn 0.790299998 -0.484551082 0.375014882
vn -0.080167051 -0.820767036 0.56561004
vn -0.045870049 -0.72411088 0.688156503
vn -0.041147441 -0.542817524 0.838842073
vn 0.147338696 -0.39766493 0.905623494
vn 0.769184858 -0.148162553 0.621612831
vn 0.82755189 -0.203625429 0.52315825
vn 0.775522827 -0.395429802 0.492137802
vn 0.200657547 -0.900206613 0.38647717
vn -0.0801604424 -0.820769616 0.565607232
vn -0.257524439 -0.859828756 0.440880567
vn -0.273523859 -0.713144915 0.645452577
vn -0.524578829 -0.737855814 0.424718555
vn -0.436693223 -0.602773013 0.667805154
vn -0.66289261 -0.385917794 0.641592428
vn -0.801899987 -0.468438378 0.370839448
vn -0.78649671 -0.0809239316 0.612269746
vn -0.947107754 -0.109670223 0.301594671
vn -0.91853329 0.304097603 0.252628667
vn -0.766227583 0.271862066 0.582225307
vn -0.663899063 0.705024532 0.249356057
vn -0.551527358 0.60659039 0.572595557
vn -0.253852483 0.770776641 0.584347745
vn -0.290245655 0.918814537 0.267464589
vn 0.138525802 0.805280432 0.576484196
vn 0.176357996 0.945094135 0.275127123
vn 0.753922117 0.509576456 0.414648378
vn 0.805096444 0.559169851 0.19786054
vn 0.138515802 0.805287874 0.576476203
vn 0.176380676 0.945096723 0.275103693
vn 0.88604915 0.2858229 0.364996127
vn 0.938505453 0.296341664 0.177169787
vn 0.926497101 0.0894620215 0.365512884
vn 0.979236433 0.101383255 0.175548978
vn 0.978626497 -0.0817225791 0.188710356
vn 0.923596408 -0.0830219224 0.374268669
vn 0.902297917 -0.20805226 0.377588038
vn 0.929365958 -0.302661733 0.21136412
vn 0.8616542 -0.383257197 0.332664938
vn 0.857360147 -0.307808207 0.412538101
vn 0.835132095 0.0652002274 0.546171507
vn 0.814687354 0.237059195 0.529232891
vn 0.704197111 0.452277983 0.547312575
vn 0.0713017531 0.649641263 0.75688988
vn 0.0713070076 0.649616195 0.7569109
vn -0.235400735 0.609114858 0.757341128
vn -0.468606679 0.481710562 0.740515168
vn -0.624743153 0.205318156 0.753352804
vn -0.641492583 -0.0592368902 0.764838713
vn -0.551569478 -0.296105959 0.779802778
vn -0.392739724 -0.473112957 0.788618817
vn -0.288758215 -0.509115015 0.810814772
vn -0.211794591 -0.668501004 0.712916165
vn -0.0458870069 -0.724100336 0.688166466
vn -0.225740779 -0.584060312 0.779688818
vn -0.0411167782 -0.542820029 0.838841956
vn 0.147351228 -0.397654787 0.905625908
vn 0.13774155 -0.326417581 0.935135727
vn 0.575198702 -0.229768976 0.785081315
vn 0.625577141 0.0277733257 0.779667803
vn 0.630743632 0.166024766 0.75802259
vn 0.595793093 0.37423456 0.710618804
vn 0.00354033686 0.455798537 0.890075929
vn 0.108927518 0.211779943 0.971228115
vn 0.120525359 -0.0459026451 0.991648418
vn -0.226519296 -0.298797203 0.927043278
vn 0.137759576 -0.326406241 0.93513703
vn -0.345351753 -0.264392795 0.900460225
vn -0.401693556 -0.130926386 0.906366685
vn -0.430563824 0.0062649659 0.902538389
vn -0.445987135 0.137797386 0.884368337
vn -0.38376681 0.309457315 0.870034026
vn -0.235353127 0.398948759 0.88625549
vn 0.00351786638 0.455786141 0.890082366
vn -0.340516323 0.146056698 0.928825104
vn -0.312495189 0.0125776945 0.949836069
vn -0.25429244 -0.125867466 0.958901839
vn -0.477617607 0.456498752 -0.750659917
vn -0.576778821 -0.816351418 -0.029942511
vn -0.528481491 0.497295963 -0.688043632
vn -0.644965392 -0.761715645 0.0617164395
vn -0.568639105 0.544749076 -0.616358672
vn -0.693820896 -0.700089919 0.168779945
vn -0.594097369 0.59963103 -0.536181819
vn -0.721958307 -0.630869795 0.284217354
vn -0.603573579 0.659567561 -0.447961568
vn -0.726486228 -0.553449876 0.407321734
vn -0.592347403 0.722223938 -0.357095417
vn -0.707930899 -0.469027387 0.528059801
vn -0.563616971 0.778600203 -0.275894244
vn -0.66914914 -0.389376267 0.632949881
vn -0.520849384 0.82907166 -0.203361995
vn -0.610465621 -0.316376392 0.726111358
vn -0.464723081 0.874206708 -0.140695021
vn -0.534215934 -0.251803797 0.806974711
vn -0.396214961 0.91409303 -0.0862996887
vn -0.439892788 -0.198274067 0.875889108
vn -0.316347555 0.94760421 -0.0443901536
vn -0.332280366 -0.155692335 0.930241719
vn -0.224659112 0.974367491 -0.0116737547
vn -0.20864903 -0.12408116 0.97008734
vn -0.127084962 0.991884881 0.0037141423
vn -0.0802405822 -0.10035551 0.991710754
vn 0.0259229023 0.736443832 -0.676001838
vn -0.0246937325 0.692704379 -0.720798767
vn -0.106741201 -0.760924743 -0.639999884
vn -0.058826312 0.684189347 -0.726928058
vn -0.270148297 -0.688863368 -0.672671656
vn 0.00905319258 0.699999131 -0.714086308
vn 0.00272069833 0.731062198 -0.682305401
vn -0.0210064645 0.727610101 -0.685669212
vn 0.0619220992 -0.80826648 -0.585551835
vn -0.0433656528 0.725331719 -0.687032253
vn -0.0603134684 0.725545414 -0.685526175
vn -0.0838799721 0.683179412 -0.72541715
vn -0.389591905 -0.617322754 -0.683469652
vn -0.0750707254 0.729888624 -0.679431367
vn -0.102713537 0.689203531 -0.717250599
vn -0.475690559 -0.556502773 -0.681192451
vn -0.135409326 0.859811977 -0.492328831
vn -0.142675834 0.846179902 -0.51344248
vn -0.159227126 0.82746751 -0.538464709
vn -0.180643972 0.732321306 -0.656561696
vn -0.129862607 0.760653846 -0.636035715
vn -0.157897886 0.721404488 -0.67427281
vn -0.116874718 0.752296079 -0.648375593
vn -0.088486828 0.737074916 -0.669993022
vn -0.116789679 0.703112481 -0.701422134
vn -0.791634874 -0.371934737 -0.484746096
vn -0.690095039 -0.449695625 -0.567047336
vn -0.549552463 -0.516701546 -0.656514739
vn -0.611682394 -0.491572196 -0.619839838
vn -0.13388205 0.714459864 -0.686747916
vn -0.74950405 -0.601552082 -0.276367096
vn -0.760292704 -0.560895097 -0.327645685
vn -0.653812878 -0.64111239 -0.401875134
vn -0.791650304 -0.37193539 -0.484720395
vn -0.690061504 -0.449694737 -0.56708885
vn -0.549531813 -0.516708554 -0.656526509
vn -0.513444265 -0.700846187 -0.495166243
vn -0.611675624 -0.491564956 -0.619852261
vn -0.578816661 -0.679236599 -0.451230447
vn -0.480940833 -0.736094144 -0.476299617
vn -0.575126796 -0.709393249 -0.407419178
vn -0.54280099 -0.719047328 -0.433979291
vn -0.367523167 -0.866466143 -0.337880371
vn -0.32223777 -0.881215902 -0.3458632
vn -0.358466062 -0.865616939 -0.349584607
vn -0.286741194 -0.899003133 -0.331017906
vn 0.323590448 -0.747753286 0.579788103
vn -0.322232916 -0.881223862 -0.345847441
vn 0.421251352 -0.770948233 0.477688309
vn -0.349320721 -0.870229536 -0.347383923
vn -0.367542101 -0.866455853 -0.337886161
vn 0.803089477 -0.577507621 0.146738679
vn 0.676183692 -0.673301829 0.299065647
vn -0.358475797 -0.865621336 -0.349563735
vn 0.54962275 -0.740611406 0.386535351
vn -0.060218154 -0.985077672 -0.161231987
vn -0.0619614104 -0.986213372 -0.153440437
vn -0.0602446514 -0.985077963 -0.161220313
vn -0.0618977723 -0.986216071 -0.153448775
vn -0.0336202622 -0.979286065 -0.19967093
vn -0.0910297146 -0.986348353 -0.13722433
vn 0.0190659319 -0.893636007 -0.448387307
vn -0.106427106 -0.98505524 -0.135423209
vn -0.0910312797 -0.986350642 -0.137206844
vn -0.106396904 -0.985057485 -0.135430607
vn -0.102508454 0.744653747 -0.659532269
vn -0.141963054 0.770460913 -0.621479262
vn -0.201465225 0.746569468 -0.63407081
vn -0.89785052 -0.261219033 -0.354441901
vn -0.87292325 -0.437966108 -0.21492019
vn -0.897854143 -0.261210881 -0.35443873
vn -0.960353177 -0.166129406 -0.22388121
vn -0.939416945 -0.327314677 -0.101788534
vn -0.150595519 0.779798685 -0.607647101
vn -0.208638076 0.76310522 -0.611670317
vn -0.960347229 -0.166126916 -0.223908571
vn -0.156801977 0.790096842 -0.592587648
vn -0.215787691 0.777695023 -0.5904457
vn -0.235594907 0.80550592 -0.543741899
vn -0.164643066 0.812132742 -0.559761619
vn -0.990612479 -0.0773405108 -0.112718063
vn -0.991432405 0.105231351 0.0773831275
vn -0.213294812 0.792586278 -0.57123753
vn -0.999313187 -0.0016839702 -0.0370178209
vn -0.75591327 -0.624899166 -0.195182375
vn -0.767998858 -0.633321891 -0.0952949939
vn -0.862736032 -0.478184979 -0.164394844
vn -0.859846615 -0.506106074 -0.0672342218
vn -0.972614798 -0.232415223 0.00190241834
vn -0.990612764 -0.0773380948 -0.112717218
vn -0.999313649 -0.00169009476 -0.0370050545
vn -0.982736219 -0.1701168 0.0727310013
vn -0.976669302 -0.0697500319 0.203105903
vn -0.991431921 0.105232868 0.0773872712
vn -0.965323967 -0.238225678 0.106762186
vn -0.959136044 -0.139036456 0.246428311
vn -0.956643512 -0.00460448533 0.291224982
vn -0.96829026 0.194890661 0.156306119
vn -0.991432043 0.105229466 0.0773903392
vn -0.976670296 -0.0697598982 0.203097736
vn -0.959136032 -0.139032374 0.246430663
vn -0.910647834 -0.25290591 0.326740146
vn -0.94326546 -0.0701535488 0.324543912
vn -0.918705744 -0.210353983 0.33426181
vn -0.943198568 -0.0662785083 0.325551256
vn -0.926606761 -0.369590849 -0.0693001806
vn -0.921141975 -0.386454264 0.0463741832
vn -0.961301965 -0.272139645 0.0428782596
vn -0.809808077 -0.470436251 0.350571835
vn -0.809808443 -0.470437329 0.350569543
vn -0.910645665 -0.252919852 0.326735399
vn -0.883479557 -0.440116191 0.160504238
vn -0.785233318 -0.601440707 0.147233533
vn -0.841549574 -0.52862536 0.1111285
vn -0.16131864 0.800556017 -0.577136344
vn -0.0858121622 0.916043959 -0.391790427
vn -0.122822152 0.913353436 -0.388201263
vn -0.0729793917 0.885796565 -0.458299525
vn -0.0724040123 0.886419302 -0.457185389
vn -0.122729998 0.881272293 -0.456395107
vn -0.0786126572 0.873864442 -0.479771807
vn -0.076057051 0.872454081 -0.48274134
vn -0.0600431846 0.881269914 -0.468783697
vn -0.04496255 0.898639708 -0.436377181
vn -0.0556434483 0.883084089 -0.465903743
vn -0.106407274 0.860126843 -0.498858002
vn -0.106808033 0.859269908 -0.500247208
vn -0.101530301 0.871666762 -0.479467051
vn -0.10131502 0.87235027 -0.478267993
vn -0.0945623529 0.878106374 -0.469027885
vn -0.0947718338 0.877870531 -0.469426917
vn -0.0933586684 0.878272208 -0.468958513
vn -0.0791631724 0.88234319 -0.463900514
vn -0.0745197842 0.883662181 -0.462155766
vn -0.0783181878 0.88344729 -0.461938468
vn -0.0536869375 0.88323627 -0.465844829
vn -0.0519813047 0.882747905 -0.466962611
vn -0.050402821 0.881966493 -0.468609283
vn -0.0462858884 0.876416245 -0.479324714
vn -0.0355199423 0.882964193 -0.468094614
vn -0.102459014 0.857179539 -0.50472308
vn -0.0995945289 0.871378099 -0.480396855
vn -0.22296379 0.934296602 -0.278167229
vn -0.593591922 0.722260253 0.354948949
vn -0.275269911 0.917733997 -0.286340333
vn -0.711592194 0.646727783 0.27455368
vn -0.0706831347 0.882422906 -0.465116877
vn -0.328257118 0.895512911 -0.300506057
vn -0.798145411 0.576414477 0.175243413
vn -0.0398772944 0.88819045 -0.457741767
vn -0.356699122 0.873616207 -0.330999184
vn -0.86197458 0.503812705 0.0563256742
vn -0.362112086 0.845244658 -0.392983847
vn -0.035664891 0.88390294 -0.46630849
vn -0.902405759 0.42351276 -0.0793775042
vn -0.0353998203 0.885831087 -0.462655529
vn -0.381328332 0.80948398 -0.446457601
vn -0.915802772 0.338865642 -0.215581445
vn -0.376194421 0.781725903 -0.497375482
vn -0.0355427243 0.88753558 -0.459366203
vn -0.906384661 0.244677402 -0.344383239
vn -0.0338377415 0.888343037 -0.457931935
vn -0.350558853 0.763450304 -0.542450112
vn -0.860344255 0.178487583 -0.477441038
vn -0.31214758 0.759665517 -0.5705017
vn -0.0346987622 0.892486674 -0.449737181
vn -0.792759988 0.125666089 -0.596439129
vn -0.0321839484 0.891179074 -0.452508621
vn -0.279093076 0.740063506 -0.611893015
vn -0.705861811 0.0650120489 -0.705359863
vn -0.235036448 0.723005517 -0.649631349
vn -0.589062997 0.00755120186 -0.808051833
vn -0.178980006 0.724014874 -0.666159605
vn -0.452034183 -0.0281775587 -0.891555451
vn -0.0312821751 0.770530211 -0.63663539
vn -0.0652382475 0.738790042 -0.670770635
vn 0.00624594806 -0.134776081 -0.990856395
vn -0.164146684 -0.112128973 -0.980042325
vn -0.118594155 0.723309955 -0.680263284
vn -0.316541154 -0.066119063 -0.946271614
vn -0.00913228718 0.792975705 -0.60918481
vn 0.171196549 -0.130406027 -0.976568487
vn 0.00209372126 0.84525537 -0.534358472
vn -0.00215613462 0.833124517 -0.553081268
vn 0.611777726 -0.0245907568 -0.790647398
vn 0.47505764 -0.0641854104 -0.877610661
vn -0.00548494259 0.81672926 -0.576995
vn 0.325828993 -0.095154776 -0.940628001
vn -0.00282200036 0.851519137 -0.524315931
vn 0.726058892 0.0318895334 -0.686892672
vn 0.00328620869 0.854032947 -0.520208542
vn 0.814039183 0.107163077 -0.570838229
vn 0.0137300892 0.862156589 -0.506455822
vn 0.878551327 0.191791851 -0.437451084
vn 0.0221964492 0.869944165 -0.492650452
vn 0.911712393 0.285682872 -0.295238562
vn 0.0160327918 0.876842762 -0.480509855
vn 0.896280305 0.41353985 -0.160207391
vn 0.0107347065 0.883664985 -0.467996752
vn 0.839781385 0.5405133 -0.0511135747
vn 0.0083615189 0.890424548 -0.455054072
vn 0.789079613 0.613549706 0.0301682514
vn 0.00363966158 0.896878267 -0.44226251
vn 0.727282671 0.673991909 0.12959484
vn -0.00252505786 0.902750148 -0.430157872
vn 0.643216492 0.725327368 0.245301353
vn -0.104768318 0.857231072 -0.504161173
vn 0.00117768539 0.91393313 -0.405863088
vn 0.54235578 0.761704773 0.354479967
vn -0.112616628 0.859857625 -0.497958191
vn 0.00770141877 0.930490287 -0.366235599
vn 0.422121298 0.792482942 0.440209492
vn -0.0037697712 0.941977174 -0.335655764
vn -0.0958034874 0.863774759 -0.494686626
vn 0.27824636 0.819932825 0.500289042
vn -0.0265051351 0.951323355 -0.307052685
vn 0.131300729 0.834669962 0.534870239
vn -0.055410512 0.955878994 -0.288487476
vn -0.0299165516 0.84549796 0.533139944
vn -0.0928820884 0.958673795 -0.26891908
vn -0.0737765666 0.884296912 -0.461059638
vn -0.181286453 0.831923337 0.524441402
vn -0.146823189 0.957512071 -0.248220838
vn -0.33313525 0.804214472 0.492199135
vn -0.193911369 0.94638275 -0.258375832
vn -0.475132583 0.762554763 0.439043576
vn -0.0349058595 0.899505071 -0.43551373
vn -0.0208974365 0.988711559 -0.148366943
vn -0.0827945571 0.984959585 -0.151656443
vn 0.106421838 0.977751025 -0.180768708
vn 0.171455982 0.962689911 -0.209358499
vn 0.0401276779 0.986566812 -0.158353071
vn -0.147716708 0.975198658 -0.164825215
vn -0.218129096 0.957934483 -0.186497248
vn -0.285141302 0.933663169 -0.216719922
vn -0.349347886 0.899446789 -0.26258623
vn -0.392386464 0.864367445 -0.314486538
vn -0.430573963 0.814650742 -0.388523141
vn -0.457277419 0.76666296 -0.450694207
vn -0.472435199 0.71948988 -0.509057262
vn -0.471449714 0.67474938 -0.567845438
vn -0.457305709 0.629232489 -0.628440899
vn -0.438045749 0.581133403 -0.685857048
vn -0.402499098 0.54954086 -0.732119744
vn -0.351183166 0.51955533 -0.778930448
vn -0.285910086 0.492552449 -0.821977802
vn -0.218910318 0.47871975 -0.850238598
vn -0.143276484 0.47038552 -0.870752153
vn -0.0659809467 0.465817705 -0.88241735
vn 0.00295668843 0.479426922 -0.877576826
vn 0.0722764806 0.511214435 -0.85640873
vn 0.130956227 0.541838547 -0.830217716
vn 0.189430849 0.567691798 -0.801150408
vn 0.244010174 0.599335204 -0.762401698
vn 0.28226832 0.639948333 -0.714696248
vn 0.314974328 0.683944148 -0.65803615
vn 0.343759227 0.723254998 -0.598942236
vn 0.365955362 0.761072203 -0.535579848
vn 0.368252554 0.800326373 -0.473146651
vn 0.359885637 0.838126898 -0.409909296
vn 0.329680759 0.876055663 -0.35190492
vn 0.282232764 0.912324576 -0.296662326
vn 0.229229085 0.941515598 -0.246986649
vn -0.0136512192 0.905755337 -0.423581059
vn -0.0239929151 0.888146718 -0.458933272
vn -0.0293947596 0.888520802 -0.4578938
vn 0.00530627249 0.899900744 -0.436062488
vn -0.0163071022 0.886508035 -0.462425759
vn -0.0197718342 0.88667879 -0.461962983
vn 0.0215526059 0.890253919 -0.454954333
vn -0.00473226157 0.883780456 -0.467877881
vn -0.00369167551 0.884651227 -0.466238756
vn 0.0294962764 0.867940309 -0.495791881
vn 0.0321292487 0.865730295 -0.499478496
vn 0.0473001338 0.885217552 -0.46276623
vn 0.0818285478 0.877293239 -0.472927755
vn 0.0487080677 0.857434135 -0.512283347
vn 0.0858269565 0.85916681 -0.504446356
vn 0.0483524753 0.857139828 -0.512809275
vn 0.0506730375 0.809728536 -0.584612642
vn 0.0769263798 0.800499056 -0.594376642
vn 0.0511677614 0.812280713 -0.581017989
vn 0.0859606349 0.817001195 -0.570192789
vn 0.00635452924 0.881851836 -0.471483786
vn 0.0914524063 0.831181746 -0.548428082
vn 0.0832834076 0.849476816 -0.52101153
vn 0.0588380354 0.840260338 -0.538981122
vn 0.0324874738 0.752654894 -0.657613241
vn 0.0443055663 0.764183569 -0.643475322
vn 0.0197947126 0.744887371 -0.666896524
vn -0.0402766184 0.72546873 -0.687075626
vn -0.0187562853 0.729523231 -0.683698805
vn 0.000712374226 0.736026231 -0.676952642
vn -0.0604208512 0.724330182 -0.686800632
vn -0.079600191 0.725865584 -0.683215166
vn -0.0955573305 0.730070642 -0.676657708
vn -0.137712213 0.752657064 -0.643849898
vn -0.124416386 0.743360949 -0.657217667
vn -0.155250863 0.82985124 -0.535951573
vn -0.167620559 0.811344198 -0.560021375
vn -0.140364543 0.845536373 -0.51513691
vn -0.109845717 0.736005572 -0.668004279
vn -0.148500765 0.762246889 -0.630021589
vn -0.156206797 0.773443738 -0.614316059
vn -0.164539785 0.784365271 -0.598078407
vn -0.170033029 0.797264283 -0.579187736
vn -0.138052313 0.867296068 -0.478266755
vn 0.0679501345 0.780296882 -0.621706969
vn -0.0330198769 0.888704495 -0.457289852
vn -0.0348892585 0.887839585 -0.45882852
vn -0.0347818297 0.886106192 -0.462175335
vn -0.0349689516 0.884364476 -0.465485388
vn -0.034006297 0.893413112 -0.447947076
vn 0.0171794142 0.890584033 -0.454494167
vn 0.00719761333 0.892757771 -0.450479474
vn 0.00804675835 0.894998848 -0.445995865
vn -0.0388541225 0.888094676 -0.458015506
vn -0.003619408 0.888152486 -0.459534615
vn 0.00421570732 0.88986611 -0.456202295
vn 0.0143049071 0.888958456 -0.457764386
vn -0.0327709962 0.893350217 -0.448164537
vn -0.0287731495 0.889404302 -0.456214965
vn -0.0279134176 0.889407576 -0.456261991
vn -0.0178944816 0.890207799 -0.455203099
vn -0.0171834765 0.890394998 -0.454864238
vn -0.0173328432 0.890406905 -0.454835262
vn -0.0156173022 0.890437343 -0.454837815
vn -0.0176194842 0.890323419 -0.454987652
vn -0.0176194842 0.890323419 -0.454987652
vn -0.0176194842 0.890323419 -0.454987652
vn -0.0142323627 0.892311996 -0.451194793
vn -0.0131697942 0.892535803 -0.450784203
vn -0.0103286655 0.892731019 -0.450471582
vn -0.00403647646 0.8955544 -0.444933729
vn -0.00492053672 0.89487542 -0.446288888
vn 0.00122268488 0.895859909 -0.444334928
vn 0.0041559316 0.894745684 -0.446556703
vn 0.00371918425 0.894859004 -0.44633343
vn 0.00698019186 0.895278746 -0.445451731
vn 0.00252200529 0.889584506 -0.456763665
vn 0.0114575507 0.88820425 -0.459305927
vn 0.000511740023 0.890370975 -0.455235395
vn 0.0103559192 0.887160865 -0.461344074
vn -0.0237858121 0.888378061 -0.45849608
vn -0.0112001298 0.887474479 -0.460720747
vn -0.302070971 0.941599005 -0.148810087
vn -0.619351039 0.656980588 0.429861371
vn -0.338535173 0.918428788 -0.204652142
vn -0.734107934 0.589111076 0.337688734
vn -0.237722872 0.96668323 -0.0949282337
vn -0.485031743 0.713563648 0.505540432
vn -0.196707201 0.980165773 -0.0241108656
vn -0.342038027 0.748136409 0.568596431
vn -0.101797744 0.994432387 -0.0272295315
vn -0.169956928 0.780907794 0.60108041
vn -0.00539433242 0.998645258 -0.051754701
vn -0.004633527 0.80380038 0.594881063
vn 0.0647294436 0.992132497 -0.107159726
vn 0.163099755 0.80453089 0.57107663
vn 0.109509712 0.978980503 -0.17206045
vn 0.304412958 0.781977142 0.543915894
vn -0.345644483 0.900643442 -0.263384286
vn -0.821798473 0.520869688 0.230958953
vn -0.329062528 0.881552983 -0.338499912
vn -0.887583369 0.449921191 0.0988265353
vn -0.308018711 0.862971142 -0.400506281
vn -0.924218691 0.379425265 -0.0430845752
vn -0.289030168 0.845261704 -0.449437664
vn -0.940904325 0.29049483 -0.174102859
vn -0.274349317 0.83031833 -0.485081357
vn -0.928824577 0.202585477 -0.310232218
vn -0.203120379 0.833748653 -0.513425064
vn -0.879943608 0.130446884 -0.456818187
vn -0.150647258 0.828103238 -0.5399541
vn -0.80270579 0.0619269343 -0.593151304
vn -0.127653237 0.826924182 -0.54763222
vn -0.705935765 -0.00299592625 -0.708269525
vn -0.107264785 0.828627844 -0.549427122
vn -0.575290563 -0.0417825771 -0.816881254
vn -0.0707968212 0.836223136 -0.543800217
vn -0.434314187 -0.0423708193 -0.899764359
vn -0.0511824326 0.834670549 -0.548366149
vn -0.296259745 -0.0425134098 -0.954160769
vn -0.036447835 0.83780633 -0.544749583
vn -0.144712482 -0.0252030795 -0.989152719
vn -0.0158570128 0.843260423 -0.537271267
vn 0.00983692704 0.00110784221 -0.999951003
vn 0.00578485149 0.851386449 -0.524507055
vn 0.165473157 0.0197047253 -0.986017423
vn 0.00841796051 0.861229344 -0.508146785
vn 0.306319763 0.0530972037 -0.950446679
vn 0.0132219185 0.860348591 -0.509534575
vn 0.433641314 0.0892847204 -0.896651242
vn 0.0333273245 0.853414452 -0.520166379
vn 0.553734764 0.133549431 -0.82191384
vn 0.0676222392 0.850364522 -0.521830827
vn 0.665041002 0.179505999 -0.724912451
vn 0.101784357 0.851730432 -0.513999237
vn 0.760057765 0.226248076 -0.609199477
vn 0.124812334 0.85960961 -0.495472703
vn 0.830515416 0.277242811 -0.48309478
vn 0.132571689 0.875237655 -0.465170716
vn 0.876819298 0.337137547 -0.342820935
vn 0.130584317 0.888187423 -0.440534718
vn 0.892866693 0.405656669 -0.195529372
vn 0.124994145 0.895924571 -0.426257701
vn 0.885686534 0.4614641 -0.0510905943
vn 0.131606111 0.904382653 -0.405920988
vn 0.845344763 0.527899887 0.0819386452
vn 0.135335366 0.915401885 -0.379109123
vn 0.777191584 0.594405599 0.206531417
vn 0.134893295 0.929570265 -0.343078593
vn 0.682610714 0.661333502 0.310935062
vn 0.141619949 0.947570493 -0.286450606
vn 0.571556837 0.711767527 0.408301077
vn 0.140645637 0.964248455 -0.2245968
vn 0.444859609 0.754659617 0.4822746
vn 0.0221267428 0.888169618 -0.458982719
vn 0.0178941418 0.887287883 -0.460868758
vn 0.017413966 0.884203721 -0.46677675
vn 0.0136980366 0.879465336 -0.475765789
vn 0.0254895218 0.889482973 -0.456256864
vn 0.0787819158 0.853955148 -0.514348146
vn 0.0854652447 0.855249436 -0.511120431
vn 0.0803978325 0.84962139 -0.521229011
vn 0.0884033043 0.851723725 -0.516479963
vn 0.071768808 0.851676368 -0.519130622
vn 0.0745006859 0.847727304 -0.52517432
vn 0.0679253144 0.851406059 -0.520090256
vn 0.0714002004 0.846494966 -0.527587228
vn 0.0913967508 0.851560321 -0.516228296
vn 0.086296412 0.855296477 -0.510902012
vn 0.106620535 0.852275027 -0.512112624
vn 0.102563757 0.856673109 -0.505560936
vn 0.0578039078 0.848320291 -0.526318717
vn 0.0614444695 0.845049125 -0.531146452
vn 0.0311284727 0.892603785 -0.449766052
vn 0.0488252528 0.893893004 -0.445613501
vn 0.0421028067 0.893800943 -0.446483177
vn 0.0629918479 0.890413017 -0.450773431
vn 0.0708085162 0.888923901 -0.452548839
vn 0.0703169198 0.889497183 -0.451497832
vn 0.0780731086 0.884189036 -0.460558725
vn 0.0838265366 0.881931828 -0.463863517
vn 0.0835300834 0.882938648 -0.461997909
vn 0.0825091928 0.876366237 -0.474525501
vn 0.0951671692 0.871193247 -0.481628006
vn 0.0935617039 0.872010264 -0.480462598
vn 0.0956031067 0.869365866 -0.484832998
vn 0.102683161 0.861810197 -0.496728651
vn 0.103426667 0.860885117 -0.498176414
vn 0.104624357 0.857303545 -0.504067828
vn 0.0191514518 0.873444841 -0.48654633
vn 0.0144789552 0.876961171 -0.48034307
vn 0.0437791355 0.862769171 -0.503699062
vn 0.0556318008 0.849508593 -0.524633447
vn 0.211953101 0.919804831 -0.330204415
vn 0.610352293 0.638405153 0.468944494
vn 0.191285169 0.936747779 -0.293110188
vn 0.476380581 0.694750216 0.538872601
vn 0.213211004 0.905437107 -0.367048652
vn 0.725150101 0.578531326 0.373441878
vn 0.201629036 0.890369077 -0.408152714
vn 0.818132732 0.512762758 0.260256003
vn 0.186794744 0.879079834 -0.438550304
vn 0.887895648 0.440385755 0.13304775
vn 0.159882815 0.870400921 -0.465660522
vn 0.930852597 0.36539472 0.000377157149
vn 0.159483132 0.952786439 -0.258385625
vn 0.330394805 0.740156547 0.585668472
vn 0.119788324 0.966885848 -0.225349758
vn 0.181853051 0.766219787 0.616308937
vn 0.0538807791 0.980077046 -0.191169677
vn 0.0023414195 0.773294232 0.634043018
vn -0.00501726565 0.980408001 -0.196913633
vn -0.152458996 0.759809506 0.632017223
vn -0.0724903017 0.979349743 -0.188730595
vn -0.326191203 0.725677774 0.605797877
vn -0.111800524 0.968121899 -0.224144219
vn -0.479509869 0.682743149 0.551300352
vn -0.133284915 0.949476762 -0.284128508
vn -0.611497778 0.644567802 0.458914824
vn -0.146939018 0.928361769 -0.341399109
vn -0.727128853 0.587815598 0.354621563
vn -0.167306369 0.91297109 -0.372145628
vn -0.822390688 0.516035381 0.239543402
vn -0.160142977 0.895812858 -0.41457635
vn -0.889869299 0.443605139 0.106522824
vn -0.162858271 0.876718787 -0.452594027
vn -0.930542698 0.364576643 -0.0342659861
vn -0.147494006 0.862977318 -0.483234588
vn -0.939779088 0.289354499 -0.181904477
vn -0.142148631 0.847627609 -0.511195856
vn -0.918726549 0.217715408 -0.329456415
vn -0.121504043 0.832547543 -0.540464019
vn -0.862949041 0.152478123 -0.481735793
vn -0.082193684 0.822001037 -0.563523286
vn -0.774981894 0.0998207566 -0.624050383
vn -0.0512291991 0.811516705 -0.58207921
vn -0.675610549 0.0308370188 -0.736613511
vn -0.00847303579 0.81546217 -0.578748354
vn -0.555483651 -0.0359867634 -0.830748377
vn 0.0215487996 0.820088231 -0.571831219
vn -0.41956639 -0.0885692722 -0.903393341
vn 0.0444812171 0.836080325 -0.546800796
vn -0.268959904 -0.118574747 -0.955824565
vn 0.0612536883 0.847527915 -0.527204342
vn -0.112322822 -0.136800165 -0.984209987
vn 0.0692046196 0.850442802 -0.521495696
vn 0.0489461736 -0.159046468 -0.986057044
vn 0.0738761607 0.851685914 -0.518819253
vn 0.209660419 -0.170195988 -0.962847773
vn 0.0760380124 0.858780363 -0.506670019
vn 0.364315014 -0.142227681 -0.920350943
vn 0.0690438717 0.86439333 -0.498053326
vn 0.506120543 -0.101919775 -0.856419498
vn 0.0618413092 0.869010113 -0.49091453
vn 0.633968415 -0.0592070238 -0.771089215
vn 0.0688698355 0.869045316 -0.489915487
vn 0.745597934 -0.00543797016 -0.666373881
vn 0.0849614326 0.863563706 -0.497030463
vn 0.8331437 0.0609893778 -0.549683428
vn 0.101586517 0.861611534 -0.497298446
vn 0.898398696 0.135592832 -0.41772523
vn 0.123045042 0.864493663 -0.487350617
vn 0.934835133 0.215484488 -0.282222802
vn 0.14259528 0.865769481 -0.479697605
vn 0.947574084 0.287489823 -0.13947386
vn 0.0742083496 0.840636141 -0.536492311
vn 0.0677950992 0.836079284 -0.544403578
vn 0.0768972924 0.842838279 -0.532644762
vn 0.0827175637 0.845194203 -0.528019474
vn 0.0923614662 0.847647459 -0.522458749
vn 0.0995299237 0.846490601 -0.523017644
vn 0.111885619 0.848835403 -0.516681785
vn 0.0633524759 0.832849508 -0.549861947
vn 0.114674121 0.84885807 -0.516032774
vn 0.116148009 0.84845443 -0.516366847
vn 0.117613521 0.843546691 -0.524019122
vn 0.120468572 0.841740034 -0.526270879
vn 0.13092313 0.833387178 -0.536958979
vn 0.12992369 0.83492242 -0.534812479
vn 0.130231939 0.823637682 -0.551960697
vn 0.13561289 0.817147078 -0.560249763
vn 0.135239782 0.815798982 -0.562300829
vn 0.128418585 0.809400474 -0.5730441
vn 0.130899575 0.799010173 -0.586896963
vn 0.130360912 0.797590862 -0.588943842
vn 0.11653078 0.793132674 -0.597796905
vn 0.105209913 0.784607783 -0.61100041
vn 0.101810279 0.784090229 -0.612239479
vn 0.0900428652 0.788799137 -0.608019904
vn 0.0768921917 0.783682175 -0.61638449
vn 0.0799976337 0.783679638 -0.615992373
vn 0.0694146131 0.787939267 -0.611827855
vn 0.0575179307 0.786570593 -0.614815737
vn 0.047795301 0.785174084 -0.617427945
vn 0.0541274395 0.822638119 -0.56598299
vn 0.0573436538 0.827137375 -0.559066605
vn 0.0480828899 0.799990427 -0.598083065
vn 0.0490489356 0.785910915 -0.6163913
vn 0.0472219055 0.783575089 -0.619499937
vn 0.0366179488 0.703596064 -0.709656047
vn -0.243724286 -0.205320507 -0.947861784
vn 0.084707757 0.698972814 -0.710113795
vn -0.077574904 -0.232328818 -0.969538784
vn 0.118083377 0.712547154 -0.691616128
vn 0.0820365229 -0.249581012 -0.9648727
vn 0.139548834 0.72844201 -0.670744632
vn 0.238899825 -0.247127889 -0.939071179
vn 0.149419255 0.740562991 -0.655164364
vn 0.388750169 -0.223886877 -0.893727012
vn -0.00704873494 0.711551307 -0.702598785
vn -0.401989133 -0.157739416 -0.901955106
vn -0.0313950079 0.726345568 -0.686612314
vn -0.538083012 -0.102557791 -0.836629292
vn -0.0605259392 0.741592963 -0.668114128
vn -0.660198897 -0.0287693199 -0.750539634
vn -0.0999500427 0.747275326 -0.656954775
vn -0.760069892 0.0492688697 -0.647970939
vn -0.142381749 0.752977099 -0.642458502
vn -0.834654565 0.132859105 -0.534509322
vn -0.185980195 0.768670345 -0.61201084
vn -0.884466348 0.226689627 -0.407837091
vn 0.175589703 0.764412476 -0.620356207
vn 0.159329256 0.758624142 -0.631746468
vn 0.65561499 -0.128497631 -0.744081544
vn 0.528842799 -0.182052566 -0.828964509
vn 0.0763765482 0.842685169 -0.532961846
vn 0.0763765482 0.842685169 -0.532961846
vn 0.0763765482 0.842685169 -0.532961846
vn 0.0763304941 0.842672688 -0.532988176
vn 0.0763304941 0.842672688 -0.532988176
vn 0.0763304941 0.842672688 -0.532988176
vn 0.181943298 0.769207585 -0.612549041
vn 0.761280376 -0.0640210826 -0.645254594
vn 0.19652147 0.776548999 -0.598624227
vn 0.846119939 0.0137951604 -0.532813984
vn 0.199218649 0.787780513 -0.582849717
vn 0.904312577 0.106837469 -0.413285033
vn 0.215843105 0.786045327 -0.579262029
vn 0.934728726 0.198456944 -0.294783057
vn 0.224932732 0.794936405 -0.563454859
vn 0.940452082 0.29551367 -0.167992718
vn 0.226887371 0.80936982 -0.541703438
vn 0.914611001 0.401350371 -0.049036694
vn 0.229504904 0.821032502 -0.522717065
vn 0.866962729 0.49444775 0.0624263422
vn 0.234942469 0.837007727 -0.494186303
vn 0.797491308 0.576802621 0.176936006
vn 0.25242959 0.857475455 -0.448347128
vn 0.707679626 0.650510055 0.275728518
vn 0.259327655 0.881807747 -0.393908956
vn 0.600159161 0.709496212 0.369356342
vn 0.241866699 0.916841378 -0.317651362
vn 0.470339953 0.761025487 0.446789141
vn 0.216106751 0.95098529 -0.221189625
vn 0.327469861 0.795926149 0.509180768
vn 0.149857431 0.9699543 -0.191654391
vn 0.166692058 0.83087326 0.530908075
vn 0.0752890084 0.980352931 -0.182317571
vn 0.010836549 0.859201644 0.51152234
vn -0.0108910577 0.985035125 -0.172009266
vn -0.156160668 0.852351952 0.499109201
vn -0.0930889616 0.974654426 -0.203428601
vn -0.316117333 0.837439442 0.4458307
vn -0.149765347 0.952174166 -0.266335686
vn -0.469052588 0.794835881 0.385000769
vn -0.177124759 0.927307884 -0.329737635
vn -0.584780195 0.759831802 0.284055904
vn -0.219956918 0.907979343 -0.356640528
vn -0.704110794 0.674655907 0.221511617
vn -0.254425383 0.880300132 -0.400424028
vn -0.793904952 0.596532784 0.117743636
vn -0.260744287 0.850140403 -0.457464438
vn -0.862029619 0.506854038 -0.00197984085
vn -0.253309778 0.821942299 -0.51014215
vn -0.899444642 0.417077727 -0.130558439
vn -0.229389977 0.793671918 -0.563440436
vn -0.907632753 0.321334361 -0.27008705
vn 0.0202377334 -0.991517195 0.128390363
vn 0.0213211941 -0.989552975 0.14258442
vn 0.0278206849 -0.923345517 0.38296092
vn 0.0274608726 -0.913934716 0.404931149
vn 0.021380965 -0.740064898 0.672195508
vn 0.0222410602 -0.766142954 0.642285224
vn 0.0487690131 -0.436018464 0.898615314
vn 0.0431315349 -0.471033501 0.88106022
vn 0.0213716072 -0.7400388 0.672224537
vn 0.0222403846 -0.766124765 0.642306944
vn 0.0762314779 -0.26116595 0.962279122
vn 0.0744598533 -0.272509685 0.959267534
vn 0.0119398926 -0.998547365 -0.0525413983
vn 0.0119832596 -0.998886757 -0.0456250875
vn 0.0123728488 -0.968260967 -0.24963496
vn 0.0120881186 -0.972859392 -0.231081111
vn 0.0116884549 -0.924297171 -0.381494586
vn 0.012057157 -0.930284038 -0.366641832
vn 0.00957732665 -0.85485298 -0.518781898
vn 0.00973273524 -0.865725023 -0.500425277
vn 0.00720171814 -0.759770635 -0.650151304
vn 0.00759961579 -0.772765112 -0.634646616
vn 0.00585111424 -0.638841451 -0.769316167
vn 0.00583329176 -0.657256579 -0.753644321
vn 0.00746261663 -0.498082739 -0.867097396
vn 0.00712802715 -0.516755583 -0.856103299
vn 0.0115368399 -0.347425579 -0.937636586
vn 0.0112627325 -0.355227042 -0.934712201
vn 0.0179508097 -0.166812075 -0.985825289
vn 0.0174172974 -0.181107984 -0.983308973
vn 0.023646586 -0.0093379007 -0.999676769
vn 0.0235140375 -0.0132782481 -0.999635323
vn 0.0307108322 0.127200974 -0.991401411
vn 0.0312318254 0.134451304 -0.990427897
vn 0.0330337761 0.187063966 -0.981792158
vn 0.0332033449 0.181999262 -0.982737913
vn 0.0263157438 0.200577405 -0.979324352
vn 0.0246921019 0.200191649 -0.979445559
vn 0.0230043126 0.236062937 -0.971465435
vn 0.0212578648 0.222814036 -0.974629165
vn 0.0191847669 0.200980885 -0.979407284
vn 0.0196292611 0.200381081 -0.97952137
vn 0.0522071231 0.394828041 -0.917270535
vn 0.0404192692 0.335223156 -0.941271331
vn 0.0940106561 0.555619849 -0.826104461
vn 0.1177964 0.629285428 -0.768195196
vn 0.154440322 0.725076049 -0.671128088
vn 0.181380133 0.784833991 -0.592568016
vn 0.214762777 0.855676952 -0.470843821
vn 0.228995824 0.885027671 -0.405323247
vn 0.252857786 0.933239318 -0.255200538
vn 0.258002034 0.942999832 -0.210205297
vn 0.252868476 0.93324304 -0.255176335
vn 0.257995285 0.943002091 -0.210203445
vn 0.267281979 0.962199511 -0.0522727902
vn 0.267916356 0.963415253 -0.00720249403
vn 0.279952578 0.936842712 0.20964801
vn 0.279591752 0.938057123 0.204639406
vn 0.284742363 0.835141094 0.470596578
vn 0.28369589 0.821383028 0.494819729
vn 0.253624774 0.645689776 0.720249392
vn 0.243049775 0.604688838 0.758470973
vn 0.176612556 0.3602071 0.916001556
vn 0.163212845 0.312928765 0.935647987
vn 0.107051179 0.0380194891 0.993526328
vn 0.103441377 0.00909907922 0.994593931
vn 0.0871512056 -0.15677791 0.983781152
vn 0.0871299549 -0.159128889 0.983405495
vn 0.0881379368 -0.185571064 0.978670059
vn 0.0882007382 -0.185557178 0.978667034
vn 0.0872603005 -0.18881487 0.978128102
vn 0.0873213466 -0.188688326 0.978147074
vn 0.813596283 -0.579698765 -0.0448378306
vn 0.565372536 -0.824533285 0.0223328658
vn 0.807364227 -0.589999297 -0.00798971123
vn 0.55247205 -0.83344454 -0.0120346758
vn 0.810077952 -0.58329782 -0.059475753
vn 0.59037421 -0.800433387 0.103753004
vn 0.648109739 -0.73570816 0.196690798
vn 0.812165713 -0.583341667 -0.00996770422
vn 0.755793145 -0.573201342 0.316570598
vn 0.89618118 -0.443687752 -0.00068697854
vn 0.822187509 -0.410873752 0.393942204
vn 0.94125521 -0.33762185 -0.00707922789
vn 0.862472275 -0.287503115 0.416513547
vn 0.971337331 -0.237600866 -0.00704397022
vn 0.98926218 -0.146148178 -0.00102470493
vn 0.895906382 -0.201249395 0.396043478
vn 0.998145707 -0.0593784089 0.0133922736
vn 0.916138296 -0.098741348 0.388510964
vn 0.993437874 0.0830886306 0.078596882
vn 0.894105026 0.173315953 0.412962206
vn 0.965341614 0.240197387 0.102082239
vn 0.835452094 0.416912512 0.358055522
vn 0.809835259 0.521910087 0.267911768
vn 0.939638713 0.324208737 0.109397367
vn 0.921904284 0.366130912 0.126651677
vn 0.805658441 0.556615674 0.202715238
vn 0.911666726 0.381906593 0.151694213
vn 0.798249873 0.576914478 0.173109285
vn 0.779088293 0.606369555 0.159177242
vn 0.901979493 0.389893617 0.185515393
vn 0.756865171 0.641317084 0.125966311
vn 0.901763794 0.386272333 0.193947789
vn 0.754893659 0.654900308 0.0352299593
vn 0.914536397 0.359185679 0.186034477
vn 0.970745802 0.22248379 0.0902970101
vn 0.84174337 0.492127452 -0.221987995
vn 0.94287298 0.29356086 0.157520045
vn 0.792216766 0.606560999 -0.0669055261
vn 0.994216385 0.107059351 -0.008489708
vn 0.857629764 0.300239874 -0.417525095
vn 0.55155294 -0.833169178 -0.0402302825
vn 0.809562087 -0.585830527 0.0375742053
vn 0.813554541 -0.577088352 0.0714005769
vn 0.575758913 -0.814391845 -0.0725782093
vn 0.809725437 -0.579940715 0.0895180619
vn 0.575089864 -0.805758884 -0.141507135
vn 0.80313338 -0.588347 0.0939392391
vn 0.573831733 -0.790155953 -0.2153386
vn 0.805314414 -0.586992561 0.0831169513
vn 0.611560647 -0.744241556 -0.268510859
vn 0.815346789 -0.575179217 0.0661700974
vn 0.642695401 -0.698808682 -0.314020776
vn 0.662620508 -0.644907144 -0.380826519
vn 0.831585006 -0.553095633 0.0505133495
vn 0.726954524 -0.53445831 -0.43115129
vn 0.864705002 -0.502162715 0.0108566926
vn 0.794072073 -0.422907845 -0.436575878
vn 0.899162764 -0.436207949 0.0350563692
vn 0.826814257 -0.227729121 -0.514312777
vn 0.940350104 -0.338343486 0.0355720123
vn 0.810814953 -0.108561241 -0.575146563
vn 0.961306034 -0.273000132 0.0369003492
vn 0.980594351 -0.194622812 0.0235940469
vn 0.810030751 -0.0237255839 -0.585907227
vn 0.993377459 -0.114895514 -0.000495629838
vn 0.811348318 0.0295246804 -0.583816923
vn 0.999160366 -0.0357856112 -0.019948749
vn 0.820555512 0.110365226 -0.560810279
vn 0.96650473 0.0237045949 0.255551754
vn 0.950013612 0.00957691621 0.312061564
vn 0.932754766 0.00763615494 0.360430626
vn 0.932282046 -0.0305673669 0.360438376
vn 0.922299877 -0.0584787904 0.382025089
vn 0.926326415 -0.11984198 0.357151611
vn 0.917078854 -0.177443901 0.357043468
vn 0.903104475 -0.249062204 0.349814703
vn 0.980311291 0.0376074187 0.193843894
vn 0.992207897 0.0511772718 0.113597428
vn 0.997511665 0.0643659583 0.0287663181
vn 0.995791596 0.077056119 -0.0496130143
vn 0.989802785 0.0833255395 -0.11553052
vn 0.989835571 0.0218999273 -0.140520229
vn 0.987696028 -0.0448909852 -0.149804391
vn 0.978986843 -0.122562661 -0.162982069
vn 0.962416233 -0.203792925 -0.179508882
vn 0.942123195 -0.278049857 -0.187329022
vn 0.921389532 -0.339939152 -0.188368528
vn 0.89864307 -0.396431968 -0.187835906
vn 0.897562906 -0.41994233 -0.134273117
vn 0.895175953 -0.440446086 -0.068317328
vn 0.888222657 -0.459407728 -0.00224730625
vn 0.879910121 -0.47142509 0.0593006167
vn 0.873392233 -0.474681062 0.108921522
vn 0.867534316 -0.472453942 0.155471807
vn 0.860694855 -0.46704494 0.202665713
vn 0.889194359 -0.308393126 0.337974959
vn 0.876278711 -0.351081146 0.329966133
vn 0.861736118 -0.38755669 0.327430412
vn 0.850746049 -0.412443001 0.325763611
vn 0.851794235 -0.429408466 0.30009157
vn 0.854033596 -0.442639727 0.273306951
vn 0.855400254 -0.457084214 0.243648162
vn 0.949829481 -0.0789935852 0.302628438
vn 0.942774067 -0.157928424 0.293659109
vn 0.929480039 -0.23584221 0.283628824
vn 0.896111834 -0.353850531 0.267905547
vn 0.914913469 -0.300469466 0.269539318
vn 0.873093673 -0.39375 0.287521088
vn 0.872678473 -0.41173126 0.262506481
vn 0.875805877 -0.419837847 0.238118138
vn 0.969793047 -0.0593656984 0.236594927
vn 0.984237293 -0.0441566436 0.171251689
vn 0.994942553 -0.0274936426 0.0966096063
vn 0.999754419 -0.0121299177 0.0185463402
vn 0.998081082 0.00095761675 -0.061913144
vn 0.99529947 -0.0654342725 -0.0713955196
vn 0.986037878 -0.145456829 -0.0810654863
vn 0.96964272 -0.225035594 -0.0956659643
vn 0.951029661 -0.289749854 -0.107645745
vn 0.927624473 -0.355506554 -0.114577165
vn 0.927161159 -0.371201481 -0.0508098892
vn 0.922334716 -0.386322542 0.00731881924
vn 0.915613363 -0.397007286 0.063540409
vn 0.906510489 -0.406340693 0.114568643
vn 0.887086354 -0.414964335 0.202193969
vn 0.897068362 -0.412377666 0.158786065
vn 0.996570659 -0.0824691244 0.00676503769
vn 0.986164098 -0.165694357 -0.00507456795
vn 0.968535071 -0.24807464 -0.0199697222
vn 0.95016943 -0.309244596 -0.039317108
vn 0.981978148 -0.181372715 0.0531305427
vn 0.962627182 -0.267207808 0.0441463066
vn 0.970098457 -0.203115322 0.132865154
vn 0.953290282 -0.277218409 0.119948292
vn 0.922433706 -0.364101132 0.128632907
vn 0.912192233 -0.372891197 0.169874914
vn 0.908338624 -0.363054352 0.207635453
vn 0.888863528 -0.391481919 0.238041036
vn 0.935258932 -0.345479913 0.0770347901
vn 0.943709654 -0.330001416 0.0226087293
vn 0.886340243 -0.38742759 0.253576094
vn 0.935462114 -0.289111279 0.203286255
vn 0.952673456 -0.221374771 0.208342259
vn 0.964549243 -0.139468613 0.224038534
vn 0.980656695 -0.1231785 0.152116744
vn 0.992217667 -0.101912709 0.0715395096
vn 0.926034019 -0.345747056 0.151393426
vn 0.921363448 -0.348105995 0.172949742
vn -0.00353507715 -0.565752968 -0.824567209
vn 0.00113641385 -0.530688563 -0.847566138
vn 0.196166849 -0.557016636 -0.807001261
vn 0.195898155 -0.519570204 -0.831667431
vn 0.00113806861 -0.530685495 -0.847568057
vn -0.00356697529 -0.56573898 -0.824576669
vn -0.197692891 -0.522168961 -0.829612618
vn -0.197675081 -0.55691919 -0.806700426
vn -0.329766694 -0.537176066 -0.776334851
vn -0.329602722 -0.499540282 -0.801137661
vn -0.51282233 -0.48808808 -0.706245909
vn -0.508832133 -0.450669673 -0.73347577
vn -0.632318354 -0.440004045 -0.637628371
vn -0.632796993 -0.402847351 -0.661272998
vn -0.765530127 -0.362896251 -0.53129082
vn -0.760483714 -0.332787766 -0.55759916
vn -0.87835626 -0.270396364 -0.394177735
vn -0.877357731 -0.236830753 -0.417318351
vn -0.934057513 -0.201825106 -0.29462381
vn -0.933343093 -0.166045656 -0.318275841
vn -0.986557321 -0.0898161712 -0.136519992
vn -0.984230887 -0.0564694121 -0.16763283
vn -0.999991597 0.00168166683 -0.00373868434
vn -0.998982105 0.036611924 -0.0263499591
vn -0.985886036 0.0998339401 0.134394596
vn -0.985924182 0.128321246 0.10717819
vn -0.932675711 0.209093003 0.293932194
vn -0.933389158 0.235244653 0.271006703
vn -0.876418592 0.27825726 0.393018254
vn -0.875238242 0.307527936 0.373342455
vn -0.76235502 0.375273715 0.527242318
vn -0.766113163 0.402896999 0.500744076
vn -0.635309287 0.44509478 0.631088541
vn -0.635334064 0.474367238 0.609365531
vn -0.509246778 0.49568548 0.703536512
vn -0.509901091 0.523762678 0.682402766
vn -0.326399128 0.543565217 0.773304898
vn -0.328898189 0.573268778 0.75045912
vn -0.196860259 0.564547436 0.801581082
vn -0.19571303 0.595710899 0.778989688
vn 0.00280142616 0.578960866 0.815350518
vn 0.00203714293 0.61026046 0.792198221
vn 0.197140338 0.564923817 0.801247008
vn 0.194542398 0.596716314 0.77851326
vn 0.330040304 0.542906752 0.772221248
vn 0.331365967 0.573833987 0.748940018
vn 0.512850318 0.494389767 0.701828547
vn 0.511926086 0.524738231 0.680133422
vn 0.63242539 0.446676237 0.632865282
vn 0.631173917 0.477700445 0.611082458
vn 0.765244732 0.374167522 0.523831237
vn 0.767646054 0.403745004 0.497704237
vn 0.877907362 0.277509669 0.390214104
vn 0.875976442 0.308546128 0.370762134
vn 0.933891271 0.207318488 0.291317932
vn 0.933885199 0.237238707 0.267537345
vn 0.986522526 0.0975755454 0.131348083
vn 0.985863589 0.129175837 0.106707955
vn 0.999988839 0.00472369597 -9.21032787e-05
vn 0.999097496 0.0376344912 -0.0196936057
vn 0.985919799 -0.0912408922 -0.140132971
vn 0.984164382 -0.0654123725 -0.164747354
vn 0.932677416 -0.203098887 -0.298100116
vn 0.932277919 -0.172490708 -0.317969868
vn 0.876668554 -0.272018696 -0.396809874
vn 0.875668533 -0.240094773 -0.418997757
vn 0.7626195 -0.364893445 -0.534101369
vn 0.760475264 -0.332929525 -0.557526057
vn 0.635441059 -0.438067254 -0.635855126
vn 0.636058131 -0.401585962 -0.658907254
vn 0.50979361 -0.48871996 -0.707999488
vn 0.507104199 -0.449896904 -0.735144957
vn 0.325989758 -0.537576214 -0.777651909
vn 0.327708835 -0.496961208 -0.803515076
vn 0.0444803849 0.877527016 -0.477459769
vn 0.875686518 -0.240070201 -0.418974248
vn 0.0385868814 0.872773733 -0.486597435
vn 0.760473732 -0.332948967 -0.557516537
vn 0.63603563 -0.401591504 -0.658925596
vn 0.0290663548 0.868745164 -0.494405691
vn 0.507134341 -0.449872384 -0.735139169
vn 0.0180414461 0.86499666 -0.501453172
vn 0.327683264 -0.496964425 -0.803523515
vn 0.00749445051 0.862739749 -0.505592681
vn -0.00433206546 0.860837305 -0.508861835
vn 0.195881406 -0.51958056 -0.831664906
vn -0.016736787 0.859784019 -0.510383503
vn 0.0011689923 -0.530671134 -0.847577006
vn -0.0283931322 0.859863481 -0.509733875
vn -0.197718598 -0.522175741 -0.829602225
vn -0.0506782785 0.862701521 -0.503167763
vn -0.508820844 -0.450660091 -0.733489489
vn -0.0614973325 0.865565583 -0.497005331
vn -0.632810791 -0.402853001 -0.661256352
vn -0.0396019599 0.861006589 -0.507049641
vn -0.32957329 -0.499582251 -0.801123599
vn -0.760498949 -0.332787918 -0.557578291
vn -0.0711021056 0.868074012 -0.491316599
vn -0.877354304 -0.236827612 -0.417327338
vn -0.077452539 0.871579335 -0.484097684
vn -0.0845644792 0.876539775 -0.473842665
vn -0.93335085 -0.166065198 -0.318242897
vn -0.0886142505 0.882060355 -0.462727829
vn -0.9842297 -0.0564481542 -0.167646963
vn -0.99898373 0.0365939574 -0.0263133122
vn -0.0922281172 0.887631841 -0.451224655
vn -0.0907394248 0.8947068 -0.437339798
vn -0.985924189 0.128354906 0.10713782
vn -0.933387933 0.23526707 0.270991463
vn -0.0901795031 0.900192248 -0.426053487
vn -0.87524622 0.30753383 0.373318894
vn -0.085443882 0.904726118 -0.417336787
vn -0.0769132064 0.910599209 -0.406070733
vn -0.766125191 0.402897163 0.500725541
vn -0.63533297 0.474364375 0.609368901
vn -0.0664313828 0.915948917 -0.395758074
vn -0.0563589772 0.919826188 -0.388256938
vn -0.509906583 0.523732467 0.682421849
vn -0.328889096 0.573253828 0.750474524
vn -0.0433627509 0.922422032 -0.383741145
vn -0.195740869 0.595726233 0.778970967
vn -0.0282308008 0.924377207 -0.3804337
vn 0.00202339133 0.610249943 0.792206358
vn -0.0132978905 0.924980354 -0.379782189
vn 0.00102401145 0.924093197 -0.38216582
vn 0.194556227 0.596700662 0.778521801
vn 0.331344781 0.573841326 0.748943769
vn 0.0144691545 0.922007552 -0.386901431
vn 0.511914435 0.524737521 0.680142739
vn 0.0260050599 0.919278317 -0.392748154
vn 0.631193176 0.477700878 0.611062227
vn 0.0345188674 0.915889294 -0.399944057
vn 0.0425557946 0.911051249 -0.410090998
vn 0.76764691 0.40371511 0.497727166
vn 0.875977804 0.308560962 0.370746571
vn 0.0493425709 0.90659822 -0.419100202
vn 0.933887329 0.237267528 0.26750435
vn 0.0519823715 0.902453044 -0.427640429
vn 0.0538239752 0.897005548 -0.438730015
vn 0.985860494 0.129167345 0.106746815
vn 0.999095888 0.0376729355 -0.0197017036
vn 0.0542057198 0.890891478 -0.450970193
vn 0.0532695909 0.886545151 -0.459565061
vn 0.984160451 -0.0654389224 -0.164760294
vn 0.0502254462 0.882722637 -0.467202474
vn 0.932281918 -0.172474642 -0.317966858
vn -0.0142569892 0.892206145 -0.451403293
vn 0.00184836986 -0.565855282 -0.824502507
vn 0.00390934085 -0.529599722 -0.848238676
vn 0.197738512 -0.55704971 -0.806594756
vn 0.19532159 -0.522039667 -0.83025542
vn 0.00389701871 -0.529608377 -0.848233329
vn 0.00188786458 -0.565877856 -0.824486924
vn -0.197612058 -0.521662456 -0.829950454
vn -0.19634609 -0.557156386 -0.806861187
vn 0.330680414 -0.537215494 -0.775918795
vn 0.331231068 -0.500160965 -0.800078114
vn 0.513952631 -0.48774392 -0.705661789
vn 0.510847099 -0.451143762 -0.731781762
vn 0.634092056 -0.439035934 -0.636533356
vn 0.633908039 -0.402001028 -0.660723672
vn 0.766531786 -0.361901345 -0.530524682
vn 0.763833551 -0.326334199 -0.556834174
vn 0.878916265 -0.269367739 -0.393633357
vn 0.877447973 -0.234162702 -0.418632159
vn 0.93477016 -0.200286763 -0.293410907
vn 0.93395174 -0.165557678 -0.316740909
vn 0.987021349 -0.0876997713 -0.134527342
vn 0.985044187 -0.0568109279 -0.162666741
vn 0.99998983 0.00428198202 -0.00141582692
vn 0.999087225 0.0363778515 -0.02239128
vn 0.985399233 0.102132467 0.136225222
vn 0.985107283 0.131559046 0.11070618
vn 0.931684686 0.211320438 0.295478118
vn 0.931824499 0.240064732 0.272161767
vn 0.875262332 0.280325012 0.394124013
vn 0.873405684 0.313896582 0.372332442
vn 0.760996867 0.376848034 0.528080796
vn 0.76451451 0.407906248 0.499129299
vn 0.633310779 0.446654305 0.63199477
vn 0.63231172 0.47976198 0.608284745
vn 0.507778063 0.49678338 0.703823637
vn 0.508782501 0.528319681 0.679719561
vn 0.325062251 0.544322591 0.773335276
vn 0.327904447 0.576949309 0.748069628
vn 0.195392674 0.565162348 0.801506845
vn 0.193762295 0.597642548 0.777997145
vn -0.00350928732 0.579315554 0.815095807
vn 0.000730685903 0.611385417 0.791332634
vn -0.197676668 0.565100062 0.800990546
vn -0.195927746 0.593970448 0.780263689
vn -0.330759034 0.542943221 0.771888023
vn -0.331319634 0.571475151 0.750761914
vn -0.513392199 0.494281493 0.701508557
vn -0.511346522 0.522993774 0.681910732
vn -0.633189398 0.446282838 0.632378696
vn -0.632704639 0.47718561 0.609900593
vn -0.766340035 0.373406643 0.522771872
vn -0.767059221 0.401292912 0.50058381
vn -0.878895523 0.276432498 0.388751508
vn -0.877500212 0.305896097 0.369352075
vn -0.93494112 0.205910564 0.28893934
vn -0.93486559 0.235323499 0.265799133
vn -0.987101214 0.0960496218 0.128084596
vn -0.986539482 0.124815821 0.105644978
vn -0.999987612 0.0032199942 -0.00379575342
vn -0.998918648 0.0383925435 -0.0262211214
vn -0.985373295 -0.0921504417 -0.143344918
vn -0.98347249 -0.0607149059 -0.170574211
vn -0.931517062 -0.204006232 -0.301093706
vn -0.930961274 -0.168673994 -0.323821232
vn -0.875479661 -0.272366101 -0.399189266
vn -0.874597967 -0.234216785 -0.424524315
vn -0.761530701 -0.364729 -0.535764638
vn -0.759218041 -0.325866336 -0.56338184
vn -0.633492654 -0.438359491 -0.637595494
vn -0.635002556 -0.401164878 -0.660180653
vn -0.509012989 -0.488507429 -0.708707464
vn -0.505916583 -0.449921537 -0.735947703
vn -0.325793517 -0.537450407 -0.777821087
vn -0.327498201 -0.498180856 -0.802845417
vn -0.114749473 0.867012017 -0.484894547
vn -0.113065376 0.863450631 -0.491598645
vn -0.9834776 -0.0606901018 -0.170553575
vn -0.930955183 -0.168696116 -0.323827218
vn -0.110173559 0.860048422 -0.498175169
vn -0.874607764 -0.234204313 -0.424511012
vn -0.759240915 -0.325842124 -0.563365017
vn -0.106946494 0.856678014 -0.504643665
vn -0.634976186 -0.401184469 -0.660194112
vn -0.102587073 0.852890873 -0.511911176
vn -0.998918685 0.0383817305 -0.0262355247
vn -0.115945047 0.87125212 -0.476944955
vn -0.117121997 0.874470565 -0.470726746
vn -0.986541966 0.124814801 0.105622986
vn -0.934860233 0.235339962 0.265803399
vn -0.116557427 0.878489066 -0.463326373
vn -0.114430831 0.883682996 -0.453883188
vn -0.877487302 0.305904462 0.369375818
vn -0.767048878 0.401308986 0.500586772
vn -0.112463486 0.887873647 -0.44613042
vn -0.103782773 0.893658899 -0.436580931
vn -0.632724348 0.477160285 0.60989996
vn -0.511323576 0.5229833 0.681935971
vn -0.09469269 0.899560882 -0.426407686
vn -0.0832686365 0.903490894 -0.420440886
vn -0.331331225 0.571465336 0.75076427
vn -0.0704792495 0.907424864 -0.414261743
vn -0.19593822 0.593957964 0.780270563
vn 0.000745322598 0.611361433 0.79135115
vn -0.0567187479 0.908709347 -0.413558105
vn 0.193752881 0.597648096 0.777995227
vn -0.0403254709 0.910162711 -0.412283514
vn 0.327890708 0.57696753 0.748061597
vn -0.0269361268 0.909252079 -0.415373448
vn 0.508790421 0.528343029 0.679695485
vn -0.0144463339 0.907826837 -0.419096335
vn 0.632293492 0.479781682 0.608288154
vn -0.00533105378 0.905514209 -0.42428245
vn 0.764499509 0.40789463 0.499161768
vn 0.0040130616 0.902059108 -0.431593862
vn 0.87341638 0.31389728 0.372306763
vn 0.0125038025 0.897138092 -0.441573209
vn 0.0196521861 0.893355864 -0.448919916
vn 0.931822286 0.240078499 0.2721572
vn 0.0214073349 0.888024446 -0.459297626
vn 0.985111061 0.131562276 0.110668718
vn 0.999087105 0.0363653262 -0.0224169335
vn 0.0258390906 0.881574386 -0.471337399
vn 0.985041125 -0.0568212894 -0.162681662
vn 0.0239195844 0.875049469 -0.483442117
vn 0.0207200648 0.866942338 -0.497977571
vn 0.933940315 -0.165555458 -0.316775753
vn 0.87743298 -0.234156972 -0.418666786
vn 0.0134342021 0.860068311 -0.510001983
vn 0.00275453927 0.853500519 -0.521084711
vn 0.763843849 -0.326307498 -0.556835695
vn 0.63389484 -0.401973815 -0.660752891
vn -0.010024398 0.848042327 -0.529833674
vn -0.0245736085 0.844250258 -0.535385506
vn 0.510844778 -0.451134349 -0.731789185
vn -0.0397332139 0.841947524 -0.538094451
vn 0.331241833 -0.500148489 -0.800081457
vn -0.0537399795 0.841184823 -0.538070728
vn 0.195302226 -0.522033604 -0.830263788
vn 0.00390058556 -0.529611952 -0.84823108
vn -0.0665908442 0.84203016 -0.535304463
vn -0.0791174167 0.843570637 -0.531158182
vn -0.197586974 -0.521692117 -0.829937782
vn -0.327507861 -0.49818116 -0.802841287
vn -0.0882335021 0.84648296 -0.525053756
vn -0.505938193 -0.449933346 -0.735925627
vn -0.0960880424 0.849633871 -0.518545439
vn -0.062323283 0.876778318 -0.476839166
vn -0.0777572198 -0.821878361 0.564331263
vn -0.153477169 -0.924190696 0.349737495
vn 0.0678659048 -0.822982848 0.56399774
vn 0.0189865157 -0.934424234 0.35565554
vn 0.067884239 -0.822977333 0.564003582
vn 0.0189711398 -0.934426204 0.355651186
vn 0.24616796 -0.809523773 0.532984611
vn 0.225993098 -0.912569882 0.340798079
vn -0.139555009 0.400833732 -0.905459397
vn 0.071991768 0.400722194 -0.913366798
vn -0.151024706 0.380857822 -0.912216453
vn 0.060786694 0.378153019 -0.923745242
vn -0.326292606 0.397519355 -0.85761967
vn -0.331745688 0.372368351 -0.86676791
vn -0.832129556 -0.412908609 0.370225449
vn -0.839603513 -0.466999967 0.277447243
vn -0.746207833 -0.521541743 0.413724642
vn -0.765614408 -0.577011787 0.284415147
vn -0.617121749 -0.63167291 0.469201537
vn -0.671999018 -0.681504211 0.28977462
vn -0.459846623 -0.724366775 0.513647601
vn -0.540012789 -0.785352704 0.302667008
vn -0.636360207 0.309267821 -0.706681754
vn -0.785512893 0.234800889 -0.572571425
vn -0.642106119 0.319622792 -0.696807723
vn -0.785330684 0.25729547 -0.563076156
vn -0.489671134 0.370247167 -0.789391675
vn -0.492130972 0.350205899 -0.7969711
vn -0.996501701 -0.0322945786 -0.0770806017
vn -0.998057792 -0.0616535722 -0.00891524135
vn -0.999601422 -0.0100427872 -0.0263844541
vn -0.997287803 -0.0505474289 0.0534976236
vn 0.401674291 0.324343512 -0.856422238
vn 0.270137573 0.352821691 -0.89584739
vn 0.412887486 0.347946432 -0.841698999
vn 0.273218455 0.376561691 -0.885185274
vn 0.660610816 0.256353374 -0.705603499
vn 0.545642624 0.288624777 -0.786746379
vn 0.675237949 0.27013999 -0.686351293
vn 0.55919312 0.312408512 -0.767921856
vn 0.834925314 -0.455097044 0.309493782
vn 0.681309391 -0.616563468 0.394546579
vn 0.816295389 -0.518803358 0.253978176
vn 0.637951872 -0.703170777 0.313955837
vn 0.940877003 -0.283544826 0.185345074
vn 0.936723223 -0.323823931 0.132994981
vn 0.995601738 -0.0931544567 -0.00997133078
vn 0.992014275 -0.103069362 -0.0726937683
vn 0.994479957 -0.0479929 -0.0933075397
vn 0.988074668 -0.059811779 -0.141883763
vn 0.942584021 0.0753075041 -0.325367704
vn 0.93007841 0.0743797314 -0.359752424
vn 0.882946484 0.141543397 -0.447628163
vn 0.867416603 0.141087751 -0.477161066
vn -0.990152026 0.0552846606 -0.128617932
vn -0.956383131 0.126245395 -0.263426283
vn -0.98561164 0.0542525259 -0.160082349
vn -0.948452719 0.123696628 -0.29178174
vn -0.999969825 -0.00665602467 -0.00400583935
vn -0.995268801 -0.0541277205 0.0806858324
vn -0.909312609 -0.290206222 0.298212892
vn -0.903059025 -0.282292048 0.323721479
vn -0.966605989 -0.164008644 0.196911216
vn -0.961612152 -0.162481931 0.221137266
vn -0.739334067 -0.494942205 0.456527491
vn -0.600500897 -0.604107353 0.523882599
vn -0.436934546 -0.685267151 0.582663826
vn -0.239455641 -0.740779255 0.62762018
vn -0.28061162 -0.791254973 0.543297971
vn -0.0378199808 -0.76253437 0.645841299
vn 0.0763950509 -0.765318592 0.639101908
vn 0.0763994155 -0.765326126 0.639092364
vn 0.243878136 -0.759687606 0.602825179
vn 0.375704179 -0.739281383 0.558846497
vn 0.384859878 -0.781282663 0.491406425
vn 0.541107993 -0.682748583 0.490975063
vn 0.53769133 -0.71959289 0.439401988
vn 0.690716534 -0.584655386 0.425545237
vn 0.832060594 -0.442154516 0.334924697
vn 0.93331731 -0.284310666 0.21928576
vn 0.993811528 -0.105702551 0.0341411362
vn 0.996988462 -0.0499481305 -0.0593227663
vn 0.981642955 0.0127544704 -0.190300899
vn 0.975462757 0.0176067173 -0.219459366
vn 0.953621609 0.0663312969 -0.293608559
vn 0.694829676 0.269958657 -0.666583861
vn 0.791450539 0.209878517 -0.574070599
vn 0.813211137 0.201920304 -0.545816669
vn 0.573296029 0.320320804 -0.754139407
vn 0.27575048 0.388410999 -0.87926024
vn 0.424431096 0.358440839 -0.831491677
vn 0.0719832891 0.400739527 -0.913359862
vn 0.0755526909 0.410871056 -0.90855752
vn -0.319168145 0.410330491 -0.854260255
vn -0.131443551 0.410541624 -0.902318219
vn 0.0755307931 0.410886215 -0.908552485
vn -0.500319503 0.373776273 -0.781006845
vn -0.656698309 0.320781751 -0.682529413
vn -0.892563242 0.198263822 -0.404996687
vn -0.793544363 0.262581275 -0.548943
vn -0.879932107 0.195840146 -0.432858088
vn -0.377216636 -0.867451353 0.324400616
vn 0.0607590486 0.378153769 -0.923746754
vn -0.87502723 0.169449773 -0.453446932
vn -0.97798178 0.0251545455 -0.207168741
vn -0.942324725 0.0926948863 -0.3216081
vn -0.921452961 -0.317424395 0.223978109
vn -0.97823824 -0.169263682 0.119998963
vn 0.362830417 -0.874518504 0.321825225
vn 0.50830317 -0.804321838 0.307724339
vn 0.966251486 0.0114672828 -0.257345231
vn 0.77519259 0.204914436 -0.597567169
vn -0.826696801 -0.396690363 0.399010219
vn 0.899530228 0.13167469 -0.416541888
vn -0.346894311 -0.829969093 -0.436824497
vn -0.511463432 -0.739798466 -0.437153735
vn -0.349215714 -0.653590725 -0.671466715
vn -0.482882929 -0.613531691 -0.624822328
vn -0.10693077 -0.62535169 -0.772981937
vn -0.201307111 -0.626008443 -0.753384945
vn 0.0443201621 -0.279018938 -0.959262298
vn -0.111772811 -0.238045243 -0.964801172
vn -0.292328145 -0.62109292 -0.727177998
vn -0.292341818 -0.715620099 -0.634369085
vn -0.229838919 -0.726507927 -0.647580345
vn -0.232641745 -0.687401938 -0.688009007
vn -0.303044951 -0.675374972 -0.672333552
vn -0.232400016 -0.70669604 -0.668259635
vn -0.296566348 -0.69606183 -0.65387027
vn -0.234791688 -0.668290319 -0.70587599
vn -0.311210964 -0.654866451 -0.688692724
vn -0.327193169 -0.613810777 -0.718457347
vn -0.31956054 -0.633986541 -0.704231586
vn -0.232519075 -0.631508193 -0.739683907
vn -0.235639259 -0.649786848 -0.72266949
vn -0.345174132 -0.571798191 -0.74424569
vn -0.21951696 -0.592367213 -0.775186035
vn -0.204263232 -0.692321368 -0.692074891
vn -0.0393054104 -0.723773687 -0.688917074
vn -0.0971798657 -0.616504232 -0.781331303
vn -0.14447584 -0.648363321 -0.74749698
vn -0.154598448 -0.665337988 -0.730359282
vn -0.160818828 -0.700644758 -0.695150508
vn -0.159035301 -0.682388052 -0.713480427
vn -0.169827438 -0.716154824 -0.676964482
vn -0.170405022 -0.732183406 -0.659446426
vn -0.368778848 -0.612238163 -0.699404456
vn -0.347053446 -0.703695352 -0.61997319
vn -0.354794873 -0.685896182 -0.635347956
vn -0.396718281 -0.620477231 -0.676478094
vn -0.381182433 -0.643509259 -0.663773897
vn -0.41187923 -0.598651509 -0.687002089
vn -0.451327928 -0.555995751 -0.697976953
vn -0.547125334 -0.59295068 -0.590815843
vn -0.596649934 -0.685345911 -0.417504297
vn -0.548027225 -0.645856717 -0.531540461
vn -0.664949414 -0.557325701 -0.497222626
vn -0.544583357 -0.636410929 -0.546269253
vn -0.676087197 -0.506066402 -0.53553982
vn -0.566713565 -0.627441323 -0.533997305
vn -0.686805888 -0.551402296 -0.473553777
vn -0.428536176 -0.59929059 -0.676171232
vn -0.386887987 -0.69659151 -0.604216811
vn -0.413740807 -0.695215895 -0.58778687
vn -0.475037897 -0.595751356 -0.647625909
vn -0.399203976 -0.680525076 -0.614428033
vn -0.454948436 -0.612585219 -0.646344544
vn -0.436085125 -0.6374323 -0.635224233
vn -0.472000635 -0.589507005 -0.655512694
vn -0.50815746 -0.549718832 -0.663012218
vn -0.451831325 -0.660151192 -0.600040713
vn -0.430874392 -0.67993465 -0.593326327
vn -0.417040208 -0.659610478 -0.625293118
vn -0.473705579 -0.637295722 -0.607829899
vn -0.508968567 -0.586568182 -0.629991084
vn -0.493364785 -0.611373785 -0.618719067
vn -0.533203796 -0.550661311 -0.642235028
vn -0.577480267 -0.585708119 -0.568737672
vn -0.610440089 -0.588777145 -0.529815413
vn -0.696526952 -0.600515624 -0.392722791
vn -0.595317939 -0.575370097 -0.560843831
vn -0.702493189 -0.562538708 -0.435951284
vn -0.517679152 -0.599407262 -0.610507354
vn -0.432815545 -0.69715713 -0.571526587
vn -0.462172699 -0.692229672 -0.554269319
vn -0.445784515 -0.700558649 -0.557219657
vn -0.544000389 -0.611024107 -0.575076619
vn -0.499537132 -0.655097163 -0.566842448
vn -0.480290398 -0.679375359 -0.554770453
vn -0.515742735 -0.625266148 -0.585706135
vn -0.586008833 -0.595790133 -0.549206487
vn -0.53208316 -0.565514127 -0.630143859
vn -0.531299694 -0.574601356 -0.622538285
vn -0.537319576 -0.558267468 -0.632159084
vn -0.588945389 -0.586426192 -0.556100396
vn -0.453364666 -0.682435979 -0.573359934
vn -0.474326761 -0.665538453 -0.576257487
vn -0.49575964 -0.642676207 -0.584114434
vn -0.488779106 -0.568768251 -0.66151165
vn -0.521175795 -0.566769464 -0.638081629
vn -0.428754481 -0.577864082 -0.694436965
vn -0.335649231 -0.594120345 -0.730999733
vn -0.22732269 -0.61285608 -0.756790473
vn -0.12566878 -0.631473766 -0.765145895
vn -0.526623878 -0.588405234 -0.61355242
vn -0.53325438 -0.570434284 -0.624695521
vn -0.53039613 -0.588543684 -0.610160862
vn -0.513676424 -0.615481344 -0.597761864
vn 0.0448361047 -0.720943492 -0.691541904
vn 0.16211585 -0.88962014 -0.42695955
vn 0.0536969364 -0.909664593 -0.411857945
vn 0.202754166 -0.733981999 -0.648198405
vn 0.422184983 -0.842196431 -0.335358035
vn 0.128067276 -0.722673089 -0.679221892
vn 0.291123736 -0.863101764 -0.412677011
vn -0.0157248262 -0.632829849 -0.774131198
vn 0.0493660208 -0.647241631 -0.760684736
vn 0.0982459694 -0.671131862 -0.734799125
vn 0.18707876 -0.664981526 -0.723049865
vn 0.150464149 -0.64226025 -0.751573224
vn 0.551585521 -0.392601988 -0.735946392
vn 0.4815725 -0.33602687 -0.809428113
vn -0.0452363555 -0.633995528 -0.772012527
vn -0.124435193 -0.735143513 -0.6663932
vn 0.0333429069 -0.625537019 -0.77948168
vn -0.0878487973 -0.738228994 -0.668805309
vn 0.107328041 -0.618139406 -0.778706855
vn -0.0578355003 -0.740795616 -0.669236065
vn -0.0431756562 -0.741905661 -0.669112735
vn 0.215830826 -0.688069235 -0.692804288
vn -0.0273195624 -0.742950047 -0.668789107
vn -0.00635796534 -0.746904476 -0.664900955
vn 0.0808789438 -0.71702471 -0.692339629
vn 0.0513968077 -0.745064018 -0.665009757
vn 0.24853823 -0.713597351 -0.654986694
vn 0.263924231 -0.721963256 -0.639619463
vn 0.275960334 -0.709534904 -0.648387318
vn -0.0695361167 -0.662637435 -0.745705275
vn -0.0439429284 -0.6474106 -0.760873534
vn -0.0855045313 -0.679434417 -0.72873716
vn -0.0963507817 -0.696546835 -0.711012681
vn -0.100996881 -0.713582271 -0.69325318
vn -0.11792301 -0.723745082 -0.679917069
vn -0.0800167545 -0.732164828 -0.676411106
vn -0.00792631351 -0.715343036 -0.698728498
vn 0.0244082215 -0.728116247 -0.685018956
vn 0.00241681361 -0.701724726 -0.71244408
vn 0.0404975439 -0.707583127 -0.705468686
vn -0.0325421449 -0.734091744 -0.678270094
vn -0.0616641783 -0.73007031 -0.680584214
vn -0.0467875247 -0.706970208 -0.705694022
vn -0.0173207868 -0.726022033 -0.68745327
vn -0.0526045223 -0.719823467 -0.692161066
vn -0.0191586026 -0.674314989 -0.738195261
vn -0.0358172261 -0.690869459 -0.722091764
vn 0.0164751275 -0.661665368 -0.749618244
vn 0.0481381491 -0.680654104 -0.731021689
vn -0.160826638 -0.89758093 -0.410467132
vn -0.276492572 -0.24284728 -0.929826358
vn -0.409356379 -0.270601588 -0.871322062
vn -0.366648381 -0.665338598 -0.650302633
vn -0.673923907 -0.627113908 -0.390582533
vn -0.641342458 -0.651891815 -0.404619467
vn -0.658608327 -0.362803395 -0.659248639
vn -0.597028385 -0.298332094 -0.744684543
vn -0.67575727 -0.427173737 -0.600728483
vn -0.513519435 -0.2803698 -0.810981236
vn -0.703848451 -0.526551839 -0.47680239
vn -0.595677897 -0.566343419 -0.569581404
vn -0.710348684 -0.519007306 -0.475432607
vn 0.145529043 -0.316641374 -0.937315069
vn 0.368775834 -0.313494219 -0.875057575
vn 0.25851102 -0.324355331 -0.90992619
vn 0.359154955 -0.752726533 -0.551734071
vn 0.539198434 -0.769486689 -0.342279542
vn 0.533554258 -0.672942077 -0.512317103
vn 0.520623231 -0.636011931 -0.56959659
vn 0.542060589 -0.616232786 -0.571338316
vn 0.576598624 -0.542674781 -0.610768458
vn 0.237709034 -0.71067263 -0.662147135
vn 0.584934821 -0.466156585 -0.663738875
vn 0.019626225 -0.752083824 -0.658775177
vn 0.00112367218 -0.737859049 -0.674953895
vn 0.0123078415 -0.686255109 -0.727256793
vn -0.0784237945 -0.0319837056 -0.99640692
vn -0.0884449534 -0.267084287 -0.959605895
vn -0.150666446 -0.024606505 -0.988278373
vn -0.169736614 -0.259349416 -0.950750947
vn 0.00369381082 -0.965832956 -0.25913907
vn -0.122524169 -0.952709114 -0.278088424
vn 0.000678346478 -0.868820609 0.495126539
vn -0.0167768949 -0.867852938 0.496537827
vn 0.13415367 -0.963062064 -0.233482879
vn 0.018790856 -0.867968574 0.496263497
vn 0.00702347602 -0.939886381 -0.341415087
vn 0.148479424 -0.932253462 -0.329935363
vn 0.00271800807 -0.945375455 0.325972179
vn 0.050273905 -0.942779124 0.329605912
vn -0.0451285821 -0.942872761 0.330082364
vn -0.135505494 -0.933367749 -0.332359603
vn 0.00674987968 -0.514029134 -0.857746168
vn 0.180291144 -0.50471079 -0.844252404
vn 0.00704477808 -0.939879653 -0.341433169
vn 0.148491056 -0.932253882 -0.329928941
vn -0.135505107 -0.933371344 -0.332349667
vn -0.166300685 -0.505742891 -0.846503521
vn -0.00124108358 0.904077504 -0.427366735
vn 0.000357550578 0.808952671 -0.587873667
vn 0.0275085059 0.902625468 -0.429546908
vn -0.00265261354 0.809497011 -0.587118006
vn 0.00316943799 0.809314423 -0.587367108
vn -0.0315083357 0.902103861 -0.430367109
vn 0.00545939448 0.195858128 -0.980617045
vn -0.114541288 0.20136567 -0.972796053
vn 0.125704196 0.202457164 -0.971189761
vn -0.328244346 -0.234228461 -0.915091622
vn -0.291102833 -0.0024418947 -0.956688652
vn -0.476514939 -0.193850068 -0.857528812
vn -0.422449561 0.0334110501 -0.905770429
vn -0.610662642 -0.139379119 -0.779528447
vn -0.541397609 0.0818769932 -0.83677045
vn -0.726643983 -0.072187508 -0.683211158
vn -0.644342458 0.141723689 -0.751489982
vn -0.820276548 0.00571772215 -0.571938539
vn -0.72800667 0.211013593 -0.652287936
vn -0.888623062 0.091667501 -0.44938416
vn -0.788864141 0.287168024 -0.543348776
vn -0.929911082 0.182964194 -0.319044641
vn -0.825498435 0.367933817 -0.427991869
vn -0.942966394 0.276355784 -0.185585182
vn -0.837157418 0.450924045 -0.309572227
vn -0.927636088 0.369822963 -0.0521753237
vn -0.823604348 0.533929529 -0.191298552
vn -0.884098257 0.460781923 0.0777836178
vn -0.785166318 0.614601686 -0.0760172408
vn -0.813594827 0.546048182 0.199736925
vn -0.722648412 0.690460279 0.0323090689
vn -0.718086149 0.623151582 0.309894157
vn -0.637916157 0.759074132 0.129882406
vn -0.600596391 0.689692992 0.404484303
vn -0.53327512 0.818218258 0.214794154
vn -0.465126324 0.743267614 0.480843796
vn -0.413491592 0.865528931 0.282638235
vn -0.315921406 0.782369136 0.53674221
vn -0.281100227 0.900229894 0.332518873
vn -0.157109828 0.805977524 0.570715983
vn -0.140292682 0.921369051 0.36248729
vn -0.0757492051 0.810943756 0.580200209
vn -0.0677493943 0.925966681 0.37147776
vn 0.269763195 -0.93464476 -0.231661374
vn 0.0362796405 -0.86536377 0.499829304
vn 0.409722737 -0.878077743 -0.247197806
vn 0.0518130962 -0.86095021 0.506043614
vn 0.539207001 -0.807767504 -0.238259249
vn 0.0659183861 -0.855122315 0.514218429
vn 0.64896217 -0.741186753 -0.1717274
vn 0.0778894582 -0.847847167 0.524488716
vn 0.732798586 -0.677135351 -0.0670369225
vn 0.0893712089 -0.839395399 0.536123261
vn 0.799566174 -0.598650886 0.0480733885
vn 0.0989545775 -0.829641625 0.549456792
vn 0.862917607 -0.485271266 0.141014189
vn 0.102816175 -0.819338061 0.564015936
vn 0.901315695 -0.363187355 0.236061356
vn 0.103210167 -0.80885985 0.578872529
vn 0.888611182 -0.276338653 0.366069823
vn 0.101143117 -0.798041848 0.594053263
vn 0.844760606 -0.195838829 0.498022761
vn 0.094029367 -0.788665327 0.607589895
vn 0.794929075 -0.084763178 0.600752004
vn 0.0828684583 -0.781471627 0.618413224
vn 0.718756132 0.0203492339 0.69496441
vn 0.0706884545 -0.775565949 0.627296262
vn 0.609652849 0.0917502266 0.787340651
vn 0.0572996147 -0.771602565 0.633518931
vn 0.462265066 0.137880697 0.875956575
vn 0.0446771955 -0.766484973 0.640706433
vn 0.308192699 0.218084996 0.925989306
vn 0.0308013832 -0.764091158 0.644372545
vn 0.150974903 0.234758672 0.960257749
vn 0.0161448501 -0.761613863 0.647829968
vn -0.00166067474 0.218304717 0.975879241
vn -0.00227195034 -0.76040379 0.649446622
vn -0.155762132 0.216684568 0.963735418
vn -0.0201076262 -0.762050038 0.647205858
vn -0.315441217 0.205326648 0.926465221
vn -0.0349489897 -0.764897535 0.643203179
vn -0.47043167 0.144162308 0.870580997
vn -0.0479347296 -0.768456426 0.63810421
vn -0.626799469 0.101408951 0.772553332
vn -0.0600184488 -0.773009389 0.631549103
vn -0.735367704 0.030104862 0.676999289
vn -0.0719005778 -0.777956699 0.624190421
vn -0.810958511 -0.0834575436 0.579120999
vn -0.0830821693 -0.783453249 0.615872032
vn -0.875193509 -0.165741334 0.45449547
vn -0.0937984903 -0.790720598 0.604948576
vn -0.913195858 -0.246521758 0.32450015
vn -0.0993418381 -0.800400018 0.591177647
vn -0.921499739 -0.33813458 0.1910582
vn -0.103702509 -0.80997053 0.577229184
vn -0.902218819 -0.427754689 0.0550193477
vn -0.102149195 -0.820764491 0.562059776
vn -0.852266722 -0.518717017 -0.0676320334
vn -0.0960247233 -0.831157811 0.54768234
vn -0.769447047 -0.617682369 -0.162541481
vn -0.0881882319 -0.840469687 0.534634025
vn -0.661189252 -0.712854766 -0.233809441
vn -0.0779324854 -0.848879776 0.522809386
vn -0.53679117 -0.796206613 -0.279124109
vn -0.064789347 -0.856041596 0.512830505
vn -0.400916723 -0.872404794 -0.279599099
vn -0.0500267634 -0.861704524 0.50493825
vn -0.256896566 -0.925770252 -0.277405111
vn -0.0341011367 -0.865821851 0.499188978
vn 0.3468579 -0.478126948 -0.806897899
vn 0.285765843 -0.910334208 -0.299381883
vn 0.504239622 -0.435287568 -0.745833183
vn 0.415111162 -0.875041436 -0.248968287
vn 0.645775603 -0.377770733 -0.663523281
vn 0.531188506 -0.827651642 -0.181194732
vn 0.767815473 -0.307343815 -0.562138043
vn 0.631349745 -0.769263103 -0.098141618
vn 0.86709645 -0.224968912 -0.44444655
vn 0.712521404 -0.701649001 -0.00138825494
vn 0.939531365 -0.134470948 -0.314957741
vn 0.771677227 -0.627258854 0.105169324
vn 0.983457527 -0.0378910357 -0.177131481
vn 0.807451378 -0.548085598 0.218230269
vn 0.997460258 0.0619312743 -0.0351788461
vn 0.818653652 -0.466552293 0.334865879
vn 0.981146202 0.161456965 0.106225134
vn 0.805027353 -0.385349596 0.451039522
vn 0.93515243 0.257626892 0.243142584
vn 0.76719381 -0.306310801 0.563548889
vn 0.860814041 0.347438935 0.371867414
vn 0.705907186 -0.232353505 0.669109029
vn 0.759885267 0.428991889 0.488405918
vn 0.623079055 -0.16549276 0.764450546
vn 0.635982908 0.499056237 0.588615846
vn 0.521091414 -0.107747001 0.8466725
vn 0.493466099 0.555052867 0.66963238
vn 0.403714299 -0.0612985887 0.912829254
vn 0.335076698 0.596475745 0.729342369
vn 0.27370807 -0.0276910889 0.961414113
vn 0.166149286 0.62199575 0.765189978
vn 0.135302901 -0.00748679661 0.990775995
vn -0.00647236365 0.630382706 0.77625753
vn -0.00655031407 -0.00109751105 0.999977944
vn -0.00648746651 0.630382637 0.77625746
vn -0.179353822 0.620968581 0.763040122
vn -0.00652008438 -0.00109061135 0.999978149
vn -0.148369514 -0.00868012252 0.988893899
vn -0.347117491 0.594698696 0.725150266
vn -0.285847372 -0.0301982051 0.957799221
vn -0.504306492 0.552389024 0.663732874
vn -0.414916764 -0.0654656787 0.907501143
vn -0.645810533 0.494818824 0.581449126
vn -0.531271979 -0.113027523 0.839627812
vn -0.768018197 0.423280266 0.480605728
vn -0.631476595 -0.171220439 0.756254501
vn -0.867235295 0.34091352 0.362878651
vn -0.712504632 -0.239031083 0.659697879
vn -0.939516943 0.250353938 0.233732368
vn -0.771652379 -0.313513793 0.553409169
vn -0.983406475 0.15397552 0.095933536
vn -0.807191551 -0.392773396 0.440648226
vn -0.997416149 0.0549672015 -0.0462561588
vn -0.818407644 -0.474346113 0.324352729
vn -0.981204578 -0.0445193935 -0.187764745
vn -0.805057188 -0.555692976 0.207577072
vn -0.935195248 -0.140977672 -0.32486173
vn -0.767277358 -0.634242409 0.0949843279
vn -0.860701426 -0.231002901 -0.453685701
vn -0.706127387 -0.708003356 -0.0107406666
vn -0.759814861 -0.312433209 -0.570146356
vn -0.622915607 -0.775032969 -0.106301659
vn -0.636168394 -0.382414563 -0.670111093
vn -0.521040965 -0.832555778 -0.188061662
vn -0.493225766 -0.439091815 -0.750950546
vn -0.403637178 -0.878926419 -0.254097182
vn -0.335002303 -0.480577873 -0.810443314
vn -0.273884142 -0.912813314 -0.302918026
vn -0.273905082 -0.912800081 -0.302938968
vn -0.0915889601 -0.935994681 0.339890305
vn -0.40361838 -0.878937317 -0.254089348
vn -0.134414232 -0.924227264 0.357402823
vn -0.521053775 -0.832546804 -0.1880659
vn -0.172979201 -0.908703568 0.379915808
vn -0.622891961 -0.775053703 -0.106289051
vn -0.20641926 -0.889543592 0.40755771
vn -0.706111531 -0.708019483 -0.0107199507
vn -0.233702793 -0.867278548 0.439557646
vn -0.767291414 -0.634227195 0.0949723708
vn -0.253876778 -0.842795533 0.474596957
vn -0.805073956 -0.555678371 0.207551133
vn -0.266779799 -0.816663073 0.511751858
vn -0.818424516 -0.47432971 0.324334146
vn -0.271040917 -0.789658212 0.55043322
vn -0.807198334 -0.392765869 0.44064251
vn -0.267296482 -0.762789256 0.588816729
vn -0.771659175 -0.313530674 0.553390128
vn -0.256410396 -0.736195002 0.626315118
vn -0.712511251 -0.239045889 0.659685364
vn -0.23692813 -0.711353286 0.661695975
vn -0.631492665 -0.171207346 0.756244047
vn -0.209964578 -0.68896366 0.693717487
vn -0.531261167 -0.113011601 0.839636797
vn -0.17752896 -0.668754943 0.721976658
vn -0.414929199 -0.0654503966 0.90749656
vn -0.138892213 -0.652720115 0.744758622
vn -0.285882892 -0.0301647117 0.957789675
vn -0.0956874334 -0.641089387 0.761477717
vn -0.148373072 -0.00872199418 0.988892996
vn -0.0499096827 -0.633516175 0.772118048
vn -0.00655344486 -0.00109205685 0.99997793
vn -0.00252783756 -0.630275315 0.776367591
vn 0.135329016 -0.00749951207 0.990772332
vn 0.0449920715 -0.63301624 0.772829964
vn 0.27369819 -0.0277022624 0.961416603
vn 0.0907136767 -0.640505188 0.762577296
vn 0.403681231 -0.0613077397 0.912843264
vn 0.13464395 -0.650984526 0.747054317
vn 0.521096832 -0.107738301 0.846670272
vn 0.173301237 -0.667316704 0.724330793
vn 0.623079246 -0.165480818 0.764452976
vn 0.20678834 -0.686721678 0.696887308
vn 0.705929038 -0.232322521 0.669096734
vn 0.233972608 -0.709120865 0.665134887
vn 0.767186546 -0.306301659 0.563563747
vn 0.254321043 -0.733630489 0.630164354
vn 0.805029265 -0.385353742 0.451032567
vn 0.266997534 -0.759786181 0.592821454
vn 0.818643579 -0.466570331 0.33486537
vn 0.271322399 -0.786797122 0.554377529
vn 0.807454632 -0.548077101 0.218239568
vn 0.267898786 -0.813800507 0.515712105
vn 0.771675392 -0.627258951 0.105182218
vn 0.256955119 -0.840064132 0.477772248
vn 0.712508312 -0.701662344 -0.00136415551
vn 0.237591599 -0.864927094 0.442098805
vn 0.631335208 -0.769275439 -0.0981384433
vn 0.2102613 -0.887504251 0.410032181
vn 0.531169151 -0.827665685 -0.181187324
vn 0.17700773 -0.906912942 0.382331242
vn 0.415095435 -0.875039057 -0.249002871
vn 0.138896855 -0.922874218 0.359180792
vn 0.285787282 -0.910337148 -0.299352478
vn 0.0962540514 -0.935218368 0.340737086
vn -0.230842017 0.218755508 -0.948081215
vn -0.00662809983 0.810078194 -0.586284392
vn -0.340590434 0.247365424 -0.907087925
vn -0.0097514686 0.810614831 -0.585498509
vn -0.439727446 0.28663119 -0.85116528
vn -0.011654295 0.811550032 -0.584166691
vn -0.525537128 0.334898307 -0.782083021
vn -0.0134117098 0.812581819 -0.582692812
vn -0.595618435 0.391270178 -0.701531416
vn -0.0149671775 0.813975299 -0.580706635
vn -0.647526437 0.45373644 -0.612235867
vn -0.0163601104 0.815558556 -0.578443246
vn -0.679522038 0.520630669 -0.516907638
vn -0.0171458773 0.817394105 -0.575823667
vn -0.690477268 0.58936645 -0.419390426
vn -0.0169535582 0.819259528 -0.573172228
vn -0.681260754 0.657883269 -0.321050447
vn -0.0172132884 0.821079894 -0.570553688
vn -0.650858076 0.724969391 -0.225395534
vn -0.0164248222 0.82259182 -0.568395042
vn -0.601062053 0.787548489 -0.135984507
vn -0.0156098358 0.823757777 -0.566726969
vn -0.532388277 0.844764884 -0.0541757583
vn -0.0136010035 0.825164735 -0.564728406
vn -0.447879816 0.893948565 0.0161131389
vn -0.0106403633 0.82657099 -0.562731891
vn -0.350379146 0.933727645 0.0733971362
vn -0.00843271582 0.827903373 -0.56080736
vn -0.241454217 0.963493272 0.115674441
vn -0.00590206459 0.828442246 -0.5600434
vn -0.125116414 0.981944375 0.141884205
vn -0.00294459619 0.828826777 -0.559497546
vn -0.00545259234 0.988540319 0.150858566
vn -0.00018635951 0.829044333 -0.55918285
vn 0.113739375 0.983182061 0.142885931
vn 0.00247386838 0.828747839 -0.559616743
vn 0.230751277 0.965787766 0.118354717
vn 0.00608962984 0.828170974 -0.560442462
vn 0.340938871 0.936888635 0.0774620654
vn 0.00932864223 0.82759792 -0.56124385
vn 0.439732437 0.897862754 0.0218599888
vn 0.0110024491 0.826698448 -0.562537663
vn 0.525689194 0.849379033 -0.0469694592
vn 0.0131669198 0.825446942 -0.564326127
vn 0.595935252 0.792747054 -0.128114339
vn 0.0153394797 0.823677758 -0.566850642
vn 0.647191141 0.73069231 -0.217330106
vn 0.0165401244 0.822278575 -0.568844768
vn 0.678992454 0.664556122 -0.311984627
vn 0.0168154318 0.82074072 -0.571053336
vn 0.690770523 0.595702785 -0.409846651
vn 0.0173865061 0.818920953 -0.573642905
vn 0.681361731 0.526529609 -0.508441503
vn 0.0171609296 0.817111967 -0.576223513
vn 0.651041982 0.459608652 -0.604073029
vn 0.0162497371 0.815500392 -0.578528354
vn 0.601145377 0.39675882 -0.693690618
vn 0.0151149491 0.813988626 -0.580684127
vn 0.532281765 0.339589864 -0.775470726
vn 0.0132286929 0.81252045 -0.582782567
vn 0.447830243 0.29066865 -0.845552961
vn 0.0111339854 0.811438864 -0.584331245
vn 0.350040613 0.25050503 -0.902617748
vn 0.00913937555 0.810452438 -0.585733145
vn 0.241254937 0.220871172 -0.944993111
vn 0.00629299189 0.809907305 -0.586524131
vn -0.058430392 0.897689693 -0.436736883
vn -0.0848170047 0.890454454 -0.447098358
vn -0.109256375 0.880187115 -0.461880598
vn -0.129175504 0.868176202 -0.479149008
vn -0.145214534 0.854312272 -0.499062401
vn -0.156910295 0.839013544 -0.520994657
vn -0.163701407 0.822763249 -0.544299995
vn -0.165368923 0.806338409 -0.567865732
vn -0.162230123 0.789936913 -0.591338364
vn -0.154273179 0.774168099 -0.613892125
vn -0.141229913 0.75929453 -0.635236907
vn -0.124663295 0.746489554 -0.653614877
vn -0.104527444 0.734897353 -0.670074543
vn -0.0799216878 0.725208468 -0.683875136
vn -0.0537264825 0.718757546 -0.693181834
vn -0.0269580995 0.714658266 -0.698954093
vn 0.00189700774 0.713059896 -0.701100554
vn 0.0306468206 0.714737979 -0.69872054
vn 0.0586933274 0.718930074 -0.692599915
vn 0.0855326027 0.72620999 -0.682131383
vn 0.108439058 0.735730415 -0.668537005
vn 0.127942764 0.746643628 -0.652804674
vn 0.145126837 0.760030704 -0.633475754
vn 0.158376938 0.776183751 -0.610291349
vn 0.165751636 0.792561239 -0.586833092
vn 0.167878791 0.809057807 -0.563242556
vn 0.165291735 0.82532009 -0.539930913
vn 0.157625646 0.841459051 -0.516817976
vn 0.145150119 0.856636008 -0.495082005
vn 0.127801159 0.870652798 -0.475005863
vn 0.106216792 0.882679549 -0.457815255
vn 0.0808926553 0.892362548 -0.444010654
vn 0.0540931908 0.898914793 -0.434771345
vn 0.24124652 0.220837626 -0.9450031
vn 0.350014263 0.250511038 -0.902626299
vn 0.447836481 0.290649582 -0.845556212
vn 0.532268514 0.339600782 -0.77547504
vn 0.601132808 0.396753254 -0.693704694
vn 0.651065022 0.459583496 -0.604067337
vn 0.681370384 0.52652741 -0.508432185
vn 0.69077103 0.595707874 -0.409838399
vn 0.679009265 0.664543213 -0.311975538
vn 0.64719429 0.730696276 -0.217307393
vn 0.595916046 0.792757925 -0.128136404
vn 0.525726568 0.849355988 -0.046967874
vn 0.439719398 0.897868926 0.0218687425
vn 0.340941702 0.936889719 0.0774364929
vn 0.230754399 0.965783643 0.118382274
vn 0.113744865 0.983177779 0.142911024
vn -0.00547853801 0.988543168 0.150838957
vn -0.00543582713 0.988544326 0.150832911
vn -0.125118982 0.981945081 0.141877053
vn -0.241441611 0.963495716 0.115680396
vn -0.350366049 0.933732889 0.0733929367
vn -0.447867456 0.893955137 0.016092074
vn -0.532366674 0.844778719 -0.0541723271
vn -0.60106539 0.787547181 -0.135977334
vn -0.650873487 0.724955054 -0.225397149
vn -0.681246684 0.657891684 -0.321063058
vn -0.690480139 0.589356012 -0.419400368
vn -0.679526891 0.52063481 -0.516897087
vn -0.647538799 0.453721524 -0.612233846
vn -0.595602022 0.391289361 -0.701534651
vn -0.525544639 0.33490128 -0.7820767
vn -0.439759895 0.286627985 -0.851149595
vn -0.340588793 0.24738071 -0.907084372
vn -0.23085021 0.218785888 -0.94807221
vn -0.114565436 0.201378112 -0.972790634
vn 0.00543349751 0.195878283 -0.980613163
vn 0.125703957 0.202420925 -0.971197346
vn 0.00118772623 0.82013511 -0.572168673
vn -0.0924985735 -0.423763753 -0.901037344
vn -0.177256784 -0.416347723 -0.891759276
vn -0.0785671818 0.702295006 0.707537224
vn -0.164051578 0.69683163 0.698221139
vn -0.330048945 0.672328983 0.662602016
vn -0.486319238 0.631263365 0.604152433
vn -0.62784247 0.575104985 0.524469341
vn -0.750773678 0.505207616 0.425563331
vn -0.850303603 0.42481489 0.31067039
vn -0.923928577 0.335864236 0.183169867
vn -0.969435907 0.240756388 0.0472269355
vn -0.985396911 0.143247668 -0.0920490774
vn -0.971716771 0.045526041 -0.231719433
vn -0.928452394 -0.0500221567 -0.368067842
vn -0.857025853 -0.139871808 -0.495925967
vn -0.759195462 -0.221317004 -0.612079271
vn -0.638292535 -0.291129769 -0.712619182
vn -0.497844613 -0.347975087 -0.794395418
vn -0.342941329 -0.389972338 -0.854583419
vn -0.00178618359 -0.556990549 -0.83051691
vn 0.173308525 -0.547410405 -0.818722177
vn -0.00412393897 0.496259707 -0.868164325
vn 0.0700959256 0.499786609 -0.863307539
vn -0.0771294564 0.500235185 -0.862447567
vn -0.174704844 -0.548809126 -0.81748808
vn 0.0246233463 0.152538967 -0.987990665
vn -0.112916585 0.28023355 -0.95326754
vn -0.00403152407 0.377712425 -0.925914181
vn -0.0974152274 0.382885407 -0.918645219
vn -0.00403982027 0.377719684 -0.925911184
vn 0.0899222458 0.381865363 -0.919833047
vn 0.0246277785 0.152555153 -0.987988056
vn 0.126170577 0.105747203 -0.98635618
vn 0.075319611 -0.267726124 -0.960546552
vn 0.0246275226 0.152549655 -0.987988911
vn 0.156949518 -0.260907704 -0.952519826
vn 0.126163915 0.105739757 -0.986357831
vn 0.169336489 0.804548982 0.569232896
vn 0.13511198 0.962134185 0.236733103
vn 0.0871516461 0.810466027 0.579266268
vn 0.0329980505 0.980464758 0.193907162
vn 0.328582639 0.779471376 0.533345876
vn 0.263582695 0.941961261 0.207925819
vn 0.477499976 0.739050592 0.475182066
vn 0.383599185 0.909321532 0.161201792
vn 0.611411369 0.68455924 0.396931712
vn 0.491058468 0.865534264 0.0985495752
vn 0.726725384 0.617432406 0.301077134
vn 0.583549151 0.811783936 0.0218455944
vn 0.819824418 0.539999808 0.190494437
vn 0.658485076 0.749622558 -0.0668088685
vn 0.888284005 0.454187349 0.0683035741
vn 0.713554276 0.680916556 -0.164902817
vn 0.929869595 0.362652421 -0.0618527105
vn 0.747032972 0.607634202 -0.269670938
vn 0.943115755 0.268483956 -0.19608426
vn 0.757872034 0.531770405 -0.377955311
vn 0.927553561 0.174705565 -0.330336731
vn 0.74546485 0.455993087 -0.486160943
vn 0.883770154 0.0840915634 -0.460303077
vn 0.710408826 0.382971352 -0.590467818
vn 0.813227536 -0.000863999338 -0.581945211
vn 0.653923478 0.314722986 -0.687992389
vn 0.718295039 -0.0774670022 -0.691412395
vn 0.577761481 0.253214171 -0.77593444
vn 0.601260379 -0.143789623 -0.786009224
vn 0.484044154 0.200104183 -0.851856545
vn 0.465902849 -0.197562556 -0.862498447
vn 0.375596744 0.15687828 -0.913409159
vn 0.316190497 -0.237142266 -0.918578856
vn 0.255035415 0.125030144 -0.958814059
vn -0.218670649 0.296878401 -0.929540942
vn -0.187858622 0.397034033 -0.898372481
vn -0.317778283 0.323675525 -0.891207673
vn -0.27335692 0.420173181 -0.865292142
vn -0.407201277 0.360045429 -0.839377394
vn -0.350228655 0.451601642 -0.820606999
vn -0.484783885 0.405078216 -0.775174963
vn -0.41661062 0.490310033 -0.765527049
vn -0.547809869 0.457161978 -0.700647752
vn -0.470804092 0.535114211 -0.701424471
vn -0.593756712 0.514525655 -0.618640701
vn -0.510287888 0.584339708 -0.63099396
vn -0.62148 0.575375489 -0.531700721
vn -0.534211254 0.636525916 -0.556285084
vn -0.630445478 0.637818962 -0.442408715
vn -0.54191425 0.690136828 -0.479624962
vn -0.620369765 0.700272462 -0.353213581
vn -0.533376068 0.743730014 -0.402958605
vn -0.591524203 0.760955666 -0.266543787
vn -0.508531154 0.795982014 -0.32834235
vn -0.54409461 0.818441998 -0.184699082
vn -0.468022817 0.845199003 -0.258056754
vn -0.480379198 0.870002745 -0.111045261
vn -0.412852472 0.889818391 -0.194360664
vn -0.402048673 0.914377045 -0.0476600768
vn -0.345449004 0.927942587 -0.139955496
vn -0.311946489 0.950093674 0.0033761961
vn -0.267982707 0.958614584 -0.096142333
vn -0.212188433 0.976372915 0.0408901023
vn -0.182245552 0.981173408 -0.0639163719
vn -0.105975102 0.992325783 0.0637088483
vn -0.0910077126 0.994862117 -0.0443504702
vn 0.0329799847 0.980467807 0.193894819
vn 0.00231928002 0.999270923 -0.0381083125
vn 0.135112396 0.962133251 0.236736661
vn 0.0962012031 0.99433803 -0.0451354737
vn 0.0329943857 0.980462039 0.193921534
vn 0.00235456609 0.999270636 -0.0381136808
vn 0.263573568 0.941970639 0.207894899
vn 0.188361261 0.979894897 -0.0657725325
vn 0.383608093 0.909314989 0.1612175
vn 0.274419768 0.95648506 -0.0991469674
vn 0.491062022 0.865531432 0.0985567357
vn 0.351260064 0.925156593 -0.143880665
vn 0.583549621 0.811783561 0.0218469544
vn 0.417193912 0.886854696 -0.198590001
vn 0.658469658 0.749635484 -0.0668158001
vn 0.470732778 0.842490462 -0.2619551
vn 0.713545764 0.680923572 -0.164910681
vn 0.510210276 0.793307823 -0.332186952
vn 0.74702885 0.607643289 -0.269661882
vn 0.534197559 0.740830478 -0.407189355
vn 0.757859459 0.531786314 -0.377958142
vn 0.541841636 0.686640101 -0.484698889
vn 0.745458406 0.455996252 -0.486167856
vn 0.532875729 0.632457729 -0.562174954
vn 0.710418826 0.382965565 -0.590459539
vn 0.507706118 0.580262195 -0.636812597
vn 0.653936127 0.314708952 -0.687986786
vn 0.467284598 0.531549759 -0.706470069
vn 0.577751872 0.253232176 -0.775935719
vn 0.412952093 0.487667426 -0.769188566
vn 0.484051517 0.200094804 -0.851854564
vn 0.346522989 0.449781409 -0.823175864
vn 0.375579208 0.156899452 -0.913412733
vn 0.269138126 0.418699136 -0.867326756
vn 0.255035604 0.12499859 -0.958818123
vn 0.182551157 0.39573951 -0.900036286
vn -0.147815696 0.511232262 -0.846635751
vn -0.343208431 -0.522297086 -0.780649554
vn -0.215593252 0.529644976 -0.820363181
vn -0.501068031 -0.479586169 -0.720366528
vn -0.276346922 0.554528146 -0.78494007
vn -0.643759171 -0.422681698 -0.637898355
vn -0.328407178 0.584813713 -0.741715341
vn -0.766670178 -0.352409797 -0.536678837
vn -0.370961259 0.62006301 -0.691310067
vn -0.866432352 -0.270763323 -0.419502327
vn -0.402241639 0.658630044 -0.635930915
vn -0.939935765 -0.180283199 -0.289859838
vn -0.421262943 0.699757128 -0.576955367
vn -0.984855837 -0.083720914 -0.151821571
vn -0.427414764 0.741943393 -0.516562311
vn -0.999830797 0.0157919843 -0.00943345676
vn -0.420574654 0.784245745 -0.456153014
vn -0.984415914 0.115717949 0.13241852
vn -0.400822221 0.825563436 -0.397223565
vn -0.939116903 0.212350411 0.270123576
vn -0.368784049 0.864371182 -0.341849068
vn -0.865240411 0.303127148 0.399340662
vn -0.325256565 0.899605562 -0.291406933
vn -0.765049347 0.384763255 0.516388162
vn -0.272207393 0.929653342 -0.248289747
vn -0.64166646 0.454762481 0.617620628
vn -0.211207839 0.953817725 -0.213595402
vn -0.4988665 0.511526423 0.699623423
vn -0.143562921 0.97160127 -0.188097476
vn -0.340820525 0.553414256 0.759982915
vn -0.0715298751 0.982373995 -0.172698616
vn -0.172483978 0.578994121 0.796878337
vn 0.00206024933 0.985805433 -0.167879134
vn 0.00117846572 0.587550298 0.809186789
vn 0.00207279428 0.985803966 -0.167887593
vn 0.0759596331 0.981850337 -0.173781618
vn 0.00118940334 0.587548655 0.809187965
vn 0.174909133 0.579317294 0.796114482
vn 0.148849194 0.970383642 -0.190261673
vn 0.343172232 0.553877303 0.758586022
vn 0.216816964 0.951874207 -0.216623863
vn 0.501063912 0.511300996 0.698216476
vn 0.277506944 0.92716094 -0.251719065
vn 0.64360421 0.453928484 0.616216319
vn 0.32949817 0.896930793 -0.294866257
vn 0.766675344 0.383231939 0.515113772
vn 0.371522069 0.861942073 -0.345003211
vn 0.866500659 0.301463525 0.397864739
vn 0.40234025 0.823202583 -0.400574375
vn 0.939961061 0.211069686 0.26818425
vn 0.420992186 0.781775009 -0.459992842
vn 0.984825036 0.114847252 0.130114401
vn 0.426867031 0.739038161 -0.521159414
vn 0.99981121 0.0151346395 -0.012185504
vn 0.419749638 0.696298852 -0.582218301
vn 0.984390913 -0.0846180366 -0.154318887
vn 0.399945459 0.655081622 -0.641023945
vn 0.939093697 -0.181556124 -0.291788282
vn 0.368141392 0.616638612 -0.695865459
vn 0.865217195 -0.272275142 -0.42102904
vn 0.325474638 0.582187215 -0.745066646
vn 0.765007453 -0.354042985 -0.537975057
vn 0.273285692 0.552786501 -0.78723695
vn 0.641707854 -0.423657924 -0.639316035
vn 0.211982671 0.528702753 -0.821910425
vn 0.499161672 -0.479627574 -0.721661289
vn 0.143329327 0.510773257 -0.84768354
vn 0.341286458 -0.52126093 -0.782183224
vn -0.0771479491 0.5001904 -0.862471888
vn -0.00410674885 0.496237149 -0.868177301
vn -0.641189056 -0.440168144 -0.628592554
vn -0.4981833 -0.497350138 -0.710250829
vn -0.00415029907 0.496241718 -0.868174483
vn 0.0700895798 0.499784099 -0.863309507
vn 0.1433177 0.510840495 -0.847644988
vn 0.211986914 0.528728724 -0.821892624
vn 0.273301917 0.552783385 -0.787233505
vn 0.325466863 0.582189796 -0.745068026
vn 0.368175189 0.616616627 -0.69586706
vn 0.399952246 0.655071288 -0.641030271
vn 0.419754891 0.696297837 -0.582215728
vn 0.426863999 0.739031049 -0.521171981
vn 0.420990633 0.781782614 -0.459981338
vn 0.402344057 0.823196346 -0.400583368
vn 0.371526476 0.861945422 -0.344990097
vn 0.329514129 0.896925943 -0.294863174
vn 0.277530853 0.927161535 -0.251690511
vn 0.216834787 0.951867627 -0.216634938
vn 0.148850687 0.97037185 -0.190320638
vn 0.0759467477 0.981848487 -0.1737977
vn 0.00206330427 0.985802163 -0.167898295
vn 0.00204681198 0.985802156 -0.167898537
vn -0.071526301 0.982377184 -0.172681951
vn -0.14356313 0.97159458 -0.188131867
vn -0.211214238 0.953815764 -0.213597834
vn -0.272240299 0.929648165 -0.248273055
vn -0.325247716 0.89960771 -0.291410176
vn -0.368807514 0.864370234 -0.341826149
vn -0.400818748 0.825553856 -0.39724698
vn -0.420578177 0.784244877 -0.456151257
vn -0.427424913 0.741938624 -0.516560763
vn -0.421290847 0.69974663 -0.576947724
vn -0.402243655 0.658646197 -0.63591291
vn -0.370963243 0.620069958 -0.69130277
vn -0.328398701 0.584823448 -0.741711418
vn -0.276360416 0.554501419 -0.7849542
vn -0.215589517 0.529675379 -0.820344533
vn -0.147809801 0.511253833 -0.846623754
vn -0.764575141 -0.369718474 -0.527951801
vn -0.86486637 -0.287970504 -0.411192352
vn -0.938906065 -0.197436818 -0.281911517
vn -0.98441998 -0.100890364 -0.144008462
vn -0.999997712 -0.00124714484 -0.00173803072
vn -0.985175845 0.098372656 0.140539586
vn -0.940441095 0.194941256 0.278511138
vn -0.867129963 0.285649363 0.408031946
vn -0.76742603 0.367711538 0.52520997
vn -0.644445952 0.438550168 0.626388989
vn -0.501941897 0.496054373 0.708508568
vn -0.344056245 0.538536824 0.769157584
vn -0.17588201 0.564616975 0.806395182
vn -0.00219294088 0.573547638 0.819169273
vn 0.17170583 0.565029944 0.807005743
vn -0.00219932191 0.573542768 0.819172665
vn 0.340103075 0.539359819 0.770338162
vn 0.498193563 0.497310094 0.710271669
vn 0.641167498 0.440150099 0.628627179
vn 0.764629719 0.36964369 0.527925123
vn 0.864989463 0.287788977 0.411060499
vn 0.938983145 0.197263985 0.28177575
vn 0.984425206 0.100814675 0.144025742
vn 0.999997782 0.00117391682 0.00174842505
vn 0.985154337 -0.0985155768 -0.140590232
vn 0.940408712 -0.195097526 -0.278511058
vn 0.867051568 -0.285807199 -0.40808801
vn 0.767277441 -0.367878349 -0.52531024
vn 0.644331402 -0.438720273 -0.626387713
vn 0.502101351 -0.496194778 -0.708297237
vn 0.344500457 -0.538708146 -0.768838714
vn 0.176310551 -0.564913854 -0.806093622
vn 0.00222371875 -0.573949201 -0.818887886
vn -0.171754881 -0.565318785 -0.806792992
vn -0.340069298 -0.539473982 -0.770273131
vn 0.0790514945 -0.424983231 -0.901742821
vn 0.164687548 -0.418538845 -0.893142344
vn 0.330608962 -0.393522101 -0.857810043
vn 0.486675007 -0.35208693 -0.799488731
vn 0.628344083 -0.295647428 -0.719566752
vn 0.75083122 -0.226128672 -0.620579007
vn 0.849848352 -0.146062708 -0.506382725
vn 0.923804625 -0.0572161048 -0.378564831
vn 0.969406316 0.0372450206 -0.242619463
vn 0.985551524 0.134789735 -0.102566663
vn 0.971767502 0.232983053 0.0372400095
vn 0.928438854 0.328899426 0.172703394
vn 0.856594422 0.41905073 0.3010689
vn 0.759061093 0.500057807 0.416855427
vn 0.638554324 0.570097802 0.516949583
vn 0.498591992 0.626922848 0.598643273
vn 0.343084464 0.668943228 0.659399733
vn 0.176525662 0.694946514 0.697056693
vn 0.0914751356 0.701247861 0.707024566
vn 0.0914751356 0.701247861 0.707024566
vn 0.0914751356 0.701247861 0.707024566
vn -0.200462253 0.680608233 -0.704689519
vn -0.185799192 0.485705874 -0.8541478
vn -0.0270693306 0.696877366 -0.716679279
vn -0.0230799892 0.50019251 -0.865606589
vn 0.145820376 0.688743884 -0.710188905
vn 0.136687646 0.494306759 -0.858473829
vn 0.308380047 0.655881063 -0.689000564
vn 0.28543201 0.465043597 -0.838011349
vn 0.46854461 0.598507679 -0.649811132
vn 0.434158204 0.411507 -0.801354256
vn 0.610946437 0.522142897 -0.595072471
vn 0.565365107 0.339441219 -0.75175924
vn 0.610959568 0.522127441 -0.595072552
vn 0.565359048 0.339445855 -0.751761703
vn 0.733866373 0.427125112 -0.528208563
vn 0.678462303 0.25028972 -0.69068369
vn 0.834808343 0.315169502 -0.45140139
vn 0.770985324 0.147918721 -0.619436584
vn 0.911769059 0.18642717 -0.365953677
vn 0.842123875 0.0301406669 -0.538441194
vn 0.961147217 0.049290411 -0.271599856
vn 0.88766674 -0.0965610311 -0.450248515
vn 0.980211772 -0.0879122526 -0.177359288
vn 0.904963433 -0.222155798 -0.362888393
vn 0.969693337 -0.230471776 -0.0811023534
vn 0.895298159 -0.352992668 -0.271730351
vn 0.929916692 -0.367535754 0.0131307196
vn 0.858651729 -0.478430782 -0.183905397
vn 0.862537931 -0.495592574 0.102060362
vn 0.795863797 -0.596757356 -0.102379073
vn 0.767342613 -0.613342779 0.187072045
vn 0.706682488 -0.707039339 -0.0263672948
vn 0.650566513 -0.713957981 0.258896144
vn 0.599006681 -0.799846788 0.0378960719
vn 0.514741843 -0.797243243 0.315347502
vn 0.473793177 -0.875966015 0.0905735417
vn 0.362095453 -0.860970805 0.357234036
vn 0.333040176 -0.933750667 0.131125641
vn 0.196981745 -0.901608728 0.385097252
vn 0.180949666 -0.970984685 0.156352036
vn 0.0268108975 -0.917298439 0.397296803
vn 0.0235130847 -0.985917836 0.165569185
vn -0.140847234 -0.910183783 0.389522191
vn -0.131251607 -0.97806209 0.161763912
vn -0.310900099 -0.877229553 0.365799726
vn -0.288266992 -0.947145604 0.140774097
vn -0.466035124 -0.820947742 0.32993343
vn -0.431559281 -0.895810521 0.106207805
vn -0.607281401 -0.744689089 0.27685278
vn -0.560484042 -0.826166677 0.0575000903
vn -0.607279318 -0.744681996 0.276876426
vn -0.5604576 -0.826183339 0.0575184306
vn -0.734907087 -0.645238406 0.208755772
vn -0.67897112 -0.734132133 -0.00694473531
vn -0.835444298 -0.533196403 0.133170645
vn -0.771826266 -0.631098889 -0.0774493906
vn -0.911673422 -0.408522896 0.0442788278
vn -0.841865199 -0.516250087 -0.157317623
vn -0.88723604 -0.391572116 -0.243892369
vn -0.960526123 -0.273697883 -0.0497899184
vn -0.904962957 -0.264973246 -0.332913241
vn -0.980089484 -0.135937529 -0.144725918
vn -0.895380966 -0.132036794 -0.425275453
vn -0.969968508 0.0078954525 -0.243102357
vn -0.859664897 -0.00640909314 -0.510818155
vn -0.931102172 0.144169546 -0.335058036
vn -0.797757395 0.11203039 -0.592479815
vn -0.863374978 0.272582491 -0.424596789
vn -0.708745464 0.222886835 -0.669329012
vn -0.76698007 0.392386756 -0.50771469
vn -0.652023404 0.49273642 -0.576260619
vn -0.602345876 0.31461884 -0.73361736
vn -0.514053069 0.577325412 -0.63438538
vn -0.474033295 0.39224471 -0.788312453
vn -0.359445011 0.641729238 -0.677482745
vn -0.331157561 0.450850916 -0.828895724
vn -0.175824184 0.98231315 -0.0643951235
vn -0.31648692 0.947684357 -0.0415979437
vn -0.0115924605 0.887757866 0.460164737
vn -0.0926116107 0.878727922 0.468252419
vn -0.000618303768 0.583304037 0.812253666
vn -0.00211513946 0.582844458 0.812580989
vn -0.171802428 0.861914999 0.477060228
vn -0.00483597757 0.582368244 0.812910722
vn -0.244462247 0.833715541 0.495132919
vn -0.00639652183 0.581489227 0.813528957
vn -0.310221506 0.793853482 0.523028935
vn -0.00841133647 0.580329302 0.814338474
vn -0.367254741 0.74585407 0.555720849
vn -0.0095044618 0.579006605 0.815267451
vn -0.409618635 0.689638036 0.597169953
vn -0.0100384034 0.577512891 0.816319846
vn -0.439061474 0.628030074 0.642497664
vn -0.0108197716 0.575404847 0.81779716
vn -0.453949602 0.564820014 0.68913577
vn -0.0109077257 0.573833142 0.818899595
vn -0.456347421 0.500297864 0.735832235
vn -0.0109574376 0.57234857 0.819937222
vn -0.442274969 0.438064913 0.782618671
vn -0.00997726286 0.570684083 0.821109086
vn -0.414912943 0.380631849 0.826417961
vn -0.0091815783 0.569422542 0.821993715
vn -0.379179968 0.323289765 0.867009965
vn -0.00873086623 0.568311449 0.822767202
vn -0.332695003 0.271236565 0.903185895
vn -0.00678387515 0.567654242 0.823239115
vn -0.275983586 0.231416057 0.932887811
vn -0.00535055697 0.566740402 0.82387905
vn -0.276005694 0.231392238 0.932887179
vn -0.20727024 0.202304293 0.95713741
vn -0.00533321972 0.566630289 0.823954897
vn -0.00396567775 0.565869427 0.824485334
vn -0.136403249 0.177593186 0.974604953
vn -0.00220176854 0.566011431 0.824394452
vn -0.0640167372 0.163784562 0.98441682
vn -0.00059543923 0.565671554 0.824630426
vn 0.0117583212 0.162255876 0.986678657
vn 0.000232485709 0.565547939 0.82471539
vn 0.0863623573 0.170122137 0.981631296
vn 0.00138012033 0.565856865 0.824502337
vn 0.159479628 0.185393895 0.969636711
vn 0.00353052897 0.566229456 0.824240098
vn 0.228604721 0.210236373 0.9505475
vn 0.00478425105 0.56638072 0.824129838
vn 0.00590254989 0.567266027 0.823513458
vn 0.290073373 0.246083422 0.924824517
vn 0.00751523165 0.568188393 0.822864188
vn 0.345116792 0.291004331 0.892306494
vn 0.00862051216 0.569076459 0.822239424
vn 0.390434767 0.341267163 0.855042348
vn 0.00943850744 0.569926545 0.821641435
vn 0.423608629 0.397530003 0.813956772
vn 0.0100808876 0.571383172 0.8206215
vn 0.442803012 0.458040811 0.770794466
vn 0.0110184141 0.573355581 0.819232551
vn 0.448392622 0.522918466 0.724914018
vn 0.0103157203 0.574336655 0.818554209
vn 0.44369954 0.586443047 0.677654241
vn 0.0103597359 0.575960899 0.817411597
vn 0.425595147 0.646998822 0.63266207
vn 0.0103613956 0.578045825 0.815938518
vn 0.392222988 0.706216768 0.589422603
vn 0.00887190745 0.579561265 0.814880378
vn 0.344668426 0.760149992 0.550795484
vn 0.287673657 0.806058954 0.517216425
vn 0.00735688849 0.581084293 0.813810126
vn 0.287653997 0.806045577 0.517248205
vn 0.219645912 0.841328087 0.493885333
vn 0.0073418938 0.581082998 0.813811185
vn 0.0060208966 0.581601646 0.813451458
vn 0.147223088 0.868890125 0.472604816
vn 0.00410020637 0.582412745 0.812882884
vn 0.0685080411 0.884635493 0.461223041
vn 0.00116001558 0.58305176 0.812434182
vn 0.0248761996 -0.425982399 0.904389391
vn -0.127180781 -0.420064722 0.898538079
vn -0.558016225 -0.308477803 0.770363121
vn -0.426025252 -0.38336023 0.819473867
vn -0.535797534 -0.246621832 0.807526269
vn -0.40607227 -0.312997163 0.858567462
vn -0.66510357 -0.222681935 0.71277626
vn -0.558040936 -0.308457859 0.770353206
vn -0.638038811 -0.16865317 0.75130725
vn -0.535805559 -0.246631252 0.807518067
vn -0.761121625 -0.119489019 0.63750784
vn -0.727163189 -0.0663257133 0.683252952
vn -0.831453414 -0.00378717613 0.555581568
vn -0.797047852 0.0457595479 0.602180027
vn -0.873608642 0.119499341 0.471728575
vn -0.841391654 0.157377723 0.517003226
vn -0.891041828 0.241008708 0.384654732
vn -0.858834383 0.27373564 0.432980717
vn -0.881478964 0.363400559 0.301554089
vn -0.847061032 0.396036854 0.354460744
vn -0.841559062 0.499016173 0.206787826
vn -0.810300677 0.5224118 0.265515957
vn -0.783170465 0.609490433 0.123148016
vn -0.755119641 0.629791767 0.182089698
vn -0.700202441 0.711900313 0.0539859803
vn -0.672985938 0.730555286 0.115667203
vn -0.586757199 0.809675492 -0.0118990249
vn -0.565939068 0.822923572 0.0500975608
vn -0.465609393 0.882820358 -0.0619363258
vn -0.450007505 0.893022893 -0.0018325276
vn -0.331513368 0.938039488 -0.100899982
vn -0.320135651 0.946795392 -0.0330401473
vn -0.178514214 0.97574941 -0.126671873
vn -0.171621077 0.983729132 -0.0531337988
vn -0.0169850552 0.990692643 -0.135054042
vn -0.0165388606 0.997557156 -0.0678688912
vn 0.135556733 0.982277393 -0.129443019
vn 0.128906644 0.989285289 -0.0685397327
vn 0.278397603 0.954120495 -0.110221845
vn 0.268586422 0.962130142 -0.0465502335
vn 0.425454418 0.90207613 -0.0724375109
vn 0.407909604 0.912994907 -0.00707490281
vn 0.557125697 0.829973091 -0.0274886456
vn 0.53330804 0.845084758 0.0376069825
vn 0.666227011 0.745212569 0.0282806804
vn 0.557107008 0.829985411 -0.0274954262
vn 0.637506786 0.764358087 0.0966530489
vn 0.533329674 0.845071569 0.0375965687
vn 0.761777517 0.639390001 0.10428538
vn 0.730772643 0.661228115 0.169554487
vn 0.829059956 0.526792418 0.187481564
vn 0.799320967 0.550110492 0.241794209
vn 0.871929382 0.409005434 0.269172264
vn 0.838307107 0.440501122 0.3212475
vn 0.891238162 0.278377105 0.358051291
vn 0.853946698 0.316715492 0.412875688
vn 0.880322358 0.150268254 0.449946661
vn 0.845552625 0.190082441 0.498908231
vn 0.84462915 0.0328676837 0.534341945
vn 0.811779765 0.0784667114 0.578667943
vn 0.8117981 0.0784441904 0.578645275
vn 0.750052445 -0.027941398 0.660787869
vn 0.694932343 -0.196140007 0.691807876
vn 0.783868591 -0.0845264449 0.615146578
vn 0.664587797 -0.134329821 0.735036434
vn 0.750051289 -0.0279511604 0.660788768
vn 0.585937361 -0.289556827 0.756858146
vn 0.563027382 -0.229866029 0.793827296
vn 0.466663068 -0.360299557 0.807718893
vn 0.448429258 -0.300823892 0.841674632
vn 0.331032558 -0.412670447 0.848599168
vn 0.31669136 -0.348051511 0.882364283
vn 0.174004888 -0.450362162 0.875726111
vn 0.168507611 -0.379916839 0.909542951
vn 0.0206826468 -0.46641592 0.884323706
vn 0.0209716103 -0.396253869 0.917901445
vn -0.132921879 -0.458465175 0.8787158
vn -0.126112714 -0.390562615 0.911897158
vn -0.283055659 -0.432354165 0.856124623
vn -0.267388259 -0.362800374 0.892681022
vn -0.445067791 -0.458842568 0.769011157
vn -0.299889629 -0.510216145 0.806068047
vn 0.343768324 -0.496376256 0.797141112
vn 0.485645759 -0.435137811 0.758157821
vn 0.18085942 -0.537377201 0.823720592
vn 0.0213697593 -0.550655315 0.834459141
vn -0.140279874 -0.541038419 0.829215886
vn -0.579788586 -0.384251799 0.71846764
vn -0.697165848 -0.29248201 0.654533463
vn -0.57978506 -0.384257695 0.718467333
vn -0.796410223 -0.18365844 0.576194702
vn -0.866141841 -0.0660156873 0.495419257
vn -0.910674789 0.0654759359 0.407902355
vn -0.928288137 0.195858394 0.316102236
vn -0.920452923 0.319615622 0.224971709
vn -0.879101196 0.459274467 0.127467845
vn -0.814315698 0.578550855 0.0465709413
vn -0.728872922 0.684072859 -0.0280817941
vn -0.613745218 0.783451616 -0.0975723914
vn -0.484620244 0.861704708 -0.150360282
vn -0.341414127 0.919416929 -0.19521502
vn -0.186063324 0.956449365 -0.224911208
vn -0.0208715072 0.972267805 -0.232937107
vn 0.142221173 0.964455444 -0.222707958
vn 0.293002023 0.93439276 -0.202632636
vn 0.445509996 0.879800331 -0.165747462
vn 0.582435319 0.804871961 -0.113799059
vn 0.45886695 0.855903617 -0.238474571
vn 0.597669911 0.781119056 -0.18067567
vn 0.304269291 0.910979768 -0.278452979
vn 0.697138363 0.715016751 -0.0524323334
vn 0.582433171 0.804874222 -0.113794058
vn 0.793105104 0.608700747 0.0216262493
vn 0.864830452 0.490306854 0.108016098
vn 0.911578956 0.360842019 0.197019908
vn 0.930201498 0.228935555 0.286903616
vn 0.919297027 0.0984323219 0.381056497
vn 0.881282913 -0.0305528939 0.471600411
vn 0.817615818 -0.155301919 0.554423743
vn 0.726887223 -0.267113346 0.632681141
vn 0.612710241 -0.360174645 0.703463137
vn 0.496328301 -0.487633739 0.718241989
vn 0.6284133 -0.407055368 0.662874536
vn 0.845573931 0.19005667 0.498881939
vn 0.853954677 0.316715799 0.412858949
vn 0.838317578 0.440493862 0.321230129
vn 0.79931396 0.550119069 0.241797855
vn 0.730766802 0.66123318 0.169559912
vn 0.637501774 0.764362685 0.0966497514
vn 0.533311967 0.845082676 0.0375981001
vn 0.407899025 0.9129997 -0.00706639729
vn 0.533312704 0.845081579 0.0376122821
vn 0.26858707 0.962129482 -0.0465601253
vn 0.128902151 0.989286691 -0.0685279444
vn -0.0165313414 0.997558651 -0.0678487478
vn -0.171619663 0.983729363 -0.0531340828
vn -0.320145774 0.94679149 -0.033053864
vn -0.450000112 0.893026672 -0.00180598922
vn -0.565942108 0.822921892 0.0500908123
vn -0.672995079 0.730547872 0.115660845
vn -0.755126814 0.629788608 0.182070874
vn -0.81027791 0.52243246 0.265544786
vn -0.847057838 0.396041296 0.354463413
vn -0.858840245 0.273727283 0.432974373
vn -0.84138882 0.157385563 0.517005453
vn -0.797048336 0.0457661387 0.602178885
vn -0.72715666 -0.0663031844 0.683262087
vn -0.638043263 -0.168648499 0.751304517
vn -0.535800496 -0.246637268 0.807519589
vn -0.406083059 -0.31301007 0.858557654
vn -0.535810952 -0.246626719 0.807515873
vn -0.267389494 -0.362817635 0.892673637
vn -0.126107893 -0.390547312 0.911904379
vn 0.0209733868 -0.396235523 0.917909324
vn 0.168517064 -0.379934636 0.909533766
vn 0.316683561 -0.348045553 0.882369432
vn 0.448444093 -0.30085981 0.84165389
vn 0.563017977 -0.22985864 0.793836106
vn 0.664599891 -0.134335208 0.735024515
vn -0.450979163 0.892534388 -0.000400016248
vn -0.571242993 0.819236054 0.0503361687
vn 0.06714565 -0.703766683 -0.707250958
vn 0.280227026 -0.952226533 -0.121397873
vn 0.0953405972 -0.692372904 -0.715213208
vn 0.399079733 -0.903472132 -0.156439998
vn 0.120051137 -0.67626525 -0.726810179
vn -0.159319356 -0.405759444 -0.899987009
vn -0.125298117 -0.386010061 -0.91394563
vn 0.139734844 -0.655946876 -0.741759981
vn -0.192480282 -0.427305919 -0.883380435
vn 0.152524121 -0.632843775 -0.759108127
vn -0.221238869 -0.453750314 -0.863228832
vn 0.16016759 -0.60939723 -0.776518744
vn -0.246475276 -0.483837596 -0.839732766
vn 0.163820178 -0.585921629 -0.793636437
vn -0.263387427 -0.518314126 -0.813620016
vn 0.163755977 -0.562192624 -0.810631503
vn -0.271366073 -0.555681242 -0.785861828
vn 0.159480239 -0.539297126 -0.82687645
vn -0.268655019 -0.594436942 -0.757937466
vn 0.151030626 -0.517224337 -0.842418385
vn -0.257443377 -0.632673676 -0.730374511
vn 0.137422793 -0.496643415 -0.85700659
vn -0.237075442 -0.668165821 -0.705230225
vn 0.119170723 -0.479298739 -0.869523466
vn -0.211823332 -0.702134358 -0.679807487
vn 0.0980549637 -0.465361582 -0.879672565
vn -0.176250627 -0.730680943 -0.659576437
vn 0.0747397033 -0.453709379 -0.888010009
vn -0.137990314 -0.755768688 -0.640134645
vn 0.0980483248 -0.465349373 -0.879679764
vn -0.176257032 -0.730683381 -0.659572025
vn 0.0490355981 -0.446826202 -0.893275912
vn -0.0924905665 -0.773464517 -0.62705513
vn 0.0230738982 -0.44194557 -0.896745063
vn -0.045601434 -0.788750624 -0.613019544
vn -0.00309853966 -0.442537248 -0.896744771
vn 0.00711349758 -0.794684322 -0.606981241
vn -0.0299244788 -0.443615807 -0.895717334
vn 0.0598380595 -0.787065424 -0.613960443
vn -0.0561941211 -0.449136566 -0.891694211
vn 0.107576762 -0.772348447 -0.626023256
vn -0.0804381897 -0.458050724 -0.885279183
vn 0.151234803 -0.750621318 -0.643191784
vn -0.102763709 -0.470466933 -0.876413421
vn 0.190476683 -0.725078953 -0.661799928
vn -0.122289253 -0.485746449 -0.865503163
vn 0.219930328 -0.693190798 -0.686379755
vn -0.138942189 -0.503280613 -0.852879647
vn 0.246777747 -0.659394865 -0.710140236
vn -0.151394779 -0.523693363 -0.838346517
vn 0.264182386 -0.62228832 -0.736861529
vn -0.158891439 -0.545780588 -0.822725385
vn 0.275969788 -0.583365178 -0.763888569
vn -0.161689616 -0.568691861 -0.806502346
vn 0.278509651 -0.543317186 -0.791984097
vn -0.159049523 -0.591723268 -0.790295403
vn 0.268316527 -0.50517227 -0.820248267
vn -0.152709241 -0.614448109 -0.774037085
vn 0.243821894 -0.472123899 -0.847142201
vn -0.145909905 -0.637879609 -0.756187744
vn 0.221872259 -0.439373537 -0.870473202
vn -0.131021503 -0.659147014 -0.740512377
vn 0.188553656 -0.415398039 -0.889883132
vn 0.152226876 -0.395170896 -0.905906696
vn -0.109431628 -0.677425165 -0.727406258
vn 0.116222202 -0.376238103 -0.919204705
vn 0.152243985 -0.395169448 -0.905904452
vn -0.0852497519 -0.692824868 -0.716049008
vn -0.109435266 -0.677409869 -0.727419955
vn 0.0773920073 -0.362256996 -0.928859702
vn -0.0568138823 -0.703066994 -0.708850467
vn 0.0364461019 -0.353124542 -0.934866161
vn -0.0268024668 -0.70919285 -0.704504882
vn 0.0040336808 -0.710678867 -0.703504995
vn -0.00690975513 -0.350947642 -0.936369589
vn -0.243352334 -0.962921211 -0.116457642
vn -0.112574693 -0.98860328 -0.0999524579
vn -0.243353929 -0.962922347 -0.116444917
vn -0.112593189 -0.988602179 -0.0999425083
vn -0.364194351 -0.919640966 -0.147047502
vn -0.364186574 -0.91964534 -0.147039413
vn -0.472065243 -0.861095516 -0.188862171
vn -0.472053476 -0.861103606 -0.188854696
vn -0.571455486 -0.783828981 -0.243003612
vn -0.472063767 -0.86109991 -0.188845825
vn -0.571483144 -0.783816479 -0.242978897
vn -0.472085048 -0.861084095 -0.188864737
vn -0.647972354 -0.697454207 -0.306087336
vn -0.647989234 -0.697437642 -0.306089345
vn -0.702839808 -0.602967372 -0.377420923
vn -0.70285394 -0.60296099 -0.377404802
vn -0.740936305 -0.499273419 -0.449154144
vn -0.740965567 -0.499254779 -0.44912659
vn -0.757065863 -0.392185985 -0.522533666
vn -0.757080426 -0.392179612 -0.52251735
vn -0.749013289 -0.281216068 -0.59991384
vn -0.749023817 -0.281192633 -0.59991168
vn -0.718875006 -0.176098259 -0.672464222
vn -0.718887423 -0.176069512 -0.672458475
vn -0.667544222 -0.0768426855 -0.740594298
vn -0.667548083 -0.0768364159 -0.740591467
vn -0.593096872 0.0142982859 -0.805004136
vn -0.593093559 0.0143033728 -0.805006487
vn -0.503346995 0.0905900049 -0.859322555
vn -0.50332019 0.0905848287 -0.859338801
vn -0.395568966 0.154936381 -0.90527339
vn -0.395579828 0.154933242 -0.905269181
vn -0.27622637 0.201954008 -0.939634807
vn -0.276209774 0.201962507 -0.939637859
vn -0.154507376 0.230267786 -0.960783127
vn -0.154489494 0.230273164 -0.960784714
vn -0.0178966084 0.242717032 -0.969932036
vn -0.0179118396 0.242702182 -0.96993547
vn 0.115489534 0.23904658 -0.964115605
vn 0.115480295 0.239051811 -0.964115415
vn 0.23947817 0.215884114 -0.946596142
vn 0.239461589 0.215900248 -0.946596657
vn 0.363888295 0.173268741 -0.915184819
vn 0.363872679 0.173281935 -0.915188529
vn 0.473101629 0.111370819 -0.873940152
vn 0.473093613 0.111369352 -0.873944678
vn 0.56747249 0.0361906991 -0.822596624
vn 0.473098062 0.111385388 -0.873940226
vn 0.56746598 0.0361795654 -0.822601605
vn 0.473094188 0.111400315 -0.873940421
vn 0.645658865 -0.0484171838 -0.7620895
vn 0.645677271 -0.0484043967 -0.762074718
vn 0.705638019 -0.146192883 -0.693327215
vn 0.705639693 -0.146214222 -0.693321011
vn 0.742802258 -0.252367215 -0.620125467
vn 0.74282098 -0.252349429 -0.620110278
vn 0.756964621 -0.358032547 -0.5466418
vn 0.756981055 -0.358025552 -0.546623624
vn 0.749428098 -0.466965533 -0.469362031
vn 0.749427285 -0.466955077 -0.469373732
vn 0.720000232 -0.570996085 -0.39441493
vn 0.719981794 -0.570998395 -0.394445242
vn 0.669078682 -0.669141798 -0.323392906
vn 0.669094755 -0.669136071 -0.3233715
vn 0.59557709 -0.761133069 -0.256835319
vn 0.595566099 -0.761143668 -0.256829394
vn 0.504668552 -0.839349932 -0.201993427
vn 0.504676587 -0.839352755 -0.201961618
vn 0.399085878 -0.90347003 -0.15643646
vn 0.280247015 -0.952222023 -0.121387107
vn -0.0878048884 -0.371607071 -0.92422859
vn 0.152823543 -0.983046799 -0.101311179
vn 0.0364726042 -0.710863109 -0.702384075
vn 0.152815191 -0.983051249 -0.101280596
vn -0.158197433 0.308262864 -0.938055211
vn -0.290343502 0.264065971 -0.919766174
vn -0.189824102 0.935158398 -0.29907454
vn -0.347956452 0.89785692 -0.269776311
vn -0.0496850723 -0.358490067 -0.932210419
vn -0.416118359 0.211587989 -0.884350628
vn -0.497201195 0.837823741 -0.225482486
vn -0.531734788 0.150900273 -0.833359
vn -0.630845594 0.757721629 -0.167008295
vn -0.636791889 0.083114244 -0.766542962
vn -0.745840614 0.659659112 -0.0925831255
vn -0.733543855 0.0104378416 -0.679561965
vn -0.834819297 0.550337827 -0.0143184083
vn -0.810236019 -0.0782540342 -0.580856178
vn -0.902678733 0.425094674 0.0668253225
vn -0.86135926 -0.182030445 -0.474262735
vn -0.943635438 0.287418116 0.164143188
vn -0.878757224 -0.297303761 -0.373358024
vn -0.95253402 0.159214939 0.259479371
vn -0.86325788 -0.419811643 -0.280257056
vn -0.93479416 0.0237588798 0.354394404
vn -0.817260341 -0.541268612 -0.197772152
vn -0.887452512 -0.107750865 0.44812698
vn -0.751481029 -0.649438324 -0.116215862
vn -0.816176409 -0.227104544 0.531299911
vn -0.665377206 -0.74555784 -0.0376388129
vn -0.716468337 -0.340398108 0.608935342
vn -0.558030019 -0.829002096 0.0368513561
vn -0.593861677 -0.432867209 0.678199298
vn -0.430345385 -0.898122773 0.0904341454
vn -0.456067656 -0.504658815 0.733022356
vn -0.558048916 -0.828988542 0.0368700954
vn -0.593846984 -0.432847451 0.678224774
vn -0.290768776 -0.945513401 0.146485244
vn -0.307920533 -0.560068317 0.76909585
vn -0.139443366 -0.972497416 0.186559166
vn -0.14475178 -0.59618451 0.789690415
vn 0.0199925216 -0.975843518 0.217553967
vn 0.0215659586 -0.606138425 0.795066739
vn 0.180075473 -0.962729049 0.201805851
vn 0.185294149 -0.592958376 0.783623916
vn 0.330487478 -0.931056281 0.154635795
vn 0.349239052 -0.552219111 0.757024529
vn 0.468330127 -0.877462696 0.103566928
vn 0.496336148 -0.487645867 0.718228331
vn 0.592078605 -0.804892755 0.0398820555
vn 0.628402193 -0.407044954 0.662891461
vn 0.697971902 -0.715439504 -0.0313295225
vn 0.743674184 -0.30939405 0.592641569
vn 0.777115646 -0.6178819 -0.119637912
vn 0.835748926 -0.198174314 0.512104163
vn 0.839142881 -0.504465744 -0.203355692
vn 0.903340319 -0.0750885142 0.42230082
vn 0.877775657 -0.382399391 -0.288583787
vn 0.942736272 0.0591330675 0.328255391
vn 0.888341126 -0.257632713 -0.380099235
vn 0.952562221 0.193947188 0.234541476
vn 0.872244912 -0.132328189 -0.470827
vn 0.93561521 0.324665889 0.138622651
vn 0.822912076 -0.0196947075 -0.567827293
vn 0.888176309 0.457379448 0.0441235041
vn 0.728660217 0.0529758581 -0.682823438
vn 0.812307594 0.581979059 -0.0381673594
vn 0.631646795 0.129612588 -0.764344754
vn 0.715030842 0.690112147 -0.111696552
vn 0.524935485 0.205451209 -0.825973691
vn 0.59767054 0.781112569 -0.180701632
vn 0.524947327 0.205426122 -0.825972404
vn 0.399031451 0.255196813 -0.880709082
vn 0.597653404 0.781136227 -0.180656038
vn 0.458873801 0.855896279 -0.238487725
vn 0.267186942 0.300911927 -0.915457891
vn 0.304262178 0.910975554 -0.278474536
vn 0.127675476 0.340320489 -0.931601276
vn 0.145831276 0.942009492 -0.302243868
vn -0.273976107 -0.395179868 0.876795281
vn -0.127161152 -0.42008796 0.898529992
vn -0.41211266 -0.345687587 0.843008451
vn -0.538736674 -0.273521459 0.796836751
vn -0.647328247 -0.184116875 0.739639857
vn -0.538744644 -0.273503307 0.796837593
vn -0.738119362 -0.0859610267 0.669171509
vn -0.806999764 0.0252057477 0.590013603
vn -0.84808172 0.144083428 0.509899364
vn -0.8618513 0.270062105 0.429277063
vn -0.853837153 0.393168572 0.341145996
vn -0.818268109 0.512939745 0.259480482
vn -0.757648974 0.627217157 0.18046238
vn -0.672602856 0.73154604 0.111560699
vn -0.025495686 0.996831165 -0.075349843
vn 0.126564652 0.989804422 -0.0653344865
vn 0.270155588 0.961623878 -0.0479111166
vn 0.406573996 0.913575579 -0.00878903987
vn 0.532572722 0.845710941 0.033753529
vn 0.640913886 0.762323863 0.0899539807
vn 0.53257138 0.845711336 0.0337647883
vn 0.730400735 0.664024213 0.159958155
vn 0.801112732 0.551356767 0.232860701
vn 0.846158914 0.4321176 0.311912603
vn 0.863884093 0.309706454 0.397223094
vn 0.856791402 0.184499344 0.481527242
vn 0.823788995 0.0620247944 0.563493227
vn 0.762343321 -0.0464214128 0.645505782
vn 0.680227329 -0.152144145 0.717037614
vn 0.574877346 -0.242416902 0.781505011
vn 0.45537512 -0.318099662 0.831532384
vn 0.320563832 -0.375829839 0.869477293
vn 0.176983889 -0.409161255 0.895133381
vn 0.145846744 0.942005841 -0.302247785
vn -0.273984789 -0.395187854 0.876788969
vn -0.412129715 -0.345663544 0.843009972
vn -0.538720583 -0.273510193 0.796851496
vn 0.715018692 0.690125761 -0.111690217
vn 0.597666811 0.781121764 -0.180674218
vn -0.538695417 -0.273556911 0.796852474
vn -0.647337101 -0.184110193 0.73963377
vn 0.81231712 0.581963952 -0.0381949507
vn -0.738143465 -0.0859582646 0.669145278
vn 0.888180849 0.457371238 0.0441172389
vn -0.806984436 0.0251778112 0.59003576
vn 0.935615795 0.324663441 0.138624434
vn -0.848093482 0.144110272 0.509872215
vn 0.952566145 0.193949679 0.234523476
vn -0.861858649 0.270071293 0.429256527
vn 0.942733113 0.0591351135 0.328264096
vn -0.853819432 0.393195068 0.34115981
vn 0.903334885 -0.0750756668 0.422314728
vn -0.818273438 0.512931446 0.259480081
vn 0.835737593 -0.198152693 0.512131024
vn -0.757656226 0.627204724 0.180475144
vn 0.743667217 -0.309395307 0.592649656
vn -0.672625254 0.731529709 0.111532739
vn -0.571228879 0.819246571 0.0503251722
vn -0.450952526 0.892547835 -0.000424662656
vn 0.349240761 -0.552230868 0.757015164
vn -0.316518301 0.94767256 -0.0416279304
vn 0.185294732 -0.592953509 0.783627462
vn -0.175832593 0.982313104 -0.0643728629
vn 0.0215643656 -0.606161096 0.795049498
vn -0.0255225437 0.996829504 -0.0753627197
vn -0.144752636 -0.596199118 0.78967923
vn 0.126534785 0.989809461 -0.0653159971
vn -0.307916909 -0.560079102 0.769089446
vn 0.270196261 0.961611795 -0.0479242831
vn -0.4560725 -0.504636409 0.733034767
vn 0.406578431 0.913573515 -0.00879841907
vn -0.593826723 -0.432870787 0.67822762
vn 0.532543561 0.845728814 0.0337658123
vn -0.716462471 -0.340395835 0.608943514
vn -0.593851319 -0.432866287 0.678208956
vn 0.532569338 0.845713679 0.0337383151
vn 0.640915185 0.762323273 0.089949726
vn -0.816179106 -0.227088854 0.531302475
vn 0.730404781 0.66402293 0.159945004
vn -0.887448337 -0.107744831 0.448136699
vn 0.801114967 0.551358174 0.232849678
vn -0.934798898 0.0237382996 0.354383286
vn 0.846150131 0.432097531 0.311964229
vn -0.952537861 0.159210258 0.259468143
vn 0.863883816 0.309693301 0.39723395
vn -0.9436346 0.287412628 0.164157617
vn 0.856800506 0.184524332 0.481501469
vn -0.902679068 0.425092651 0.0668336544
vn 0.823781901 0.0620637049 0.563499314
vn -0.834808056 0.550355795 -0.0142831106
vn 0.762347745 -0.0464272265 0.645500138
vn -0.745845173 0.659656685 -0.092563687
vn 0.680207541 -0.152153235 0.717054457
vn -0.630853256 0.757715314 -0.167007998
vn 0.574859894 -0.242428586 0.781514224
vn -0.497206126 0.837822286 -0.225477019
vn 0.455338276 -0.318137692 0.83153801
vn -0.347960776 0.897864044 -0.269747025
vn 0.320533854 -0.375870304 0.869470852
vn -0.189829158 0.935168992 -0.299038202
vn 0.177037405 -0.409166744 0.89512029
vn 0.0248447718 -0.426002483 0.904380795
vn 0.0189172288 -0.995086288 -0.0971875383
vn 0.0189261284 -0.995084055 -0.0972086718
vn -0.0191926653 0.351874572 -0.935850376
vn -0.0224160541 0.950006996 -0.31142291
vn -0.0224157449 0.95000699 -0.31142295
vn -0.982232049 0.157918636 0.101399737
vn -0.986318426 0.104097062 0.127827087
vn -0.936809689 0.254122689 0.240435575
vn -0.940578996 0.203099271 0.272143048
vn -0.99982697 0.000979284364 -0.0185761137
vn -0.997364068 0.0534990506 -0.0490180349
vn -0.98447016 -0.0909370541 -0.150163098
vn -0.98220477 -0.0374536217 -0.1840408
vn -0.934889839 -0.194504947 -0.29689866
vn -0.933958493 -0.136485544 -0.330292641
vn -0.867371638 -0.277086537 -0.413387824
vn -0.865926172 -0.215736245 -0.451253518
vn -0.759739806 -0.36478601 -0.53826257
vn -0.760377463 -0.298116838 -0.577020333
vn -0.645110973 -0.430285116 -0.631416306
vn -0.644041352 -0.361071022 -0.674417121
vn -0.491006078 -0.491110143 -0.719530304
vn -0.492746402 -0.419619849 -0.762312381
vn -0.346958708 -0.528925837 -0.774504431
vn -0.343922894 -0.457412016 -0.820055663
vn -0.167295243 -0.555340693 -0.814622008
vn -0.169647557 -0.480002465 -0.860707465
vn 0.0111166093 -0.564559452 -0.825317542
vn 0.0125886274 -0.489186934 -0.872088109
vn 0.176855996 -0.55648944 -0.811813686
vn 0.0111147482 -0.564564333 -0.825314228
vn 0.174154122 -0.480894016 -0.85930861
vn 0.012603255 -0.489204942 -0.872077796
vn 0.356107814 -0.529053257 -0.770253125
vn 0.356111904 -0.454259512 -0.816598192
vn 0.50086698 -0.490432854 -0.713167501
vn 0.501213679 -0.412675368 -0.760581283
vn 0.652845315 -0.42884057 -0.624410731
vn 0.649333325 -0.353110339 -0.673557215
vn 0.763950472 -0.364830804 -0.53223882
vn 0.762128666 -0.294122757 -0.576759655
vn 0.870644297 -0.276464873 -0.406873055
vn 0.865306208 -0.213978515 -0.453275151
vn 0.93763802 -0.19335337 -0.288876129
vn 0.935362019 -0.131541799 -0.328320954
vn 0.985722545 -0.0889238407 -0.142981171
vn 0.981345046 -0.0372660683 -0.188608434
vn 0.999914793 0.0125748884 0.00350406574
vn 0.997156676 0.0670766294 -0.0343407861
vn 0.98393399 0.108573847 0.141723756
vn 0.981046514 0.165656408 0.100527071
vn 0.934224443 0.209794849 0.288462843
vn 0.930541995 0.272717985 0.244369589
vn 0.866572434 0.290530665 0.405763661
vn 0.864389115 0.351464313 0.359589062
vn 0.75905851 0.377475403 0.530417287
vn 0.760630717 0.434016837 0.482773548
vn 0.645706121 0.441822383 0.622781331
vn 0.646718141 0.495026231 0.580262593
vn 0.491194307 0.504349988 0.710182542
vn 0.496292171 0.553026429 0.66922033
vn 0.346903389 0.543517602 0.764360291
vn 0.348919912 0.591018681 0.727290735
vn 0.167023155 0.572814684 0.802487759
vn 0.171112319 0.621909252 0.764165857
vn -0.010551927 0.579931876 0.814596634
vn -0.0036158336 0.630278916 0.776360363
vn -0.17766661 0.570456873 0.801881245
vn -0.173363314 0.619479287 0.765630834
vn -0.361400932 0.541370397 0.759149168
vn -0.354223788 0.590531566 0.725119286
vn -0.499575581 0.503642952 0.704817719
vn -0.494920197 0.552430963 0.670726493
vn -0.648063801 0.443184644 0.619355052
vn -0.642270587 0.492807521 0.587051309
vn -0.763592922 0.376395409 0.524644971
vn -0.758474657 0.430459411 0.48930654
vn -0.871007842 0.289064007 0.397224545
vn -0.865764305 0.342417362 0.364969202
vn 0.356099062 -0.454272728 -0.816596441
vn 0.174169288 -0.480881753 -0.859312399
vn 0.162101289 0.678015341 -0.716950744
vn 0.109878609 0.680023676 -0.724909989
vn 0.0125831067 -0.489201099 -0.872080243
vn 0.0555379034 0.680081461 -0.731029923
vn 0.501208425 -0.412714235 -0.760563656
vn 0.212866893 0.693218372 -0.688575322
vn 0.649329531 -0.353112881 -0.673559539
vn 0.268322272 0.710933368 -0.650059155
vn 0.762125043 -0.294149736 -0.576750685
vn 0.309268977 0.725628948 -0.614666845
vn 0.865310227 -0.213968348 -0.453272277
vn 0.330175869 0.741456977 -0.584145057
vn 0.935353043 -0.131531409 -0.328350688
vn 0.342006088 0.756231728 -0.557804096
vn 0.356226536 0.769047678 -0.530724339
vn 0.981342843 -0.037290797 -0.18861501
vn 0.99715589 0.0670795727 -0.0343578582
vn 0.366018606 0.793076623 -0.486887924
vn 0.981042385 0.165677856 0.100532024
vn 0.360683505 0.83387657 -0.417800522
vn 0.930545473 0.272711793 0.244363255
vn 0.328093947 0.877594002 -0.349547036
vn 0.864382856 0.351501772 0.359567495
vn 0.306327039 0.901878195 -0.30459722
vn 0.760622172 0.43402861 0.482776426
vn 0.273894686 0.920244442 -0.279520782
vn 0.646724267 0.494999771 0.580278337
vn 0.239846599 0.937681424 -0.251450104
vn 0.496285604 0.553004709 0.669243148
vn 0.198119743 0.95213866 -0.232767136
vn 0.348934076 0.59102229 0.727281007
vn 0.165882284 0.961570178 -0.218782681
vn 0.124377666 0.96898931 -0.213517947
vn 0.171108338 0.621885204 0.764186318
vn -0.00362169251 0.630250197 0.776383651
vn 0.0603338628 0.975083367 -0.213476586
vn 0.000691231337 0.976848783 -0.213929841
vn -0.173356178 0.619481692 0.765630504
vn -0.0433896426 0.972266472 -0.22981568
vn -0.354224443 0.590538316 0.725113468
vn -0.49493518 0.552427227 0.670718515
vn -0.0935817222 0.962021337 -0.256432073
vn -0.132667508 0.953228639 -0.271577787
vn -0.642271012 0.492818206 0.587041874
vn -0.158700145 0.936710084 -0.312071279
vn -0.758466108 0.430471353 0.489309285
vn -0.865763979 0.342415473 0.364971748
vn -0.203462259 0.911874449 -0.356494178
vn -0.936814548 0.254114601 0.240425191
vn -0.220591508 0.891936143 -0.394701536
vn -0.23262293 0.874142235 -0.426335462
vn -0.98223061 0.157925261 0.101403355
vn -0.99736671 0.0534664925 -0.048999787
vn -0.233663665 0.852967956 -0.466740782
vn -0.982200876 -0.0374268769 -0.184067023
vn -0.232261289 0.825287819 -0.514737516
vn -0.933971803 -0.136505108 -0.330246916
vn -0.224801613 0.803726164 -0.550897893
vn -0.865938395 -0.215734549 -0.451230873
vn -0.21489845 0.788096633 -0.576820902
vn -0.194602082 0.765677045 -0.61308131
vn -0.760388696 -0.29811088 -0.577008609
vn -0.148251965 0.739252308 -0.656907437
vn -0.644056418 -0.361096827 -0.674388918
vn 0.00373907045 0.687569198 -0.726109232
vn -0.169654201 -0.48000441 -0.86070507
vn -0.343928577 -0.457403492 -0.820058034
vn -0.0459059818 0.695292254 -0.717259592
vn -0.492750883 -0.419612549 -0.762313503
vn -0.093027986 0.711658662 -0.696338813
vn 0.0535511117 0.876800583 -0.477862968
vn 0.971796497 0.195795797 0.131436576
vn 0.975627203 0.133931947 0.173821159
vn 0.99559267 0.0922351942 -0.0169677186
vn 0.999263332 0.0287119219 0.0254640753
vn 0.918081812 0.234632132 0.319489514
vn 0.915142779 0.294522956 0.275263368
vn 0.844770589 0.31411624 0.43323624
vn 0.841721505 0.37223666 0.391081548
vn 0.731767931 0.397768176 0.553440308
vn 0.732037717 0.450338138 0.511191102
vn 0.613821068 0.459578323 0.64188119
vn 0.611072268 0.513671041 0.602272982
vn 0.457704453 0.516831502 0.723458245
vn 0.458279889 0.573891363 0.67869599
vn 0.310952553 0.55215344 0.773585864
vn 0.311764589 0.609175021 0.72918354
vn 0.129043298 0.576290388 0.806992699
vn 0.130688513 0.634050279 0.762168456
vn -0.0345424643 0.580840527 0.813284145
vn -0.0316421316 0.638989507 0.768564366
vn -0.214291039 0.568544453 0.794252199
vn -0.213839214 0.628539893 0.747803713
vn -0.390425346 0.534932741 0.749276325
vn -0.383187964 0.598047524 0.703921972
vn -0.531482131 0.492103548 0.689464171
vn -0.532800871 0.552333011 0.641132964
vn -0.680795431 0.426051854 0.595816581
vn -0.675878604 0.491474071 0.549218855
vn -0.789783847 0.357562435 0.498387982
vn -0.787242343 0.423734641 0.447993803
vn -0.890348722 0.266942249 0.368810234
vn -0.885039269 0.340209712 0.317746509
vn -0.950885163 0.183770583 0.249089901
vn -0.946706636 0.25692921 0.194252225
vn -0.991587094 0.0813459144 0.100687026
vn -0.986564976 0.156148368 0.0480336795
vn -0.999321506 -0.0126667066 -0.0345844307
vn -0.994322704 0.0623335716 -0.0862373808
vn -0.976183169 -0.115600353 -0.183583709
vn -0.970398919 -0.0412395171 -0.237960585
vn -0.918657705 -0.218500394 -0.329128545
vn -0.911844593 -0.140076246 -0.385899058
vn -0.845150803 -0.29878174 -0.443226343
vn -0.83711673 -0.216984128 -0.502148851
vn -0.731996155 -0.383517632 -0.563112649
vn -0.726099361 -0.297247146 -0.620019235
vn -0.614059255 -0.445672011 -0.651389047
vn -0.608268764 -0.362948888 -0.705887538
vn -0.457190481 -0.503175168 -0.733342768
vn -0.453413572 -0.422285373 -0.78491477
vn -0.311061648 -0.538087989 -0.783391324
vn -0.302790281 -0.45596976 -0.836904788
vn -0.127476773 -0.561393013 -0.817672036
vn -0.124313006 -0.476443878 -0.870372051
vn 0.0366579018 -0.565284928 -0.82408079
vn -0.127507937 -0.561385132 -0.817672587
vn 0.0432203723 -0.479812988 -0.876305595
vn -0.12428663 -0.476443424 -0.870376067
vn 0.21603639 -0.551143396 -0.805958582
vn 0.218220559 -0.46564018 -0.85764737
vn 0.399320925 -0.517306077 -0.756926166
vn 0.400454461 -0.432265331 -0.807949818
vn 0.533560774 -0.476430093 -0.69880417
vn 0.532298898 -0.396731835 -0.747838041
vn 0.676823509 -0.415014736 -0.60800716
vn 0.673150045 -0.343442242 -0.654917128
vn 0.788332696 -0.346825765 -0.508176593
vn 0.785997193 -0.279834252 -0.551272349
vn 0.888885821 -0.256980026 -0.379266744
vn 0.885129925 -0.195454639 -0.422306169
vn 0.94996545 -0.173103305 -0.26000171
vn 0.947384631 -0.108664 -0.30108885
vn 0.991425342 -0.0679265941 -0.111632293
vn 0.987659471 -0.00432828176 -0.156556812
vn -0.226962389 0.853007162 -0.469964739
vn -0.239590566 0.821683494 -0.517138856
vn -0.94670704 0.256942999 0.194232015
vn -0.986565667 0.156148215 0.048019985
vn -0.240543074 0.789579314 -0.564538339
vn -0.99432222 0.0623549439 -0.0862275103
vn -0.970392763 -0.0412103054 -0.23799075
vn -0.231518563 0.751942145 -0.617237527
vn -0.911842427 -0.140083356 -0.385901595
vn -0.204603326 0.716931769 -0.666443034
vn -0.181784031 0.691845561 -0.698787726
vn -0.83711483 -0.217001102 -0.502144684
vn -0.726091556 -0.297283896 -0.620010756
vn -0.143474202 0.673024396 -0.725571027
vn -0.112309968 0.649029872 -0.752427203
vn -0.608245714 -0.362941505 -0.705911195
vn -0.0789674511 0.632723419 -0.770340974
vn -0.453420123 -0.422305476 -0.78490017
vn -0.0303207667 0.624349328 -0.780556576
vn -0.302792584 -0.455936742 -0.836921943
vn -0.124283419 -0.476426646 -0.870385709
vn 0.0241774724 0.612259433 -0.790287186
vn 0.0836088808 0.609712407 -0.788200695
vn 0.0432416728 -0.479807614 -0.876307487
vn 0.143885769 0.608133401 -0.780686014
vn 0.218240073 -0.465646619 -0.857638908
vn 0.198479785 0.622399621 -0.757115901
vn 0.400476234 -0.432232668 -0.8079565
vn 0.532318562 -0.396696096 -0.747843003
vn 0.247898284 0.633822502 -0.732676926
vn 0.673171759 -0.343443102 -0.654894356
vn 0.283332858 0.647319884 -0.707601201
vn 0.307544572 0.663754829 -0.681796057
vn 0.785995013 -0.279812071 -0.551286716
vn 0.885120019 -0.195424161 -0.422341035
vn 0.326497158 0.671604137 -0.665092091
vn 0.341256791 0.692875233 -0.635191084
vn 0.947379968 -0.108651128 -0.301108166
vn 0.987662882 -0.00432404285 -0.156535406
vn 0.359771052 0.731429102 -0.579289444
vn 0.995592869 0.0922350802 -0.0169566864
vn 0.362428863 0.787400239 -0.498644345
vn 0.971796034 0.195785263 0.131455694
vn 0.348583899 0.833281375 -0.429105366
vn 0.91514278 0.294532591 0.275253057
vn 0.324565535 0.857733088 -0.398686797
vn 0.841708676 0.372251663 0.391094879
vn 0.306276111 0.873261936 -0.378957167
vn 0.732041631 0.450338213 0.51118543
vn 0.288302824 0.886936498 -0.360867191
vn 0.611060343 0.513680952 0.602276628
vn 0.267151835 0.901515383 -0.340440761
vn 0.227855569 0.917066167 -0.327217795
vn 0.458262725 0.573906466 0.678694809
vn 0.311744257 0.609163078 0.72920221
vn 0.179394645 0.936468035 -0.301405344
vn 0.131969568 0.946689293 -0.29387653
vn 0.130677275 0.634047952 0.762172319
vn -0.0316306567 0.639003398 0.76855329
vn 0.0762999771 0.954588706 -0.287990826
vn 0.0262488161 0.955971886 -0.292281976
vn -0.213837098 0.628543664 0.747801149
vn -0.0323996076 0.950124089 -0.310184591
vn -0.383168192 0.598086703 0.703899447
vn -0.0886484143 0.943349561 -0.319739057
vn -0.53282081 0.552298915 0.641145766
vn -0.129072635 0.928162684 -0.349076334
vn -0.675864592 0.491499141 0.549213664
vn -0.178174786 0.907265887 -0.380949283
vn -0.787254063 0.423703015 0.44800312
vn -0.205306511 0.883521476 -0.42099767
vn -0.885035054 0.340218697 0.31774863
vn 0.0882379466 0.8227459 -0.561518699
f 1/1/1 2/2/2 3/3/3
f 4/4/4 1/1/1 3/3/3
f 5/5/5 4/4/4 3/3/3
f 6/6/6 5/5/5 3/3/3
f 7/7/7 6/6/6 3/3/3
f 8/8/8 7/7/7 3/3/3
f 9/9/9 8/8/8 3/3/3
f 10/10/10 9/9/9 3/3/3
f 11/11/11 10/10/10 3/3/3
f 12/12/12 11/11/11 3/3/3
f 13/13/13 12/12/12 3/3/3
f 14/14/14 13/13/13 3/3/3
f 15/15/15 14/14/14 3/3/3
f 16/16/16 15/15/15 3/3/3
f 17/17/17 16/16/16 3/3/3
f 17/17/17 3/3/3 18/18/18
f 19/19/19 18/18/18 3/3/3
f 20/20/20 19/19/19 3/3/3
f 21/21/21 20/20/20 3/3/3
f 22/22/22 21/21/21 3/3/3
f 23/23/23 22/22/22 3/3/3
f 24/24/24 25/25/25 26/26/26
f 27/27/27 24/24/24 26/26/26
f 28/28/28 27/27/27 26/26/26
f 29/29/29 28/28/28 26/26/26
f 30/30/30 29/29/29 26/26/26
f 31/31/31 30/30/30 26/26/26
f 32/32/32 31/31/31 26/26/26
f 33/33/33 32/32/32 26/26/26
f 34/34/34 33/33/33 26/26/26
f 35/35/35 34/34/34 26/26/26
f 36/36/36 35/35/35 26/26/26
f 37/37/37 36/36/36 26/26/26
f 38/38/38 37/37/37 26/26/26
f 39/39/39 38/38/38 26/26/26
f 40/40/40 39/39/39 26/26/26
f 41/41/41 40/40/40 26/26/26
f 42/42/42 41/41/41 26/26/26
f 43/43/43 42/42/42 26/26/26
f 44/44/44 43/43/43 26/26/26
f 45/45/45 44/44/44 26/26/26
f 46/46/46 45/45/45 26/26/26
f 47/47/47 46/46/46 26/26/26
f 48/48/48 47/47/47 26/26/26
f 49/49/49 48/48/48 26/26/26
f 50/50/50 49/49/49 26/26/26
f 51/51/51 50/50/50 26/26/26
f 52/52/52 51/51/51 26/26/26
f 53/53/53 52/52/52 26/26/26
f 54/54/54 53/53/53 26/26/26
f 55/55/55 54/54/54 26/26/26
f 56/56/56 55/55/55 26/26/26
f 57/57/57 56/56/56 26/26/26
f 58/58/58 57/57/57 26/26/26
f 59/59/59 58/58/58 26/26/26
f 60/60/60 59/59/59 26/26/26
f 61/61/61 23/23/23 3/3/3
f 62/62/62 61/61/61 3/3/3
f 63/63/63 62/62/62 3/3/3
f 64/64/64 63/63/63 3/3/3
f 65/65/65 64/64/64 3/3/3
f 66/66/66 65/65/65 3/3/3
f 67/67/67 66/66/66 3/3/3
f 68/68/68 67/67/67 3/3/3
f 69/69/69 68/68/68 3/3/3
f 70/70/70 69/69/69 3/3/3
f 71/71/71 70/70/70 3/3/3
f 72/72/72 71/71/71 3/3/3
f 73/73/73 72/72/72 3/3/3
f 74/74/74 73/73/73 3/3/3
f 2/2/2 74/74/74 3/3/3
f 75/75/75 76/76/76 77/77/77
f 77/77/77 76/76/76 78/78/78
f 79/79/79 78/78/78 80/80/80
f 80/80/80 78/78/78 76/76/76
f 81/81/81 79/79/79 82/82/82
f 82/82/82 79/79/79 80/80/80
f 83/83/83 81/81/81 84/84/84
f 84/84/84 81/81/81 82/82/82
f 85/85/85 83/83/83 86/86/86
f 86/86/86 83/83/83 84/84/84
f 87/87/87 85/85/85 88/88/88
f 88/88/88 85/85/85 86/86/86
f 89/89/89 87/87/87 90/90/90
f 90/90/90 87/87/87 88/88/88
f 91/91/91 89/89/89 92/92/92
f 92/92/92 89/89/89 90/90/90
f 93/93/93 91/91/91 94/94/94
f 94/94/94 91/91/91 92/92/92
f 95/95/95 93/93/93 96/96/96
f 96/96/96 93/93/93 94/94/94
f 95/95/95 96/96/96 97/97/97
f 97/97/97 96/96/96 98/98/98
f 97/97/97 98/98/98 99/99/99
f 99/99/99 98/98/98 100/100/100
f 99/99/99 100/100/100 101/101/101
f 101/101/101 100/100/100 102/102/102
f 101/101/101 102/102/102 103/103/103
f 103/103/103 102/102/102 104/104/104
f 103/103/103 104/104/104 105/105/105
f 105/105/105 104/104/104 106/106/106
f 105/105/105 106/106/106 107/107/107
f 107/107/107 106/106/106 108/108/108
f 107/107/107 108/108/108 109/109/109
f 109/109/109 108/108/108 110/110/110
f 109/109/109 110/110/110 111/111/111
f 111/111/111 110/110/110 112/112/112
f 111/111/111 112/112/112 113/113/113
f 113/113/113 112/112/112 114/114/114
f 113/113/113 114/114/114 115/115/115
f 115/115/115 114/114/114 116/116/116
f 117/117/117 118/118/118 119/119/119
f 120/120/120 121/121/121 119/119/119
f 122/122/122 123/123/123 119/119/119
f 124/124/124 125/125/125 119/119/119
f 126/126/126 127/127/127 119/119/119
f 128/128/128 129/129/129 119/119/119
f 130/130/130 131/131/131 119/119/119
f 132/132/132 133/133/133 119/119/119
f 134/134/134 135/135/135 119/119/119
f 136/136/136 137/137/137 119/119/119
f 138/138/138 139/139/139 119/119/119
f 140/140/140 141/141/141 119/119/119
f 142/142/142 143/143/143 119/119/119
f 144/144/144 145/145/145 119/119/119
f 146/146/146 147/147/147 148/148/148
f 149/149/149 146/146/146 148/148/148
f 150/150/150 149/149/149 148/148/148
f 151/151/151 150/150/150 148/148/148
f 152/152/152 151/151/151 148/148/148
f 153/153/153 152/152/152 148/148/148
f 154/154/154 153/153/153 148/148/148
f 155/155/155 154/154/154 148/148/148
f 156/156/156 155/155/155 148/148/148
f 157/157/157 156/156/156 148/148/148
f 158/158/158 157/157/157 148/148/148
f 159/159/159 158/158/158 148/148/148
f 160/160/160 159/159/159 148/148/148
f 161/161/161 160/160/160 148/148/148
f 162/162/162 161/161/161 148/148/148
f 163/163/163 162/162/162 148/148/148
f 164/164/164 163/163/163 148/148/148
f 165/165/165 164/164/164 148/148/148
f 166/166/166 165/165/165 148/148/148
f 167/167/167 166/166/166 148/148/148
f 168/168/168 167/167/167 148/148/148
f 169/169/169 168/168/168 148/148/148
f 170/170/170 169/169/169 148/148/148
f 171/171/171 170/170/170 148/148/148
f 172/172/172 171/171/171 148/148/148
f 173/173/173 172/172/172 148/148/148
f 174/174/174 173/173/173 148/148/148
f 175/175/175 174/174/174 148/148/148
f 176/176/176 175/175/175 148/148/148
f 177/177/177 176/176/176 148/148/148
f 178/178/178 177/177/177 148/148/148
f 179/179/179 178/178/178 148/148/148
f 180/180/180 179/179/179 148/148/148
f 181/181/181 180/180/180 148/148/148
f 182/182/182 181/181/181 148/148/148
f 147/147/147 182/182/182 148/148/148
f 25/25/25 60/60/60 26/26/26
f 115/115/115 116/116/116 183/183/183
f 183/183/183 116/116/116 184/184/184
f 185/185/185 186/186/186 187/187/187
f 188/188/188 185/185/185 187/187/187
f 189/189/189 188/188/188 187/187/187
f 190/190/190 189/189/189 187/187/187
f 191/191/191 190/190/190 187/187/187
f 192/192/192 191/191/191 187/187/187
f 193/193/193 192/192/192 187/187/187
f 194/194/194 193/193/193 187/187/187
f 195/195/195 194/194/194 187/187/187
f 196/196/196 195/195/195 187/187/187
f 197/197/197 196/196/196 187/187/187
f 198/198/198 197/197/197 187/187/187
f 199/199/199 198/198/198 187/187/187
f 200/200/200 199/199/199 187/187/187
f 201/201/201 200/200/200 187/187/187
f 202/202/202 201/201/201 187/187/187
f 203/203/203 202/202/202 187/187/187
f 204/204/204 203/203/203 187/187/187
f 205/205/205 204/204/204 187/187/187
f 206/206/206 205/205/205 187/187/187
f 207/207/207 206/206/206 187/187/187
f 208/208/208 207/207/207 187/187/187
f 209/209/209 208/208/208 187/187/187
f 210/210/210 209/209/209 187/187/187
f 211/211/211 210/210/210 187/187/187
f 212/212/212 211/211/211 187/187/187
f 213/213/213 212/212/212 187/187/187
f 214/214/214 213/213/213 187/187/187
f 215/215/215 214/214/214 187/187/187
f 216/216/216 215/215/215 187/187/187
f 217/217/217 216/216/216 187/187/187
f 218/218/218 217/217/217 187/187/187
f 219/219/219 218/218/218 187/187/187
f 220/220/220 219/219/219 187/187/187
f 221/221/221 220/220/220 187/187/187
f 186/186/186 221/221/221 187/187/187
f 222/222/222 223/223/223 224/224/224
f 225/225/225 222/222/222 224/224/224
f 226/226/226 225/225/225 224/224/224
f 227/227/227 226/226/226 224/224/224
f 228/228/228 227/227/227 224/224/224
f 229/229/229 228/228/228 224/224/224
f 230/230/230 229/229/229 224/224/224
f 231/231/231 230/230/230 224/224/224
f 232/232/232 231/231/231 224/224/224
f 233/233/233 232/232/232 224/224/224
f 234/234/234 233/233/233 224/224/224
f 235/235/235 234/234/234 224/224/224
f 236/236/236 235/235/235 224/224/224
f 237/237/237 236/236/236 224/224/224
f 238/238/238 237/237/237 224/224/224
f 239/239/239 238/238/238 224/224/224
f 240/240/240 239/239/239 224/224/224
f 241/241/241 240/240/240 224/224/224
f 242/242/242 241/241/241 224/224/224
f 243/243/243 242/242/242 224/224/224
f 244/244/244 243/243/243 224/224/224
f 245/245/245 244/244/244 224/224/224
f 246/246/246 245/245/245 224/224/224
f 247/247/247 246/246/246 224/224/224
f 248/248/248 247/247/247 224/224/224
f 249/249/249 248/248/248 224/224/224
f 250/250/250 249/249/249 224/224/224
f 251/251/251 250/250/250 224/224/224
f 252/252/252 251/251/251 224/224/224
f 253/253/253 252/252/252 224/224/224
f 254/254/254 253/253/253 224/224/224
f 255/255/255 254/254/254 224/224/224
f 256/256/256 255/255/255 224/224/224
f 257/257/257 256/256/256 224/224/224
f 258/258/258 257/257/257 224/224/224
f 223/223/223 258/258/258 224/224/224
f 259/259/259 260/260/260 261/261/261
f 262/262/262 259/259/259 261/261/261
f 263/263/263 262/262/262 261/261/261
f 264/264/264 263/263/263 261/261/261
f 265/265/265 264/264/264 261/261/261
f 266/266/266 265/265/265 261/261/261
f 267/267/267 266/266/266 261/261/261
f 268/268/268 267/267/267 261/261/261
f 269/269/269 268/268/268 261/261/261
f 270/270/270 269/269/269 261/261/261
f 271/271/271 270/270/270 261/261/261
f 272/272/272 271/271/271 261/261/261
f 273/273/273 272/272/272 261/261/261
f 274/274/274 273/273/273 261/261/261
f 275/275/275 274/274/274 261/261/261
f 276/276/276 275/275/275 261/261/261
f 277/277/277 276/276/276 261/261/261
f 278/278/278 277/277/277 261/261/261
f 279/279/279 278/278/278 261/261/261
f 280/280/280 279/279/279 261/261/261
f 281/281/281 280/280/280 261/261/261
f 282/282/282 281/281/281 261/261/261
f 283/283/283 282/282/282 261/261/261
f 284/284/284 283/283/283 261/261/261
f 285/285/285 284/284/284 261/261/261
f 286/286/286 285/285/285 261/261/261
f 287/287/287 286/286/286 261/261/261
f 288/288/288 287/287/287 261/261/261
f 289/289/289 288/288/288 261/261/261
f 290/290/290 289/289/289 261/261/261
f 291/291/291 290/290/290 261/261/261
f 292/292/292 291/291/291 261/261/261
f 293/293/293 292/292/292 261/261/261
f 294/294/294 293/293/293 261/261/261
f 260/260/260 294/294/294 261/261/261
f 183/183/183 184/184/184 295/295/295
f 295/295/295 184/184/184 296/296/296
f 297/297/297 298/298/298 299/299/299
f 299/299/299 298/298/298 300/300/300
f 301/301/301 298/298/298 302/302/302
f 302/302/302 298/298/298 297/297/297
f 303/303/303 301/301/301 304/304/304
f 304/304/304 301/301/301 302/302/302
f 305/305/305 303/303/303 306/306/306
f 306/306/306 303/303/303 304/304/304
f 307/307/307 305/305/305 308/308/308
f 308/308/308 305/305/305 306/306/306
f 309/309/309 307/307/307 310/310/310
f 310/310/310 307/307/307 308/308/308
f 311/311/311 309/309/309 312/312/312
f 312/312/312 309/309/309 310/310/310
f 313/313/313 311/311/311 314/314/314
f 314/314/314 311/311/311 312/312/312
f 315/315/315 313/313/313 316/316/316
f 316/316/316 313/313/313 314/314/314
f 317/317/317 315/315/315 318/318/318
f 318/318/318 315/315/315 316/316/316
f 319/319/319 317/317/317 320/320/320
f 320/320/320 317/317/317 318/318/318
f 321/321/321 319/319/319 322/322/322
f 322/322/322 319/319/319 320/320/320
f 323/323/323 321/321/321 324/324/324
f 324/324/324 321/321/321 322/322/322
f 325/325/325 323/323/323 326/326/326
f 326/326/326 323/323/323 324/324/324
f 327/327/327 325/325/325 328/328/328
f 328/328/328 325/325/325 326/326/326
f 329/329/329 327/327/327 330/330/330
f 330/330/330 327/327/327 328/328/328
f 331/331/331 329/329/329 332/332/332
f 332/332/332 329/329/329 330/330/330
f 333/333/333 331/331/331 334/334/334
f 334/334/334 331/331/331 332/332/332
f 335/335/335 333/333/333 336/336/336
f 336/336/336 333/333/333 334/334/334
f 337/337/337 335/335/335 338/338/338
f 338/338/338 335/335/335 336/336/336
f 339/339/339 340/340/340 338/338/338
f 338/338/338 340/340/340 337/337/337
f 341/341/341 340/340/340 342/342/342
f 342/342/342 340/340/340 339/339/339
f 343/343/343 344/344/344 342/342/342
f 342/342/342 344/344/344 341/341/341
f 345/345/345 346/346/346 343/343/343
f 343/343/343 346/346/346 344/344/344
f 347/347/347 348/348/348 345/345/345
f 345/345/345 348/348/348 346/346/346
f 349/349/349 350/350/350 347/347/347
f 347/347/347 350/350/350 348/348/348
f 351/351/351 352/352/352 349/349/349
f 349/349/349 352/352/352 350/350/350
f 353/353/353 354/354/354 351/351/351
f 351/351/351 354/354/354 352/352/352
f 355/355/355 356/356/356 353/353/353
f 353/353/353 356/356/356 354/354/354
f 357/357/357 358/358/358 355/355/355
f 355/355/355 358/358/358 356/356/356
f 359/359/359 360/360/360 361/361/361
f 361/361/361 360/360/360 362/362/362
f 363/363/363 364/364/364 359/359/359
f 359/359/359 364/364/364 360/360/360
f 365/365/365 366/366/366 363/363/363
f 363/363/363 366/366/366 364/364/364
f 367/367/367 368/368/368 369/369/369
f 369/369/369 368/368/368 370/370/370
f 371/371/371 372/372/372 367/367/367
f 367/367/367 372/372/372 368/368/368
f 373/373/373 374/374/374 371/371/371
f 371/371/371 374/374/374 372/372/372
f 375/375/375 376/376/376 373/373/373
f 373/373/373 376/376/376 374/374/374
f 377/377/377 378/378/378 375/375/375
f 375/375/375 378/378/378 376/376/376
f 379/379/379 380/380/380 377/377/377
f 377/377/377 380/380/380 378/378/378
f 381/381/381 380/380/380 382/382/382
f 382/382/382 380/380/380 379/379/379
f 383/383/383 381/381/381 384/384/384
f 384/384/384 381/381/381 382/382/382
f 385/385/385 383/383/383 386/386/386
f 386/386/386 383/383/383 384/384/384
f 387/387/387 385/385/385 388/388/388
f 388/388/388 385/385/385 386/386/386
f 389/389/389 387/387/387 390/390/390
f 390/390/390 387/387/387 388/388/388
f 391/391/391 389/389/389 392/392/392
f 392/392/392 389/389/389 390/390/390
f 393/393/393 391/391/391 394/394/394
f 394/394/394 391/391/391 392/392/392
f 395/395/395 393/393/393 396/396/396
f 396/396/396 393/393/393 394/394/394
f 397/397/397 395/395/395 398/398/398
f 398/398/398 395/395/395 396/396/396
f 399/399/399 397/397/397 400/400/400
f 400/400/400 397/397/397 398/398/398
f 401/401/401 399/399/399 402/402/402
f 402/402/402 399/399/399 400/400/400
f 403/403/403 401/401/401 404/404/404
f 404/404/404 401/401/401 402/402/402
f 405/405/405 403/403/403 406/406/406
f 406/406/406 403/403/403 404/404/404
f 407/407/407 405/405/405 408/408/408
f 408/408/408 405/405/405 406/406/406
f 409/409/409 407/407/407 410/410/410
f 410/410/410 407/407/407 408/408/408
f 411/411/411 412/412/412 413/413/413
f 413/413/413 412/412/412 414/414/414
f 412/412/412 409/409/409 414/414/414
f 414/414/414 409/409/409 410/410/410
f 415/415/415 411/411/411 416/416/416
f 416/416/416 411/411/411 413/413/413
f 417/417/417 415/415/415 418/418/418
f 418/418/418 415/415/415 416/416/416
f 417/417/417 418/418/418 419/419/419
f 419/419/419 418/418/418 420/420/420
f 419/419/419 420/420/420 421/421/421
f 421/421/421 420/420/420 422/422/422
f 421/421/421 422/422/422 423/423/423
f 423/423/423 422/422/422 424/424/424
f 423/423/423 424/424/424 425/425/425
f 425/425/425 424/424/424 426/426/426
f 425/425/425 426/426/426 427/427/427
f 427/427/427 426/426/426 428/428/428
f 429/429/429 427/427/427 430/430/430
f 430/430/430 427/427/427 428/428/428
f 431/431/431 432/432/432 430/430/430
f 430/430/430 432/432/432 429/429/429
f 432/432/432 431/431/431 362/362/362
f 362/362/362 431/431/431 361/361/361
f 433/433/433 434/434/434 435/435/435
f 435/435/435 434/434/434 436/436/436
f 437/437/437 433/433/433 438/438/438
f 438/438/438 433/433/433 435/435/435
f 439/439/439 437/437/437 440/440/440
f 440/440/440 437/437/437 438/438/438
f 441/441/441 439/439/439 442/442/442
f 442/442/442 439/439/439 440/440/440
f 443/443/443 441/441/441 444/444/444
f 444/444/444 441/441/441 442/442/442
f 445/445/445 443/443/443 446/446/446
f 446/446/446 443/443/443 444/444/444
f 447/447/447 445/445/445 448/448/448
f 448/448/448 445/445/445 446/446/446
f 449/449/449 447/447/447 450/450/450
f 450/450/450 447/447/447 448/448/448
f 449/449/449 450/450/450 451/451/451
f 451/451/451 450/450/450 452/452/452
f 451/451/451 452/452/452 453/453/453
f 453/453/453 452/452/452 454/454/454
f 453/453/453 454/454/454 455/455/455
f 455/455/455 454/454/454 456/456/456
f 455/455/455 456/456/456 457/457/457
f 457/457/457 456/456/456 458/458/458
f 457/457/457 458/458/458 459/459/459
f 459/459/459 458/458/458 460/460/460
f 459/459/459 460/460/460 461/461/461
f 461/461/461 460/460/460 462/462/462
f 461/461/461 462/462/462 463/463/463
f 463/463/463 462/462/462 464/464/464
f 463/463/463 464/464/464 465/465/465
f 465/465/465 464/464/464 466/466/466
f 467/467/467 468/468/468 466/466/466
f 466/466/466 468/468/468 465/465/465
f 468/468/468 467/467/467 469/469/469
f 469/469/469 467/467/467 470/470/470
f 469/469/469 470/470/470 471/471/471
f 471/471/471 470/470/470 472/472/472
f 471/471/471 472/472/472 473/473/473
f 473/473/473 472/472/472 474/474/474
f 473/473/473 474/474/474 475/475/475
f 475/475/475 474/474/474 476/476/476
f 475/475/475 476/476/476 477/477/477
f 477/477/477 476/476/476 478/478/478
f 479/479/479 477/477/477 480/480/480
f 480/480/480 477/477/477 478/478/478
f 481/481/481 479/479/479 482/482/482
f 482/482/482 479/479/479 480/480/480
f 483/483/483 481/481/481 484/484/484
f 484/484/484 481/481/481 482/482/482
f 483/483/483 484/484/484 485/485/485
f 485/485/485 484/484/484 486/486/486
f 485/485/485 486/486/486 487/487/487
f 487/487/487 486/486/486 488/488/488
f 487/487/487 488/488/488 489/489/489
f 489/489/489 488/488/488 490/490/490
f 489/489/489 490/490/490 491/491/491
f 491/491/491 490/490/490 492/492/492
f 491/491/491 492/492/492 493/493/493
f 493/493/493 492/492/492 494/494/494
f 493/493/493 494/494/494 495/495/495
f 495/495/495 494/494/494 496/496/496
f 495/495/495 496/496/496 497/497/497
f 497/497/497 496/496/496 498/498/498
f 497/497/497 498/498/498 499/499/499
f 499/499/499 498/498/498 500/500/500
f 499/499/499 500/500/500 501/501/501
f 501/501/501 500/500/500 502/502/502
f 503/503/503 504/504/504 502/502/502
f 502/502/502 504/504/504 501/501/501
f 503/503/503 505/505/505 504/504/504
f 504/504/504 505/505/505 506/506/506
f 299/299/299 300/300/300 507/507/507
f 507/507/507 300/300/300 508/508/508
f 507/507/507 508/508/508 509/509/509
f 509/509/509 508/508/508 510/510/510
f 509/509/509 510/510/510 511/511/511
f 511/511/511 510/510/510 512/512/512
f 511/511/511 512/512/512 513/513/513
f 513/513/513 512/512/512 514/514/514
f 515/515/515 516/516/516 517/517/517
f 517/517/517 516/516/516 518/518/518
f 517/517/517 518/518/518 357/357/357
f 357/357/357 518/518/518 358/358/358
f 519/519/519 520/520/520 521/521/521
f 521/521/521 520/520/520 522/522/522
f 523/523/523 524/524/524 525/525/525
f 525/525/525 524/524/524 526/526/526
f 527/527/527 528/528/528 523/523/523
f 523/523/523 528/528/528 524/524/524
f 527/527/527 529/529/529 528/528/528
f 528/528/528 529/529/529 530/530/530
f 529/529/529 531/531/531 530/530/530
f 530/530/530 531/531/531 532/532/532
f 531/531/531 533/533/533 532/532/532
f 532/532/532 533/533/533 534/534/534
f 533/533/533 535/535/535 534/534/534
f 534/534/534 535/535/535 536/536/536
f 535/535/535 537/537/537 536/536/536
f 536/536/536 537/537/537 538/538/538
f 537/537/537 539/539/539 538/538/538
f 538/538/538 539/539/539 540/540/540
f 539/539/539 541/541/541 540/540/540
f 540/540/540 541/541/541 542/542/542
f 541/541/541 543/543/543 542/542/542
f 542/542/542 543/543/543 544/544/544
f 543/543/543 545/545/545 544/544/544
f 544/544/544 545/545/545 546/546/546
f 545/545/545 547/547/547 546/546/546
f 546/546/546 547/547/547 548/548/548
f 547/547/547 549/549/549 548/548/548
f 548/548/548 549/549/549 550/550/550
f 549/549/549 551/551/551 550/550/550
f 550/550/550 551/551/551 552/552/552
f 551/551/551 553/553/553 552/552/552
f 552/552/552 553/553/553 554/554/554
f 553/553/553 555/555/555 554/554/554
f 554/554/554 555/555/555 556/556/556
f 555/555/555 557/557/557 556/556/556
f 556/556/556 557/557/557 558/558/558
f 559/559/559 560/560/560 557/557/557
f 557/557/557 560/560/560 558/558/558
f 561/561/561 562/562/562 559/559/559
f 559/559/559 562/562/562 560/560/560
f 561/561/561 563/563/563 562/562/562
f 562/562/562 563/563/563 564/564/564
f 563/563/563 565/565/565 564/564/564
f 564/564/564 565/565/565 566/566/566
f 521/521/521 522/522/522 567/567/567
f 567/567/567 522/522/522 568/568/568
f 567/567/567 568/568/568 569/569/569
f 569/569/569 568/568/568 570/570/570
f 569/569/569 570/570/570 571/571/571
f 571/571/571 570/570/570 572/572/572
f 571/571/571 572/572/572 573/573/573
f 573/573/573 572/572/572 574/574/574
f 573/573/573 574/574/574 575/575/575
f 575/575/575 574/574/574 576/576/576
f 575/575/575 576/576/576 577/577/577
f 577/577/577 576/576/576 578/578/578
f 577/577/577 578/578/578 526/526/526
f 526/526/526 578/578/578 525/525/525
f 566/566/566 565/565/565 579/579/579
f 579/579/579 565/565/565 580/580/580
f 579/579/579 580/580/580 581/581/581
f 581/581/581 580/580/580 582/582/582
f 581/581/581 582/582/582 583/583/583
f 583/583/583 582/582/582 584/584/584
f 583/583/583 584/584/584 585/585/585
f 585/585/585 584/584/584 586/586/586
f 585/585/585 586/586/586 587/587/587
f 587/587/587 586/586/586 588/588/588
f 587/587/587 588/588/588 589/589/589
f 589/589/589 588/588/588 590/590/590
f 591/591/591 592/592/592 519/519/519
f 519/519/519 592/592/592 520/520/520
f 593/593/593 594/594/594 595/595/595
f 595/595/595 594/594/594 596/596/596
f 595/595/595 597/597/597 593/593/593
f 593/593/593 597/597/597 598/598/598
f 599/599/599 600/600/600 601/601/601
f 601/601/601 600/600/600 602/602/602
f 599/599/599 603/603/603 600/600/600
f 600/600/600 603/603/603 604/604/604
f 605/605/605 606/606/606 603/603/603
f 603/603/603 606/606/606 604/604/604
f 607/607/607 608/608/608 605/605/605
f 605/605/605 608/608/608 606/606/606
f 609/609/609 610/610/610 607/607/607
f 607/607/607 610/610/610 608/608/608
f 611/611/611 612/612/612 609/609/609
f 609/609/609 612/612/612 610/610/610
f 613/613/613 614/614/614 611/611/611
f 611/611/611 614/614/614 612/612/612
f 615/615/615 616/616/616 613/613/613
f 613/613/613 616/616/616 614/614/614
f 617/617/617 618/618/618 615/615/615
f 615/615/615 618/618/618 616/616/616
f 619/619/619 620/620/620 617/617/617
f 617/617/617 620/620/620 618/618/618
f 621/621/621 622/622/622 619/619/619
f 619/619/619 622/622/622 620/620/620
f 623/623/623 624/624/624 621/621/621
f 621/621/621 624/624/624 622/622/622
f 625/625/625 626/626/626 623/623/623
f 623/623/623 626/626/626 624/624/624
f 627/627/627 628/628/628 625/625/625
f 625/625/625 628/628/628 626/626/626
f 629/629/629 630/630/630 627/627/627
f 627/627/627 630/630/630 628/628/628
f 631/631/631 632/632/632 629/629/629
f 629/629/629 632/632/632 630/630/630
f 633/633/633 634/634/634 631/631/631
f 631/631/631 634/634/634 632/632/632
f 635/635/635 636/636/636 633/633/633
f 633/633/633 636/636/636 634/634/634
f 637/637/637 638/638/638 635/635/635
f 635/635/635 638/638/638 636/636/636
f 639/639/639 640/640/640 637/637/637
f 637/637/637 640/640/640 638/638/638
f 641/641/641 642/642/642 639/639/639
f 639/639/639 642/642/642 640/640/640
f 643/643/643 644/644/644 641/641/641
f 641/641/641 644/644/644 642/642/642
f 645/645/645 646/646/646 643/643/643
f 643/643/643 646/646/646 644/644/644
f 645/645/645 647/647/647 646/646/646
f 646/646/646 647/647/647 648/648/648
f 647/647/647 649/649/649 648/648/648
f 648/648/648 649/649/649 650/650/650
f 649/649/649 651/651/651 650/650/650
f 650/650/650 651/651/651 652/652/652
f 651/651/651 653/653/653 652/652/652
f 652/652/652 653/653/653 654/654/654
f 653/653/653 655/655/655 654/654/654
f 654/654/654 655/655/655 656/656/656
f 655/655/655 657/657/657 656/656/656
f 656/656/656 657/657/657 658/658/658
f 657/657/657 659/659/659 658/658/658
f 658/658/658 659/659/659 660/660/660
f 659/659/659 661/661/661 660/660/660
f 660/660/660 661/661/661 662/662/662
f 663/663/663 664/664/664 665/665/665
f 665/665/665 664/664/664 666/666/666
f 664/664/664 596/596/596 666/666/666
f 666/666/666 596/596/596 594/594/594
f 598/598/598 597/597/597 602/602/602
f 602/602/602 597/597/597 601/601/601
f 667/667/667 668/668/668 669/669/669
f 669/669/669 668/668/668 670/670/670
f 671/671/671 672/672/672 670/670/670
f 670/670/670 672/672/672 669/669/669
f 672/672/672 671/671/671 673/673/673
f 673/673/673 671/671/671 674/674/674
f 675/675/675 673/673/673 676/676/676
f 676/676/676 673/673/673 674/674/674
f 677/677/677 675/675/675 678/678/678
f 678/678/678 675/675/675 676/676/676
f 678/678/678 679/679/679 677/677/677
f 677/677/677 679/679/679 680/680/680
f 679/679/679 681/681/681 680/680/680
f 680/680/680 681/681/681 682/682/682
f 683/683/683 682/682/682 684/684/684
f 684/684/684 682/682/682 681/681/681
f 684/684/684 685/685/685 683/683/683
f 683/683/683 685/685/685 686/686/686
f 685/685/685 687/687/687 686/686/686
f 686/686/686 687/687/687 688/688/688
f 689/689/689 690/690/690 687/687/687
f 687/687/687 690/690/690 688/688/688
f 691/691/691 692/692/692 689/689/689
f 689/689/689 692/692/692 690/690/690
f 691/691/691 693/693/693 692/692/692
f 692/692/692 693/693/693 694/694/694
f 695/695/695 694/694/694 696/696/696
f 696/696/696 694/694/694 693/693/693
f 697/697/697 695/695/695 698/698/698
f 698/698/698 695/695/695 696/696/696
f 699/699/699 697/697/697 700/700/700
f 700/700/700 697/697/697 698/698/698
f 700/700/700 701/701/701 699/699/699
f 699/699/699 701/701/701 702/702/702
f 701/701/701 703/703/703 702/702/702
f 702/702/702 703/703/703 704/704/704
f 703/703/703 705/705/705 704/704/704
f 704/704/704 705/705/705 706/706/706
f 706/706/706 705/705/705 707/707/707
f 707/707/707 705/705/705 708/708/708
f 709/709/709 707/707/707 710/710/710
f 710/710/710 707/707/707 708/708/708
f 711/711/711 712/712/712 710/710/710
f 710/710/710 712/712/712 709/709/709
f 713/713/713 714/714/714 711/711/711
f 711/711/711 714/714/714 712/712/712
f 714/714/714 713/713/713 715/715/715
f 715/715/715 713/713/713 716/716/716
f 717/717/717 718/718/718 716/716/716
f 716/716/716 718/718/718 715/715/715
f 718/718/718 717/717/717 719/719/719
f 719/719/719 717/717/717 720/720/720
f 721/721/721 722/722/722 720/720/720
f 720/720/720 722/722/722 719/719/719
f 723/723/723 724/724/724 721/721/721
f 721/721/721 724/724/724 722/722/722
f 724/724/724 723/723/723 725/725/725
f 725/725/725 723/723/723 726/726/726
f 727/727/727 728/728/728 726/726/726
f 726/726/726 728/728/728 725/725/725
f 728/728/728 727/727/727 729/729/729
f 729/729/729 727/727/727 730/730/730
f 731/731/731 732/732/732 730/730/730
f 730/730/730 732/732/732 729/729/729
f 732/732/732 731/731/731 733/733/733
f 733/733/733 731/731/731 734/734/734
f 735/735/735 736/736/736 734/734/734
f 734/734/734 736/736/736 733/733/733
f 737/737/737 738/738/738 735/735/735
f 735/735/735 738/738/738 736/736/736
f 668/668/668 667/667/667 737/737/737
f 737/737/737 667/667/667 738/738/738
f 739/739/739 740/740/740 741/741/741
f 741/741/741 740/740/740 742/742/742
f 743/743/743 744/744/744 739/739/739
f 739/739/739 744/744/744 740/740/740
f 745/745/745 744/744/744 746/746/746
f 746/746/746 744/744/744 743/743/743
f 747/747/747 748/748/748 746/746/746
f 746/746/746 748/748/748 745/745/745
f 749/749/749 750/750/750 747/747/747
f 747/747/747 750/750/750 748/748/748
f 751/751/751 750/750/750 752/752/752
f 752/752/752 750/750/750 749/749/749
f 753/753/753 754/754/754 755/755/755
f 755/755/755 754/754/754 756/756/756
f 757/757/757 758/758/758 753/753/753
f 753/753/753 758/758/758 754/754/754
f 759/759/759 760/760/760 757/757/757
f 757/757/757 760/760/760 758/758/758
f 761/761/761 762/762/762 759/759/759
f 759/759/759 762/762/762 760/760/760
f 763/763/763 762/762/762 764/764/764
f 764/764/764 762/762/762 761/761/761
f 765/765/765 766/766/766 764/764/764
f 764/764/764 766/766/766 763/763/763
f 742/742/742 767/767/767 741/741/741
f 741/741/741 767/767/767 768/768/768
f 769/769/769 766/766/766 770/770/770
f 770/770/770 766/766/766 765/765/765
f 767/767/767 771/771/771 768/768/768
f 768/768/768 771/771/771 772/772/772
f 773/773/773 769/769/769 774/774/774
f 774/774/774 769/769/769 770/770/770
f 772/772/772 771/771/771 775/775/775
f 775/775/775 771/771/771 776/776/776
f 777/777/777 773/773/773 778/778/778
f 778/778/778 773/773/773 774/774/774
f 776/776/776 779/779/779 775/775/775
f 775/775/775 779/779/779 780/780/780
f 779/779/779 777/777/777 780/780/780
f 780/780/780 777/777/777 778/778/778
f 755/755/755 756/756/756 781/781/781
f 781/781/781 756/756/756 782/782/782
f 782/782/782 783/783/783 781/781/781
f 781/781/781 783/783/783 784/784/784
f 783/783/783 785/785/785 784/784/784
f 784/784/784 785/785/785 786/786/786
f 786/786/786 785/785/785 787/787/787
f 787/787/787 785/785/785 788/788/788
f 787/787/787 788/788/788 789/789/789
f 789/789/789 788/788/788 790/790/790
f 789/789/789 790/790/790 791/791/791
f 791/791/791 790/790/790 792/792/792
f 791/791/791 792/792/792 793/793/793
f 793/793/793 792/792/792 794/794/794
f 793/793/793 794/794/794 795/795/795
f 795/795/795 794/794/794 796/796/796
f 795/795/795 796/796/796 797/797/797
f 797/797/797 796/796/796 798/798/798
f 797/797/797 798/798/798 799/799/799
f 799/799/799 798/798/798 800/800/800
f 801/801/801 799/799/799 802/802/802
f 802/802/802 799/799/799 800/800/800
f 802/802/802 803/803/803 801/801/801
f 801/801/801 803/803/803 804/804/804
f 804/804/804 803/803/803 805/805/805
f 805/805/805 803/803/803 806/806/806
f 807/807/807 674/674/674 805/805/805
f 805/805/805 674/674/674 671/671/671
f 807/807/807 808/808/808 809/809/809
f 809/809/809 808/808/808 810/810/810
f 810/810/810 751/751/751 809/809/809
f 809/809/809 751/751/751 752/752/752
f 805/805/805 806/806/806 807/807/807
f 807/807/807 806/806/806 808/808/808
f 676/676/676 674/674/674 809/809/809
f 809/809/809 674/674/674 807/807/807
f 678/678/678 676/676/676 752/752/752
f 752/752/752 676/676/676 809/809/809
f 749/749/749 679/679/679 752/752/752
f 752/752/752 679/679/679 678/678/678
f 747/747/747 681/681/681 749/749/749
f 749/749/749 681/681/681 679/679/679
f 684/684/684 681/681/681 746/746/746
f 746/746/746 681/681/681 747/747/747
f 743/743/743 685/685/685 746/746/746
f 746/746/746 685/685/685 684/684/684
f 739/739/739 687/687/687 743/743/743
f 743/743/743 687/687/687 685/685/685
f 689/689/689 687/687/687 741/741/741
f 741/741/741 687/687/687 739/739/739
f 691/691/691 689/689/689 768/768/768
f 768/768/768 689/689/689 741/741/741
f 693/693/693 691/691/691 772/772/772
f 772/772/772 691/691/691 768/768/768
f 775/775/775 696/696/696 772/772/772
f 772/772/772 696/696/696 693/693/693
f 780/780/780 698/698/698 775/775/775
f 775/775/775 698/698/698 696/696/696
f 700/700/700 698/698/698 778/778/778
f 778/778/778 698/698/698 780/780/780
f 701/701/701 700/700/700 774/774/774
f 774/774/774 700/700/700 778/778/778
f 703/703/703 701/701/701 770/770/770
f 770/770/770 701/701/701 774/774/774
f 705/705/705 703/703/703 765/765/765
f 765/765/765 703/703/703 770/770/770
f 764/764/764 708/708/708 765/765/765
f 765/765/765 708/708/708 705/705/705
f 761/761/761 710/710/710 764/764/764
f 764/764/764 710/710/710 708/708/708
f 759/759/759 711/711/711 761/761/761
f 761/761/761 711/711/711 710/710/710
f 757/757/757 713/713/713 759/759/759
f 759/759/759 713/713/713 711/711/711
f 753/753/753 716/716/716 757/757/757
f 757/757/757 716/716/716 713/713/713
f 755/755/755 717/717/717 753/753/753
f 753/753/753 717/717/717 716/716/716
f 781/781/781 720/720/720 755/755/755
f 755/755/755 720/720/720 717/717/717
f 784/784/784 721/721/721 781/781/781
f 781/781/781 721/721/721 720/720/720
f 723/723/723 721/721/721 786/786/786
f 786/786/786 721/721/721 784/784/784
f 787/787/787 726/726/726 786/786/786
f 786/786/786 726/726/726 723/723/723
f 789/789/789 727/727/727 787/787/787
f 787/787/787 727/727/727 726/726/726
f 791/791/791 730/730/730 789/789/789
f 789/789/789 730/730/730 727/727/727
f 793/793/793 731/731/731 791/791/791
f 791/791/791 731/731/731 730/730/730
f 795/795/795 734/734/734 793/793/793
f 793/793/793 734/734/734 731/731/731
f 797/797/797 735/735/735 795/795/795
f 795/795/795 735/735/735 734/734/734
f 799/799/799 737/737/737 797/797/797
f 797/797/797 737/737/737 735/735/735
f 801/801/801 668/668/668 799/799/799
f 799/799/799 668/668/668 737/737/737
f 670/670/670 668/668/668 804/804/804
f 804/804/804 668/668/668 801/801/801
f 805/805/805 671/671/671 804/804/804
f 804/804/804 671/671/671 670/670/670
f 811/811/811 812/812/812 813/813/813
f 813/813/813 812/812/812 814/814/814
f 814/814/814 812/812/812 815/815/815
f 815/815/815 812/812/812 816/816/816
f 817/817/817 818/818/818 819/819/819
f 820/820/820 821/821/821 822/822/822
f 815/815/815 816/816/816 823/823/823
f 823/823/823 816/816/816 824/824/824
f 825/825/825 826/826/826 827/827/827
f 828/828/828 829/829/829 827/827/827
f 827/827/827 829/829/829 830/830/830
f 829/829/829 831/831/831 830/830/830
f 830/830/830 831/831/831 832/832/832
f 833/833/833 834/834/834 831/831/831
f 831/831/831 834/834/834 832/832/832
f 835/835/835 836/836/836 833/833/833
f 833/833/833 836/836/836 834/834/834
f 835/835/835 837/837/837 836/836/836
f 836/836/836 837/837/837 838/838/838
f 837/837/837 839/839/839 838/838/838
f 838/838/838 839/839/839 840/840/840
f 841/841/841 840/840/840 842/842/842
f 842/842/842 840/840/840 839/839/839
f 822/822/822 843/843/843 820/820/820
f 820/820/820 843/843/843 844/844/844
f 816/816/816 845/845/845 824/824/824
f 824/824/824 845/845/845 846/846/846
f 845/845/845 816/816/816 847/847/847
f 847/847/847 816/816/816 812/812/812
f 848/848/848 849/849/849 846/846/846
f 846/846/846 849/849/849 824/824/824
f 850/850/850 851/851/851 848/848/848
f 848/848/848 851/851/851 849/849/849
f 852/852/852 853/853/853 850/850/850
f 850/850/850 853/853/853 851/851/851
f 827/827/827 826/826/826 828/828/828
f 826/826/826 854/854/854 828/828/828
f 855/855/855 856/856/856 857/857/857
f 857/857/857 856/856/856 858/858/858
f 856/856/856 859/859/859 858/858/858
f 858/858/858 859/859/859 860/860/860
f 859/859/859 861/861/861 860/860/860
f 860/860/860 861/861/861 862/862/862
f 861/861/861 863/863/863 862/862/862
f 862/862/862 863/863/863 864/864/864
f 863/863/863 865/865/865 864/864/864
f 864/864/864 865/865/865 866/866/866
f 867/867/867 868/868/868 869/869/869
f 869/869/869 868/868/868 870/870/870
f 871/871/871 872/872/872 867/867/867
f 867/867/867 872/872/872 868/868/868
f 873/873/873 874/874/874 871/871/871
f 871/871/871 874/874/874 872/872/872
f 875/875/875 876/876/876 873/873/873
f 873/873/873 876/876/876 874/874/874
f 875/875/875 877/877/877 876/876/876
f 876/876/876 877/877/877 878/878/878
f 877/877/877 879/879/879 878/878/878
f 878/878/878 879/879/879 880/880/880
f 879/879/879 881/881/881 880/880/880
f 880/880/880 881/881/881 882/882/882
f 881/881/881 883/883/883 882/882/882
f 882/882/882 883/883/883 884/884/884
f 883/883/883 885/885/885 884/884/884
f 884/884/884 885/885/885 886/886/886
f 885/885/885 887/887/887 886/886/886
f 886/886/886 887/887/887 888/888/888
f 887/887/887 889/889/889 888/888/888
f 888/888/888 889/889/889 890/890/890
f 891/891/891 892/892/892 889/889/889
f 889/889/889 892/892/892 890/890/890
f 893/893/893 894/894/894 895/895/895
f 895/895/895 894/894/894 896/896/896
f 897/897/897 898/898/898 899/899/899
f 899/899/899 898/898/898 900/900/900
f 901/901/901 902/902/902 897/897/897
f 897/897/897 902/902/902 898/898/898
f 903/903/903 904/904/904 901/901/901
f 901/901/901 904/904/904 902/902/902
f 905/905/905 847/847/847 811/811/811
f 811/811/811 847/847/847 812/812/812
f 906/906/906 907/907/907 908/908/908
f 908/908/908 907/907/907 909/909/909
f 910/910/910 911/911/911 912/912/912
f 912/912/912 911/911/911 913/913/913
f 911/911/911 910/910/910 914/914/914
f 914/914/914 910/910/910 915/915/915
f 916/916/916 914/914/914 917/917/917
f 917/917/917 914/914/914 915/915/915
f 916/916/916 917/917/917 918/918/918
f 918/918/918 917/917/917 919/919/919
f 919/919/919 920/920/920 918/918/918
f 918/918/918 920/920/920 921/921/921
f 922/922/922 921/921/921 923/923/923
f 923/923/923 921/921/921 920/920/920
f 924/924/924 922/922/922 925/925/925
f 925/925/925 922/922/922 923/923/923
f 926/926/926 924/924/924 927/927/927
f 927/927/927 924/924/924 925/925/925
f 928/928/928 926/926/926 929/929/929
f 929/929/929 926/926/926 927/927/927
f 930/930/930 928/928/928 931/931/931
f 931/931/931 928/928/928 929/929/929
f 931/931/931 932/932/932 930/930/930
f 930/930/930 932/932/932 933/933/933
f 932/932/932 934/934/934 933/933/933
f 933/933/933 934/934/934 935/935/935
f 936/936/936 937/937/937 934/934/934
f 934/934/934 937/937/937 935/935/935
f 938/938/938 939/939/939 936/936/936
f 936/936/936 939/939/939 937/937/937
f 938/938/938 940/940/940 939/939/939
f 939/939/939 940/940/940 941/941/941
f 942/942/942 941/941/941 943/943/943
f 943/943/943 941/941/941 940/940/940
f 944/944/944 945/945/945 943/943/943
f 943/943/943 945/945/945 942/942/942
f 946/946/946 947/947/947 944/944/944
f 944/944/944 947/947/947 945/945/945
f 948/948/948 949/949/949 946/946/946
f 946/946/946 949/949/949 947/947/947
f 950/950/950 949/949/949 951/951/951
f 951/951/951 949/949/949 948/948/948
f 951/951/951 952/952/952 950/950/950
f 950/950/950 952/952/952 953/953/953
f 952/952/952 954/954/954 953/953/953
f 953/953/953 954/954/954 955/955/955
f 946/946/946 956/956/956 948/948/948
f 948/948/948 956/956/956 957/957/957
f 944/944/944 958/958/958 946/946/946
f 946/946/946 958/958/958 956/956/956
f 959/959/959 958/958/958 819/819/819
f 819/819/819 958/958/958 944/944/944
f 817/817/817 819/819/819 943/943/943
f 943/943/943 819/819/819 944/944/944
f 960/960/960 817/817/817 940/940/940
f 940/940/940 817/817/817 943/943/943
f 961/961/961 960/960/960 938/938/938
f 938/938/938 960/960/960 940/940/940
f 843/843/843 961/961/961 936/936/936
f 936/936/936 961/961/961 938/938/938
f 844/844/844 843/843/843 934/934/934
f 934/934/934 843/843/843 936/936/936
f 934/934/934 932/932/932 844/844/844
f 844/844/844 932/932/932 962/962/962
f 932/932/932 931/931/931 962/962/962
f 962/962/962 931/931/931 841/841/841
f 840/840/840 841/841/841 929/929/929
f 929/929/929 841/841/841 931/931/931
f 925/925/925 840/840/840 927/927/927
f 927/927/927 840/840/840 929/929/929
f 923/923/923 838/838/838 925/925/925
f 925/925/925 838/838/838 840/840/840
f 920/920/920 836/836/836 923/923/923
f 923/923/923 836/836/836 838/838/838
f 919/919/919 834/834/834 920/920/920
f 920/920/920 834/834/834 836/836/836
f 919/919/919 917/917/917 834/834/834
f 834/834/834 917/917/917 832/832/832
f 917/917/917 915/915/915 832/832/832
f 910/910/910 830/830/830 915/915/915
f 915/915/915 830/830/830 832/832/832
f 910/910/910 912/912/912 830/830/830
f 830/830/830 912/912/912 827/827/827
f 912/912/912 908/908/908 827/827/827
f 827/827/827 908/908/908 825/825/825
f 855/855/855 857/857/857 852/852/852
f 852/852/852 857/857/857 853/853/853
f 913/913/913 906/906/906 912/912/912
f 912/912/912 906/906/906 908/908/908
f 823/823/823 824/824/824 963/963/963
f 963/963/963 824/824/824 849/849/849
f 964/964/964 965/965/965 966/966/966
f 966/966/966 965/965/965 967/967/967
f 965/965/965 964/964/964 968/968/968
f 968/968/968 964/964/964 969/969/969
f 969/969/969 970/970/970 968/968/968
f 968/968/968 970/970/970 971/971/971
f 972/972/972 973/973/973 970/970/970
f 970/970/970 973/973/973 971/971/971
f 974/974/974 975/975/975 967/967/967
f 967/967/967 975/975/975 966/966/966
f 976/976/976 977/977/977 974/974/974
f 974/974/974 977/977/977 975/975/975
f 978/978/978 979/979/979 976/976/976
f 976/976/976 979/979/979 977/977/977
f 979/979/979 978/978/978 980/980/980
f 980/980/980 978/978/978 981/981/981
f 982/982/982 983/983/983 981/981/981
f 981/981/981 983/983/983 980/980/980
f 983/983/983 982/982/982 984/984/984
f 984/984/984 982/982/982 985/985/985
f 986/986/986 984/984/984 987/987/987
f 987/987/987 984/984/984 985/985/985
f 988/988/988 989/989/989 987/987/987
f 987/987/987 989/989/989 986/986/986
f 989/989/989 988/988/988 990/990/990
f 990/990/990 988/988/988 991/991/991
f 992/992/992 993/993/993 991/991/991
f 991/991/991 993/993/993 990/990/990
f 994/994/994 995/995/995 992/992/992
f 992/992/992 995/995/995 993/993/993
f 995/995/995 994/994/994 996/996/996
f 996/996/996 994/994/994 997/997/997
f 998/998/998 999/999/999 1000/1000/1000
f 1000/1000/1000 999/999/999 1001/1001/1001
f 1002/1002/1002 1003/1003/1003 998/998/998
f 998/998/998 1003/1003/1003 999/999/999
f 1004/1004/1004 1003/1003/1003 1005/1005/1005
f 1005/1005/1005 1003/1003/1003 1002/1002/1002
f 1006/1006/1006 1007/1007/1007 1005/1005/1005
f 1005/1005/1005 1007/1007/1007 1004/1004/1004
f 1008/1008/1008 1009/1009/1009 1006/1006/1006
f 1006/1006/1006 1009/1009/1009 1007/1007/1007
f 1009/1009/1009 1008/1008/1008 1010/1010/1010
f 1010/1010/1010 1008/1008/1008 1011/1011/1011
f 1012/1012/1012 1013/1013/1013 1011/1011/1011
f 1011/1011/1011 1013/1013/1013 1010/1010/1010
f 1014/1014/1014 1015/1015/1015 1012/1012/1012
f 1012/1012/1012 1015/1015/1015 1013/1013/1013
f 987/987/987 1016/1016/1016 988/988/988
f 988/988/988 1016/1016/1016 1017/1017/1017
f 987/987/987 985/985/985 1016/1016/1016
f 1016/1016/1016 985/985/985 1018/1018/1018
f 1019/1019/1019 1018/1018/1018 982/982/982
f 982/982/982 1018/1018/1018 985/985/985
f 982/982/982 981/981/981 1019/1019/1019
f 1019/1019/1019 981/981/981 1020/1020/1020
f 991/991/991 988/988/988 1021/1021/1021
f 1021/1021/1021 988/988/988 1017/1017/1017
f 992/992/992 991/991/991 1022/1022/1022
f 1022/1022/1022 991/991/991 1021/1021/1021
f 1023/1023/1023 994/994/994 1022/1022/1022
f 1022/1022/1022 994/994/994 992/992/992
f 994/994/994 1023/1023/1023 997/997/997
f 997/997/997 1023/1023/1023 1024/1024/1024
f 1025/1025/1025 998/998/998 1026/1026/1026
f 1026/1026/1026 998/998/998 1000/1000/1000
f 998/998/998 1025/1025/1025 1002/1002/1002
f 1002/1002/1002 1025/1025/1025 1027/1027/1027
f 1028/1028/1028 1005/1005/1005 1027/1027/1027
f 1027/1027/1027 1005/1005/1005 1002/1002/1002
f 1028/1028/1028 1029/1029/1029 1005/1005/1005
f 1005/1005/1005 1029/1029/1029 1006/1006/1006
f 1030/1030/1030 1020/1020/1020 978/978/978
f 978/978/978 1020/1020/1020 981/981/981
f 978/978/978 976/976/976 1030/1030/1030
f 1030/1030/1030 976/976/976 1031/1031/1031
f 976/976/976 974/974/974 1031/1031/1031
f 1031/1031/1031 974/974/974 1032/1032/1032
f 1029/1029/1029 1033/1033/1033 1006/1006/1006
f 1006/1006/1006 1033/1033/1033 1008/1008/1008
f 1008/1008/1008 1033/1033/1033 1011/1011/1011
f 1011/1011/1011 1033/1033/1033 1034/1034/1034
f 1035/1035/1035 1012/1012/1012 1034/1034/1034
f 1034/1034/1034 1012/1012/1012 1011/1011/1011
f 1012/1012/1012 1035/1035/1035 1014/1014/1014
f 1014/1014/1014 1035/1035/1035 1036/1036/1036
f 814/814/814 1037/1037/1037 813/813/813
f 813/813/813 1037/1037/1037 1038/1038/1038
f 815/815/815 1039/1039/1039 814/814/814
f 814/814/814 1039/1039/1039 1037/1037/1037
f 1040/1040/1040 1039/1039/1039 823/823/823
f 823/823/823 1039/1039/1039 815/815/815
f 1041/1041/1041 1040/1040/1040 963/963/963
f 963/963/963 1040/1040/1040 823/823/823
f 972/972/972 1041/1041/1041 973/973/973
f 973/973/973 1041/1041/1041 963/963/963
f 963/963/963 849/849/849 973/973/973
f 973/973/973 849/849/849 851/851/851
f 853/853/853 971/971/971 851/851/851
f 851/851/851 971/971/971 973/973/973
f 971/971/971 853/853/853 1042/1042/1042
f 1042/1042/1042 853/853/853 857/857/857
f 1043/1043/1043 1044/1044/1044 1045/1045/1045
f 1045/1045/1045 1044/1044/1044 1046/1046/1046
f 1044/1044/1044 1043/1043/1043 1047/1047/1047
f 1047/1047/1047 1043/1043/1043 1048/1048/1048
f 1049/1049/1049 1050/1050/1050 1048/1048/1048
f 1048/1048/1048 1050/1050/1050 1047/1047/1047
f 1051/1051/1051 1052/1052/1052 1053/1053/1053
f 1053/1053/1053 1052/1052/1052 1054/1054/1054
f 1055/1055/1055 1051/1051/1051 1056/1056/1056
f 1056/1056/1056 1051/1051/1051 1053/1053/1053
f 1056/1056/1056 1057/1057/1057 1055/1055/1055
f 1055/1055/1055 1057/1057/1057 1058/1058/1058
f 1059/1059/1059 1058/1058/1058 1060/1060/1060
f 1060/1060/1060 1058/1058/1058 1057/1057/1057
f 1061/1061/1061 1062/1062/1062 1060/1060/1060
f 1060/1060/1060 1062/1062/1062 1059/1059/1059
f 1063/1063/1063 1062/1062/1062 1064/1064/1064
f 1064/1064/1064 1062/1062/1062 1061/1061/1061
f 1065/1065/1065 1066/1066/1066 1064/1064/1064
f 1064/1064/1064 1066/1066/1066 1063/1063/1063
f 1067/1067/1067 1068/1068/1068 1065/1065/1065
f 1065/1065/1065 1068/1068/1068 1066/1066/1066
f 1069/1069/1069 1070/1070/1070 1071/1071/1071
f 1071/1071/1071 1070/1070/1070 1072/1072/1072
f 1071/1071/1071 1073/1073/1073 1069/1069/1069
f 1069/1069/1069 1073/1073/1073 1074/1074/1074
f 1074/1074/1074 1073/1073/1073 1075/1075/1075
f 1075/1075/1075 1073/1073/1073 1076/1076/1076
f 1077/1077/1077 1078/1078/1078 1076/1076/1076
f 1076/1076/1076 1078/1078/1078 1075/1075/1075
f 1077/1077/1077 1079/1079/1079 1078/1078/1078
f 1078/1078/1078 1079/1079/1079 1080/1080/1080
f 1081/1081/1081 1080/1080/1080 1082/1082/1082
f 1082/1082/1082 1080/1080/1080 1079/1079/1079
f 1083/1083/1083 1081/1081/1081 1084/1084/1084
f 1084/1084/1084 1081/1081/1081 1082/1082/1082
f 1084/1084/1084 1085/1085/1085 1083/1083/1083
f 1083/1083/1083 1085/1085/1085 1086/1086/1086
f 1087/1087/1087 1086/1086/1086 1088/1088/1088
f 1088/1088/1088 1086/1086/1086 1085/1085/1085
f 1089/1089/1089 1087/1087/1087 1090/1090/1090
f 1090/1090/1090 1087/1087/1087 1088/1088/1088
f 1090/1090/1090 1091/1091/1091 1089/1089/1089
f 1089/1089/1089 1091/1091/1091 1092/1092/1092
f 1093/1093/1093 1092/1092/1092 1094/1094/1094
f 1094/1094/1094 1092/1092/1092 1091/1091/1091
f 1095/1095/1095 1093/1093/1093 1096/1096/1096
f 1096/1096/1096 1093/1093/1093 1094/1094/1094
f 1097/1097/1097 1095/1095/1095 1098/1098/1098
f 1098/1098/1098 1095/1095/1095 1096/1096/1096
f 1098/1098/1098 1099/1099/1099 1097/1097/1097
f 1097/1097/1097 1099/1099/1099 1100/1100/1100
f 1099/1099/1099 1101/1101/1101 1100/1100/1100
f 1100/1100/1100 1101/1101/1101 1102/1102/1102
f 1103/1103/1103 1102/1102/1102 1104/1104/1104
f 1104/1104/1104 1102/1102/1102 1101/1101/1101
f 1046/1046/1046 1103/1103/1103 1045/1045/1045
f 1045/1045/1045 1103/1103/1103 1104/1104/1104
f 1090/1090/1090 1088/1088/1088 1105/1105/1105
f 1105/1105/1105 1088/1088/1088 1106/1106/1106
f 1088/1088/1088 1085/1085/1085 1106/1106/1106
f 1106/1106/1106 1085/1085/1085 1107/1107/1107
f 1091/1091/1091 1090/1090/1090 1108/1108/1108
f 1108/1108/1108 1090/1090/1090 1105/1105/1105
f 1094/1094/1094 1091/1091/1091 1109/1109/1109
f 1109/1109/1109 1091/1091/1091 1108/1108/1108
f 1096/1096/1096 1094/1094/1094 1110/1110/1110
f 1110/1110/1110 1094/1094/1094 1109/1109/1109
f 1098/1098/1098 1096/1096/1096 1111/1111/1111
f 1111/1111/1111 1096/1096/1096 1110/1110/1110
f 1111/1111/1111 1112/1112/1112 1098/1098/1098
f 1098/1098/1098 1112/1112/1112 1099/1099/1099
f 1112/1112/1112 1113/1113/1113 1099/1099/1099
f 1099/1099/1099 1113/1113/1113 1101/1101/1101
f 1114/1114/1114 1104/1104/1104 1113/1113/1113
f 1113/1113/1113 1104/1104/1104 1101/1101/1101
f 1115/1115/1115 1045/1045/1045 1114/1114/1114
f 1114/1114/1114 1045/1045/1045 1104/1104/1104
f 1045/1045/1045 1115/1115/1115 1043/1043/1043
f 1043/1043/1043 1115/1115/1115 1116/1116/1116
f 1117/1117/1117 1048/1048/1048 1116/1116/1116
f 1116/1116/1116 1048/1048/1048 1043/1043/1043
f 1048/1048/1048 1117/1117/1117 1049/1049/1049
f 1049/1049/1049 1117/1117/1117 1118/1118/1118
f 1054/1054/1054 1119/1119/1119 1053/1053/1053
f 1053/1053/1053 1119/1119/1119 1120/1120/1120
f 1056/1056/1056 1053/1053/1053 1121/1121/1121
f 1121/1121/1121 1053/1053/1053 1120/1120/1120
f 1121/1121/1121 1122/1122/1122 1056/1056/1056
f 1056/1056/1056 1122/1122/1122 1057/1057/1057
f 1060/1060/1060 1057/1057/1057 1123/1123/1123
f 1123/1123/1123 1057/1057/1057 1122/1122/1122
f 1061/1061/1061 1060/1060/1060 1124/1124/1124
f 1124/1124/1124 1060/1060/1060 1123/1123/1123
f 1064/1064/1064 1061/1061/1061 1125/1125/1125
f 1125/1125/1125 1061/1061/1061 1124/1124/1124
f 1065/1065/1065 1064/1064/1064 1126/1126/1126
f 1126/1126/1126 1064/1064/1064 1125/1125/1125
f 1067/1067/1067 1065/1065/1065 1127/1127/1127
f 1127/1127/1127 1065/1065/1065 1126/1126/1126
f 1071/1071/1071 1072/1072/1072 1128/1128/1128
f 1128/1128/1128 1072/1072/1072 1129/1129/1129
f 1130/1130/1130 1073/1073/1073 1128/1128/1128
f 1128/1128/1128 1073/1073/1073 1071/1071/1071
f 1131/1131/1131 1076/1076/1076 1130/1130/1130
f 1130/1130/1130 1076/1076/1076 1073/1073/1073
f 1076/1076/1076 1131/1131/1131 1077/1077/1077
f 1077/1077/1077 1131/1131/1131 1132/1132/1132
f 1077/1077/1077 1132/1132/1132 1079/1079/1079
f 1079/1079/1079 1132/1132/1132 1133/1133/1133
f 1082/1082/1082 1079/1079/1079 1134/1134/1134
f 1134/1134/1134 1079/1079/1079 1133/1133/1133
f 1082/1082/1082 1134/1134/1134 1084/1084/1084
f 1084/1084/1084 1134/1134/1134 1135/1135/1135
f 1085/1085/1085 1084/1084/1084 1107/1107/1107
f 1107/1107/1107 1084/1084/1084 1135/1135/1135
f 974/974/974 967/967/967 1032/1032/1032
f 1032/1032/1032 967/967/967 1136/1136/1136
f 1137/1137/1137 1136/1136/1136 965/965/965
f 965/965/965 1136/1136/1136 967/967/967
f 965/965/965 968/968/968 1137/1137/1137
f 1137/1137/1137 968/968/968 1138/1138/1138
f 1042/1042/1042 1138/1138/1138 971/971/971
f 971/971/971 1138/1138/1138 968/968/968
f 1029/1029/1029 1028/1028/1028 1139/1139/1139
f 1139/1139/1139 1028/1028/1028 1140/1140/1140
f 1028/1028/1028 1027/1027/1027 1140/1140/1140
f 1140/1140/1140 1027/1027/1027 1141/1141/1141
f 1027/1027/1027 1025/1025/1025 1141/1141/1141
f 1141/1141/1141 1025/1025/1025 1142/1142/1142
f 1026/1026/1026 1143/1143/1143 1025/1025/1025
f 1025/1025/1025 1143/1143/1143 1142/1142/1142
f 1024/1024/1024 1023/1023/1023 1144/1144/1144
f 1144/1144/1144 1023/1023/1023 1145/1145/1145
f 1023/1023/1023 1022/1022/1022 1145/1145/1145
f 1145/1145/1145 1022/1022/1022 1146/1146/1146
f 1022/1022/1022 1021/1021/1021 1146/1146/1146
f 1146/1146/1146 1021/1021/1021 1147/1147/1147
f 1021/1021/1021 1017/1017/1017 1147/1147/1147
f 1147/1147/1147 1017/1017/1017 1148/1148/1148
f 1017/1017/1017 1016/1016/1016 1148/1148/1148
f 1148/1148/1148 1016/1016/1016 1149/1149/1149
f 1016/1016/1016 1018/1018/1018 1149/1149/1149
f 1149/1149/1149 1018/1018/1018 1150/1150/1150
f 1019/1019/1019 1151/1151/1151 1018/1018/1018
f 1018/1018/1018 1151/1151/1151 1150/1150/1150
f 858/858/858 1152/1152/1152 857/857/857
f 857/857/857 1152/1152/1152 1042/1042/1042
f 1137/1137/1137 1138/1138/1138 1153/1153/1153
f 1153/1153/1153 1138/1138/1138 1154/1154/1154
f 1031/1031/1031 1032/1032/1032 1155/1155/1155
f 1155/1155/1155 1032/1032/1032 1156/1156/1156
f 1152/1152/1152 1154/1154/1154 1042/1042/1042
f 1042/1042/1042 1154/1154/1154 1138/1138/1138
f 1032/1032/1032 1136/1136/1136 1156/1156/1156
f 1156/1156/1156 1136/1136/1136 1157/1157/1157
f 1137/1137/1137 1153/1153/1153 1136/1136/1136
f 1136/1136/1136 1153/1153/1153 1157/1157/1157
f 1158/1158/1158 1030/1030/1030 1155/1155/1155
f 1155/1155/1155 1030/1030/1030 1031/1031/1031
f 1020/1020/1020 1030/1030/1030 1159/1159/1159
f 1159/1159/1159 1030/1030/1030 1158/1158/1158
f 1019/1019/1019 1020/1020/1020 1151/1151/1151
f 1151/1151/1151 1020/1020/1020 1159/1159/1159
f 1151/1151/1151 1159/1159/1159 1150/1150/1150
f 1150/1150/1150 1159/1159/1159 1158/1158/1158
f 1157/1157/1157 1158/1158/1158 1156/1156/1156
f 1156/1156/1156 1158/1158/1158 1155/1155/1155
f 1153/1153/1153 1154/1154/1154 1157/1157/1157
f 1157/1157/1157 1154/1154/1154 1152/1152/1152
f 1160/1160/1160 1152/1152/1152 860/860/860
f 860/860/860 1152/1152/1152 858/858/858
f 860/860/860 862/862/862 1160/1160/1160
f 1160/1160/1160 862/862/862 1161/1161/1161
f 1162/1162/1162 1161/1161/1161 864/864/864
f 864/864/864 1161/1161/1161 862/862/862
f 1163/1163/1163 1162/1162/1162 866/866/866
f 866/866/866 1162/1162/1162 864/864/864
f 1160/1160/1160 1164/1164/1164 1152/1152/1152
f 1152/1152/1152 1164/1164/1164 1157/1157/1157
f 1157/1157/1157 1164/1164/1164 1158/1158/1158
f 1158/1158/1158 1164/1164/1164 1165/1165/1165
f 1166/1166/1166 1150/1150/1150 1165/1165/1165
f 1165/1165/1165 1150/1150/1150 1158/1158/1158
f 1167/1167/1167 1165/1165/1165 1168/1168/1168
f 1168/1168/1168 1165/1165/1165 1164/1164/1164
f 1168/1168/1168 1164/1164/1164 1161/1161/1161
f 1161/1161/1161 1164/1164/1164 1160/1160/1160
f 1169/1169/1169 1168/1168/1168 1162/1162/1162
f 1162/1162/1162 1168/1168/1168 1161/1161/1161
f 1170/1170/1170 1167/1167/1167 1169/1169/1169
f 1169/1169/1169 1167/1167/1167 1168/1168/1168
f 1162/1162/1162 1163/1163/1163 1169/1169/1169
f 1169/1169/1169 1163/1163/1163 1171/1171/1171
f 1170/1170/1170 1169/1169/1169 1172/1172/1172
f 1172/1172/1172 1169/1169/1169 1171/1171/1171
f 1148/1148/1148 1149/1149/1149 1173/1173/1173
f 1173/1173/1173 1149/1149/1149 1174/1174/1174
f 1149/1149/1149 1150/1150/1150 1174/1174/1174
f 1174/1174/1174 1150/1150/1150 1166/1166/1166
f 1175/1175/1175 1147/1147/1147 1173/1173/1173
f 1173/1173/1173 1147/1147/1147 1148/1148/1148
f 1166/1166/1166 1175/1175/1175 1174/1174/1174
f 1174/1174/1174 1175/1175/1175 1173/1173/1173
f 1145/1145/1145 1146/1146/1146 1176/1176/1176
f 1176/1176/1176 1146/1146/1146 1177/1177/1177
f 1146/1146/1146 1147/1147/1147 1177/1177/1177
f 1177/1177/1177 1147/1147/1147 1175/1175/1175
f 1145/1145/1145 1176/1176/1176 1144/1144/1144
f 1144/1144/1144 1176/1176/1176 1178/1178/1178
f 1176/1176/1176 1177/1177/1177 1178/1178/1178
f 1178/1178/1178 1177/1177/1177 1175/1175/1175
f 1142/1142/1142 1179/1179/1179 1141/1141/1141
f 1141/1141/1141 1179/1179/1179 1180/1180/1180
f 1142/1142/1142 1143/1143/1143 1179/1179/1179
f 1179/1179/1179 1143/1143/1143 1181/1181/1181
f 1141/1141/1141 1180/1180/1180 1140/1140/1140
f 1140/1140/1140 1180/1180/1180 1182/1182/1182
f 1180/1180/1180 1179/1179/1179 1182/1182/1182
f 1182/1182/1182 1179/1179/1179 1181/1181/1181
f 1139/1139/1139 1140/1140/1140 1183/1183/1183
f 1183/1183/1183 1140/1140/1140 1182/1182/1182
f 1184/1184/1184 1185/1185/1185 1170/1170/1170
f 1170/1170/1170 1185/1185/1185 1167/1167/1167
f 1186/1186/1186 1184/1184/1184 1172/1172/1172
f 1172/1172/1172 1184/1184/1184 1170/1170/1170
f 1166/1166/1166 1165/1165/1165 1185/1185/1185
f 1185/1185/1185 1165/1165/1165 1167/1167/1167
f 1166/1166/1166 1185/1185/1185 1186/1186/1186
f 1186/1186/1186 1185/1185/1185 1184/1184/1184
f 1186/1186/1186 1187/1187/1187 1166/1166/1166
f 1166/1166/1166 1187/1187/1187 1175/1175/1175
f 1178/1178/1178 1175/1175/1175 1188/1188/1188
f 1188/1188/1188 1175/1175/1175 1187/1187/1187
f 1189/1189/1189 1190/1190/1190 1191/1191/1191
f 1191/1191/1191 1190/1190/1190 1192/1192/1192
f 1193/1193/1193 1192/1192/1192 1194/1194/1194
f 1194/1194/1194 1192/1192/1192 1190/1190/1190
f 1195/1195/1195 1196/1196/1196 1197/1197/1197
f 1197/1197/1197 1196/1196/1196 1198/1198/1198
f 1199/1199/1199 1200/1200/1200 1198/1198/1198
f 1198/1198/1198 1200/1200/1200 1197/1197/1197
f 1196/1196/1196 1195/1195/1195 1201/1201/1201
f 1201/1201/1201 1195/1195/1195 1202/1202/1202
f 1201/1201/1201 1202/1202/1202 1203/1203/1203
f 1203/1203/1203 1202/1202/1202 1204/1204/1204
f 1203/1203/1203 1204/1204/1204 1205/1205/1205
f 1205/1205/1205 1204/1204/1204 1206/1206/1206
f 1207/1207/1207 1208/1208/1208 1206/1206/1206
f 1206/1206/1206 1208/1208/1208 1205/1205/1205
f 1208/1208/1208 1207/1207/1207 1209/1209/1209
f 1209/1209/1209 1207/1207/1207 1210/1210/1210
f 1210/1210/1210 1211/1211/1211 1209/1209/1209
f 1209/1209/1209 1211/1211/1211 1212/1212/1212
f 1213/1213/1213 1212/1212/1212 1214/1214/1214
f 1214/1214/1214 1212/1212/1212 1211/1211/1211
f 1213/1213/1213 1214/1214/1214 1215/1215/1215
f 1215/1215/1215 1214/1214/1214 1216/1216/1216
f 1215/1215/1215 1216/1216/1216 1217/1217/1217
f 1217/1217/1217 1216/1216/1216 1218/1218/1218
f 1217/1217/1217 1218/1218/1218 1219/1219/1219
f 1219/1219/1219 1218/1218/1218 1220/1220/1220
f 1219/1219/1219 1220/1220/1220 1221/1221/1221
f 1221/1221/1221 1220/1220/1220 1222/1222/1222
f 1221/1221/1221 1222/1222/1222 1223/1223/1223
f 1223/1223/1223 1222/1222/1222 1224/1224/1224
f 1223/1223/1223 1224/1224/1224 1225/1225/1225
f 1225/1225/1225 1224/1224/1224 1226/1226/1226
f 1226/1226/1226 1227/1227/1227 1225/1225/1225
f 1225/1225/1225 1227/1227/1227 1228/1228/1228
f 1229/1229/1229 1228/1228/1228 1230/1230/1230
f 1230/1230/1230 1228/1228/1228 1227/1227/1227
f 1231/1231/1231 1229/1229/1229 1232/1232/1232
f 1232/1232/1232 1229/1229/1229 1230/1230/1230
f 1232/1232/1232 1233/1233/1233 1231/1231/1231
f 1231/1231/1231 1233/1233/1233 1234/1234/1234
f 1235/1235/1235 1234/1234/1234 1236/1236/1236
f 1236/1236/1236 1234/1234/1234 1233/1233/1233
f 1237/1237/1237 1235/1235/1235 1238/1238/1238
f 1238/1238/1238 1235/1235/1235 1236/1236/1236
f 1238/1238/1238 1239/1239/1239 1237/1237/1237
f 1237/1237/1237 1239/1239/1239 1240/1240/1240
f 1239/1239/1239 1241/1241/1241 1240/1240/1240
f 1240/1240/1240 1241/1241/1241 1242/1242/1242
f 1243/1243/1243 1242/1242/1242 1244/1244/1244
f 1244/1244/1244 1242/1242/1242 1241/1241/1241
f 1245/1245/1245 1243/1243/1243 1246/1246/1246
f 1246/1246/1246 1243/1243/1243 1244/1244/1244
f 1247/1247/1247 1245/1245/1245 1248/1248/1248
f 1248/1248/1248 1245/1245/1245 1246/1246/1246
f 1249/1249/1249 1247/1247/1247 1250/1250/1250
f 1250/1250/1250 1247/1247/1247 1248/1248/1248
f 1251/1251/1251 1249/1249/1249 1252/1252/1252
f 1252/1252/1252 1249/1249/1249 1250/1250/1250
f 1252/1252/1252 1253/1253/1253 1251/1251/1251
f 1251/1251/1251 1253/1253/1253 1254/1254/1254
f 1255/1255/1255 1256/1256/1256 1257/1257/1257
f 1257/1257/1257 1256/1256/1256 1258/1258/1258
f 1257/1257/1257 1258/1258/1258 1259/1259/1259
f 1259/1259/1259 1258/1258/1258 1260/1260/1260
f 1261/1261/1261 1259/1259/1259 1262/1262/1262
f 1262/1262/1262 1259/1259/1259 1260/1260/1260
f 1261/1261/1261 1262/1262/1262 1263/1263/1263
f 1263/1263/1263 1262/1262/1262 1264/1264/1264
f 1263/1263/1263 1264/1264/1264 1265/1265/1265
f 1265/1265/1265 1264/1264/1264 1266/1266/1266
f 1266/1266/1266 1200/1200/1200 1265/1265/1265
f 1265/1265/1265 1200/1200/1200 1199/1199/1199
f 1212/1212/1212 1213/1213/1213 1267/1267/1267
f 1267/1267/1267 1213/1213/1213 1268/1268/1268
f 1209/1209/1209 1212/1212/1212 1269/1269/1269
f 1269/1269/1269 1212/1212/1212 1267/1267/1267
f 1208/1208/1208 1209/1209/1209 1270/1270/1270
f 1270/1270/1270 1209/1209/1209 1269/1269/1269
f 1205/1205/1205 1208/1208/1208 1271/1271/1271
f 1271/1271/1271 1208/1208/1208 1270/1270/1270
f 1271/1271/1271 1272/1272/1272 1205/1205/1205
f 1205/1205/1205 1272/1272/1272 1203/1203/1203
f 1201/1201/1201 1203/1203/1203 1273/1273/1273
f 1273/1273/1273 1203/1203/1203 1272/1272/1272
f 1274/1274/1274 1196/1196/1196 1273/1273/1273
f 1273/1273/1273 1196/1196/1196 1201/1201/1201
f 1198/1198/1198 1196/1196/1196 1275/1275/1275
f 1275/1275/1275 1196/1196/1196 1274/1274/1274
f 1199/1199/1199 1198/1198/1198 1276/1276/1276
f 1276/1276/1276 1198/1198/1198 1275/1275/1275
f 1265/1265/1265 1199/1199/1199 1277/1277/1277
f 1277/1277/1277 1199/1199/1199 1276/1276/1276
f 1263/1263/1263 1265/1265/1265 1278/1278/1278
f 1278/1278/1278 1265/1265/1265 1277/1277/1277
f 1279/1279/1279 1261/1261/1261 1278/1278/1278
f 1278/1278/1278 1261/1261/1261 1263/1263/1263
f 1280/1280/1280 1259/1259/1259 1279/1279/1279
f 1279/1279/1279 1259/1259/1259 1261/1261/1261
f 1259/1259/1259 1280/1280/1280 1257/1257/1257
f 1257/1257/1257 1280/1280/1280 1281/1281/1281
f 1257/1257/1257 1281/1281/1281 1255/1255/1255
f 1255/1255/1255 1281/1281/1281 1282/1282/1282
f 1283/1283/1283 1284/1284/1284 1254/1254/1254
f 1254/1254/1254 1284/1284/1284 1251/1251/1251
f 1284/1284/1284 1285/1285/1285 1251/1251/1251
f 1251/1251/1251 1285/1285/1285 1249/1249/1249
f 1285/1285/1285 1286/1286/1286 1249/1249/1249
f 1249/1249/1249 1286/1286/1286 1247/1247/1247
f 1286/1286/1286 1287/1287/1287 1247/1247/1247
f 1247/1247/1247 1287/1287/1287 1245/1245/1245
f 1287/1287/1287 1288/1288/1288 1245/1245/1245
f 1245/1245/1245 1288/1288/1288 1243/1243/1243
f 1288/1288/1288 1289/1289/1289 1243/1243/1243
f 1243/1243/1243 1289/1289/1289 1242/1242/1242
f 1242/1242/1242 1289/1289/1289 1240/1240/1240
f 1240/1240/1240 1289/1289/1289 1290/1290/1290
f 1290/1290/1290 1291/1291/1291 1240/1240/1240
f 1240/1240/1240 1291/1291/1291 1237/1237/1237
f 1291/1291/1291 1292/1292/1292 1237/1237/1237
f 1237/1237/1237 1292/1292/1292 1235/1235/1235
f 1235/1235/1235 1292/1292/1292 1234/1234/1234
f 1234/1234/1234 1292/1292/1292 1293/1293/1293
f 1293/1293/1293 1294/1294/1294 1234/1234/1234
f 1234/1234/1234 1294/1294/1294 1231/1231/1231
f 1294/1294/1294 1295/1295/1295 1231/1231/1231
f 1231/1231/1231 1295/1295/1295 1229/1229/1229
f 1295/1295/1295 1296/1296/1296 1229/1229/1229
f 1229/1229/1229 1296/1296/1296 1228/1228/1228
f 1296/1296/1296 1297/1297/1297 1228/1228/1228
f 1228/1228/1228 1297/1297/1297 1225/1225/1225
f 1297/1297/1297 1298/1298/1298 1225/1225/1225
f 1225/1225/1225 1298/1298/1298 1223/1223/1223
f 1298/1298/1298 1299/1299/1299 1223/1223/1223
f 1223/1223/1223 1299/1299/1299 1221/1221/1221
f 1299/1299/1299 1300/1300/1300 1221/1221/1221
f 1221/1221/1221 1300/1300/1300 1219/1219/1219
f 1300/1300/1300 1301/1301/1301 1219/1219/1219
f 1219/1219/1219 1301/1301/1301 1217/1217/1217
f 1301/1301/1301 1302/1302/1302 1217/1217/1217
f 1217/1217/1217 1302/1302/1302 1215/1215/1215
f 1302/1302/1302 1268/1268/1268 1215/1215/1215
f 1215/1215/1215 1268/1268/1268 1213/1213/1213
f 1303/1303/1303 1304/1304/1304 1305/1305/1305
f 1305/1305/1305 1304/1304/1304 1306/1306/1306
f 1306/1306/1306 882/882/882 1305/1305/1305
f 1305/1305/1305 882/882/882 884/884/884
f 1305/1305/1305 1307/1307/1307 1303/1303/1303
f 1303/1303/1303 1307/1307/1307 1308/1308/1308
f 1305/1305/1305 884/884/884 1307/1307/1307
f 1307/1307/1307 884/884/884 1309/1309/1309
f 1310/1310/1310 1309/1309/1309 886/886/886
f 886/886/886 1309/1309/1309 884/884/884
f 1306/1306/1306 1304/1304/1304 1311/1311/1311
f 1311/1311/1311 1304/1304/1304 1312/1312/1312
f 1313/1313/1313 1311/1311/1311 1314/1314/1314
f 1314/1314/1314 1311/1311/1311 1312/1312/1312
f 1314/1314/1314 1315/1315/1315 1313/1313/1313
f 1313/1313/1313 1315/1315/1315 1316/1316/1316
f 1317/1317/1317 1311/1311/1311 1318/1318/1318
f 1318/1318/1318 1311/1311/1311 1313/1313/1313
f 1317/1317/1317 1318/1318/1318 882/882/882
f 882/882/882 1318/1318/1318 880/880/880
f 882/882/882 1306/1306/1306 1317/1317/1317
f 1317/1317/1317 1306/1306/1306 1311/1311/1311
f 1313/1313/1313 1316/1316/1316 1318/1318/1318
f 1318/1318/1318 1316/1316/1316 880/880/880
f 1319/1319/1319 1320/1320/1320 1321/1321/1321
f 1321/1321/1321 1320/1320/1320 1322/1322/1322
f 1316/1316/1316 1315/1315/1315 1320/1320/1320
f 1320/1320/1320 1315/1315/1315 1322/1322/1322
f 1321/1321/1321 1323/1323/1323 1319/1319/1319
f 1319/1319/1319 1323/1323/1323 1324/1324/1324
f 1316/1316/1316 1320/1320/1320 1324/1324/1324
f 1324/1324/1324 1320/1320/1320 1319/1319/1319
f 1325/1325/1325 1326/1326/1326 1327/1327/1327
f 1327/1327/1327 1326/1326/1326 1328/1328/1328
f 1323/1323/1323 1325/1325/1325 1324/1324/1324
f 1324/1324/1324 1325/1325/1325 1327/1327/1327
f 1328/1328/1328 1326/1326/1326 1329/1329/1329
f 1329/1329/1329 1326/1326/1326 1330/1330/1330
f 1331/1331/1331 1332/1332/1332 1330/1330/1330
f 1330/1330/1330 1332/1332/1332 1329/1329/1329
f 1332/1332/1332 1331/1331/1331 1333/1333/1333
f 1333/1333/1333 1331/1331/1331 1334/1334/1334
f 1333/1333/1333 1335/1335/1335 1332/1332/1332
f 1332/1332/1332 1335/1335/1335 1336/1336/1336
f 1337/1337/1337 1329/1329/1329 1336/1336/1336
f 1336/1336/1336 1329/1329/1329 1332/1332/1332
f 878/878/878 880/880/880 1338/1338/1338
f 1338/1338/1338 880/880/880 1316/1316/1316
f 1338/1338/1338 1339/1339/1339 878/878/878
f 878/878/878 1339/1339/1339 876/876/876
f 1340/1340/1340 874/874/874 1339/1339/1339
f 1339/1339/1339 874/874/874 876/876/876
f 1340/1340/1340 1341/1341/1341 874/874/874
f 874/874/874 1341/1341/1341 872/872/872
f 1341/1341/1341 1342/1342/1342 872/872/872
f 872/872/872 1342/1342/1342 868/868/868
f 1343/1343/1343 870/870/870 1342/1342/1342
f 1342/1342/1342 870/870/870 868/868/868
f 1344/1344/1344 1343/1343/1343 1341/1341/1341
f 1341/1341/1341 1343/1343/1343 1342/1342/1342
f 1341/1341/1341 1340/1340/1340 1344/1344/1344
f 1344/1344/1344 1340/1340/1340 1337/1337/1337
f 1338/1338/1338 1345/1345/1345 1339/1339/1339
f 1339/1339/1339 1345/1345/1345 1346/1346/1346
f 1345/1345/1345 1338/1338/1338 1324/1324/1324
f 1324/1324/1324 1338/1338/1338 1316/1316/1316
f 1347/1347/1347 1345/1345/1345 1327/1327/1327
f 1327/1327/1327 1345/1345/1345 1324/1324/1324
f 1327/1327/1327 1328/1328/1328 1347/1347/1347
f 1347/1347/1347 1328/1328/1328 1348/1348/1348
f 1345/1345/1345 1347/1347/1347 1346/1346/1346
f 1346/1346/1346 1347/1347/1347 1348/1348/1348
f 1328/1328/1328 1329/1329/1329 1348/1348/1348
f 1348/1348/1348 1329/1329/1329 1337/1337/1337
f 1340/1340/1340 1339/1339/1339 1346/1346/1346
f 1346/1346/1346 1348/1348/1348 1340/1340/1340
f 1340/1340/1340 1348/1348/1348 1337/1337/1337
f 1333/1333/1333 1349/1349/1349 1335/1335/1335
f 1335/1335/1335 1349/1349/1349 1350/1350/1350
f 1190/1190/1190 1189/1189/1189 1351/1351/1351
f 1351/1351/1351 1189/1189/1189 1352/1352/1352
f 1194/1194/1194 1190/1190/1190 1353/1353/1353
f 1353/1353/1353 1190/1190/1190 1351/1351/1351
f 1354/1354/1354 1194/1194/1194 1355/1355/1355
f 1355/1355/1355 1194/1194/1194 1353/1353/1353
f 902/902/902 1356/1356/1356 898/898/898
f 898/898/898 1356/1356/1356 1357/1357/1357
f 1357/1357/1357 1358/1358/1358 898/898/898
f 898/898/898 1358/1358/1358 900/900/900
f 900/900/900 1358/1358/1358 892/892/892
f 892/892/892 1358/1358/1358 1359/1359/1359
f 892/892/892 1359/1359/1359 890/890/890
f 890/890/890 1359/1359/1359 1360/1360/1360
f 1360/1360/1360 1361/1361/1361 890/890/890
f 890/890/890 1361/1361/1361 888/888/888
f 886/886/886 888/888/888 1310/1310/1310
f 1310/1310/1310 888/888/888 1361/1361/1361
f 1362/1362/1362 1363/1363/1363 1307/1307/1307
f 1307/1307/1307 1363/1363/1363 1308/1308/1308
f 1364/1364/1364 1362/1362/1362 1309/1309/1309
f 1309/1309/1309 1362/1362/1362 1307/1307/1307
f 1309/1309/1309 1310/1310/1310 1364/1364/1364
f 1364/1364/1364 1310/1310/1310 1365/1365/1365
f 1310/1310/1310 1361/1361/1361 1365/1365/1365
f 1366/1366/1366 1367/1367/1367 1334/1334/1334
f 1334/1334/1334 1367/1367/1367 1333/1333/1333
f 1366/1366/1366 1368/1368/1368 1367/1367/1367
f 1367/1367/1367 1368/1368/1368 1369/1369/1369
f 1368/1368/1368 1370/1370/1370 1369/1369/1369
f 1369/1369/1369 1370/1370/1370 1371/1371/1371
f 1370/1370/1370 1372/1372/1372 1371/1371/1371
f 1371/1371/1371 1372/1372/1372 1373/1373/1373
f 1372/1372/1372 1374/1374/1374 1373/1373/1373
f 1373/1373/1373 1374/1374/1374 1375/1375/1375
f 1374/1374/1374 1376/1376/1376 1375/1375/1375
f 1375/1375/1375 1376/1376/1376 1377/1377/1377
f 1333/1333/1333 1367/1367/1367 1349/1349/1349
f 1349/1349/1349 1367/1367/1367 1378/1378/1378
f 1379/1379/1379 1380/1380/1380 1352/1352/1352
f 1352/1352/1352 1380/1380/1380 1351/1351/1351
f 1380/1380/1380 1381/1381/1381 1351/1351/1351
f 1351/1351/1351 1381/1381/1381 1353/1353/1353
f 1381/1381/1381 1382/1382/1382 1353/1353/1353
f 1353/1353/1353 1382/1382/1382 1355/1355/1355
f 1382/1382/1382 1383/1383/1383 1355/1355/1355
f 1355/1355/1355 1383/1383/1383 1357/1357/1357
f 1383/1383/1383 1384/1384/1384 1357/1357/1357
f 1357/1357/1357 1384/1384/1384 1358/1358/1358
f 1358/1358/1358 1384/1384/1384 1359/1359/1359
f 1359/1359/1359 1384/1384/1384 1385/1385/1385
f 1385/1385/1385 1386/1386/1386 1359/1359/1359
f 1359/1359/1359 1386/1386/1386 1360/1360/1360
f 1386/1386/1386 1387/1387/1387 1360/1360/1360
f 1360/1360/1360 1387/1387/1387 1361/1361/1361
f 1361/1361/1361 1387/1387/1387 1365/1365/1365
f 1365/1365/1365 1387/1387/1387 1388/1388/1388
f 1388/1388/1388 1389/1389/1389 1365/1365/1365
f 1365/1365/1365 1389/1389/1389 1364/1364/1364
f 1389/1389/1389 1390/1390/1390 1364/1364/1364
f 1364/1364/1364 1390/1390/1390 1362/1362/1362
f 1390/1390/1390 1391/1391/1391 1362/1362/1362
f 1362/1362/1362 1391/1391/1391 1363/1363/1363
f 1392/1392/1392 1393/1393/1393 1376/1376/1376
f 1376/1376/1376 1393/1393/1393 1377/1377/1377
f 1394/1394/1394 1395/1395/1395 1396/1396/1396
f 1396/1396/1396 1395/1395/1395 1397/1397/1397
f 1391/1391/1391 1390/1390/1390 1397/1397/1397
f 1397/1397/1397 1390/1390/1390 1396/1396/1396
f 1394/1394/1394 1396/1396/1396 1389/1389/1389
f 1389/1389/1389 1396/1396/1396 1390/1390/1390
f 1398/1398/1398 1399/1399/1399 1400/1400/1400
f 1400/1400/1400 1399/1399/1399 1401/1401/1401
f 1398/1398/1398 1395/1395/1395 1399/1399/1399
f 1399/1399/1399 1395/1395/1395 1394/1394/1394
f 1402/1402/1402 1403/1403/1403 1401/1401/1401
f 1401/1401/1401 1403/1403/1403 1400/1400/1400
f 1394/1394/1394 1402/1402/1402 1399/1399/1399
f 1399/1399/1399 1402/1402/1402 1401/1401/1401
f 1404/1404/1404 1405/1405/1405 1406/1406/1406
f 1406/1406/1406 1405/1405/1405 1407/1407/1407
f 1402/1402/1402 1407/1407/1407 1403/1403/1403
f 1403/1403/1403 1407/1407/1407 1405/1405/1405
f 1408/1408/1408 1409/1409/1409 1406/1406/1406
f 1406/1406/1406 1409/1409/1409 1404/1404/1404
f 1406/1406/1406 1407/1407/1407 1408/1408/1408
f 1408/1408/1408 1407/1407/1407 1402/1402/1402
f 1410/1410/1410 1411/1411/1411 1412/1412/1412
f 1412/1412/1412 1411/1411/1411 1413/1413/1413
f 1412/1412/1412 1409/1409/1409 1410/1410/1410
f 1410/1410/1410 1409/1409/1409 1408/1408/1408
f 1414/1414/1414 1415/1415/1415 1411/1411/1411
f 1411/1411/1411 1415/1415/1415 1413/1413/1413
f 1408/1408/1408 1414/1414/1414 1410/1410/1410
f 1410/1410/1410 1414/1414/1414 1411/1411/1411
f 1414/1414/1414 1416/1416/1416 1415/1415/1415
f 1415/1415/1415 1416/1416/1416 1417/1417/1417
f 1392/1392/1392 1417/1417/1417 1393/1393/1393
f 1393/1393/1393 1417/1417/1417 1416/1416/1416
f 1393/1393/1393 1418/1418/1418 1377/1377/1377
f 1377/1377/1377 1418/1418/1418 1419/1419/1419
f 1414/1414/1414 1418/1418/1418 1416/1416/1416
f 1416/1416/1416 1418/1418/1418 1393/1393/1393
f 1367/1367/1367 1369/1369/1369 1378/1378/1378
f 1378/1378/1378 1369/1369/1369 1420/1420/1420
f 1371/1371/1371 1373/1373/1373 1421/1421/1421
f 1421/1421/1421 1373/1373/1373 1422/1422/1422
f 1420/1420/1420 1369/1369/1369 1421/1421/1421
f 1421/1421/1421 1369/1369/1369 1371/1371/1371
f 1373/1373/1373 1375/1375/1375 1422/1422/1422
f 1422/1422/1422 1375/1375/1375 1423/1423/1423
f 1423/1423/1423 1420/1420/1420 1422/1422/1422
f 1422/1422/1422 1420/1420/1420 1421/1421/1421
f 1424/1424/1424 1423/1423/1423 1377/1377/1377
f 1377/1377/1377 1423/1423/1423 1375/1375/1375
f 1377/1377/1377 1419/1419/1419 1424/1424/1424
f 1424/1424/1424 1419/1419/1419 1425/1425/1425
f 1426/1426/1426 1380/1380/1380 1427/1427/1427
f 1427/1427/1427 1380/1380/1380 1379/1379/1379
f 1427/1427/1427 1428/1428/1428 1426/1426/1426
f 1426/1426/1426 1428/1428/1428 1429/1429/1429
f 1428/1428/1428 1430/1430/1430 1429/1429/1429
f 1429/1429/1429 1430/1430/1430 1431/1431/1431
f 1430/1430/1430 1432/1432/1432 1431/1431/1431
f 1431/1431/1431 1432/1432/1432 1433/1433/1433
f 1381/1381/1381 1380/1380/1380 1434/1434/1434
f 1434/1434/1434 1380/1380/1380 1426/1426/1426
f 1435/1435/1435 1434/1434/1434 1429/1429/1429
f 1429/1429/1429 1434/1434/1434 1426/1426/1426
f 1436/1436/1436 1435/1435/1435 1431/1431/1431
f 1431/1431/1431 1435/1435/1435 1429/1429/1429
f 1431/1431/1431 1433/1433/1433 1436/1436/1436
f 1436/1436/1436 1433/1433/1433 1437/1437/1437
f 1382/1382/1382 1381/1381/1381 1438/1438/1438
f 1438/1438/1438 1381/1381/1381 1434/1434/1434
f 1438/1438/1438 1434/1434/1434 1439/1439/1439
f 1439/1439/1439 1434/1434/1434 1435/1435/1435
f 1439/1439/1439 1435/1435/1435 1440/1440/1440
f 1440/1440/1440 1435/1435/1435 1436/1436/1436
f 1440/1440/1440 1436/1436/1436 1441/1441/1441
f 1441/1441/1441 1436/1436/1436 1437/1437/1437
f 1438/1438/1438 1442/1442/1442 1382/1382/1382
f 1382/1382/1382 1442/1442/1442 1383/1383/1383
f 1442/1442/1442 1438/1438/1438 1443/1443/1443
f 1443/1443/1443 1438/1438/1438 1439/1439/1439
f 1443/1443/1443 1439/1439/1439 1444/1444/1444
f 1444/1444/1444 1439/1439/1439 1440/1440/1440
f 1444/1444/1444 1440/1440/1440 1445/1445/1445
f 1445/1445/1445 1440/1440/1440 1441/1441/1441
f 1442/1442/1442 1446/1446/1446 1383/1383/1383
f 1383/1383/1383 1446/1446/1446 1384/1384/1384
f 1446/1446/1446 1442/1442/1442 1447/1447/1447
f 1447/1447/1447 1442/1442/1442 1443/1443/1443
f 1444/1444/1444 1448/1448/1448 1443/1443/1443
f 1443/1443/1443 1448/1448/1448 1447/1447/1447
f 1445/1445/1445 1449/1449/1449 1444/1444/1444
f 1444/1444/1444 1449/1449/1449 1448/1448/1448
f 1446/1446/1446 1447/1447/1447 1384/1384/1384
f 1384/1384/1384 1447/1447/1447 1385/1385/1385
f 1385/1385/1385 1447/1447/1447 1450/1450/1450
f 1450/1450/1450 1447/1447/1447 1448/1448/1448
f 1450/1450/1450 1448/1448/1448 1451/1451/1451
f 1451/1451/1451 1448/1448/1448 1449/1449/1449
f 1385/1385/1385 1450/1450/1450 1386/1386/1386
f 1386/1386/1386 1450/1450/1450 1452/1452/1452
f 1450/1450/1450 1451/1451/1451 1452/1452/1452
f 1452/1452/1452 1451/1451/1451 1453/1453/1453
f 1386/1386/1386 1452/1452/1452 1387/1387/1387
f 1387/1387/1387 1452/1452/1452 1454/1454/1454
f 1452/1452/1452 1453/1453/1453 1454/1454/1454
f 1454/1454/1454 1453/1453/1453 1455/1455/1455
f 1454/1454/1454 1456/1456/1456 1387/1387/1387
f 1387/1387/1387 1456/1456/1456 1388/1388/1388
f 1455/1455/1455 1457/1457/1457 1454/1454/1454
f 1454/1454/1454 1457/1457/1457 1456/1456/1456
f 1389/1389/1389 1388/1388/1388 1394/1394/1394
f 1394/1394/1394 1388/1388/1388 1456/1456/1456
f 1402/1402/1402 1394/1394/1394 1457/1457/1457
f 1457/1457/1457 1394/1394/1394 1456/1456/1456
f 1408/1408/1408 1402/1402/1402 1458/1458/1458
f 1458/1458/1458 1402/1402/1402 1459/1459/1459
f 1402/1402/1402 1457/1457/1457 1459/1459/1459
f 1459/1459/1459 1457/1457/1457 1460/1460/1460
f 1457/1457/1457 1455/1455/1455 1460/1460/1460
f 1460/1460/1460 1455/1455/1455 1461/1461/1461
f 1414/1414/1414 1408/1408/1408 1462/1462/1462
f 1462/1462/1462 1408/1408/1408 1458/1458/1458
f 1463/1463/1463 1418/1418/1418 1462/1462/1462
f 1462/1462/1462 1418/1418/1418 1414/1414/1414
f 1418/1418/1418 1463/1463/1463 1419/1419/1419
f 1419/1419/1419 1463/1463/1463 1464/1464/1464
f 1465/1465/1465 1425/1425/1425 1464/1464/1464
f 1464/1464/1464 1425/1425/1425 1419/1419/1419
f 1466/1466/1466 1433/1433/1433 1467/1467/1467
f 1467/1467/1467 1433/1433/1433 1432/1432/1432
f 1433/1433/1433 1466/1466/1466 1437/1437/1437
f 1437/1437/1437 1466/1466/1466 1468/1468/1468
f 1441/1441/1441 1437/1437/1437 1469/1469/1469
f 1469/1469/1469 1437/1437/1437 1468/1468/1468
f 1445/1445/1445 1441/1441/1441 1470/1470/1470
f 1470/1470/1470 1441/1441/1441 1469/1469/1469
f 1449/1449/1449 1445/1445/1445 1471/1471/1471
f 1471/1471/1471 1445/1445/1445 1470/1470/1470
f 1471/1471/1471 1472/1472/1472 1449/1449/1449
f 1449/1449/1449 1472/1472/1472 1451/1451/1451
f 1453/1453/1453 1451/1451/1451 1473/1473/1473
f 1473/1473/1473 1451/1451/1451 1472/1472/1472
f 1461/1461/1461 1455/1455/1455 1473/1473/1473
f 1473/1473/1473 1455/1455/1455 1453/1453/1453
f 1474/1474/1474 1475/1475/1475 1476/1476/1476
f 1476/1476/1476 1475/1475/1475 1477/1477/1477
f 1478/1478/1478 1479/1479/1479 1480/1480/1480
f 1480/1480/1480 1479/1479/1479 1481/1481/1481
f 1482/1482/1482 1483/1483/1483 1474/1474/1474
f 1474/1474/1474 1483/1483/1483 1475/1475/1475
f 1480/1480/1480 1481/1481/1481 1484/1484/1484
f 1484/1484/1484 1481/1481/1481 1485/1485/1485
f 1477/1477/1477 1475/1475/1475 1486/1486/1486
f 1486/1486/1486 1475/1475/1475 1487/1487/1487
f 1486/1486/1486 1487/1487/1487 1488/1488/1488
f 1488/1488/1488 1487/1487/1487 1489/1489/1489
f 1490/1490/1490 1488/1488/1488 1491/1491/1491
f 1491/1491/1491 1488/1488/1488 1489/1489/1489
f 1491/1491/1491 1492/1492/1492 1490/1490/1490
f 1490/1490/1490 1492/1492/1492 1493/1493/1493
f 1493/1493/1493 1494/1494/1494 1471/1471/1471
f 1471/1471/1471 1494/1494/1494 1472/1472/1472
f 1494/1494/1494 1493/1493/1493 1495/1495/1495
f 1495/1495/1495 1493/1493/1493 1492/1492/1492
f 1496/1496/1496 1497/1497/1497 1498/1498/1498
f 1498/1498/1498 1497/1497/1497 1499/1499/1499
f 1498/1498/1498 1499/1499/1499 1500/1500/1500
f 1500/1500/1500 1499/1499/1499 1501/1501/1501
f 1500/1500/1500 1501/1501/1501 1502/1502/1502
f 1502/1502/1502 1501/1501/1501 1503/1503/1503
f 1458/1458/1458 1459/1459/1459 1504/1504/1504
f 1504/1504/1504 1459/1459/1459 1502/1502/1502
f 1502/1502/1502 1503/1503/1503 1504/1504/1504
f 1504/1504/1504 1503/1503/1503 1505/1505/1505
f 1506/1506/1506 1504/1504/1504 1507/1507/1507
f 1507/1507/1507 1504/1504/1504 1505/1505/1505
f 1508/1508/1508 1506/1506/1506 1509/1509/1509
f 1509/1509/1509 1506/1506/1506 1507/1507/1507
f 1475/1475/1475 1483/1483/1483 1487/1487/1487
f 1487/1487/1487 1483/1483/1483 1510/1510/1510
f 1487/1487/1487 1510/1510/1510 1489/1489/1489
f 1489/1489/1489 1510/1510/1510 1511/1511/1511
f 1489/1489/1489 1511/1511/1511 1491/1491/1491
f 1491/1491/1491 1511/1511/1511 1512/1512/1512
f 1491/1491/1491 1512/1512/1512 1492/1492/1492
f 1492/1492/1492 1512/1512/1512 1513/1513/1513
f 1490/1490/1490 1493/1493/1493 1470/1470/1470
f 1470/1470/1470 1493/1493/1493 1471/1471/1471
f 1495/1495/1495 1492/1492/1492 1514/1514/1514
f 1514/1514/1514 1492/1492/1492 1513/1513/1513
f 1497/1497/1497 1515/1515/1515 1499/1499/1499
f 1499/1499/1499 1515/1515/1515 1516/1516/1516
f 1499/1499/1499 1516/1516/1516 1501/1501/1501
f 1501/1501/1501 1516/1516/1516 1517/1517/1517
f 1501/1501/1501 1517/1517/1517 1503/1503/1503
f 1503/1503/1503 1517/1517/1517 1518/1518/1518
f 1459/1459/1459 1460/1460/1460 1502/1502/1502
f 1502/1502/1502 1460/1460/1460 1500/1500/1500
f 1503/1503/1503 1518/1518/1518 1505/1505/1505
f 1505/1505/1505 1518/1518/1518 1519/1519/1519
f 1507/1507/1507 1505/1505/1505 1520/1520/1520
f 1520/1520/1520 1505/1505/1505 1519/1519/1519
f 1509/1509/1509 1507/1507/1507 1521/1521/1521
f 1521/1521/1521 1507/1507/1507 1520/1520/1520
f 1462/1462/1462 1458/1458/1458 1506/1506/1506
f 1506/1506/1506 1458/1458/1458 1504/1504/1504
f 1509/1509/1509 1481/1481/1481 1508/1508/1508
f 1508/1508/1508 1481/1481/1481 1479/1479/1479
f 1521/1521/1521 1485/1485/1485 1509/1509/1509
f 1509/1509/1509 1485/1485/1485 1481/1481/1481
f 1506/1506/1506 1508/1508/1508 1462/1462/1462
f 1462/1462/1462 1508/1508/1508 1463/1463/1463
f 1479/1479/1479 1464/1464/1464 1508/1508/1508
f 1508/1508/1508 1464/1464/1464 1463/1463/1463
f 1478/1478/1478 1465/1465/1465 1479/1479/1479
f 1479/1479/1479 1465/1465/1465 1464/1464/1464
f 1467/1467/1467 1476/1476/1476 1466/1466/1466
f 1466/1466/1466 1476/1476/1476 1477/1477/1477
f 1486/1486/1486 1468/1468/1468 1477/1477/1477
f 1477/1477/1477 1468/1468/1468 1466/1466/1466
f 1486/1486/1486 1488/1488/1488 1468/1468/1468
f 1468/1468/1468 1488/1488/1488 1469/1469/1469
f 1470/1470/1470 1469/1469/1469 1490/1490/1490
f 1490/1490/1490 1469/1469/1469 1488/1488/1488
f 1497/1497/1497 1496/1496/1496 1495/1495/1495
f 1495/1495/1495 1496/1496/1496 1494/1494/1494
f 1515/1515/1515 1497/1497/1497 1514/1514/1514
f 1514/1514/1514 1497/1497/1497 1495/1495/1495
f 1494/1494/1494 1496/1496/1496 1472/1472/1472
f 1472/1472/1472 1496/1496/1496 1473/1473/1473
f 1473/1473/1473 1496/1496/1496 1461/1461/1461
f 1461/1461/1461 1496/1496/1496 1498/1498/1498
f 1498/1498/1498 1500/1500/1500 1461/1461/1461
f 1461/1461/1461 1500/1500/1500 1460/1460/1460
f 1522/1522/1522 1523/1523/1523 1524/1524/1524
f 1525/1525/1525 1526/1526/1526 1527/1527/1527
f 1528/1528/1528 1529/1529/1529 1530/1530/1530
f 1531/1531/1531 1532/1532/1532 1533/1533/1533
f 1528/1528/1528 1533/1533/1533 1529/1529/1529
f 1529/1529/1529 1533/1533/1533 1532/1532/1532
f 1534/1534/1534 1525/1525/1525 1535/1535/1535
f 1535/1535/1535 1525/1525/1525 1528/1528/1528
f 1525/1525/1525 1527/1527/1527 1522/1522/1522
f 1522/1522/1522 1527/1527/1527 1523/1523/1523
f 1536/1536/1536 1533/1533/1533 1537/1537/1537
f 1537/1537/1537 1533/1533/1533 1522/1522/1522
f 1538/1538/1538 1539/1539/1539 1529/1529/1529
f 1529/1529/1529 1539/1539/1539 1530/1530/1530
f 1527/1527/1527 1526/1526/1526 1540/1540/1540
f 1540/1540/1540 1526/1526/1526 1541/1541/1541
f 1523/1523/1523 1542/1542/1542 1524/1524/1524
f 1524/1524/1524 1542/1542/1542 1543/1543/1543
f 1544/1544/1544 1532/1532/1532 1545/1545/1545
f 1545/1545/1545 1532/1532/1532 1531/1531/1531
f 1546/1546/1546 1547/1547/1547 1548/1548/1548
f 1548/1548/1548 1547/1547/1547 1549/1549/1549
f 1550/1550/1550 1551/1551/1551 1552/1552/1552
f 1552/1552/1552 1551/1551/1551 1553/1553/1553
f 1554/1554/1554 1555/1555/1555 1556/1556/1556
f 1556/1556/1556 1555/1555/1555 1557/1557/1557
f 1558/1558/1558 1559/1559/1559 1560/1560/1560
f 1560/1560/1560 1559/1559/1559 1561/1561/1561
f 1548/1548/1548 1558/1558/1558 1546/1546/1546
f 1546/1546/1546 1558/1558/1558 1560/1560/1560
f 1551/1551/1551 1550/1550/1550 1547/1547/1547
f 1547/1547/1547 1550/1550/1550 1549/1549/1549
f 1557/1557/1557 1555/1555/1555 1553/1553/1553
f 1553/1553/1553 1555/1555/1555 1552/1552/1552
f 1556/1556/1556 1561/1561/1561 1554/1554/1554
f 1554/1554/1554 1561/1561/1561 1559/1559/1559
f 1562/1562/1562 1563/1563/1563 1535/1535/1535
f 1535/1535/1535 1563/1563/1563 1534/1534/1534
f 1529/1529/1529 1532/1532/1532 1538/1538/1538
f 1538/1538/1538 1532/1532/1532 1544/1544/1544
f 1537/1537/1537 1564/1564/1564 1536/1536/1536
f 1536/1536/1536 1564/1564/1564 1565/1565/1565
f 1527/1527/1527 1540/1540/1540 1523/1523/1523
f 1523/1523/1523 1540/1540/1540 1542/1542/1542
f 1533/1533/1533 1528/1528/1528 1522/1522/1522
f 1522/1522/1522 1528/1528/1528 1525/1525/1525
f 1549/1549/1549 1550/1550/1550 1566/1566/1566
f 1566/1566/1566 1550/1550/1550 1567/1567/1567
f 1554/1554/1554 1559/1559/1559 1568/1568/1568
f 1568/1568/1568 1559/1559/1559 1569/1569/1569
f 1559/1559/1559 1570/1570/1570 1569/1569/1569
f 1569/1569/1569 1570/1570/1570 1571/1571/1571
f 1572/1572/1572 1573/1573/1573 1568/1568/1568
f 1568/1568/1568 1573/1573/1573 1554/1554/1554
f 1574/1574/1574 1575/1575/1575 1576/1576/1576
f 1576/1576/1576 1575/1575/1575 1577/1577/1577
f 1576/1576/1576 1577/1577/1577 1572/1572/1572
f 1572/1572/1572 1577/1577/1577 1573/1573/1573
f 1578/1578/1578 1579/1579/1579 1580/1580/1580
f 1580/1580/1580 1579/1579/1579 1581/1581/1581
f 1578/1578/1578 1571/1571/1571 1579/1579/1579
f 1579/1579/1579 1571/1571/1571 1570/1570/1570
f 1574/1574/1574 1580/1580/1580 1575/1575/1575
f 1575/1575/1575 1580/1580/1580 1581/1581/1581
f 1582/1582/1582 1583/1583/1583 1584/1584/1584
f 1584/1584/1584 1583/1583/1583 1585/1585/1585
f 1586/1586/1586 1587/1587/1587 1588/1588/1588
f 1588/1588/1588 1587/1587/1587 1589/1589/1589
f 1590/1590/1590 1591/1591/1591 1592/1592/1592
f 1592/1592/1592 1591/1591/1591 1593/1593/1593
f 1594/1594/1594 1595/1595/1595 1596/1596/1596
f 1596/1596/1596 1595/1595/1595 1597/1597/1597
f 1591/1591/1591 1598/1598/1598 1593/1593/1593
f 1596/1596/1596 1597/1597/1597 1599/1599/1599
f 1600/1600/1600 1582/1582/1582 1584/1584/1584
f 1586/1586/1586 1601/1601/1601 1587/1587/1587
f 1601/1601/1601 1586/1586/1586 1598/1598/1598
f 1598/1598/1598 1586/1586/1586 1593/1593/1593
f 1602/1602/1602 1603/1603/1603 1598/1598/1598
f 1598/1598/1598 1603/1603/1603 1599/1599/1599
f 1582/1582/1582 1600/1600/1600 1597/1597/1597
f 1597/1597/1597 1600/1600/1600 1599/1599/1599
f 1601/1601/1601 1600/1600/1600 1604/1604/1604
f 1604/1604/1604 1600/1600/1600 1605/1605/1605
f 1598/1598/1598 1599/1599/1599 1601/1601/1601
f 1601/1601/1601 1599/1599/1599 1600/1600/1600
f 1606/1606/1606 1607/1607/1607 1602/1602/1602
f 1602/1602/1602 1607/1607/1607 1603/1603/1603
f 1592/1592/1592 1593/1593/1593 1588/1588/1588
f 1588/1588/1588 1593/1593/1593 1586/1586/1586
f 1582/1582/1582 1597/1597/1597 1583/1583/1583
f 1583/1583/1583 1597/1597/1597 1595/1595/1595
f 1605/1605/1605 1608/1608/1608 1604/1604/1604
f 1604/1604/1604 1608/1608/1608 1609/1609/1609
f 1548/1548/1548 1549/1549/1549 1610/1610/1610
f 1610/1610/1610 1549/1549/1549 1566/1566/1566
f 1611/1611/1611 1567/1567/1567 1552/1552/1552
f 1550/1550/1550 1552/1552/1552 1567/1567/1567
f 1552/1552/1552 1555/1555/1555 1611/1611/1611
f 1611/1611/1611 1555/1555/1555 1612/1612/1612
f 1573/1573/1573 1612/1612/1612 1554/1554/1554
f 1554/1554/1554 1612/1612/1612 1555/1555/1555
f 1577/1577/1577 1613/1613/1613 1573/1573/1573
f 1573/1573/1573 1613/1613/1613 1612/1612/1612
f 1577/1577/1577 1575/1575/1575 1613/1613/1613
f 1613/1613/1613 1575/1575/1575 1614/1614/1614
f 1615/1615/1615 1614/1614/1614 1581/1581/1581
f 1581/1581/1581 1614/1614/1614 1575/1575/1575
f 1579/1579/1579 1616/1616/1616 1581/1581/1581
f 1581/1581/1581 1616/1616/1616 1615/1615/1615
f 1617/1617/1617 1616/1616/1616 1570/1570/1570
f 1570/1570/1570 1616/1616/1616 1579/1579/1579
f 1617/1617/1617 1570/1570/1570 1558/1558/1558
f 1558/1558/1558 1570/1570/1570 1559/1559/1559
f 1548/1548/1548 1610/1610/1610 1558/1558/1558
f 1558/1558/1558 1610/1610/1610 1617/1617/1617
f 1618/1618/1618 1619/1619/1619 1620/1620/1620
f 1620/1620/1620 1619/1619/1619 1621/1621/1621
f 1622/1622/1622 1620/1620/1620 1623/1623/1623
f 1623/1623/1623 1620/1620/1620 1621/1621/1621
f 1624/1624/1624 1625/1625/1625 1623/1623/1623
f 1623/1623/1623 1625/1625/1625 1622/1622/1622
f 1626/1626/1626 1627/1627/1627 1624/1624/1624
f 1624/1624/1624 1627/1627/1627 1625/1625/1625
f 1627/1627/1627 1626/1626/1626 1628/1628/1628
f 1628/1628/1628 1626/1626/1626 1629/1629/1629
f 1630/1630/1630 1628/1628/1628 1631/1631/1631
f 1631/1631/1631 1628/1628/1628 1629/1629/1629
f 1631/1631/1631 1632/1632/1632 1630/1630/1630
f 1630/1630/1630 1632/1632/1632 1633/1633/1633
f 1634/1634/1634 1635/1635/1635 1632/1632/1632
f 1632/1632/1632 1635/1635/1635 1633/1633/1633
f 1636/1636/1636 1637/1637/1637 1638/1638/1638
f 1638/1638/1638 1637/1637/1637 1639/1639/1639
f 1640/1640/1640 1641/1641/1641 1636/1636/1636
f 1636/1636/1636 1641/1641/1641 1637/1637/1637
f 1642/1642/1642 1643/1643/1643 1640/1640/1640
f 1640/1640/1640 1643/1643/1643 1641/1641/1641
f 1644/1644/1644 1643/1643/1643 1645/1645/1645
f 1645/1645/1645 1643/1643/1643 1642/1642/1642
f 1645/1645/1645 1646/1646/1646 1644/1644/1644
f 1644/1644/1644 1646/1646/1646 1647/1647/1647
f 1610/1610/1610 1566/1566/1566 1648/1648/1648
f 1648/1648/1648 1566/1566/1566 1647/1647/1647
f 1649/1649/1649 1617/1617/1617 1648/1648/1648
f 1648/1648/1648 1617/1617/1617 1610/1610/1610
f 1647/1647/1647 1646/1646/1646 1648/1648/1648
f 1648/1648/1648 1646/1646/1646 1649/1649/1649
f 1617/1617/1617 1649/1649/1649 1616/1616/1616
f 1646/1646/1646 1616/1616/1616 1649/1649/1649
f 1646/1646/1646 1645/1645/1645 1616/1616/1616
f 1616/1616/1616 1645/1645/1645 1615/1615/1615
f 1615/1615/1615 1645/1645/1645 1650/1650/1650
f 1650/1650/1650 1645/1645/1645 1642/1642/1642
f 1650/1650/1650 1642/1642/1642 1651/1651/1651
f 1651/1651/1651 1642/1642/1642 1640/1640/1640
f 1651/1651/1651 1640/1640/1640 1652/1652/1652
f 1652/1652/1652 1640/1640/1640 1636/1636/1636
f 1652/1652/1652 1636/1636/1636 1653/1653/1653
f 1653/1653/1653 1636/1636/1636 1638/1638/1638
f 1654/1654/1654 1634/1634/1634 1655/1655/1655
f 1655/1655/1655 1634/1634/1634 1632/1632/1632
f 1655/1655/1655 1632/1632/1632 1656/1656/1656
f 1656/1656/1656 1632/1632/1632 1631/1631/1631
f 1657/1657/1657 1656/1656/1656 1629/1629/1629
f 1629/1629/1629 1656/1656/1656 1631/1631/1631
f 1657/1657/1657 1629/1629/1629 1658/1658/1658
f 1658/1658/1658 1629/1629/1629 1626/1626/1626
f 1626/1626/1626 1624/1624/1624 1658/1658/1658
f 1658/1658/1658 1624/1624/1624 1659/1659/1659
f 1659/1659/1659 1624/1624/1624 1660/1660/1660
f 1660/1660/1660 1624/1624/1624 1623/1623/1623
f 1660/1660/1660 1623/1623/1623 1661/1661/1661
f 1661/1661/1661 1623/1623/1623 1621/1621/1621
f 1621/1621/1621 1619/1619/1619 1662/1662/1662
f 1662/1662/1662 1619/1619/1619 1663/1663/1663
f 1662/1662/1662 1663/1663/1663 1664/1664/1664
f 1664/1664/1664 1663/1663/1663 1665/1665/1665
f 1664/1664/1664 1661/1661/1661 1662/1662/1662
f 1662/1662/1662 1661/1661/1661 1621/1621/1621
f 1661/1661/1661 1664/1664/1664 1666/1666/1666
f 1666/1666/1666 1664/1664/1664 1665/1665/1665
f 1667/1667/1667 1614/1614/1614 1668/1668/1668
f 1668/1668/1668 1614/1614/1614 1615/1615/1615
f 1669/1669/1669 1668/1668/1668 1650/1650/1650
f 1650/1650/1650 1668/1668/1668 1615/1615/1615
f 1669/1669/1669 1650/1650/1650 1670/1670/1670
f 1670/1670/1670 1650/1650/1650 1651/1651/1651
f 1670/1670/1670 1651/1651/1651 1671/1671/1671
f 1671/1671/1671 1651/1651/1651 1652/1652/1652
f 1652/1652/1652 1653/1653/1653 1671/1671/1671
f 1671/1671/1671 1653/1653/1653 1672/1672/1672
f 1670/1670/1670 1671/1671/1671 1673/1673/1673
f 1673/1673/1673 1671/1671/1671 1672/1672/1672
f 1670/1670/1670 1673/1673/1673 1669/1669/1669
f 1669/1669/1669 1673/1673/1673 1674/1674/1674
f 1669/1669/1669 1674/1674/1674 1668/1668/1668
f 1668/1668/1668 1674/1674/1674 1667/1667/1667
f 1661/1661/1661 1666/1666/1666 1675/1675/1675
f 1675/1675/1675 1666/1666/1666 1676/1676/1676
f 1677/1677/1677 1660/1660/1660 1675/1675/1675
f 1675/1675/1675 1660/1660/1660 1661/1661/1661
f 1660/1660/1660 1677/1677/1677 1659/1659/1659
f 1659/1659/1659 1677/1677/1677 1678/1678/1678
f 1658/1658/1658 1659/1659/1659 1679/1679/1679
f 1679/1679/1679 1659/1659/1659 1678/1678/1678
f 1679/1679/1679 1680/1680/1680 1658/1658/1658
f 1658/1658/1658 1680/1680/1680 1657/1657/1657
f 1657/1657/1657 1680/1680/1680 1656/1656/1656
f 1656/1656/1656 1680/1680/1680 1681/1681/1681
f 1682/1682/1682 1655/1655/1655 1681/1681/1681
f 1681/1681/1681 1655/1655/1655 1656/1656/1656
f 1682/1682/1682 1683/1683/1683 1655/1655/1655
f 1655/1655/1655 1683/1683/1683 1654/1654/1654
f 1684/1684/1684 1685/1685/1685 896/896/896
f 896/896/896 1685/1685/1685 895/895/895
f 1680/1680/1680 1684/1684/1684 1681/1681/1681
f 1681/1681/1681 1684/1684/1684 1682/1682/1682
f 1685/1685/1685 1684/1684/1684 1679/1679/1679
f 1679/1679/1679 1684/1684/1684 1680/1680/1680
f 1679/1679/1679 1678/1678/1678 1685/1685/1685
f 1685/1685/1685 1678/1678/1678 1686/1686/1686
f 1678/1678/1678 1677/1677/1677 1686/1686/1686
f 1686/1686/1686 1677/1677/1677 1675/1675/1675
f 1685/1685/1685 1686/1686/1686 895/895/895
f 895/895/895 1686/1686/1686 893/893/893
f 1676/1676/1676 893/893/893 1675/1675/1675
f 1675/1675/1675 893/893/893 1686/1686/1686
f 1682/1682/1682 896/896/896 1683/1683/1683
f 1683/1683/1683 896/896/896 894/894/894
f 1684/1684/1684 896/896/896 1682/1682/1682
f 892/892/892 891/891/891 900/900/900
f 900/900/900 891/891/891 899/899/899
f 295/295/295 296/296/296 1687/1687/1687
f 1687/1687/1687 296/296/296 1688/1688/1688
f 1687/1687/1687 1688/1688/1688 1689/1689/1689
f 1689/1689/1689 1688/1688/1688 1690/1690/1690
f 1691/1691/1691 1689/1689/1689 1692/1692/1692
f 1692/1692/1692 1689/1689/1689 1690/1690/1690
f 1693/1693/1693 1691/1691/1691 1694/1694/1694
f 1694/1694/1694 1691/1691/1691 1692/1692/1692
f 1695/1695/1695 1693/1693/1693 1696/1696/1696
f 1696/1696/1696 1693/1693/1693 1694/1694/1694
f 1695/1695/1695 1696/1696/1696 1697/1697/1697
f 1697/1697/1697 1696/1696/1696 1698/1698/1698
f 1697/1697/1697 1698/1698/1698 1699/1699/1699
f 1699/1699/1699 1698/1698/1698 1700/1700/1700
f 1699/1699/1699 1700/1700/1700 1701/1701/1701
f 1701/1701/1701 1700/1700/1700 1702/1702/1702
f 1703/1703/1703 1701/1701/1701 1704/1704/1704
f 1704/1704/1704 1701/1701/1701 1702/1702/1702
f 1705/1705/1705 1703/1703/1703 1706/1706/1706
f 1706/1706/1706 1703/1703/1703 1704/1704/1704
f 1707/1707/1707 1705/1705/1705 1708/1708/1708
f 1708/1708/1708 1705/1705/1705 1706/1706/1706
f 1709/1709/1709 1707/1707/1707 1710/1710/1710
f 1710/1710/1710 1707/1707/1707 1708/1708/1708
f 1711/1711/1711 1709/1709/1709 1712/1712/1712
f 1712/1712/1712 1709/1709/1709 1710/1710/1710
f 77/77/77 1711/1711/1711 75/75/75
f 75/75/75 1711/1711/1711 1712/1712/1712
f 1713/1713/1713 825/825/825 909/909/909
f 909/909/909 825/825/825 908/908/908
f 1714/1714/1714 1715/1715/1715 1716/1716/1716
f 1716/1716/1716 1715/1715/1715 1717/1717/1717
f 1718/1718/1718 1714/1714/1714 1719/1719/1719
f 1719/1719/1719 1714/1714/1714 1720/1720/1720
f 1719/1719/1719 1713/1713/1713 1718/1718/1718
f 1718/1718/1718 1713/1713/1713 909/909/909
f 1718/1718/1718 1721/1721/1721 1714/1714/1714
f 1714/1714/1714 1721/1721/1721 1715/1715/1715
f 907/907/907 1721/1721/1721 909/909/909
f 909/909/909 1721/1721/1721 1718/1718/1718
f 1722/1722/1722 1720/1720/1720 1716/1716/1716
f 1716/1716/1716 1720/1720/1720 1714/1714/1714
f 1723/1723/1723 1722/1722/1722 1724/1724/1724
f 1724/1724/1724 1722/1722/1722 1716/1716/1716
f 1716/1716/1716 1717/1717/1717 1724/1724/1724
f 1724/1724/1724 1717/1717/1717 1725/1725/1725
f 1723/1723/1723 1724/1724/1724 1726/1726/1726
f 1726/1726/1726 1724/1724/1724 1727/1727/1727
f 1725/1725/1725 1728/1728/1728 1724/1724/1724
f 1724/1724/1724 1728/1728/1728 1727/1727/1727
f 948/948/948 957/957/957 951/951/951
f 951/951/951 957/957/957 1729/1729/1729
f 1730/1730/1730 952/952/952 1729/1729/1729
f 1729/1729/1729 952/952/952 951/951/951
f 1730/1730/1730 1731/1731/1731 952/952/952
f 952/952/952 1731/1731/1731 954/954/954
f 1732/1732/1732 1733/1733/1733 1734/1734/1734
f 1734/1734/1734 1733/1733/1733 1735/1735/1735
f 1726/1726/1726 1727/1727/1727 1736/1736/1736
f 1736/1736/1736 1727/1727/1727 1737/1737/1737
f 1738/1738/1738 1732/1732/1732 1739/1739/1739
f 1739/1739/1739 1732/1732/1732 1734/1734/1734
f 1727/1727/1727 1728/1728/1728 1737/1737/1737
f 1737/1737/1737 1728/1728/1728 1740/1740/1740
f 1741/1741/1741 1742/1742/1742 1740/1740/1740
f 1740/1740/1740 1742/1742/1742 1737/1737/1737
f 1743/1743/1743 1744/1744/1744 1036/1036/1036
f 1036/1036/1036 1744/1744/1744 1745/1745/1745
f 1744/1744/1744 1746/1746/1746 1745/1745/1745
f 1745/1745/1745 1746/1746/1746 1747/1747/1747
f 1748/1748/1748 905/905/905 1749/1749/1749
f 1749/1749/1749 905/905/905 811/811/811
f 1750/1750/1750 1748/1748/1748 1751/1751/1751
f 1751/1751/1751 1748/1748/1748 1749/1749/1749
f 1745/1745/1745 1747/1747/1747 1751/1751/1751
f 1751/1751/1751 1747/1747/1747 1750/1750/1750
f 1749/1749/1749 811/811/811 1752/1752/1752
f 1752/1752/1752 811/811/811 813/813/813
f 1014/1014/1014 1036/1036/1036 1753/1753/1753
f 1753/1753/1753 1036/1036/1036 1745/1745/1745
f 1754/1754/1754 1753/1753/1753 1751/1751/1751
f 1751/1751/1751 1753/1753/1753 1745/1745/1745
f 1751/1751/1751 1749/1749/1749 1754/1754/1754
f 1754/1754/1754 1749/1749/1749 1752/1752/1752
f 1015/1015/1015 1014/1014/1014 1755/1755/1755
f 1755/1755/1755 1014/1014/1014 1753/1753/1753
f 1752/1752/1752 813/813/813 1756/1756/1756
f 1756/1756/1756 813/813/813 1038/1038/1038
f 1755/1755/1755 1753/1753/1753 1757/1757/1757
f 1757/1757/1757 1753/1753/1753 1754/1754/1754
f 1754/1754/1754 1752/1752/1752 1757/1757/1757
f 1757/1757/1757 1752/1752/1752 1756/1756/1756
f 1758/1758/1758 1759/1759/1759 1760/1760/1760
f 1760/1760/1760 1759/1759/1759 1761/1761/1761
f 1762/1762/1762 1763/1763/1763 1764/1764/1764
f 1764/1764/1764 1763/1763/1763 1765/1765/1765
f 1760/1760/1760 1761/1761/1761 1766/1766/1766
f 1766/1766/1766 1761/1761/1761 1767/1767/1767
f 1765/1765/1765 1763/1763/1763 1767/1767/1767
f 1767/1767/1767 1763/1763/1763 1766/1766/1766
f 1761/1761/1761 1759/1759/1759 1768/1768/1768
f 1768/1768/1768 1759/1759/1759 1769/1769/1769
f 1770/1770/1770 1771/1771/1771 119/119/119
f 1772/1772/1772 1764/1764/1764 1773/1773/1773
f 1773/1773/1773 1764/1764/1764 1765/1765/1765
f 118/118/118 1774/1774/1774 119/119/119
f 119/119/119 1774/1774/1774 144/144/144
f 121/121/121 117/117/117 119/119/119
f 123/123/123 120/120/120 119/119/119
f 125/125/125 122/122/122 119/119/119
f 127/127/127 124/124/124 119/119/119
f 129/129/129 126/126/126 119/119/119
f 131/131/131 128/128/128 119/119/119
f 133/133/133 130/130/130 119/119/119
f 135/135/135 132/132/132 119/119/119
f 137/137/137 134/134/134 119/119/119
f 139/139/139 136/136/136 119/119/119
f 141/141/141 138/138/138 119/119/119
f 143/143/143 140/140/140 119/119/119
f 1771/1771/1771 142/142/142 119/119/119
f 1775/1775/1775 1770/1770/1770 119/119/119
f 119/119/119 1776/1776/1776 1775/1775/1775
f 145/145/145 1776/1776/1776 119/119/119
f 1773/1773/1773 1765/1765/1765 1777/1777/1777
f 1777/1777/1777 1765/1765/1765 1767/1767/1767
f 1777/1777/1777 1767/1767/1767 1768/1768/1768
f 1768/1768/1768 1767/1767/1767 1761/1761/1761
f 1734/1734/1734 1735/1735/1735 1742/1742/1742
f 1742/1742/1742 1735/1735/1735 1778/1778/1778
f 1736/1736/1736 1737/1737/1737 1778/1778/1778
f 1778/1778/1778 1737/1737/1737 1742/1742/1742
f 1739/1739/1739 1734/1734/1734 1741/1741/1741
f 1741/1741/1741 1734/1734/1734 1742/1742/1742
f 1733/1733/1733 1732/1732/1732 1779/1779/1779
f 1779/1779/1779 1732/1732/1732 1780/1780/1780
f 1732/1732/1732 1738/1738/1738 1780/1780/1780
f 1780/1780/1780 1738/1738/1738 1781/1781/1781
f 1782/1782/1782 1783/1783/1783 1744/1744/1744
f 1744/1744/1744 1783/1783/1783 1746/1746/1746
f 1783/1783/1783 1782/1782/1782 1784/1784/1784
f 1784/1784/1784 1782/1782/1782 1785/1785/1785
f 1779/1779/1779 1780/1780/1780 1786/1786/1786
f 1786/1786/1786 1780/1780/1780 1787/1787/1787
f 1780/1780/1780 1781/1781/1781 1787/1787/1787
f 1787/1787/1787 1781/1781/1781 1788/1788/1788
f 1789/1789/1789 1786/1786/1786 1790/1790/1790
f 1790/1790/1790 1786/1786/1786 1787/1787/1787
f 1791/1791/1791 954/954/954 1792/1792/1792
f 1792/1792/1792 954/954/954 1731/1731/1731
f 1790/1790/1790 1787/1787/1787 1793/1793/1793
f 1793/1793/1793 1787/1787/1787 1788/1788/1788
f 1794/1794/1794 955/955/955 1791/1791/1791
f 1791/1791/1791 955/955/955 954/954/954
f 1795/1795/1795 1790/1790/1790 1796/1796/1796
f 1796/1796/1796 1790/1790/1790 1793/1793/1793
f 1036/1036/1036 1035/1035/1035 1743/1743/1743
f 1743/1743/1743 1035/1035/1035 1797/1797/1797
f 1035/1035/1035 1034/1034/1034 1797/1797/1797
f 1797/1797/1797 1034/1034/1034 1798/1798/1798
f 1744/1744/1744 1743/1743/1743 1782/1782/1782
f 1782/1782/1782 1743/1743/1743 1799/1799/1799
f 1743/1743/1743 1797/1797/1797 1799/1799/1799
f 1799/1799/1799 1797/1797/1797 1800/1800/1800
f 1801/1801/1801 1802/1802/1802 1785/1785/1785
f 1785/1785/1785 1802/1802/1802 1784/1784/1784
f 1802/1802/1802 1801/1801/1801 1803/1803/1803
f 1803/1803/1803 1801/1801/1801 1804/1804/1804
f 1805/1805/1805 1806/1806/1806 1804/1804/1804
f 1804/1804/1804 1806/1806/1806 1803/1803/1803
f 1804/1804/1804 1807/1807/1807 1805/1805/1805
f 1805/1805/1805 1807/1807/1807 1808/1808/1808
f 904/904/904 903/903/903 1809/1809/1809
f 1809/1809/1809 903/903/903 1810/1810/1810
f 1810/1810/1810 1811/1811/1811 1809/1809/1809
f 1809/1809/1809 1811/1811/1811 1812/1812/1812
f 1813/1813/1813 1814/1814/1814 1815/1815/1815
f 1815/1815/1815 1814/1814/1814 1816/1816/1816
f 1354/1354/1354 1355/1355/1355 1816/1816/1816
f 1816/1816/1816 1355/1355/1355 1817/1817/1817
f 1817/1817/1817 1815/1815/1815 1816/1816/1816
f 902/902/902 904/904/904 1356/1356/1356
f 1356/1356/1356 904/904/904 1817/1817/1817
f 1817/1817/1817 904/904/904 1815/1815/1815
f 1815/1815/1815 904/904/904 1809/1809/1809
f 1355/1355/1355 1357/1357/1357 1817/1817/1817
f 1817/1817/1817 1357/1357/1357 1356/1356/1356
f 1815/1815/1815 1809/1809/1809 1813/1813/1813
f 1813/1813/1813 1809/1809/1809 1812/1812/1812
f 1818/1818/1818 1819/1819/1819 1820/1820/1820
f 1799/1799/1799 1800/1800/1800 1818/1818/1818
f 1818/1818/1818 1800/1800/1800 1819/1819/1819
f 1818/1818/1818 1785/1785/1785 1799/1799/1799
f 1799/1799/1799 1785/1785/1785 1782/1782/1782
f 1820/1820/1820 1801/1801/1801 1818/1818/1818
f 1818/1818/1818 1801/1801/1801 1785/1785/1785
f 1807/1807/1807 1804/1804/1804 1820/1820/1820
f 1820/1820/1820 1804/1804/1804 1801/1801/1801
f 1816/1816/1816 1814/1814/1814 1354/1354/1354
f 1354/1354/1354 1814/1814/1814 1821/1821/1821
f 1822/1822/1822 1823/1823/1823 1824/1824/1824
f 1193/1193/1193 1194/1194/1194 1821/1821/1821
f 1821/1821/1821 1194/1194/1194 1354/1354/1354
f 1824/1824/1824 1823/1823/1823 1807/1807/1807
f 1807/1807/1807 1823/1823/1823 1808/1808/1808
f 1820/1820/1820 1819/1819/1819 1807/1807/1807
f 1807/1807/1807 1819/1819/1819 1824/1824/1824
f 1825/1825/1825 1033/1033/1033 1139/1139/1139
f 1139/1139/1139 1033/1033/1033 1029/1029/1029
f 1798/1798/1798 1034/1034/1034 1825/1825/1825
f 1825/1825/1825 1034/1034/1034 1033/1033/1033
f 1826/1826/1826 1798/1798/1798 1825/1825/1825
f 1139/1139/1139 1183/1183/1183 1825/1825/1825
f 1825/1825/1825 1183/1183/1183 1822/1822/1822
f 1825/1825/1825 1822/1822/1822 1826/1826/1826
f 1826/1826/1826 1822/1822/1822 1824/1824/1824
f 1797/1797/1797 1798/1798/1798 1800/1800/1800
f 1800/1800/1800 1798/1798/1798 1826/1826/1826
f 1824/1824/1824 1819/1819/1819 1826/1826/1826
f 1826/1826/1826 1819/1819/1819 1800/1800/1800
f 1795/1795/1795 1791/1791/1791 1827/1827/1827
f 1827/1827/1827 1791/1791/1791 1792/1792/1792
f 1827/1827/1827 1789/1789/1789 1795/1795/1795
f 1795/1795/1795 1789/1789/1789 1790/1790/1790
f 1796/1796/1796 1794/1794/1794 1795/1795/1795
f 1795/1795/1795 1794/1794/1794 1791/1791/1791
f 1828/1828/1828 1829/1829/1829 1830/1830/1830
f 1830/1830/1830 1829/1829/1829 1831/1831/1831
f 1829/1829/1829 1832/1832/1832 1833/1833/1833
f 1833/1833/1833 1832/1832/1832 1834/1834/1834
f 1828/1828/1828 1835/1835/1835 1836/1836/1836
f 1835/1835/1835 1837/1837/1837 1836/1836/1836
f 1729/1729/1729 1838/1838/1838 1730/1730/1730
f 1839/1839/1839 1730/1730/1730 1838/1838/1838
f 1729/1729/1729 957/957/957 1840/1840/1840
f 1840/1840/1840 957/957/957 1841/1841/1841
f 957/957/957 1842/1842/1842 1841/1841/1841
f 957/957/957 956/956/956 1843/1843/1843
f 1843/1843/1843 956/956/956 1844/1844/1844
f 1843/1843/1843 1842/1842/1842 957/957/957
f 956/956/956 1845/1845/1845 1844/1844/1844
f 958/958/958 1846/1846/1846 956/956/956
f 956/956/956 1846/1846/1846 1847/1847/1847
f 1847/1847/1847 1845/1845/1845 956/956/956
f 958/958/958 1848/1848/1848 1846/1846/1846
f 958/958/958 959/959/959 1849/1849/1849
f 1849/1849/1849 959/959/959 1850/1850/1850
f 1849/1849/1849 1848/1848/1848 958/958/958
f 959/959/959 1851/1851/1851 1850/1850/1850
f 1852/1852/1852 1851/1851/1851 959/959/959
f 1730/1730/1730 1839/1839/1839 1853/1853/1853
f 1729/1729/1729 1840/1840/1840 1854/1854/1854
f 1729/1729/1729 1854/1854/1854 1838/1838/1838
f 1855/1855/1855 1856/1856/1856 1857/1857/1857
f 1857/1857/1857 1856/1856/1856 1858/1858/1858
f 1857/1857/1857 1835/1835/1835 1855/1855/1855
f 1855/1855/1855 1835/1835/1835 1859/1859/1859
f 1835/1835/1835 1857/1857/1857 1837/1837/1837
f 1837/1837/1837 1857/1857/1857 1860/1860/1860
f 1857/1857/1857 1858/1858/1858 1860/1860/1860
f 1860/1860/1860 1858/1858/1858 1861/1861/1861
f 1837/1837/1837 1860/1860/1860 1862/1862/1862
f 1862/1862/1862 1860/1860/1860 1863/1863/1863
f 1860/1860/1860 1861/1861/1861 1863/1863/1863
f 1863/1863/1863 1861/1861/1861 1864/1864/1864
f 1863/1863/1863 1865/1865/1865 1862/1862/1862
f 1862/1862/1862 1865/1865/1865 1866/1866/1866
f 1863/1863/1863 1864/1864/1864 1865/1865/1865
f 1865/1865/1865 1864/1864/1864 1867/1867/1867
f 1866/1866/1866 1865/1865/1865 1868/1868/1868
f 1868/1868/1868 1865/1865/1865 1869/1869/1869
f 1865/1865/1865 1867/1867/1867 1869/1869/1869
f 1869/1869/1869 1867/1867/1867 1870/1870/1870
f 1869/1869/1869 1871/1871/1871 1868/1868/1868
f 1868/1868/1868 1871/1871/1871 1872/1872/1872
f 1869/1869/1869 1870/1870/1870 1871/1871/1871
f 1871/1871/1871 1870/1870/1870 1873/1873/1873
f 1872/1872/1872 1871/1871/1871 1874/1874/1874
f 1874/1874/1874 1871/1871/1871 1875/1875/1875
f 1875/1875/1875 1871/1871/1871 1876/1876/1876
f 1876/1876/1876 1871/1871/1871 1873/1873/1873
f 1875/1875/1875 1877/1877/1877 1874/1874/1874
f 1874/1874/1874 1877/1877/1877 1878/1878/1878
f 1875/1875/1875 1876/1876/1876 1877/1877/1877
f 1877/1877/1877 1876/1876/1876 1879/1879/1879
f 1878/1878/1878 1877/1877/1877 1880/1880/1880
f 1880/1880/1880 1877/1877/1877 1881/1881/1881
f 1881/1881/1881 1877/1877/1877 1882/1882/1882
f 1882/1882/1882 1877/1877/1877 1879/1879/1879
f 1880/1880/1880 1881/1881/1881 818/818/818
f 818/818/818 1881/1881/1881 1883/1883/1883
f 1881/1881/1881 1882/1882/1882 1883/1883/1883
f 1883/1883/1883 1882/1882/1882 1884/1884/1884
f 1883/1883/1883 1885/1885/1885 818/818/818
f 818/818/818 1885/1885/1885 1852/1852/1852
f 1883/1883/1883 1884/1884/1884 1885/1885/1885
f 1885/1885/1885 1884/1884/1884 1886/1886/1886
f 1887/1887/1887 1888/1888/1888 1889/1889/1889
f 1889/1889/1889 1888/1888/1888 1890/1890/1890
f 1849/1849/1849 1850/1850/1850 1887/1887/1887
f 1887/1887/1887 1850/1850/1850 1888/1888/1888
f 1891/1891/1891 1892/1892/1892 1888/1888/1888
f 1888/1888/1888 1892/1892/1892 1890/1890/1890
f 1888/1888/1888 1850/1850/1850 1891/1891/1891
f 1891/1891/1891 1850/1850/1850 1851/1851/1851
f 1852/1852/1852 1885/1885/1885 1851/1851/1851
f 1851/1851/1851 1885/1885/1885 1891/1891/1891
f 1885/1885/1885 1886/1886/1886 1891/1891/1891
f 1891/1891/1891 1886/1886/1886 1892/1892/1892
f 1849/1849/1849 1887/1887/1887 1848/1848/1848
f 1848/1848/1848 1887/1887/1887 1893/1893/1893
f 1887/1887/1887 1889/1889/1889 1893/1893/1893
f 1893/1893/1893 1889/1889/1889 1894/1894/1894
f 1895/1895/1895 1896/1896/1896 1897/1897/1897
f 1897/1897/1897 1896/1896/1896 1898/1898/1898
f 1895/1895/1895 1845/1845/1845 1896/1896/1896
f 1896/1896/1896 1845/1845/1845 1847/1847/1847
f 1896/1896/1896 1899/1899/1899 1898/1898/1898
f 1898/1898/1898 1899/1899/1899 1900/1900/1900
f 1896/1896/1896 1847/1847/1847 1899/1899/1899
f 1899/1899/1899 1847/1847/1847 1846/1846/1846
f 1893/1893/1893 1899/1899/1899 1848/1848/1848
f 1848/1848/1848 1899/1899/1899 1846/1846/1846
f 1893/1893/1893 1894/1894/1894 1899/1899/1899
f 1899/1899/1899 1894/1894/1894 1900/1900/1900
f 1895/1895/1895 1901/1901/1901 1845/1845/1845
f 1845/1845/1845 1901/1901/1901 1844/1844/1844
f 1901/1901/1901 1895/1895/1895 1902/1902/1902
f 1902/1902/1902 1895/1895/1895 1897/1897/1897
f 1844/1844/1844 1901/1901/1901 1843/1843/1843
f 1843/1843/1843 1901/1901/1901 1903/1903/1903
f 1903/1903/1903 1901/1901/1901 1904/1904/1904
f 1904/1904/1904 1901/1901/1901 1902/1902/1902
f 1903/1903/1903 1905/1905/1905 1843/1843/1843
f 1843/1843/1843 1905/1905/1905 1842/1842/1842
f 1905/1905/1905 1903/1903/1903 1906/1906/1906
f 1906/1906/1906 1903/1903/1903 1904/1904/1904
f 1842/1842/1842 1905/1905/1905 1841/1841/1841
f 1841/1841/1841 1905/1905/1905 1907/1907/1907
f 1905/1905/1905 1906/1906/1906 1907/1907/1907
f 1907/1907/1907 1906/1906/1906 1908/1908/1908
f 1841/1841/1841 1907/1907/1907 1840/1840/1840
f 1840/1840/1840 1907/1907/1907 1909/1909/1909
f 1907/1907/1907 1908/1908/1908 1909/1909/1909
f 1909/1909/1909 1908/1908/1908 1910/1910/1910
f 1909/1909/1909 1911/1911/1911 1840/1840/1840
f 1840/1840/1840 1911/1911/1911 1854/1854/1854
f 1909/1909/1909 1910/1910/1910 1911/1911/1911
f 1911/1911/1911 1910/1910/1910 1912/1912/1912
f 1911/1911/1911 1913/1913/1913 1854/1854/1854
f 1854/1854/1854 1913/1913/1913 1838/1838/1838
f 1911/1911/1911 1912/1912/1912 1913/1913/1913
f 1913/1913/1913 1912/1912/1912 1914/1914/1914
f 1838/1838/1838 1913/1913/1913 1839/1839/1839
f 1839/1839/1839 1913/1913/1913 1915/1915/1915
f 1913/1913/1913 1914/1914/1914 1915/1915/1915
f 1915/1915/1915 1914/1914/1914 1916/1916/1916
f 1915/1915/1915 1917/1917/1917 1839/1839/1839
f 1839/1839/1839 1917/1917/1917 1853/1853/1853
f 1917/1917/1917 1915/1915/1915 1918/1918/1918
f 1918/1918/1918 1915/1915/1915 1916/1916/1916
f 1853/1853/1853 1917/1917/1917 1919/1919/1919
f 1919/1919/1919 1917/1917/1917 1920/1920/1920
f 1920/1920/1920 1917/1917/1917 1921/1921/1921
f 1921/1921/1921 1917/1917/1917 1918/1918/1918
f 1919/1919/1919 1920/1920/1920 1922/1922/1922
f 1922/1922/1922 1920/1920/1920 1923/1923/1923
f 1920/1920/1920 1921/1921/1921 1923/1923/1923
f 1923/1923/1923 1921/1921/1921 1924/1924/1924
f 1923/1923/1923 1925/1925/1925 1922/1922/1922
f 1922/1922/1922 1925/1925/1925 1926/1926/1926
f 1925/1925/1925 1923/1923/1923 1927/1927/1927
f 1927/1927/1927 1923/1923/1923 1924/1924/1924
f 1926/1926/1926 1925/1925/1925 1834/1834/1834
f 1834/1834/1834 1925/1925/1925 1928/1928/1928
f 1928/1928/1928 1925/1925/1925 1929/1929/1929
f 1929/1929/1929 1925/1925/1925 1927/1927/1927
f 1928/1928/1928 1930/1930/1930 1834/1834/1834
f 1834/1834/1834 1930/1930/1930 1833/1833/1833
f 1928/1928/1928 1929/1929/1929 1930/1930/1930
f 1930/1930/1930 1929/1929/1929 1931/1931/1931
f 1930/1930/1930 1932/1932/1932 1833/1833/1833
f 1833/1833/1833 1932/1932/1932 1933/1933/1933
f 1930/1930/1930 1931/1931/1931 1932/1932/1932
f 1932/1932/1932 1931/1931/1931 1934/1934/1934
f 1933/1933/1933 1932/1932/1932 1831/1831/1831
f 1831/1831/1831 1932/1932/1932 1935/1935/1935
f 1932/1932/1932 1934/1934/1934 1935/1935/1935
f 1935/1935/1935 1934/1934/1934 1936/1936/1936
f 1937/1937/1937 1938/1938/1938 1855/1855/1855
f 1855/1855/1855 1938/1938/1938 1856/1856/1856
f 1859/1859/1859 1830/1830/1830 1855/1855/1855
f 1855/1855/1855 1830/1830/1830 1937/1937/1937
f 1831/1831/1831 1935/1935/1935 1830/1830/1830
f 1830/1830/1830 1935/1935/1935 1937/1937/1937
f 1935/1935/1935 1936/1936/1936 1937/1937/1937
f 1937/1937/1937 1936/1936/1936 1938/1938/1938
f 1939/1939/1939 1940/1940/1940 1836/1836/1836
f 1836/1836/1836 1940/1940/1940 1941/1941/1941
f 1942/1942/1942 1943/1943/1943 806/806/806
f 806/806/806 1943/1943/1943 808/808/808
f 1944/1944/1944 1942/1942/1942 803/803/803
f 803/803/803 1942/1942/1942 806/806/806
f 1940/1940/1940 1944/1944/1944 802/802/802
f 802/802/802 1944/1944/1944 803/803/803
f 1940/1940/1940 802/802/802 1941/1941/1941
f 1941/1941/1941 802/802/802 800/800/800
f 800/800/800 798/798/798 1941/1941/1941
f 1941/1941/1941 798/798/798 1945/1945/1945
f 798/798/798 796/796/796 1945/1945/1945
f 1945/1945/1945 796/796/796 1946/1946/1946
f 796/796/796 794/794/794 1946/1946/1946
f 1946/1946/1946 794/794/794 1947/1947/1947
f 794/794/794 792/792/792 1947/1947/1947
f 1947/1947/1947 792/792/792 1948/1948/1948
f 792/792/792 790/790/790 1948/1948/1948
f 1948/1948/1948 790/790/790 1949/1949/1949
f 790/790/790 788/788/788 1949/1949/1949
f 1949/1949/1949 788/788/788 1950/1950/1950
f 1950/1950/1950 788/788/788 1951/1951/1951
f 1951/1951/1951 788/788/788 785/785/785
f 1951/1951/1951 785/785/785 1952/1952/1952
f 1952/1952/1952 785/785/785 783/783/783
f 1952/1952/1952 783/783/783 1953/1953/1953
f 1953/1953/1953 783/783/783 782/782/782
f 1953/1953/1953 782/782/782 1954/1954/1954
f 1954/1954/1954 782/782/782 756/756/756
f 1954/1954/1954 756/756/756 1955/1955/1955
f 1955/1955/1955 756/756/756 754/754/754
f 1955/1955/1955 754/754/754 1956/1956/1956
f 1956/1956/1956 754/754/754 758/758/758
f 1956/1956/1956 758/758/758 1957/1957/1957
f 1957/1957/1957 758/758/758 760/760/760
f 1957/1957/1957 760/760/760 1958/1958/1958
f 1958/1958/1958 760/760/760 762/762/762
f 1958/1958/1958 762/762/762 1959/1959/1959
f 1959/1959/1959 762/762/762 763/763/763
f 1959/1959/1959 763/763/763 1960/1960/1960
f 1960/1960/1960 763/763/763 766/766/766
f 1960/1960/1960 766/766/766 1961/1961/1961
f 1961/1961/1961 766/766/766 769/769/769
f 1961/1961/1961 769/769/769 1962/1962/1962
f 1962/1962/1962 769/769/769 773/773/773
f 773/773/773 777/777/777 1962/1962/1962
f 1962/1962/1962 777/777/777 1963/1963/1963
f 777/777/777 779/779/779 1963/1963/1963
f 1963/1963/1963 779/779/779 1964/1964/1964
f 779/779/779 776/776/776 1964/1964/1964
f 1964/1964/1964 776/776/776 1965/1965/1965
f 776/776/776 771/771/771 1965/1965/1965
f 1965/1965/1965 771/771/771 1966/1966/1966
f 771/771/771 767/767/767 1966/1966/1966
f 1966/1966/1966 767/767/767 1967/1967/1967
f 767/767/767 742/742/742 1967/1967/1967
f 1967/1967/1967 742/742/742 1968/1968/1968
f 742/742/742 740/740/740 1968/1968/1968
f 1968/1968/1968 740/740/740 1969/1969/1969
f 1969/1969/1969 740/740/740 1970/1970/1970
f 1970/1970/1970 740/740/740 744/744/744
f 744/744/744 745/745/745 1970/1970/1970
f 1970/1970/1970 745/745/745 1971/1971/1971
f 745/745/745 748/748/748 1971/1971/1971
f 1971/1971/1971 748/748/748 1972/1972/1972
f 1972/1972/1972 748/748/748 1973/1973/1973
f 1973/1973/1973 748/748/748 750/750/750
f 750/750/750 751/751/751 1973/1973/1973
f 1973/1973/1973 751/751/751 1974/1974/1974
f 1974/1974/1974 751/751/751 1975/1975/1975
f 1975/1975/1975 751/751/751 810/810/810
f 810/810/810 808/808/808 1975/1975/1975
f 1975/1975/1975 808/808/808 1943/1943/1943
f 1976/1976/1976 1939/1939/1939 1977/1977/1977
f 1977/1977/1977 1939/1939/1939 1978/1978/1978
f 1979/1979/1979 1976/1976/1976 1980/1980/1980
f 1980/1980/1980 1976/1976/1976 1981/1981/1981
f 1982/1982/1982 1979/1979/1979 1983/1983/1983
f 1983/1983/1983 1979/1979/1979 1984/1984/1984
f 1985/1985/1985 1986/1986/1986 1987/1987/1987
f 1987/1987/1987 1986/1986/1986 1988/1988/1988
f 1989/1989/1989 1990/1990/1990 1991/1991/1991
f 1991/1991/1991 1990/1990/1990 1988/1988/1988
f 1992/1992/1992 1993/1993/1993 1994/1994/1994
f 1994/1994/1994 1993/1993/1993 1995/1995/1995
f 1983/1983/1983 1996/1996/1996 1982/1982/1982
f 1997/1997/1997 1998/1998/1998 1999/1999/1999
f 825/825/825 2000/2000/2000 826/826/826
f 826/826/826 2000/2000/2000 2001/2001/2001
f 2002/2002/2002 2000/2000/2000 1713/1713/1713
f 1713/1713/1713 2000/2000/2000 825/825/825
f 2003/2003/2003 2004/2004/2004 1722/1722/1722
f 1722/1722/1722 2004/2004/2004 1720/1720/1720
f 1720/1720/1720 2004/2004/2004 1719/1719/1719
f 1719/1719/1719 2004/2004/2004 2005/2005/2005
f 2005/2005/2005 2002/2002/2002 1719/1719/1719
f 1719/1719/1719 2002/2002/2002 1713/1713/1713
f 1723/1723/1723 2006/2006/2006 1722/1722/1722
f 1722/1722/1722 2006/2006/2006 2003/2003/2003
f 2006/2006/2006 1723/1723/1723 2007/2007/2007
f 2007/2007/2007 1723/1723/1723 1726/1726/1726
f 1736/1736/1736 2008/2008/2008 1726/1726/1726
f 1726/1726/1726 2008/2008/2008 2007/2007/2007
f 1733/1733/1733 2009/2009/2009 1735/1735/1735
f 1735/1735/1735 2009/2009/2009 2010/2010/2010
f 2011/2011/2011 2012/2012/2012 1731/1731/1731
f 1731/1731/1731 2012/2012/2012 1792/1792/1792
f 1730/1730/1730 2013/2013/2013 1731/1731/1731
f 1731/1731/1731 2013/2013/2013 2011/2011/2011
f 1735/1735/1735 2010/2010/2010 1778/1778/1778
f 1778/1778/1778 2010/2010/2010 2014/2014/2014
f 1778/1778/1778 2014/2014/2014 1736/1736/1736
f 1736/1736/1736 2014/2014/2014 2008/2008/2008
f 1779/1779/1779 2015/2015/2015 1733/1733/1733
f 1733/1733/1733 2015/2015/2015 2009/2009/2009
f 2015/2015/2015 1779/1779/1779 2016/2016/2016
f 2016/2016/2016 1779/1779/1779 1786/1786/1786
f 2017/2017/2017 2016/2016/2016 1789/1789/1789
f 1789/1789/1789 2016/2016/2016 1786/1786/1786
f 2012/2012/2012 2018/2018/2018 1792/1792/1792
f 1792/1792/1792 2018/2018/2018 1827/1827/1827
f 2018/2018/2018 2017/2017/2017 1827/1827/1827
f 1827/1827/1827 2017/2017/2017 1789/1789/1789
f 1859/1859/1859 1828/1828/1828 1830/1830/1830
f 1831/1831/1831 1829/1829/1829 1933/1933/1933
f 1828/1828/1828 1859/1859/1859 1835/1835/1835
f 1829/1829/1829 1833/1833/1833 1933/1933/1933
f 1836/1836/1836 1837/1837/1837 1862/1862/1862
f 1832/1832/1832 1926/1926/1926 1834/1834/1834
f 2019/2019/2019 1922/1922/1922 1832/1832/1832
f 1832/1832/1832 1922/1922/1922 1926/1926/1926
f 2013/2013/2013 1919/1919/1919 2019/2019/2019
f 2019/2019/2019 1919/1919/1919 1922/1922/1922
f 1853/1853/1853 1919/1919/1919 1730/1730/1730
f 1730/1730/1730 1919/1919/1919 2013/2013/2013
f 1975/1975/1975 1943/1943/1943 1987/1987/1987
f 1987/1987/1987 1943/1943/1943 1982/1982/1982
f 1979/1979/1979 1982/1982/1982 1942/1942/1942
f 1942/1942/1942 1982/1982/1982 1943/1943/1943
f 1979/1979/1979 1942/1942/1942 1976/1976/1976
f 1976/1976/1976 1942/1942/1942 1944/1944/1944
f 1940/1940/1940 1939/1939/1939 1944/1944/1944
f 1944/1944/1944 1939/1939/1939 1976/1976/1976
f 1941/1941/1941 1945/1945/1945 1836/1836/1836
f 1836/1836/1836 1945/1945/1945 1828/1828/1828
f 1829/1829/1829 1828/1828/1828 1946/1946/1946
f 1946/1946/1946 1828/1828/1828 1945/1945/1945
f 1832/1832/1832 1829/1829/1829 1947/1947/1947
f 1947/1947/1947 1829/1829/1829 1946/1946/1946
f 2019/2019/2019 1832/1832/1832 1948/1948/1948
f 1948/1948/1948 1832/1832/1832 1947/1947/1947
f 2013/2013/2013 2019/2019/2019 1949/1949/1949
f 1949/1949/1949 2019/2019/2019 1948/1948/1948
f 2011/2011/2011 2013/2013/2013 1950/1950/1950
f 1950/1950/1950 2013/2013/2013 1949/1949/1949
f 2011/2011/2011 1950/1950/1950 2012/2012/2012
f 2012/2012/2012 1950/1950/1950 1951/1951/1951
f 2012/2012/2012 1951/1951/1951 2018/2018/2018
f 2018/2018/2018 1951/1951/1951 1952/1952/1952
f 2018/2018/2018 1952/1952/1952 2017/2017/2017
f 2017/2017/2017 1952/1952/1952 1953/1953/1953
f 2016/2016/2016 2017/2017/2017 1954/1954/1954
f 1954/1954/1954 2017/2017/2017 1953/1953/1953
f 2016/2016/2016 1954/1954/1954 2015/2015/2015
f 2015/2015/2015 1954/1954/1954 1955/1955/1955
f 2009/2009/2009 2015/2015/2015 1956/1956/1956
f 1956/1956/1956 2015/2015/2015 1955/1955/1955
f 2009/2009/2009 1956/1956/1956 2010/2010/2010
f 2010/2010/2010 1956/1956/1956 1957/1957/1957
f 2010/2010/2010 1957/1957/1957 2014/2014/2014
f 2014/2014/2014 1957/1957/1957 1958/1958/1958
f 2014/2014/2014 1958/1958/1958 2008/2008/2008
f 2008/2008/2008 1958/1958/1958 1959/1959/1959
f 2008/2008/2008 1959/1959/1959 2007/2007/2007
f 2007/2007/2007 1959/1959/1959 1960/1960/1960
f 2007/2007/2007 1960/1960/1960 2006/2006/2006
f 2006/2006/2006 1960/1960/1960 1961/1961/1961
f 2006/2006/2006 1961/1961/1961 2003/2003/2003
f 2003/2003/2003 1961/1961/1961 1962/1962/1962
f 2004/2004/2004 2003/2003/2003 1963/1963/1963
f 1963/1963/1963 2003/2003/2003 1962/1962/1962
f 2005/2005/2005 2004/2004/2004 1964/1964/1964
f 1964/1964/1964 2004/2004/2004 1963/1963/1963
f 2002/2002/2002 2005/2005/2005 1965/1965/1965
f 1965/1965/1965 2005/2005/2005 1964/1964/1964
f 2002/2002/2002 1965/1965/1965 2000/2000/2000
f 2000/2000/2000 1965/1965/1965 1966/1966/1966
f 2001/2001/2001 2000/2000/2000 1967/1967/1967
f 1967/1967/1967 2000/2000/2000 1966/1966/1966
f 2001/2001/2001 1967/1967/1967 2020/2020/2020
f 2020/2020/2020 1967/1967/1967 1968/1968/1968
f 1993/1993/1993 2020/2020/2020 1969/1969/1969
f 1969/1969/1969 2020/2020/2020 1968/1968/1968
f 1993/1993/1993 1969/1969/1969 1995/1995/1995
f 1995/1995/1995 1969/1969/1969 1970/1970/1970
f 1997/1997/1997 1995/1995/1995 1971/1971/1971
f 1971/1971/1971 1995/1995/1995 1970/1970/1970
f 1997/1997/1997 1971/1971/1971 1998/1998/1998
f 1998/1998/1998 1971/1971/1971 1972/1972/1972
f 1990/1990/1990 1998/1998/1998 1973/1973/1973
f 1973/1973/1973 1998/1998/1998 1972/1972/1972
f 1990/1990/1990 1973/1973/1973 1988/1988/1988
f 1988/1988/1988 1973/1973/1973 1974/1974/1974
f 1975/1975/1975 1987/1987/1987 1974/1974/1974
f 1974/1974/1974 1987/1987/1987 1988/1988/1988
f 2021/2021/2021 2022/2022/2022 1874/1874/1874
f 1874/1874/1874 2022/2022/2022 1872/1872/1872
f 2022/2022/2022 2023/2023/2023 1872/1872/1872
f 1872/1872/1872 2023/2023/2023 1868/1868/1868
f 2023/2023/2023 2024/2024/2024 1868/1868/1868
f 1868/1868/1868 2024/2024/2024 1866/1866/1866
f 2025/2025/2025 2021/2021/2021 1878/1878/1878
f 1878/1878/1878 2021/2021/2021 1874/1874/1874
f 2026/2026/2026 2027/2027/2027 821/821/821
f 821/821/821 2027/2027/2027 2028/2028/2028
f 2024/2024/2024 2029/2029/2029 1866/1866/1866
f 1866/1866/1866 2029/2029/2029 1862/1862/1862
f 1983/1983/1983 2030/2030/2030 1996/1996/1996
f 2031/2031/2031 2027/2027/2027 2032/2032/2032
f 2032/2032/2032 2027/2027/2027 2026/2026/2026
f 2033/2033/2033 2025/2025/2025 1880/1880/1880
f 1880/1880/1880 2025/2025/2025 1878/1878/1878
f 1880/1880/1880 817/817/817 2034/2034/2034
f 817/817/817 2035/2035/2035 2034/2034/2034
f 2036/2036/2036 2035/2035/2035 817/817/817
f 1880/1880/1880 2034/2034/2034 2033/2033/2033
f 2037/2037/2037 2038/2038/2038 960/960/960
f 960/960/960 2038/2038/2038 817/817/817
f 960/960/960 2039/2039/2039 2037/2037/2037
f 2040/2040/2040 2041/2041/2041 2042/2042/2042
f 960/960/960 961/961/961 2043/2043/2043
f 2043/2043/2043 961/961/961 2044/2044/2044
f 2043/2043/2043 2039/2039/2039 960/960/960
f 961/961/961 2045/2045/2045 2044/2044/2044
f 843/843/843 2046/2046/2046 961/961/961
f 961/961/961 2046/2046/2046 2047/2047/2047
f 961/961/961 2047/2047/2047 2045/2045/2045
f 843/843/843 2048/2048/2048 2046/2046/2046
f 843/843/843 822/822/822 2049/2049/2049
f 2049/2049/2049 822/822/822 2050/2050/2050
f 843/843/843 2049/2049/2049 2048/2048/2048
f 822/822/822 2051/2051/2051 2050/2050/2050
f 2052/2052/2052 2031/2031/2031 2053/2053/2053
f 2053/2053/2053 2031/2031/2031 2032/2032/2032
f 2054/2054/2054 2052/2052/2052 2055/2055/2055
f 2055/2055/2055 2052/2052/2052 2053/2053/2053
f 2030/2030/2030 2054/2054/2054 1996/1996/1996
f 1996/1996/1996 2054/2054/2054 2055/2055/2055
f 821/821/821 2028/2028/2028 822/822/822
f 822/822/822 2028/2028/2028 2051/2051/2051
f 2056/2056/2056 1976/1976/1976 1977/1977/1977
f 1978/1978/1978 1939/1939/1939 2029/2029/2029
f 1862/1862/1862 2029/2029/2029 1836/1836/1836
f 1836/1836/1836 2029/2029/2029 1939/1939/1939
f 1976/1976/1976 2056/2056/2056 1981/1981/1981
f 1980/1980/1980 2057/2057/2057 1979/1979/1979
f 1984/1984/1984 1979/1979/1979 2057/2057/2057
f 2058/2058/2058 2059/2059/2059 2060/2060/2060
f 2060/2060/2060 2059/2059/2059 2061/2061/2061
f 2060/2060/2060 2054/2054/2054 2058/2058/2058
f 2058/2058/2058 2054/2054/2054 2030/2030/2030
f 2062/2062/2062 2063/2063/2063 2058/2058/2058
f 2058/2058/2058 2063/2063/2063 2059/2059/2059
f 2058/2058/2058 2030/2030/2030 2062/2062/2062
f 2062/2062/2062 2030/2030/2030 1983/1983/1983
f 2064/2064/2064 2065/2065/2065 2062/2062/2062
f 2062/2062/2062 2065/2065/2065 2063/2063/2063
f 2062/2062/2062 1983/1983/1983 2064/2064/2064
f 2064/2064/2064 1983/1983/1983 1984/1984/1984
f 2066/2066/2066 2067/2067/2067 2064/2064/2064
f 2064/2064/2064 2067/2067/2067 2065/2065/2065
f 2064/2064/2064 1984/1984/1984 2066/2066/2066
f 2066/2066/2066 1984/1984/1984 2057/2057/2057
f 2066/2066/2066 2068/2068/2068 2067/2067/2067
f 2067/2067/2067 2068/2068/2068 2069/2069/2069
f 2057/2057/2057 1980/1980/1980 2066/2066/2066
f 2066/2066/2066 1980/1980/1980 2068/2068/2068
f 2070/2070/2070 2071/2071/2071 2068/2068/2068
f 2068/2068/2068 2071/2071/2071 2069/2069/2069
f 1980/1980/1980 1981/1981/1981 2068/2068/2068
f 2068/2068/2068 1981/1981/1981 2070/2070/2070
f 2070/2070/2070 2072/2072/2072 2071/2071/2071
f 2071/2071/2071 2072/2072/2072 2073/2073/2073
f 2070/2070/2070 1981/1981/1981 2072/2072/2072
f 2072/2072/2072 1981/1981/1981 2056/2056/2056
f 2054/2054/2054 2060/2060/2060 2052/2052/2052
f 2052/2052/2052 2060/2060/2060 2074/2074/2074
f 2060/2060/2060 2061/2061/2061 2074/2074/2074
f 2074/2074/2074 2061/2061/2061 2075/2075/2075
f 2074/2074/2074 2076/2076/2076 2052/2052/2052
f 2052/2052/2052 2076/2076/2076 2031/2031/2031
f 2076/2076/2076 2074/2074/2074 2077/2077/2077
f 2077/2077/2077 2074/2074/2074 2075/2075/2075
f 2031/2031/2031 2076/2076/2076 2027/2027/2027
f 2027/2027/2027 2076/2076/2076 2078/2078/2078
f 2078/2078/2078 2076/2076/2076 2079/2079/2079
f 2079/2079/2079 2076/2076/2076 2077/2077/2077
f 2078/2078/2078 2080/2080/2080 2027/2027/2027
f 2027/2027/2027 2080/2080/2080 2028/2028/2028
f 2078/2078/2078 2079/2079/2079 2080/2080/2080
f 2080/2080/2080 2079/2079/2079 2081/2081/2081
f 2028/2028/2028 2080/2080/2080 2051/2051/2051
f 2051/2051/2051 2080/2080/2080 2082/2082/2082
f 2080/2080/2080 2081/2081/2081 2082/2082/2082
f 2082/2082/2082 2081/2081/2081 2083/2083/2083
f 2082/2082/2082 2084/2084/2084 2051/2051/2051
f 2051/2051/2051 2084/2084/2084 2050/2050/2050
f 2084/2084/2084 2082/2082/2082 2085/2085/2085
f 2085/2085/2085 2082/2082/2082 2083/2083/2083
f 2050/2050/2050 2084/2084/2084 2049/2049/2049
f 2049/2049/2049 2084/2084/2084 2086/2086/2086
f 2084/2084/2084 2085/2085/2085 2086/2086/2086
f 2086/2086/2086 2085/2085/2085 2087/2087/2087
f 2049/2049/2049 2086/2086/2086 2048/2048/2048
f 2048/2048/2048 2086/2086/2086 2088/2088/2088
f 2086/2086/2086 2087/2087/2087 2088/2088/2088
f 2088/2088/2088 2087/2087/2087 2089/2089/2089
f 2048/2048/2048 2088/2088/2088 2046/2046/2046
f 2046/2046/2046 2088/2088/2088 2090/2090/2090
f 2088/2088/2088 2089/2089/2089 2090/2090/2090
f 2090/2090/2090 2089/2089/2089 2091/2091/2091
f 2090/2090/2090 2092/2092/2092 2046/2046/2046
f 2046/2046/2046 2092/2092/2092 2047/2047/2047
f 2092/2092/2092 2090/2090/2090 2093/2093/2093
f 2093/2093/2093 2090/2090/2090 2091/2091/2091
f 2047/2047/2047 2092/2092/2092 2045/2045/2045
f 2045/2045/2045 2092/2092/2092 2094/2094/2094
f 2094/2094/2094 2092/2092/2092 2095/2095/2095
f 2095/2095/2095 2092/2092/2092 2093/2093/2093
f 2094/2094/2094 2096/2096/2096 2045/2045/2045
f 2045/2045/2045 2096/2096/2096 2044/2044/2044
f 2096/2096/2096 2094/2094/2094 2097/2097/2097
f 2097/2097/2097 2094/2094/2094 2095/2095/2095
f 2096/2096/2096 2098/2098/2098 2044/2044/2044
f 2044/2044/2044 2098/2098/2098 2043/2043/2043
f 2098/2098/2098 2096/2096/2096 2099/2099/2099
f 2099/2099/2099 2096/2096/2096 2097/2097/2097
f 2043/2043/2043 2098/2098/2098 2039/2039/2039
f 2039/2039/2039 2098/2098/2098 2100/2100/2100
f 2098/2098/2098 2099/2099/2099 2100/2100/2100
f 2100/2100/2100 2099/2099/2099 2101/2101/2101
f 2100/2100/2100 2102/2102/2102 2039/2039/2039
f 2039/2039/2039 2102/2102/2102 2037/2037/2037
f 2102/2102/2102 2100/2100/2100 2103/2103/2103
f 2103/2103/2103 2100/2100/2100 2101/2101/2101
f 2037/2037/2037 2102/2102/2102 2038/2038/2038
f 2038/2038/2038 2102/2102/2102 2104/2104/2104
f 2102/2102/2102 2103/2103/2103 2104/2104/2104
f 2104/2104/2104 2103/2103/2103 2105/2105/2105
f 2104/2104/2104 2106/2106/2106 2038/2038/2038
f 2038/2038/2038 2106/2106/2106 2036/2036/2036
f 2104/2104/2104 2105/2105/2105 2106/2106/2106
f 2106/2106/2106 2105/2105/2105 2107/2107/2107
f 2106/2106/2106 2108/2108/2108 2036/2036/2036
f 2036/2036/2036 2108/2108/2108 2035/2035/2035
f 2108/2108/2108 2106/2106/2106 2109/2109/2109
f 2109/2109/2109 2106/2106/2106 2107/2107/2107
f 2035/2035/2035 2108/2108/2108 2034/2034/2034
f 2034/2034/2034 2108/2108/2108 2110/2110/2110
f 2110/2110/2110 2108/2108/2108 2111/2111/2111
f 2111/2111/2111 2108/2108/2108 2109/2109/2109
f 2034/2034/2034 2110/2110/2110 2033/2033/2033
f 2033/2033/2033 2110/2110/2110 2112/2112/2112
f 2112/2112/2112 2110/2110/2110 2113/2113/2113
f 2113/2113/2113 2110/2110/2110 2111/2111/2111
f 2112/2112/2112 2114/2114/2114 2033/2033/2033
f 2033/2033/2033 2114/2114/2114 2025/2025/2025
f 2114/2114/2114 2112/2112/2112 2115/2115/2115
f 2115/2115/2115 2112/2112/2112 2113/2113/2113
f 2025/2025/2025 2114/2114/2114 2021/2021/2021
f 2021/2021/2021 2114/2114/2114 2116/2116/2116
f 2114/2114/2114 2115/2115/2115 2116/2116/2116
f 2116/2116/2116 2115/2115/2115 2117/2117/2117
f 2116/2116/2116 2118/2118/2118 2021/2021/2021
f 2021/2021/2021 2118/2118/2118 2022/2022/2022
f 2118/2118/2118 2116/2116/2116 2119/2119/2119
f 2119/2119/2119 2116/2116/2116 2117/2117/2117
f 2022/2022/2022 2118/2118/2118 2023/2023/2023
f 2023/2023/2023 2118/2118/2118 2120/2120/2120
f 2118/2118/2118 2119/2119/2119 2120/2120/2120
f 2120/2120/2120 2119/2119/2119 2121/2121/2121
f 2120/2120/2120 2122/2122/2122 2023/2023/2023
f 2023/2023/2023 2122/2122/2122 2024/2024/2024
f 2120/2120/2120 2121/2121/2121 2122/2122/2122
f 2122/2122/2122 2121/2121/2121 2123/2123/2123
f 2122/2122/2122 2124/2124/2124 2024/2024/2024
f 2024/2024/2024 2124/2124/2124 2029/2029/2029
f 2122/2122/2122 2123/2123/2123 2124/2124/2124
f 2124/2124/2124 2123/2123/2123 2125/2125/2125
f 2029/2029/2029 2124/2124/2124 1978/1978/1978
f 1978/1978/1978 2124/2124/2124 2126/2126/2126
f 2124/2124/2124 2125/2125/2125 2126/2126/2126
f 2126/2126/2126 2125/2125/2125 2127/2127/2127
f 2072/2072/2072 2128/2128/2128 2073/2073/2073
f 2073/2073/2073 2128/2128/2128 2129/2129/2129
f 2056/2056/2056 1977/1977/1977 2072/2072/2072
f 2072/2072/2072 1977/1977/1977 2128/2128/2128
f 1978/1978/1978 2126/2126/2126 1977/1977/1977
f 1977/1977/1977 2126/2126/2126 2128/2128/2128
f 2128/2128/2128 2126/2126/2126 2129/2129/2129
f 2129/2129/2129 2126/2126/2126 2127/2127/2127
f 2130/2130/2130 2131/2131/2131 2032/2032/2032
f 2032/2032/2032 2131/2131/2131 2053/2053/2053
f 2053/2053/2053 2131/2131/2131 2055/2055/2055
f 2055/2055/2055 2131/2131/2131 2132/2132/2132
f 2055/2055/2055 2132/2132/2132 1996/1996/1996
f 1996/1996/1996 2132/2132/2132 2133/2133/2133
f 2134/2134/2134 2130/2130/2130 2026/2026/2026
f 2026/2026/2026 2130/2130/2130 2032/2032/2032
f 2135/2135/2135 2136/2136/2136 2137/2137/2137
f 2137/2137/2137 2136/2136/2136 2138/2138/2138
f 2139/2139/2139 2135/2135/2135 2140/2140/2140
f 2140/2140/2140 2135/2135/2135 2137/2137/2137
f 2141/2141/2141 2139/2139/2139 2142/2142/2142
f 2142/2142/2142 2139/2139/2139 2140/2140/2140
f 2138/2138/2138 2136/2136/2136 2143/2143/2143
f 2143/2143/2143 2136/2136/2136 2144/2144/2144
f 2143/2143/2143 2144/2144/2144 2145/2145/2145
f 2145/2145/2145 2144/2144/2144 2146/2146/2146
f 2147/2147/2147 2141/2141/2141 2148/2148/2148
f 2148/2148/2148 2141/2141/2141 2142/2142/2142
f 2149/2149/2149 2134/2134/2134 821/821/821
f 821/821/821 2134/2134/2134 2026/2026/2026
f 844/844/844 2150/2150/2150 820/820/820
f 820/820/820 2150/2150/2150 2151/2151/2151
f 844/844/844 2152/2152/2152 2150/2150/2150
f 821/821/821 820/820/820 2149/2149/2149
f 2149/2149/2149 820/820/820 2151/2151/2151
f 2153/2153/2153 2154/2154/2154 962/962/962
f 962/962/962 2154/2154/2154 844/844/844
f 2154/2154/2154 2152/2152/2152 844/844/844
f 962/962/962 2155/2155/2155 2153/2153/2153
f 841/841/841 2156/2156/2156 962/962/962
f 962/962/962 2156/2156/2156 2157/2157/2157
f 962/962/962 2157/2157/2157 2155/2155/2155
f 841/841/841 2158/2158/2158 2156/2156/2156
f 2159/2159/2159 2160/2160/2160 842/842/842
f 842/842/842 2160/2160/2160 841/841/841
f 2160/2160/2160 2158/2158/2158 841/841/841
f 842/842/842 2161/2161/2161 2159/2159/2159
f 2162/2162/2162 842/842/842 2163/2163/2163
f 2163/2163/2163 842/842/842 839/839/839
f 2162/2162/2162 2161/2161/2161 842/842/842
f 839/839/839 2164/2164/2164 2163/2163/2163
f 839/839/839 2145/2145/2145 2164/2164/2164
f 2164/2164/2164 2145/2145/2145 2146/2146/2146
f 2165/2165/2165 1987/1987/1987 2166/2166/2166
f 2166/2166/2166 1987/1987/1987 1982/1982/1982
f 1985/1985/1985 1987/1987/1987 2165/2165/2165
f 1986/1986/1986 2167/2167/2167 1988/1988/1988
f 1991/1991/1991 1988/1988/1988 2167/2167/2167
f 1989/1989/1989 2168/2168/2168 1990/1990/1990
f 1990/1990/1990 2168/2168/2168 1998/1998/1998
f 1998/1998/1998 2168/2168/2168 2147/2147/2147
f 1982/1982/1982 1996/1996/1996 2166/2166/2166
f 2166/2166/2166 1996/1996/1996 2133/2133/2133
f 1998/1998/1998 2147/2147/2147 1999/1999/1999
f 1999/1999/1999 2147/2147/2147 2148/2148/2148
f 2169/2169/2169 2170/2170/2170 2171/2171/2171
f 2171/2171/2171 2170/2170/2170 2172/2172/2172
f 2171/2171/2171 1989/1989/1989 2169/2169/2169
f 2169/2169/2169 1989/1989/1989 1991/1991/1991
f 2173/2173/2173 2174/2174/2174 2169/2169/2169
f 2169/2169/2169 2174/2174/2174 2170/2170/2170
f 1991/1991/1991 2167/2167/2167 2169/2169/2169
f 2169/2169/2169 2167/2167/2167 2173/2173/2173
f 2175/2175/2175 2176/2176/2176 2173/2173/2173
f 2173/2173/2173 2176/2176/2176 2174/2174/2174
f 2173/2173/2173 2167/2167/2167 2175/2175/2175
f 2175/2175/2175 2167/2167/2167 1986/1986/1986
f 2175/2175/2175 2177/2177/2177 2176/2176/2176
f 2176/2176/2176 2177/2177/2177 2178/2178/2178
f 1986/1986/1986 1985/1985/1985 2175/2175/2175
f 2175/2175/2175 1985/1985/1985 2177/2177/2177
f 2179/2179/2179 2180/2180/2180 2177/2177/2177
f 2177/2177/2177 2180/2180/2180 2178/2178/2178
f 2177/2177/2177 1985/1985/1985 2179/2179/2179
f 2179/2179/2179 1985/1985/1985 2165/2165/2165
f 2171/2171/2171 2181/2181/2181 1989/1989/1989
f 1989/1989/1989 2181/2181/2181 2168/2168/2168
f 2171/2171/2171 2172/2172/2172 2181/2181/2181
f 2181/2181/2181 2172/2172/2172 2182/2182/2182
f 2181/2181/2181 2183/2183/2183 2168/2168/2168
f 2168/2168/2168 2183/2183/2183 2147/2147/2147
f 2181/2181/2181 2182/2182/2182 2183/2183/2183
f 2183/2183/2183 2182/2182/2182 2184/2184/2184
f 2147/2147/2147 2183/2183/2183 2141/2141/2141
f 2141/2141/2141 2183/2183/2183 2185/2185/2185
f 2183/2183/2183 2184/2184/2184 2185/2185/2185
f 2185/2185/2185 2184/2184/2184 2186/2186/2186
f 2185/2185/2185 2187/2187/2187 2141/2141/2141
f 2141/2141/2141 2187/2187/2187 2139/2139/2139
f 2185/2185/2185 2186/2186/2186 2187/2187/2187
f 2187/2187/2187 2186/2186/2186 2188/2188/2188
f 2139/2139/2139 2187/2187/2187 2135/2135/2135
f 2135/2135/2135 2187/2187/2187 2189/2189/2189
f 2187/2187/2187 2188/2188/2188 2189/2189/2189
f 2189/2189/2189 2188/2188/2188 2190/2190/2190
f 2189/2189/2189 2191/2191/2191 2135/2135/2135
f 2135/2135/2135 2191/2191/2191 2136/2136/2136
f 2189/2189/2189 2190/2190/2190 2191/2191/2191
f 2191/2191/2191 2190/2190/2190 2192/2192/2192
f 2136/2136/2136 2191/2191/2191 2144/2144/2144
f 2144/2144/2144 2191/2191/2191 2193/2193/2193
f 2191/2191/2191 2192/2192/2192 2193/2193/2193
f 2193/2193/2193 2192/2192/2192 2194/2194/2194
f 2193/2193/2193 2195/2195/2195 2144/2144/2144
f 2144/2144/2144 2195/2195/2195 2146/2146/2146
f 2195/2195/2195 2193/2193/2193 2196/2196/2196
f 2196/2196/2196 2193/2193/2193 2194/2194/2194
f 2146/2146/2146 2195/2195/2195 2164/2164/2164
f 2164/2164/2164 2195/2195/2195 2197/2197/2197
f 2197/2197/2197 2195/2195/2195 2198/2198/2198
f 2198/2198/2198 2195/2195/2195 2196/2196/2196
f 2197/2197/2197 2199/2199/2199 2164/2164/2164
f 2164/2164/2164 2199/2199/2199 2163/2163/2163
f 2197/2197/2197 2198/2198/2198 2199/2199/2199
f 2199/2199/2199 2198/2198/2198 2200/2200/2200
f 2163/2163/2163 2199/2199/2199 2162/2162/2162
f 2162/2162/2162 2199/2199/2199 2201/2201/2201
f 2199/2199/2199 2200/2200/2200 2201/2201/2201
f 2201/2201/2201 2200/2200/2200 2202/2202/2202
f 2201/2201/2201 2203/2203/2203 2162/2162/2162
f 2162/2162/2162 2203/2203/2203 2161/2161/2161
f 2203/2203/2203 2201/2201/2201 2204/2204/2204
f 2204/2204/2204 2201/2201/2201 2202/2202/2202
f 2161/2161/2161 2203/2203/2203 2159/2159/2159
f 2159/2159/2159 2203/2203/2203 2205/2205/2205
f 2205/2205/2205 2203/2203/2203 2206/2206/2206
f 2206/2206/2206 2203/2203/2203 2204/2204/2204
f 2205/2205/2205 2207/2207/2207 2159/2159/2159
f 2159/2159/2159 2207/2207/2207 2160/2160/2160
f 2205/2205/2205 2206/2206/2206 2207/2207/2207
f 2207/2207/2207 2206/2206/2206 2208/2208/2208
f 2207/2207/2207 2209/2209/2209 2160/2160/2160
f 2160/2160/2160 2209/2209/2209 2158/2158/2158
f 2207/2207/2207 2208/2208/2208 2209/2209/2209
f 2209/2209/2209 2208/2208/2208 2210/2210/2210
f 2158/2158/2158 2209/2209/2209 2156/2156/2156
f 2156/2156/2156 2209/2209/2209 2211/2211/2211
f 2209/2209/2209 2210/2210/2210 2211/2211/2211
f 2211/2211/2211 2210/2210/2210 2212/2212/2212
f 2211/2211/2211 2213/2213/2213 2156/2156/2156
f 2156/2156/2156 2213/2213/2213 2157/2157/2157
f 2213/2213/2213 2211/2211/2211 2214/2214/2214
f 2214/2214/2214 2211/2211/2211 2212/2212/2212
f 2157/2157/2157 2213/2213/2213 2155/2155/2155
f 2155/2155/2155 2213/2213/2213 2215/2215/2215
f 2213/2213/2213 2214/2214/2214 2215/2215/2215
f 2215/2215/2215 2214/2214/2214 2216/2216/2216
f 2215/2215/2215 2217/2217/2217 2155/2155/2155
f 2155/2155/2155 2217/2217/2217 2153/2153/2153
f 2215/2215/2215 2216/2216/2216 2217/2217/2217
f 2217/2217/2217 2216/2216/2216 2218/2218/2218
f 2217/2217/2217 2219/2219/2219 2153/2153/2153
f 2153/2153/2153 2219/2219/2219 2154/2154/2154
f 2217/2217/2217 2218/2218/2218 2219/2219/2219
f 2219/2219/2219 2218/2218/2218 2220/2220/2220
f 2154/2154/2154 2219/2219/2219 2152/2152/2152
f 2152/2152/2152 2219/2219/2219 2221/2221/2221
f 2219/2219/2219 2220/2220/2220 2221/2221/2221
f 2221/2221/2221 2220/2220/2220 2222/2222/2222
f 2152/2152/2152 2221/2221/2221 2150/2150/2150
f 2150/2150/2150 2221/2221/2221 2223/2223/2223
f 2221/2221/2221 2222/2222/2222 2223/2223/2223
f 2223/2223/2223 2222/2222/2222 2224/2224/2224
f 2223/2223/2223 2225/2225/2225 2150/2150/2150
f 2150/2150/2150 2225/2225/2225 2151/2151/2151
f 2223/2223/2223 2224/2224/2224 2225/2225/2225
f 2225/2225/2225 2224/2224/2224 2226/2226/2226
f 2151/2151/2151 2225/2225/2225 2149/2149/2149
f 2149/2149/2149 2225/2225/2225 2227/2227/2227
f 2225/2225/2225 2226/2226/2226 2227/2227/2227
f 2227/2227/2227 2226/2226/2226 2228/2228/2228
f 2227/2227/2227 2229/2229/2229 2149/2149/2149
f 2149/2149/2149 2229/2229/2229 2134/2134/2134
f 2227/2227/2227 2228/2228/2228 2229/2229/2229
f 2229/2229/2229 2228/2228/2228 2230/2230/2230
f 2134/2134/2134 2229/2229/2229 2130/2130/2130
f 2130/2130/2130 2229/2229/2229 2231/2231/2231
f 2229/2229/2229 2230/2230/2230 2231/2231/2231
f 2231/2231/2231 2230/2230/2230 2232/2232/2232
f 2231/2231/2231 2233/2233/2233 2130/2130/2130
f 2130/2130/2130 2233/2233/2233 2131/2131/2131
f 2231/2231/2231 2232/2232/2232 2233/2233/2233
f 2233/2233/2233 2232/2232/2232 2234/2234/2234
f 2233/2233/2233 2235/2235/2235 2131/2131/2131
f 2131/2131/2131 2235/2235/2235 2132/2132/2132
f 2233/2233/2233 2234/2234/2234 2235/2235/2235
f 2235/2235/2235 2234/2234/2234 2236/2236/2236
f 2132/2132/2132 2235/2235/2235 2133/2133/2133
f 2133/2133/2133 2235/2235/2235 2237/2237/2237
f 2235/2235/2235 2236/2236/2236 2237/2237/2237
f 2237/2237/2237 2236/2236/2236 2238/2238/2238
f 2237/2237/2237 2239/2239/2239 2133/2133/2133
f 2133/2133/2133 2239/2239/2239 2166/2166/2166
f 2237/2237/2237 2238/2238/2238 2239/2239/2239
f 2239/2239/2239 2238/2238/2238 2240/2240/2240
f 2166/2166/2166 2239/2239/2239 2165/2165/2165
f 2165/2165/2165 2239/2239/2239 2179/2179/2179
f 2239/2239/2239 2240/2240/2240 2179/2179/2179
f 2179/2179/2179 2240/2240/2240 2180/2180/2180
f 2142/2142/2142 2241/2241/2241 2148/2148/2148
f 2148/2148/2148 2241/2241/2241 2242/2242/2242
f 2140/2140/2140 2243/2243/2243 2142/2142/2142
f 2142/2142/2142 2243/2243/2243 2241/2241/2241
f 2244/2244/2244 2243/2243/2243 2137/2137/2137
f 2137/2137/2137 2243/2243/2243 2140/2140/2140
f 2245/2245/2245 2244/2244/2244 2138/2138/2138
f 2138/2138/2138 2244/2244/2244 2137/2137/2137
f 2246/2246/2246 2245/2245/2245 2143/2143/2143
f 2143/2143/2143 2245/2245/2245 2138/2138/2138
f 2247/2247/2247 2246/2246/2246 2145/2145/2145
f 2145/2145/2145 2246/2246/2246 2143/2143/2143
f 2248/2248/2248 1999/1999/1999 2242/2242/2242
f 2242/2242/2242 1999/1999/1999 2148/2148/2148
f 2249/2249/2249 839/839/839 2250/2250/2250
f 2250/2250/2250 839/839/839 837/837/837
f 2145/2145/2145 839/839/839 2247/2247/2247
f 839/839/839 2249/2249/2249 2247/2247/2247
f 837/837/837 2251/2251/2251 2250/2250/2250
f 837/837/837 2252/2252/2252 2251/2251/2251
f 2253/2253/2253 2254/2254/2254 835/835/835
f 835/835/835 2254/2254/2254 837/837/837
f 2254/2254/2254 2252/2252/2252 837/837/837
f 835/835/835 2255/2255/2255 2253/2253/2253
f 835/835/835 833/833/833 2256/2256/2256
f 2256/2256/2256 833/833/833 2257/2257/2257
f 833/833/833 2258/2258/2258 2257/2257/2257
f 2256/2256/2256 2255/2255/2255 835/835/835
f 833/833/833 831/831/831 2259/2259/2259
f 2259/2259/2259 831/831/831 2260/2260/2260
f 2259/2259/2259 2258/2258/2258 833/833/833
f 831/831/831 2261/2261/2261 2260/2260/2260
f 831/831/831 829/829/829 2262/2262/2262
f 2262/2262/2262 829/829/829 2263/2263/2263
f 831/831/831 2262/2262/2262 2261/2261/2261
f 829/829/829 2264/2264/2264 2263/2263/2263
f 2265/2265/2265 2266/2266/2266 828/828/828
f 828/828/828 2266/2266/2266 829/829/829
f 829/829/829 2266/2266/2266 2264/2264/2264
f 828/828/828 2267/2267/2267 2265/2265/2265
f 2268/2268/2268 854/854/854 2269/2269/2269
f 2269/2269/2269 854/854/854 826/826/826
f 828/828/828 854/854/854 2267/2267/2267
f 2267/2267/2267 854/854/854 2268/2268/2268
f 2270/2270/2270 1995/1995/1995 2271/2271/2271
f 2271/2271/2271 1995/1995/1995 1997/1997/1997
f 1994/1994/1994 1995/1995/1995 2270/2270/2270
f 1992/1992/1992 2272/2272/2272 1993/1993/1993
f 2272/2272/2272 2273/2273/2273 1993/1993/1993
f 1993/1993/1993 2273/2273/2273 2020/2020/2020
f 2273/2273/2273 2274/2274/2274 2020/2020/2020
f 2020/2020/2020 2274/2274/2274 2001/2001/2001
f 2248/2248/2248 2271/2271/2271 1999/1999/1999
f 1999/1999/1999 2271/2271/2271 1997/1997/1997
f 2269/2269/2269 826/826/826 2274/2274/2274
f 2274/2274/2274 826/826/826 2001/2001/2001
f 2275/2275/2275 2276/2276/2276 2277/2277/2277
f 2277/2277/2277 2276/2276/2276 2278/2278/2278
f 2277/2277/2277 2247/2247/2247 2275/2275/2275
f 2275/2275/2275 2247/2247/2247 2249/2249/2249
f 2277/2277/2277 2279/2279/2279 2247/2247/2247
f 2247/2247/2247 2279/2279/2279 2246/2246/2246
f 2277/2277/2277 2278/2278/2278 2279/2279/2279
f 2279/2279/2279 2278/2278/2278 2280/2280/2280
f 2279/2279/2279 2281/2281/2281 2246/2246/2246
f 2246/2246/2246 2281/2281/2281 2245/2245/2245
f 2279/2279/2279 2280/2280/2280 2281/2281/2281
f 2281/2281/2281 2280/2280/2280 2282/2282/2282
f 2245/2245/2245 2281/2281/2281 2244/2244/2244
f 2244/2244/2244 2281/2281/2281 2283/2283/2283
f 2283/2283/2283 2281/2281/2281 2284/2284/2284
f 2284/2284/2284 2281/2281/2281 2282/2282/2282
f 2275/2275/2275 2285/2285/2285 2276/2276/2276
f 2276/2276/2276 2285/2285/2285 2286/2286/2286
f 2249/2249/2249 2250/2250/2250 2275/2275/2275
f 2275/2275/2275 2250/2250/2250 2285/2285/2285
f 2285/2285/2285 2287/2287/2287 2286/2286/2286
f 2286/2286/2286 2287/2287/2287 2288/2288/2288
f 2285/2285/2285 2250/2250/2250 2287/2287/2287
f 2287/2287/2287 2250/2250/2250 2251/2251/2251
f 2289/2289/2289 2290/2290/2290 2287/2287/2287
f 2287/2287/2287 2290/2290/2290 2288/2288/2288
f 2287/2287/2287 2251/2251/2251 2289/2289/2289
f 2289/2289/2289 2251/2251/2251 2252/2252/2252
f 2289/2289/2289 2291/2291/2291 2290/2290/2290
f 2290/2290/2290 2291/2291/2291 2292/2292/2292
f 2252/2252/2252 2254/2254/2254 2289/2289/2289
f 2289/2289/2289 2254/2254/2254 2291/2291/2291
f 2291/2291/2291 2293/2293/2293 2292/2292/2292
f 2292/2292/2292 2293/2293/2293 2294/2294/2294
f 2254/2254/2254 2253/2253/2253 2291/2291/2291
f 2291/2291/2291 2253/2253/2253 2293/2293/2293
f 2293/2293/2293 2295/2295/2295 2294/2294/2294
f 2294/2294/2294 2295/2295/2295 2296/2296/2296
f 2293/2293/2293 2253/2253/2253 2295/2295/2295
f 2295/2295/2295 2253/2253/2253 2255/2255/2255
f 2297/2297/2297 2298/2298/2298 2299/2299/2299
f 2299/2299/2299 2298/2298/2298 2300/2300/2300
f 2297/2297/2297 2241/2241/2241 2298/2298/2298
f 2301/2301/2301 2302/2302/2302 2303/2303/2303
f 2283/2283/2283 2298/2298/2298 2244/2244/2244
f 2304/2304/2304 2305/2305/2305 2306/2306/2306
f 2298/2298/2298 2283/2283/2283 2300/2300/2300
f 2300/2300/2300 2283/2283/2283 2284/2284/2284
f 2297/2297/2297 2307/2307/2307 2241/2241/2241
f 2241/2241/2241 2307/2307/2307 2242/2242/2242
f 2307/2307/2307 2297/2297/2297 2308/2308/2308
f 2308/2308/2308 2297/2297/2297 2299/2299/2299
f 2242/2242/2242 2307/2307/2307 2248/2248/2248
f 2248/2248/2248 2307/2307/2307 2309/2309/2309
f 2309/2309/2309 2307/2307/2307 2310/2310/2310
f 2310/2310/2310 2307/2307/2307 2308/2308/2308
f 2309/2309/2309 2311/2311/2311 2248/2248/2248
f 2248/2248/2248 2311/2311/2311 2271/2271/2271
f 2311/2311/2311 2309/2309/2309 2312/2312/2312
f 2312/2312/2312 2309/2309/2309 2310/2310/2310
f 2271/2271/2271 2311/2311/2311 2270/2270/2270
f 2270/2270/2270 2311/2311/2311 2313/2313/2313
f 2311/2311/2311 2312/2312/2312 2313/2313/2313
f 2313/2313/2313 2312/2312/2312 2314/2314/2314
f 2313/2313/2313 2315/2315/2315 2270/2270/2270
f 2270/2270/2270 2315/2315/2315 1994/1994/1994
f 2315/2315/2315 2313/2313/2313 2316/2316/2316
f 2316/2316/2316 2313/2313/2313 2314/2314/2314
f 1994/1994/1994 2315/2315/2315 1992/1992/1992
f 1992/1992/1992 2315/2315/2315 2317/2317/2317
f 2317/2317/2317 2315/2315/2315 2318/2318/2318
f 2318/2318/2318 2315/2315/2315 2316/2316/2316
f 2317/2317/2317 2319/2319/2319 1992/1992/1992
f 1992/1992/1992 2319/2319/2319 2272/2272/2272
f 2319/2319/2319 2317/2317/2317 2320/2320/2320
f 2320/2320/2320 2317/2317/2317 2318/2318/2318
f 2319/2319/2319 2321/2321/2321 2272/2272/2272
f 2272/2272/2272 2321/2321/2321 2273/2273/2273
f 2319/2319/2319 2320/2320/2320 2321/2321/2321
f 2321/2321/2321 2320/2320/2320 2322/2322/2322
f 2273/2273/2273 2321/2321/2321 2274/2274/2274
f 2274/2274/2274 2321/2321/2321 2323/2323/2323
f 2321/2321/2321 2322/2322/2322 2323/2323/2323
f 2323/2323/2323 2322/2322/2322 2324/2324/2324
f 2323/2323/2323 2325/2325/2325 2274/2274/2274
f 2274/2274/2274 2325/2325/2325 2269/2269/2269
f 2323/2323/2323 2324/2324/2324 2325/2325/2325
f 2325/2325/2325 2324/2324/2324 2326/2326/2326
f 2325/2325/2325 2327/2327/2327 2269/2269/2269
f 2269/2269/2269 2327/2327/2327 2268/2268/2268
f 2325/2325/2325 2326/2326/2326 2327/2327/2327
f 2327/2327/2327 2326/2326/2326 2328/2328/2328
f 2268/2268/2268 2327/2327/2327 2267/2267/2267
f 2267/2267/2267 2327/2327/2327 2329/2329/2329
f 2327/2327/2327 2328/2328/2328 2329/2329/2329
f 2329/2329/2329 2328/2328/2328 2330/2330/2330
f 2329/2329/2329 2331/2331/2331 2267/2267/2267
f 2267/2267/2267 2331/2331/2331 2265/2265/2265
f 2329/2329/2329 2330/2330/2330 2331/2331/2331
f 2331/2331/2331 2330/2330/2330 2332/2332/2332
f 2331/2331/2331 2333/2333/2333 2265/2265/2265
f 2265/2265/2265 2333/2333/2333 2266/2266/2266
f 2331/2331/2331 2332/2332/2332 2333/2333/2333
f 2333/2333/2333 2332/2332/2332 2334/2334/2334
f 2266/2266/2266 2333/2333/2333 2264/2264/2264
f 2264/2264/2264 2333/2333/2333 2335/2335/2335
f 2333/2333/2333 2334/2334/2334 2335/2335/2335
f 2335/2335/2335 2334/2334/2334 2336/2336/2336
f 2335/2335/2335 2337/2337/2337 2264/2264/2264
f 2264/2264/2264 2337/2337/2337 2263/2263/2263
f 2337/2337/2337 2335/2335/2335 2338/2338/2338
f 2338/2338/2338 2335/2335/2335 2336/2336/2336
f 2263/2263/2263 2337/2337/2337 2262/2262/2262
f 2262/2262/2262 2337/2337/2337 2339/2339/2339
f 2337/2337/2337 2338/2338/2338 2339/2339/2339
f 2339/2339/2339 2338/2338/2338 2340/2340/2340
f 2339/2339/2339 2341/2341/2341 2262/2262/2262
f 2262/2262/2262 2341/2341/2341 2261/2261/2261
f 2339/2339/2339 2340/2340/2340 2341/2341/2341
f 2341/2341/2341 2340/2340/2340 2342/2342/2342
f 2261/2261/2261 2341/2341/2341 2260/2260/2260
f 2260/2260/2260 2341/2341/2341 2343/2343/2343
f 2341/2341/2341 2342/2342/2342 2343/2343/2343
f 2343/2343/2343 2342/2342/2342 2344/2344/2344
f 2343/2343/2343 2345/2345/2345 2260/2260/2260
f 2260/2260/2260 2345/2345/2345 2259/2259/2259
f 2343/2343/2343 2344/2344/2344 2345/2345/2345
f 2345/2345/2345 2344/2344/2344 2346/2346/2346
f 2259/2259/2259 2345/2345/2345 2258/2258/2258
f 2258/2258/2258 2345/2345/2345 2347/2347/2347
f 2345/2345/2345 2346/2346/2346 2347/2347/2347
f 2347/2347/2347 2346/2346/2346 2348/2348/2348
f 2347/2347/2347 2349/2349/2349 2258/2258/2258
f 2258/2258/2258 2349/2349/2349 2257/2257/2257
f 2349/2349/2349 2347/2347/2347 2350/2350/2350
f 2350/2350/2350 2347/2347/2347 2348/2348/2348
f 2295/2295/2295 2351/2351/2351 2296/2296/2296
f 2296/2296/2296 2351/2351/2351 2352/2352/2352
f 2255/2255/2255 2256/2256/2256 2295/2295/2295
f 2295/2295/2295 2256/2256/2256 2351/2351/2351
f 2349/2349/2349 2351/2351/2351 2257/2257/2257
f 2257/2257/2257 2351/2351/2351 2256/2256/2256
f 2351/2351/2351 2349/2349/2349 2352/2352/2352
f 2352/2352/2352 2349/2349/2349 2350/2350/2350
f 1880/1880/1880 818/818/818 817/817/817
f 819/819/819 818/818/818 1852/1852/1852
f 819/819/819 1852/1852/1852 959/959/959
f 2353/2353/2353 2354/2354/2354 2355/2355/2355
f 2355/2355/2355 2354/2354/2354 2356/2356/2356
f 2357/2357/2357 2358/2358/2358 2356/2356/2356
f 2356/2356/2356 2358/2358/2358 2355/2355/2355
f 2359/2359/2359 2360/2360/2360 2361/2361/2361
f 2361/2361/2361 2360/2360/2360 2362/2362/2362
f 2363/2363/2363 2364/2364/2364 2359/2359/2359
f 2359/2359/2359 2364/2364/2364 2360/2360/2360
f 2365/2365/2365 2366/2366/2366 2353/2353/2353
f 2353/2353/2353 2366/2366/2366 2354/2354/2354
f 2367/2367/2367 2366/2366/2366 2368/2368/2368
f 2368/2368/2368 2366/2366/2366 2365/2365/2365
f 2369/2369/2369 2367/2367/2367 2370/2370/2370
f 2370/2370/2370 2367/2367/2367 2368/2368/2368
f 2371/2371/2371 2369/2369/2369 2372/2372/2372
f 2372/2372/2372 2369/2369/2369 2370/2370/2370
f 2373/2373/2373 2371/2371/2371 2374/2374/2374
f 2374/2374/2374 2371/2371/2371 2372/2372/2372
f 2375/2375/2375 2373/2373/2373 2376/2376/2376
f 2376/2376/2376 2373/2373/2373 2374/2374/2374
f 2377/2377/2377 2375/2375/2375 2378/2378/2378
f 2378/2378/2378 2375/2375/2375 2376/2376/2376
f 2379/2379/2379 2377/2377/2377 2380/2380/2380
f 2380/2380/2380 2377/2377/2377 2378/2378/2378
f 2381/2381/2381 2379/2379/2379 2382/2382/2382
f 2382/2382/2382 2379/2379/2379 2380/2380/2380
f 2382/2382/2382 2383/2383/2383 2381/2381/2381
f 2381/2381/2381 2383/2383/2383 2384/2384/2384
f 2384/2384/2384 2383/2383/2383 2385/2385/2385
f 2385/2385/2385 2383/2383/2383 2386/2386/2386
f 2387/2387/2387 2388/2388/2388 2386/2386/2386
f 2386/2386/2386 2388/2388/2388 2385/2385/2385
f 2388/2388/2388 2387/2387/2387 2389/2389/2389
f 2389/2389/2389 2387/2387/2387 2390/2390/2390
f 2391/2391/2391 2392/2392/2392 2393/2393/2393
f 2393/2393/2393 2392/2392/2392 2394/2394/2394
f 2395/2395/2395 2396/2396/2396 2391/2391/2391
f 2391/2391/2391 2396/2396/2396 2392/2392/2392
f 2397/2397/2397 2398/2398/2398 2399/2399/2399
f 2399/2399/2399 2398/2398/2398 2400/2400/2400
f 2396/2396/2396 2395/2395/2395 2397/2397/2397
f 2397/2397/2397 2395/2395/2395 2398/2398/2398
f 2399/2399/2399 2400/2400/2400 2401/2401/2401
f 2401/2401/2401 2400/2400/2400 2402/2402/2402
f 2401/2401/2401 2402/2402/2402 2403/2403/2403
f 2403/2403/2403 2402/2402/2402 2404/2404/2404
f 2405/2405/2405 2406/2406/2406 2407/2407/2407
f 2407/2407/2407 2406/2406/2406 2408/2408/2408
f 2407/2407/2407 2408/2408/2408 2409/2409/2409
f 2409/2409/2409 2408/2408/2408 2410/2410/2410
f 2410/2410/2410 2411/2411/2411 2409/2409/2409
f 2409/2409/2409 2411/2411/2411 2412/2412/2412
f 2411/2411/2411 2413/2413/2413 2412/2412/2412
f 2412/2412/2412 2413/2413/2413 2414/2414/2414
f 2413/2413/2413 2415/2415/2415 2414/2414/2414
f 2414/2414/2414 2415/2415/2415 2416/2416/2416
f 2415/2415/2415 2417/2417/2417 2416/2416/2416
f 2416/2416/2416 2417/2417/2417 2418/2418/2418
f 2417/2417/2417 2419/2419/2419 2418/2418/2418
f 2418/2418/2418 2419/2419/2419 2420/2420/2420
f 2420/2420/2420 2419/2419/2419 2421/2421/2421
f 2421/2421/2421 2419/2419/2419 2422/2422/2422
f 2421/2421/2421 2422/2422/2422 2423/2423/2423
f 2423/2423/2423 2422/2422/2422 2424/2424/2424
f 2423/2423/2423 2424/2424/2424 2363/2363/2363
f 2363/2363/2363 2424/2424/2424 2364/2364/2364
f 2393/2393/2393 2394/2394/2394 2390/2390/2390
f 2390/2390/2390 2394/2394/2394 2389/2389/2389
f 2425/2425/2425 2426/2426/2426 2427/2427/2427
f 2427/2427/2427 2426/2426/2426 2428/2428/2428
f 2429/2429/2429 2430/2430/2430 2425/2425/2425
f 2425/2425/2425 2430/2430/2430 2426/2426/2426
f 2430/2430/2430 2429/2429/2429 2431/2431/2431
f 2431/2431/2431 2429/2429/2429 2432/2432/2432
f 2431/2431/2431 2432/2432/2432 2433/2433/2433
f 2433/2433/2433 2432/2432/2432 2434/2434/2434
f 2433/2433/2433 2434/2434/2434 2435/2435/2435
f 2435/2435/2435 2434/2434/2434 2436/2436/2436
f 2435/2435/2435 2436/2436/2436 2437/2437/2437
f 2437/2437/2437 2436/2436/2436 2438/2438/2438
f 2438/2438/2438 2439/2439/2439 2437/2437/2437
f 2437/2437/2437 2439/2439/2439 2440/2440/2440
f 2439/2439/2439 2441/2441/2441 2440/2440/2440
f 2440/2440/2440 2441/2441/2441 2442/2442/2442
f 2441/2441/2441 2443/2443/2443 2442/2442/2442
f 2442/2442/2442 2443/2443/2443 2444/2444/2444
f 2443/2443/2443 2445/2445/2445 2444/2444/2444
f 2444/2444/2444 2445/2445/2445 2446/2446/2446
f 2447/2447/2447 2446/2446/2446 2448/2448/2448
f 2448/2448/2448 2446/2446/2446 2445/2445/2445
f 2448/2448/2448 2449/2449/2449 2447/2447/2447
f 2447/2447/2447 2449/2449/2449 2450/2450/2450
f 2451/2451/2451 2452/2452/2452 2449/2449/2449
f 2449/2449/2449 2452/2452/2452 2450/2450/2450
f 2452/2452/2452 2451/2451/2451 2453/2453/2453
f 2453/2453/2453 2451/2451/2451 2454/2454/2454
f 2453/2453/2453 2454/2454/2454 2455/2455/2455
f 2455/2455/2455 2454/2454/2454 2456/2456/2456
f 2455/2455/2455 2456/2456/2456 2457/2457/2457
f 2457/2457/2457 2456/2456/2456 2458/2458/2458
f 2459/2459/2459 2460/2460/2460 2461/2461/2461
f 2461/2461/2461 2460/2460/2460 2462/2462/2462
f 2463/2463/2463 2464/2464/2464 2459/2459/2459
f 2459/2459/2459 2464/2464/2464 2460/2460/2460
f 2428/2428/2428 2465/2465/2465 2427/2427/2427
f 2427/2427/2427 2465/2465/2465 2466/2466/2466
f 2467/2467/2467 2466/2466/2466 2468/2468/2468
f 2468/2468/2468 2466/2466/2466 2465/2465/2465
f 2467/2467/2467 2468/2468/2468 2469/2469/2469
f 2469/2469/2469 2468/2468/2468 2470/2470/2470
f 2471/2471/2471 2469/2469/2469 2472/2472/2472
f 2472/2472/2472 2469/2469/2469 2470/2470/2470
f 2473/2473/2473 2471/2471/2471 2474/2474/2474
f 2474/2474/2474 2471/2471/2471 2472/2472/2472
f 2475/2475/2475 2473/2473/2473 2476/2476/2476
f 2476/2476/2476 2473/2473/2473 2474/2474/2474
f 2476/2476/2476 2477/2477/2477 2475/2475/2475
f 2475/2475/2475 2477/2477/2477 2478/2478/2478
f 2477/2477/2477 2479/2479/2479 2478/2478/2478
f 2478/2478/2478 2479/2479/2479 2480/2480/2480
f 2479/2479/2479 2481/2481/2481 2480/2480/2480
f 2480/2480/2480 2481/2481/2481 2482/2482/2482
f 2483/2483/2483 2484/2484/2484 2481/2481/2481
f 2481/2481/2481 2484/2484/2484 2482/2482/2482
f 2485/2485/2485 2486/2486/2486 2483/2483/2483
f 2483/2483/2483 2486/2486/2486 2484/2484/2484
f 2486/2486/2486 2485/2485/2485 2487/2487/2487
f 2487/2487/2487 2485/2485/2485 2488/2488/2488
f 2489/2489/2489 2490/2490/2490 2491/2491/2491
f 2491/2491/2491 2490/2490/2490 2492/2492/2492
f 2491/2491/2491 2492/2492/2492 2463/2463/2463
f 2463/2463/2463 2492/2492/2492 2464/2464/2464
f 2461/2461/2461 2462/2462/2462 2458/2458/2458
f 2458/2458/2458 2462/2462/2462 2457/2457/2457
f 2493/2493/2493 2494/2494/2494 2456/2456/2456
f 2456/2456/2456 2494/2494/2494 2458/2458/2458
f 2458/2458/2458 2494/2494/2494 2461/2461/2461
f 2461/2461/2461 2494/2494/2494 2495/2495/2495
f 2495/2495/2495 2496/2496/2496 2461/2461/2461
f 2461/2461/2461 2496/2496/2496 2459/2459/2459
f 2496/2496/2496 2497/2497/2497 2459/2459/2459
f 2459/2459/2459 2497/2497/2497 2463/2463/2463
f 2491/2491/2491 2463/2463/2463 2498/2498/2498
f 2498/2498/2498 2463/2463/2463 2497/2497/2497
f 2498/2498/2498 2499/2499/2499 2491/2491/2491
f 2491/2491/2491 2499/2499/2499 2489/2489/2489
f 2487/2487/2487 2489/2489/2489 2500/2500/2500
f 2500/2500/2500 2489/2489/2489 2499/2499/2499
f 2501/2501/2501 2493/2493/2493 2454/2454/2454
f 2454/2454/2454 2493/2493/2493 2456/2456/2456
f 2451/2451/2451 2502/2502/2502 2454/2454/2454
f 2454/2454/2454 2502/2502/2502 2501/2501/2501
f 2502/2502/2502 2451/2451/2451 2503/2503/2503
f 2503/2503/2503 2451/2451/2451 2449/2449/2449
f 2448/2448/2448 2504/2504/2504 2449/2449/2449
f 2449/2449/2449 2504/2504/2504 2503/2503/2503
f 2445/2445/2445 2505/2505/2505 2448/2448/2448
f 2448/2448/2448 2505/2505/2505 2504/2504/2504
f 2505/2505/2505 2445/2445/2445 2506/2506/2506
f 2506/2506/2506 2445/2445/2445 2443/2443/2443
f 2443/2443/2443 2441/2441/2441 2506/2506/2506
f 2506/2506/2506 2441/2441/2441 2507/2507/2507
f 2441/2441/2441 2439/2439/2439 2507/2507/2507
f 2507/2507/2507 2439/2439/2439 2508/2508/2508
f 2439/2439/2439 2438/2438/2438 2508/2508/2508
f 2508/2508/2508 2438/2438/2438 2509/2509/2509
f 2436/2436/2436 2510/2510/2510 2438/2438/2438
f 2438/2438/2438 2510/2510/2510 2509/2509/2509
f 2434/2434/2434 2511/2511/2511 2436/2436/2436
f 2436/2436/2436 2511/2511/2511 2510/2510/2510
f 2432/2432/2432 2512/2512/2512 2434/2434/2434
f 2434/2434/2434 2512/2512/2512 2511/2511/2511
f 2429/2429/2429 2513/2513/2513 2432/2432/2432
f 2432/2432/2432 2513/2513/2513 2512/2512/2512
f 2425/2425/2425 2514/2514/2514 2429/2429/2429
f 2429/2429/2429 2514/2514/2514 2513/2513/2513
f 2427/2427/2427 2515/2515/2515 2425/2425/2425
f 2425/2425/2425 2515/2515/2515 2514/2514/2514
f 2515/2515/2515 2427/2427/2427 2516/2516/2516
f 2516/2516/2516 2427/2427/2427 2466/2466/2466
f 2466/2466/2466 2467/2467/2467 2516/2516/2516
f 2516/2516/2516 2467/2467/2467 2517/2517/2517
f 2518/2518/2518 2517/2517/2517 2469/2469/2469
f 2469/2469/2469 2517/2517/2517 2467/2467/2467
f 2519/2519/2519 2518/2518/2518 2471/2471/2471
f 2471/2471/2471 2518/2518/2518 2469/2469/2469
f 2520/2520/2520 2521/2521/2521 2486/2486/2486
f 2486/2486/2486 2521/2521/2521 2484/2484/2484
f 2484/2484/2484 2521/2521/2521 2482/2482/2482
f 2482/2482/2482 2521/2521/2521 2522/2522/2522
f 2522/2522/2522 2523/2523/2523 2482/2482/2482
f 2482/2482/2482 2523/2523/2523 2480/2480/2480
f 2478/2478/2478 2480/2480/2480 2524/2524/2524
f 2524/2524/2524 2480/2480/2480 2523/2523/2523
f 2524/2524/2524 2525/2525/2525 2478/2478/2478
f 2478/2478/2478 2525/2525/2525 2475/2475/2475
f 2525/2525/2525 2526/2526/2526 2475/2475/2475
f 2475/2475/2475 2526/2526/2526 2473/2473/2473
f 2526/2526/2526 2519/2519/2519 2473/2473/2473
f 2473/2473/2473 2519/2519/2519 2471/2471/2471
f 2496/2496/2496 2527/2527/2527 2497/2497/2497
f 2497/2497/2497 2527/2527/2527 2498/2498/2498
f 2499/2499/2499 2498/2498/2498 2528/2528/2528
f 2528/2528/2528 2498/2498/2498 2527/2527/2527
f 2500/2500/2500 2499/2499/2499 2529/2529/2529
f 2529/2529/2529 2499/2499/2499 2528/2528/2528
f 2530/2530/2530 2521/2521/2521 2531/2531/2531
f 2531/2531/2531 2521/2521/2521 2520/2520/2520
f 2521/2521/2521 2530/2530/2530 2522/2522/2522
f 2522/2522/2522 2530/2530/2530 2532/2532/2532
f 2524/2524/2524 2523/2523/2523 2532/2532/2532
f 2532/2532/2532 2523/2523/2523 2522/2522/2522
f 2532/2532/2532 2533/2533/2533 2524/2524/2524
f 2524/2524/2524 2533/2533/2533 2525/2525/2525
f 2526/2526/2526 2525/2525/2525 2534/2534/2534
f 2534/2534/2534 2525/2525/2525 2533/2533/2533
f 2494/2494/2494 2527/2527/2527 2495/2495/2495
f 2495/2495/2495 2527/2527/2527 2496/2496/2496
f 2527/2527/2527 2494/2494/2494 2535/2535/2535
f 2535/2535/2535 2494/2494/2494 2493/2493/2493
f 2536/2536/2536 2535/2535/2535 2501/2501/2501
f 2501/2501/2501 2535/2535/2535 2493/2493/2493
f 2537/2537/2537 2536/2536/2536 2502/2502/2502
f 2502/2502/2502 2536/2536/2536 2501/2501/2501
f 2502/2502/2502 2503/2503/2503 2537/2537/2537
f 2537/2537/2537 2503/2503/2503 2538/2538/2538
f 2539/2539/2539 2538/2538/2538 2504/2504/2504
f 2504/2504/2504 2538/2538/2538 2503/2503/2503
f 2506/2506/2506 2539/2539/2539 2505/2505/2505
f 2505/2505/2505 2539/2539/2539 2504/2504/2504
f 2540/2540/2540 2539/2539/2539 2507/2507/2507
f 2507/2507/2507 2539/2539/2539 2506/2506/2506
f 2541/2541/2541 2540/2540/2540 2508/2508/2508
f 2508/2508/2508 2540/2540/2540 2507/2507/2507
f 2542/2542/2542 2541/2541/2541 2509/2509/2509
f 2509/2509/2509 2541/2541/2541 2508/2508/2508
f 2543/2543/2543 2542/2542/2542 2510/2510/2510
f 2510/2510/2510 2542/2542/2542 2509/2509/2509
f 2544/2544/2544 2543/2543/2543 2511/2511/2511
f 2511/2511/2511 2543/2543/2543 2510/2510/2510
f 2513/2513/2513 2544/2544/2544 2512/2512/2512
f 2512/2512/2512 2544/2544/2544 2511/2511/2511
f 2544/2544/2544 2513/2513/2513 2545/2545/2545
f 2545/2545/2545 2513/2513/2513 2514/2514/2514
f 2545/2545/2545 2514/2514/2514 2546/2546/2546
f 2546/2546/2546 2514/2514/2514 2515/2515/2515
f 2546/2546/2546 2515/2515/2515 2547/2547/2547
f 2547/2547/2547 2515/2515/2515 2516/2516/2516
f 2547/2547/2547 2516/2516/2516 2548/2548/2548
f 2548/2548/2548 2516/2516/2516 2517/2517/2517
f 2519/2519/2519 2526/2526/2526 2549/2549/2549
f 2549/2549/2549 2526/2526/2526 2534/2534/2534
f 2549/2549/2549 2550/2550/2550 2519/2519/2519
f 2519/2519/2519 2550/2550/2550 2518/2518/2518
f 2517/2517/2517 2518/2518/2518 2548/2548/2548
f 2548/2548/2548 2518/2518/2518 2550/2550/2550
f 2551/2551/2551 2538/2538/2538 2540/2540/2540
f 2540/2540/2540 2538/2538/2538 2539/2539/2539
f 2540/2540/2540 2541/2541/2541 2551/2551/2551
f 2551/2551/2551 2541/2541/2541 2552/2552/2552
f 2553/2553/2553 2552/2552/2552 2542/2542/2542
f 2542/2542/2542 2552/2552/2552 2541/2541/2541
f 2545/2545/2545 2554/2554/2554 2544/2544/2544
f 2544/2544/2544 2554/2554/2554 2543/2543/2543
f 2554/2554/2554 2553/2553/2553 2543/2543/2543
f 2543/2543/2543 2553/2553/2553 2542/2542/2542
f 2555/2555/2555 2556/2556/2556 2557/2557/2557
f 2557/2557/2557 2556/2556/2556 2558/2558/2558
f 2559/2559/2559 2548/2548/2548 2560/2560/2560
f 2560/2560/2560 2548/2548/2548 2550/2550/2550
f 2561/2561/2561 2560/2560/2560 2549/2549/2549
f 2549/2549/2549 2560/2560/2560 2550/2550/2550
f 2561/2561/2561 2549/2549/2549 2562/2562/2562
f 2562/2562/2562 2549/2549/2549 2534/2534/2534
f 2548/2548/2548 2559/2559/2559 2547/2547/2547
f 2547/2547/2547 2559/2559/2559 2563/2563/2563
f 2546/2546/2546 2564/2564/2564 2545/2545/2545
f 2545/2545/2545 2564/2564/2564 2554/2554/2554
f 2564/2564/2564 2546/2546/2546 2563/2563/2563
f 2563/2563/2563 2546/2546/2546 2547/2547/2547
f 2530/2530/2530 2565/2565/2565 2532/2532/2532
f 2532/2532/2532 2565/2565/2565 2533/2533/2533
f 2565/2565/2565 2562/2562/2562 2533/2533/2533
f 2533/2533/2533 2562/2562/2562 2534/2534/2534
f 2530/2530/2530 2531/2531/2531 2561/2561/2561
f 2561/2561/2561 2531/2531/2531 2566/2566/2566
f 2564/2564/2564 2556/2556/2556 2554/2554/2554
f 2554/2554/2554 2556/2556/2556 2553/2553/2553
f 2529/2529/2529 2528/2528/2528 2567/2567/2567
f 2567/2567/2567 2528/2528/2528 2568/2568/2568
f 2557/2557/2557 2569/2569/2569 2555/2555/2555
f 2555/2555/2555 2569/2569/2569 2570/2570/2570
f 2500/2500/2500 2520/2520/2520 2487/2487/2487
f 2487/2487/2487 2520/2520/2520 2486/2486/2486
f 2556/2556/2556 2555/2555/2555 2553/2553/2553
f 2553/2553/2553 2555/2555/2555 2552/2552/2552
f 2537/2537/2537 2570/2570/2570 2536/2536/2536
f 2536/2536/2536 2570/2570/2570 2569/2569/2569
f 2555/2555/2555 2570/2570/2570 2552/2552/2552
f 2552/2552/2552 2570/2570/2570 2551/2551/2551
f 2570/2570/2570 2537/2537/2537 2551/2551/2551
f 2551/2551/2551 2537/2537/2537 2538/2538/2538
f 2536/2536/2536 2569/2569/2569 2535/2535/2535
f 2535/2535/2535 2569/2569/2569 2568/2568/2568
f 2535/2535/2535 2568/2568/2568 2527/2527/2527
f 2527/2527/2527 2568/2568/2568 2528/2528/2528
f 2530/2530/2530 2561/2561/2561 2565/2565/2565
f 2565/2565/2565 2561/2561/2561 2562/2562/2562
f 2563/2563/2563 2558/2558/2558 2564/2564/2564
f 2564/2564/2564 2558/2558/2558 2556/2556/2556
f 2571/2571/2571 2559/2559/2559 2572/2572/2572
f 2572/2572/2572 2559/2559/2559 2560/2560/2560
f 2559/2559/2559 2571/2571/2571 2563/2563/2563
f 2563/2563/2563 2571/2571/2571 2558/2558/2558
f 2566/2566/2566 2572/2572/2572 2561/2561/2561
f 2561/2561/2561 2572/2572/2572 2560/2560/2560
f 2558/2558/2558 2571/2571/2571 2566/2566/2566
f 2566/2566/2566 2571/2571/2571 2572/2572/2572
f 2490/2490/2490 2489/2489/2489 2488/2488/2488
f 2488/2488/2488 2489/2489/2489 2487/2487/2487
f 2529/2529/2529 2531/2531/2531 2500/2500/2500
f 2500/2500/2500 2531/2531/2531 2520/2520/2520
f 2567/2567/2567 2566/2566/2566 2529/2529/2529
f 2529/2529/2529 2566/2566/2566 2531/2531/2531
f 2557/2557/2557 2558/2558/2558 2567/2567/2567
f 2567/2567/2567 2558/2558/2558 2566/2566/2566
f 2569/2569/2569 2557/2557/2557 2568/2568/2568
f 2568/2568/2568 2557/2557/2557 2567/2567/2567
f 2573/2573/2573 2574/2574/2574 2575/2575/2575
f 2575/2575/2575 2574/2574/2574 2576/2576/2576
f 2577/2577/2577 2578/2578/2578 2579/2579/2579
f 2579/2579/2579 2578/2578/2578 2580/2580/2580
f 2581/2581/2581 2582/2582/2582 2580/2580/2580
f 2580/2580/2580 2582/2582/2582 2579/2579/2579
f 2583/2583/2583 2584/2584/2584 2581/2581/2581
f 2581/2581/2581 2584/2584/2584 2582/2582/2582
f 2585/2585/2585 2586/2586/2586 2583/2583/2583
f 2583/2583/2583 2586/2586/2586 2584/2584/2584
f 2587/2587/2587 2588/2588/2588 2585/2585/2585
f 2585/2585/2585 2588/2588/2588 2586/2586/2586
f 2589/2589/2589 2590/2590/2590 2587/2587/2587
f 2587/2587/2587 2590/2590/2590 2588/2588/2588
f 2591/2591/2591 2592/2592/2592 2589/2589/2589
f 2589/2589/2589 2592/2592/2592 2590/2590/2590
f 2593/2593/2593 2594/2594/2594 2591/2591/2591
f 2591/2591/2591 2594/2594/2594 2592/2592/2592
f 2595/2595/2595 2596/2596/2596 2593/2593/2593
f 2593/2593/2593 2596/2596/2596 2594/2594/2594
f 2597/2597/2597 2598/2598/2598 2595/2595/2595
f 2595/2595/2595 2598/2598/2598 2596/2596/2596
f 2599/2599/2599 2600/2600/2600 2597/2597/2597
f 2597/2597/2597 2600/2600/2600 2598/2598/2598
f 2601/2601/2601 2602/2602/2602 2599/2599/2599
f 2599/2599/2599 2602/2602/2602 2600/2600/2600
f 2603/2603/2603 2604/2604/2604 2601/2601/2601
f 2601/2601/2601 2604/2604/2604 2602/2602/2602
f 2605/2605/2605 2606/2606/2606 2603/2603/2603
f 2603/2603/2603 2606/2606/2606 2604/2604/2604
f 2607/2607/2607 2608/2608/2608 2605/2605/2605
f 2605/2605/2605 2608/2608/2608 2606/2606/2606
f 2609/2609/2609 2610/2610/2610 2607/2607/2607
f 2607/2607/2607 2610/2610/2610 2608/2608/2608
f 2611/2611/2611 2612/2612/2612 2609/2609/2609
f 2609/2609/2609 2612/2612/2612 2610/2610/2610
f 2613/2613/2613 2614/2614/2614 2611/2611/2611
f 2611/2611/2611 2614/2614/2614 2612/2612/2612
f 2613/2613/2613 2615/2615/2615 2614/2614/2614
f 2614/2614/2614 2615/2615/2615 2616/2616/2616
f 2615/2615/2615 2617/2617/2617 2616/2616/2616
f 2616/2616/2616 2617/2617/2617 2618/2618/2618
f 2617/2617/2617 2619/2619/2619 2618/2618/2618
f 2618/2618/2618 2619/2619/2619 2620/2620/2620
f 2619/2619/2619 2621/2621/2621 2620/2620/2620
f 2620/2620/2620 2621/2621/2621 2622/2622/2622
f 2621/2621/2621 2623/2623/2623 2622/2622/2622
f 2622/2622/2622 2623/2623/2623 2624/2624/2624
f 2623/2623/2623 2625/2625/2625 2624/2624/2624
f 2624/2624/2624 2625/2625/2625 2626/2626/2626
f 2625/2625/2625 2627/2627/2627 2626/2626/2626
f 2626/2626/2626 2627/2627/2627 2628/2628/2628
f 2627/2627/2627 2629/2629/2629 2628/2628/2628
f 2628/2628/2628 2629/2629/2629 2630/2630/2630
f 2629/2629/2629 2631/2631/2631 2630/2630/2630
f 2630/2630/2630 2631/2631/2631 2632/2632/2632
f 2631/2631/2631 2633/2633/2633 2632/2632/2632
f 2632/2632/2632 2633/2633/2633 2634/2634/2634
f 2633/2633/2633 2635/2635/2635 2634/2634/2634
f 2634/2634/2634 2635/2635/2635 2636/2636/2636
f 2635/2635/2635 2637/2637/2637 2636/2636/2636
f 2636/2636/2636 2637/2637/2637 2638/2638/2638
f 2637/2637/2637 2639/2639/2639 2638/2638/2638
f 2638/2638/2638 2639/2639/2639 2640/2640/2640
f 2639/2639/2639 2641/2641/2641 2640/2640/2640
f 2640/2640/2640 2641/2641/2641 2642/2642/2642
f 2641/2641/2641 2643/2643/2643 2642/2642/2642
f 2642/2642/2642 2643/2643/2643 2644/2644/2644
f 2643/2643/2643 2645/2645/2645 2644/2644/2644
f 2644/2644/2644 2645/2645/2645 2646/2646/2646
f 2645/2645/2645 2575/2575/2575 2646/2646/2646
f 2646/2646/2646 2575/2575/2575 2576/2576/2576
f 2647/2647/2647 2648/2648/2648 2649/2649/2649
f 2649/2649/2649 2648/2648/2648 2650/2650/2650
f 2650/2650/2650 2651/2651/2651 2649/2649/2649
f 2649/2649/2649 2651/2651/2651 2652/2652/2652
f 2651/2651/2651 2653/2653/2653 2652/2652/2652
f 2652/2652/2652 2653/2653/2653 2654/2654/2654
f 2655/2655/2655 2656/2656/2656 2653/2653/2653
f 2653/2653/2653 2656/2656/2656 2654/2654/2654
f 2656/2656/2656 2655/2655/2655 2657/2657/2657
f 2657/2657/2657 2655/2655/2655 2658/2658/2658
f 2657/2657/2657 2658/2658/2658 2659/2659/2659
f 2659/2659/2659 2658/2658/2658 2660/2660/2660
f 2659/2659/2659 2660/2660/2660 2661/2661/2661
f 2661/2661/2661 2660/2660/2660 2662/2662/2662
f 2663/2663/2663 2664/2664/2664 2665/2665/2665
f 2665/2665/2665 2664/2664/2664 2666/2666/2666
f 2667/2667/2667 2668/2668/2668 2663/2663/2663
f 2663/2663/2663 2668/2668/2668 2664/2664/2664
f 2668/2668/2668 2667/2667/2667 2662/2662/2662
f 2662/2662/2662 2667/2667/2667 2661/2661/2661
f 2669/2669/2669 2670/2670/2670 2666/2666/2666
f 2666/2666/2666 2670/2670/2670 2665/2665/2665
f 2671/2671/2671 2672/2672/2672 2669/2669/2669
f 2669/2669/2669 2672/2672/2672 2670/2670/2670
f 2672/2672/2672 2671/2671/2671 2673/2673/2673
f 2673/2673/2673 2671/2671/2671 2674/2674/2674
f 2673/2673/2673 2674/2674/2674 2675/2675/2675
f 2675/2675/2675 2674/2674/2674 2676/2676/2676
f 2677/2677/2677 2678/2678/2678 2676/2676/2676
f 2676/2676/2676 2678/2678/2678 2675/2675/2675
f 2678/2678/2678 2677/2677/2677 2679/2679/2679
f 2679/2679/2679 2677/2677/2677 2680/2680/2680
f 2681/2681/2681 2682/2682/2682 2680/2680/2680
f 2680/2680/2680 2682/2682/2682 2679/2679/2679
f 2683/2683/2683 2684/2684/2684 2681/2681/2681
f 2681/2681/2681 2684/2684/2684 2682/2682/2682
f 2684/2684/2684 2683/2683/2683 2685/2685/2685
f 2685/2685/2685 2683/2683/2683 2686/2686/2686
f 2687/2687/2687 2688/2688/2688 2686/2686/2686
f 2686/2686/2686 2688/2688/2688 2685/2685/2685
f 2688/2688/2688 2687/2687/2687 2689/2689/2689
f 2689/2689/2689 2687/2687/2687 2690/2690/2690
f 2691/2691/2691 2692/2692/2692 2690/2690/2690
f 2690/2690/2690 2692/2692/2692 2689/2689/2689
f 2693/2693/2693 2694/2694/2694 2691/2691/2691
f 2691/2691/2691 2694/2694/2694 2692/2692/2692
f 2693/2693/2693 2695/2695/2695 2694/2694/2694
f 2694/2694/2694 2695/2695/2695 2696/2696/2696
f 2697/2697/2697 2696/2696/2696 2698/2698/2698
f 2698/2698/2698 2696/2696/2696 2695/2695/2695
f 2698/2698/2698 2699/2699/2699 2697/2697/2697
f 2697/2697/2697 2699/2699/2699 2700/2700/2700
f 2699/2699/2699 2701/2701/2701 2700/2700/2700
f 2700/2700/2700 2701/2701/2701 2702/2702/2702
f 2701/2701/2701 2703/2703/2703 2702/2702/2702
f 2702/2702/2702 2703/2703/2703 2704/2704/2704
f 2705/2705/2705 2704/2704/2704 2706/2706/2706
f 2706/2706/2706 2704/2704/2704 2703/2703/2703
f 2707/2707/2707 2708/2708/2708 2706/2706/2706
f 2706/2706/2706 2708/2708/2708 2705/2705/2705
f 2709/2709/2709 2710/2710/2710 2707/2707/2707
f 2707/2707/2707 2710/2710/2710 2708/2708/2708
f 2711/2711/2711 2710/2710/2710 2712/2712/2712
f 2712/2712/2712 2710/2710/2710 2709/2709/2709
f 2712/2712/2712 2713/2713/2713 2711/2711/2711
f 2711/2711/2711 2713/2713/2713 2714/2714/2714
f 2714/2714/2714 2713/2713/2713 2715/2715/2715
f 2715/2715/2715 2713/2713/2713 2716/2716/2716
f 2717/2717/2717 2718/2718/2718 2647/2647/2647
f 2647/2647/2647 2718/2718/2718 2648/2648/2648
f 2715/2715/2715 2716/2716/2716 2717/2717/2717
f 2717/2717/2717 2716/2716/2716 2718/2718/2718
f 2714/2714/2714 2715/2715/2715 2719/2719/2719
f 2715/2715/2715 2717/2717/2717 2719/2719/2719
f 2717/2717/2717 2647/2647/2647 2719/2719/2719
f 2647/2647/2647 2649/2649/2649 2719/2719/2719
f 2649/2649/2649 2652/2652/2652 2719/2719/2719
f 2652/2652/2652 2654/2654/2654 2719/2719/2719
f 2654/2654/2654 2656/2656/2656 2719/2719/2719
f 2656/2656/2656 2657/2657/2657 2719/2719/2719
f 2657/2657/2657 2659/2659/2659 2719/2719/2719
f 2659/2659/2659 2661/2661/2661 2719/2719/2719
f 2661/2661/2661 2667/2667/2667 2719/2719/2719
f 2667/2667/2667 2663/2663/2663 2719/2719/2719
f 2663/2663/2663 2665/2665/2665 2719/2719/2719
f 2665/2665/2665 2670/2670/2670 2719/2719/2719
f 2670/2670/2670 2672/2672/2672 2719/2719/2719
f 2672/2672/2672 2673/2673/2673 2719/2719/2719
f 2673/2673/2673 2675/2675/2675 2719/2719/2719
f 2675/2675/2675 2678/2678/2678 2719/2719/2719
f 2678/2678/2678 2679/2679/2679 2719/2719/2719
f 2679/2679/2679 2682/2682/2682 2719/2719/2719
f 2682/2682/2682 2684/2684/2684 2719/2719/2719
f 2684/2684/2684 2685/2685/2685 2719/2719/2719
f 2685/2685/2685 2688/2688/2688 2719/2719/2719
f 2688/2688/2688 2689/2689/2689 2719/2719/2719
f 2689/2689/2689 2692/2692/2692 2719/2719/2719
f 2692/2692/2692 2694/2694/2694 2719/2719/2719
f 2694/2694/2694 2696/2696/2696 2719/2719/2719
f 2696/2696/2696 2697/2697/2697 2719/2719/2719
f 2697/2697/2697 2700/2700/2700 2719/2719/2719
f 2700/2700/2700 2702/2702/2702 2719/2719/2719
f 2702/2702/2702 2704/2704/2704 2719/2719/2719
f 2704/2704/2704 2705/2705/2705 2719/2719/2719
f 2705/2705/2705 2708/2708/2708 2719/2719/2719
f 2708/2708/2708 2710/2710/2710 2719/2719/2719
f 2710/2710/2710 2711/2711/2711 2719/2719/2719
f 2711/2711/2711 2714/2714/2714 2719/2719/2719
f 2720/2720/2720 2721/2721/2721 2722/2722/2722
f 2722/2722/2722 2721/2721/2721 2723/2723/2723
f 2724/2724/2724 2725/2725/2725 2726/2726/2726
f 2726/2726/2726 2725/2725/2725 2727/2727/2727
f 2722/2722/2722 2723/2723/2723 2728/2728/2728
f 2728/2728/2728 2723/2723/2723 2729/2729/2729
f 2730/2730/2730 2728/2728/2728 2731/2731/2731
f 2731/2731/2731 2728/2728/2728 2729/2729/2729
f 2732/2732/2732 2730/2730/2730 2733/2733/2733
f 2733/2733/2733 2730/2730/2730 2731/2731/2731
f 2734/2734/2734 2732/2732/2732 2735/2735/2735
f 2735/2735/2735 2732/2732/2732 2733/2733/2733
f 2736/2736/2736 2734/2734/2734 2737/2737/2737
f 2737/2737/2737 2734/2734/2734 2735/2735/2735
f 2738/2738/2738 2736/2736/2736 2739/2739/2739
f 2739/2739/2739 2736/2736/2736 2737/2737/2737
f 2740/2740/2740 2738/2738/2738 2741/2741/2741
f 2741/2741/2741 2738/2738/2738 2739/2739/2739
f 2742/2742/2742 2740/2740/2740 2743/2743/2743
f 2743/2743/2743 2740/2740/2740 2741/2741/2741
f 2744/2744/2744 2742/2742/2742 2745/2745/2745
f 2745/2745/2745 2742/2742/2742 2743/2743/2743
f 2746/2746/2746 2744/2744/2744 2747/2747/2747
f 2747/2747/2747 2744/2744/2744 2745/2745/2745
f 2748/2748/2748 2746/2746/2746 2749/2749/2749
f 2749/2749/2749 2746/2746/2746 2747/2747/2747
f 2750/2750/2750 2748/2748/2748 2751/2751/2751
f 2751/2751/2751 2748/2748/2748 2749/2749/2749
f 2752/2752/2752 2750/2750/2750 2753/2753/2753
f 2753/2753/2753 2750/2750/2750 2751/2751/2751
f 2754/2754/2754 2752/2752/2752 2755/2755/2755
f 2755/2755/2755 2752/2752/2752 2753/2753/2753
f 2756/2756/2756 2754/2754/2754 2757/2757/2757
f 2757/2757/2757 2754/2754/2754 2755/2755/2755
f 2758/2758/2758 2756/2756/2756 2759/2759/2759
f 2759/2759/2759 2756/2756/2756 2757/2757/2757
f 2760/2760/2760 2758/2758/2758 2761/2761/2761
f 2761/2761/2761 2758/2758/2758 2759/2759/2759
f 2762/2762/2762 2760/2760/2760 2763/2763/2763
f 2763/2763/2763 2760/2760/2760 2761/2761/2761
f 2764/2764/2764 2762/2762/2762 2765/2765/2765
f 2765/2765/2765 2762/2762/2762 2763/2763/2763
f 2766/2766/2766 2764/2764/2764 2767/2767/2767
f 2767/2767/2767 2764/2764/2764 2765/2765/2765
f 2766/2766/2766 2767/2767/2767 2768/2768/2768
f 2768/2768/2768 2767/2767/2767 2769/2769/2769
f 2768/2768/2768 2769/2769/2769 2770/2770/2770
f 2770/2770/2770 2769/2769/2769 2771/2771/2771
f 2770/2770/2770 2771/2771/2771 2772/2772/2772
f 2772/2772/2772 2771/2771/2771 2773/2773/2773
f 2772/2772/2772 2773/2773/2773 2774/2774/2774
f 2774/2774/2774 2773/2773/2773 2775/2775/2775
f 2774/2774/2774 2775/2775/2775 2776/2776/2776
f 2776/2776/2776 2775/2775/2775 2777/2777/2777
f 2776/2776/2776 2777/2777/2777 2778/2778/2778
f 2778/2778/2778 2777/2777/2777 2779/2779/2779
f 2778/2778/2778 2779/2779/2779 2780/2780/2780
f 2780/2780/2780 2779/2779/2779 2781/2781/2781
f 2780/2780/2780 2781/2781/2781 2782/2782/2782
f 2782/2782/2782 2781/2781/2781 2783/2783/2783
f 2782/2782/2782 2783/2783/2783 2784/2784/2784
f 2784/2784/2784 2783/2783/2783 2785/2785/2785
f 2784/2784/2784 2785/2785/2785 2786/2786/2786
f 2786/2786/2786 2785/2785/2785 2787/2787/2787
f 2786/2786/2786 2787/2787/2787 2788/2788/2788
f 2788/2788/2788 2787/2787/2787 2789/2789/2789
f 2788/2788/2788 2789/2789/2789 2790/2790/2790
f 2790/2790/2790 2789/2789/2789 2791/2791/2791
f 2790/2790/2790 2791/2791/2791 2792/2792/2792
f 2792/2792/2792 2791/2791/2791 2793/2793/2793
f 2792/2792/2792 2793/2793/2793 2727/2727/2727
f 2727/2727/2727 2793/2793/2793 2726/2726/2726
f 2794/2794/2794 2795/2795/2795 2796/2796/2796
f 2796/2796/2796 2795/2795/2795 2797/2797/2797
f 2795/2795/2795 2798/2798/2798 2797/2797/2797
f 2797/2797/2797 2798/2798/2798 2799/2799/2799
f 2799/2799/2799 2798/2798/2798 2800/2800/2800
f 2800/2800/2800 2798/2798/2798 2801/2801/2801
f 2800/2800/2800 2801/2801/2801 2802/2802/2802
f 2802/2802/2802 2801/2801/2801 2803/2803/2803
f 2796/2796/2796 2804/2804/2804 2794/2794/2794
f 2794/2794/2794 2804/2804/2804 2805/2805/2805
f 2805/2805/2805 2804/2804/2804 2806/2806/2806
f 2806/2806/2806 2804/2804/2804 2807/2807/2807
f 2807/2807/2807 2808/2808/2808 2806/2806/2806
f 2806/2806/2806 2808/2808/2808 2809/2809/2809
f 2809/2809/2809 2808/2808/2808 2810/2810/2810
f 2810/2810/2810 2808/2808/2808 2811/2811/2811
f 2812/2812/2812 2813/2813/2813 2811/2811/2811
f 2811/2811/2811 2813/2813/2813 2810/2810/2810
f 2813/2813/2813 2812/2812/2812 2814/2814/2814
f 2814/2814/2814 2812/2812/2812 2815/2815/2815
f 2816/2816/2816 2817/2817/2817 2815/2815/2815
f 2815/2815/2815 2817/2817/2817 2814/2814/2814
f 2817/2817/2817 2816/2816/2816 2818/2818/2818
f 2818/2818/2818 2816/2816/2816 2819/2819/2819
f 2820/2820/2820 2818/2818/2818 2821/2821/2821
f 2821/2821/2821 2818/2818/2818 2819/2819/2819
f 2821/2821/2821 2822/2822/2822 2820/2820/2820
f 2820/2820/2820 2822/2822/2822 2823/2823/2823
f 2822/2822/2822 2824/2824/2824 2823/2823/2823
f 2823/2823/2823 2824/2824/2824 2825/2825/2825
f 2826/2826/2826 2827/2827/2827 2824/2824/2824
f 2824/2824/2824 2827/2827/2827 2825/2825/2825
f 2826/2826/2826 2828/2828/2828 2827/2827/2827
f 2827/2827/2827 2828/2828/2828 2829/2829/2829
f 2828/2828/2828 2830/2830/2830 2829/2829/2829
f 2829/2829/2829 2830/2830/2830 2831/2831/2831
f 2832/2832/2832 2833/2833/2833 2830/2830/2830
f 2830/2830/2830 2833/2833/2833 2831/2831/2831
f 2834/2834/2834 2835/2835/2835 2832/2832/2832
f 2832/2832/2832 2835/2835/2835 2833/2833/2833
f 2835/2835/2835 2834/2834/2834 2836/2836/2836
f 2836/2836/2836 2834/2834/2834 2837/2837/2837
f 2838/2838/2838 2836/2836/2836 2839/2839/2839
f 2839/2839/2839 2836/2836/2836 2837/2837/2837
f 2840/2840/2840 2841/2841/2841 2839/2839/2839
f 2839/2839/2839 2841/2841/2841 2838/2838/2838
f 2842/2842/2842 2843/2843/2843 2840/2840/2840
f 2840/2840/2840 2843/2843/2843 2841/2841/2841
f 2843/2843/2843 2842/2842/2842 2844/2844/2844
f 2844/2844/2844 2842/2842/2842 2845/2845/2845
f 2845/2845/2845 2846/2846/2846 2844/2844/2844
f 2844/2844/2844 2846/2846/2846 2847/2847/2847
f 2848/2848/2848 2847/2847/2847 2849/2849/2849
f 2849/2849/2849 2847/2847/2847 2846/2846/2846
f 2849/2849/2849 2850/2850/2850 2848/2848/2848
f 2848/2848/2848 2850/2850/2850 2851/2851/2851
f 2851/2851/2851 2850/2850/2850 2852/2852/2852
f 2852/2852/2852 2850/2850/2850 2853/2853/2853
f 2852/2852/2852 2853/2853/2853 2854/2854/2854
f 2854/2854/2854 2853/2853/2853 2855/2855/2855
f 2854/2854/2854 2855/2855/2855 2856/2856/2856
f 2856/2856/2856 2855/2855/2855 2857/2857/2857
f 2858/2858/2858 2859/2859/2859 2857/2857/2857
f 2857/2857/2857 2859/2859/2859 2856/2856/2856
f 2859/2859/2859 2858/2858/2858 2860/2860/2860
f 2860/2860/2860 2858/2858/2858 2861/2861/2861
f 2862/2862/2862 2863/2863/2863 2861/2861/2861
f 2861/2861/2861 2863/2863/2863 2860/2860/2860
f 2864/2864/2864 2865/2865/2865 2862/2862/2862
f 2862/2862/2862 2865/2865/2865 2863/2863/2863
f 2802/2802/2802 2803/2803/2803 2864/2864/2864
f 2864/2864/2864 2803/2803/2803 2865/2865/2865
f 2851/2851/2851 2852/2852/2852 2866/2866/2866
f 2852/2852/2852 2854/2854/2854 2866/2866/2866
f 2854/2854/2854 2856/2856/2856 2866/2866/2866
f 2856/2856/2856 2859/2859/2859 2866/2866/2866
f 2859/2859/2859 2860/2860/2860 2866/2866/2866
f 2860/2860/2860 2863/2863/2863 2866/2866/2866
f 2863/2863/2863 2865/2865/2865 2866/2866/2866
f 2865/2865/2865 2803/2803/2803 2866/2866/2866
f 2803/2803/2803 2801/2801/2801 2866/2866/2866
f 2801/2801/2801 2798/2798/2798 2866/2866/2866
f 2798/2798/2798 2795/2795/2795 2866/2866/2866
f 2795/2795/2795 2794/2794/2794 2866/2866/2866
f 2794/2794/2794 2805/2805/2805 2866/2866/2866
f 2805/2805/2805 2806/2806/2806 2866/2866/2866
f 2806/2806/2806 2809/2809/2809 2866/2866/2866
f 2809/2809/2809 2810/2810/2810 2866/2866/2866
f 2810/2810/2810 2813/2813/2813 2866/2866/2866
f 2813/2813/2813 2814/2814/2814 2866/2866/2866
f 2814/2814/2814 2817/2817/2817 2866/2866/2866
f 2817/2817/2817 2818/2818/2818 2866/2866/2866
f 2818/2818/2818 2820/2820/2820 2866/2866/2866
f 2820/2820/2820 2823/2823/2823 2866/2866/2866
f 2823/2823/2823 2825/2825/2825 2866/2866/2866
f 2825/2825/2825 2827/2827/2827 2866/2866/2866
f 2827/2827/2827 2829/2829/2829 2866/2866/2866
f 2829/2829/2829 2831/2831/2831 2866/2866/2866
f 2831/2831/2831 2833/2833/2833 2866/2866/2866
f 2833/2833/2833 2835/2835/2835 2866/2866/2866
f 2835/2835/2835 2836/2836/2836 2866/2866/2866
f 2836/2836/2836 2838/2838/2838 2866/2866/2866
f 2838/2838/2838 2841/2841/2841 2866/2866/2866
f 2841/2841/2841 2843/2843/2843 2866/2866/2866
f 2843/2843/2843 2844/2844/2844 2866/2866/2866
f 2844/2844/2844 2847/2847/2847 2866/2866/2866
f 2847/2847/2847 2848/2848/2848 2866/2866/2866
f 2848/2848/2848 2851/2851/2851 2866/2866/2866
f 2867/2867/2867 2868/2868/2868 2869/2869/2869
f 2869/2869/2869 2868/2868/2868 2870/2870/2870
f 2871/2871/2871 2872/2872/2872 2873/2873/2873
f 2873/2873/2873 2872/2872/2872 2874/2874/2874
f 2875/2875/2875 2876/2876/2876 2877/2877/2877
f 2877/2877/2877 2876/2876/2876 2878/2878/2878
f 2879/2879/2879 2875/2875/2875 2880/2880/2880
f 2880/2880/2880 2875/2875/2875 2877/2877/2877
f 2881/2881/2881 2882/2882/2882 2883/2883/2883
f 2883/2883/2883 2882/2882/2882 2884/2884/2884
f 2885/2885/2885 2886/2886/2886 2887/2887/2887
f 2887/2887/2887 2886/2886/2886 2888/2888/2888
f 2889/2889/2889 2890/2890/2890 2891/2891/2891
f 2891/2891/2891 2890/2890/2890 2892/2892/2892
f 2891/2891/2891 2893/2893/2893 2889/2889/2889
f 2889/2889/2889 2893/2893/2893 2894/2894/2894
f 2880/2880/2880 2894/2894/2894 2879/2879/2879
f 2879/2879/2879 2894/2894/2894 2893/2893/2893
f 2895/2895/2895 2896/2896/2896 2897/2897/2897
f 2897/2897/2897 2896/2896/2896 2898/2898/2898
f 2899/2899/2899 2900/2900/2900 2901/2901/2901
f 2901/2901/2901 2900/2900/2900 2902/2902/2902
f 2903/2903/2903 2904/2904/2904 2905/2905/2905
f 2905/2905/2905 2904/2904/2904 2906/2906/2906
f 2907/2907/2907 2908/2908/2908 2909/2909/2909
f 2909/2909/2909 2908/2908/2908 2910/2910/2910
f 2907/2907/2907 2909/2909/2909 2911/2911/2911
f 2911/2911/2911 2909/2909/2909 2912/2912/2912
f 2913/2913/2913 2914/2914/2914 2915/2915/2915
f 2915/2915/2915 2914/2914/2914 2916/2916/2916
f 2917/2917/2917 2918/2918/2918 2919/2919/2919
f 2919/2919/2919 2918/2918/2918 2920/2920/2920
f 2921/2921/2921 2922/2922/2922 2923/2923/2923
f 2923/2923/2923 2922/2922/2922 2924/2924/2924
f 2923/2923/2923 2897/2897/2897 2921/2921/2921
f 2921/2921/2921 2897/2897/2897 2925/2925/2925
f 2926/2926/2926 2925/2925/2925 2898/2898/2898
f 2898/2898/2898 2925/2925/2925 2897/2897/2897
f 2927/2927/2927 2928/2928/2928 2929/2929/2929
f 2929/2929/2929 2928/2928/2928 2930/2930/2930
f 2931/2931/2931 2883/2883/2883 2932/2932/2932
f 2932/2932/2932 2883/2883/2883 2885/2885/2885
f 2932/2932/2932 2885/2885/2885 2933/2933/2933
f 2933/2933/2933 2885/2885/2885 2887/2887/2887
f 2933/2933/2933 2887/2887/2887 2934/2934/2934
f 2934/2934/2934 2887/2887/2887 2935/2935/2935
f 2934/2934/2934 2935/2935/2935 2936/2936/2936
f 2936/2936/2936 2935/2935/2935 2867/2867/2867
f 2869/2869/2869 2937/2937/2937 2867/2867/2867
f 2867/2867/2867 2937/2937/2937 2936/2936/2936
f 2938/2938/2938 2871/2871/2871 2939/2939/2939
f 2939/2939/2939 2871/2871/2871 2873/2873/2873
f 2939/2939/2939 2873/2873/2873 2940/2940/2940
f 2940/2940/2940 2873/2873/2873 2941/2941/2941
f 2942/2942/2942 2943/2943/2943 2944/2944/2944
f 2944/2944/2944 2943/2943/2943 2908/2908/2908
f 2945/2945/2945 2944/2944/2944 2907/2907/2907
f 2907/2907/2907 2944/2944/2944 2908/2908/2908
f 2945/2945/2945 2907/2907/2907 2946/2946/2946
f 2946/2946/2946 2907/2907/2907 2911/2911/2911
f 2946/2946/2946 2911/2911/2911 2947/2947/2947
f 2947/2947/2947 2911/2911/2911 2913/2913/2913
f 2947/2947/2947 2913/2913/2913 2948/2948/2948
f 2948/2948/2948 2913/2913/2913 2915/2915/2915
f 2949/2949/2949 2950/2950/2950 2951/2951/2951
f 2951/2951/2951 2950/2950/2950 2917/2917/2917
f 2905/2905/2905 2952/2952/2952 2953/2953/2953
f 2953/2953/2953 2952/2952/2952 2954/2954/2954
f 2952/2952/2952 2905/2905/2905 2955/2955/2955
f 2955/2955/2955 2905/2905/2905 2906/2906/2906
f 2902/2902/2902 2956/2956/2956 2901/2901/2901
f 2901/2901/2901 2956/2956/2956 2957/2957/2957
f 2902/2902/2902 2958/2958/2958 2956/2956/2956
f 2956/2956/2956 2958/2958/2958 2959/2959/2959
f 2960/2960/2960 2961/2961/2961 2879/2879/2879
f 2879/2879/2879 2961/2961/2961 2875/2875/2875
f 2876/2876/2876 2875/2875/2875 2962/2962/2962
f 2962/2962/2962 2875/2875/2875 2961/2961/2961
f 2879/2879/2879 2893/2893/2893 2960/2960/2960
f 2960/2960/2960 2893/2893/2893 2963/2963/2963
f 2893/2893/2893 2891/2891/2891 2963/2963/2963
f 2963/2963/2963 2891/2891/2891 2964/2964/2964
f 2965/2965/2965 2966/2966/2966 2967/2967/2967
f 2967/2967/2967 2966/2966/2966 2892/2892/2892
f 2935/2935/2935 2968/2968/2968 2867/2867/2867
f 2867/2867/2867 2968/2968/2968 2868/2868/2868
f 2958/2958/2958 2902/2902/2902 2969/2969/2969
f 2969/2969/2969 2902/2902/2902 2900/2900/2900
f 2883/2883/2883 2884/2884/2884 2885/2885/2885
f 2885/2885/2885 2884/2884/2884 2886/2886/2886
f 2887/2887/2887 2888/2888/2888 2935/2935/2935
f 2935/2935/2935 2888/2888/2888 2968/2968/2968
f 2967/2967/2967 2892/2892/2892 2970/2970/2970
f 2970/2970/2970 2892/2892/2892 2890/2890/2890
f 2923/2923/2923 2924/2924/2924 2971/2971/2971
f 2971/2971/2971 2924/2924/2924 2972/2972/2972
f 2970/2970/2970 2972/2972/2972 2967/2967/2967
f 2967/2967/2967 2972/2972/2972 2924/2924/2924
f 2971/2971/2971 2895/2895/2895 2923/2923/2923
f 2923/2923/2923 2895/2895/2895 2897/2897/2897
f 2881/2881/2881 2927/2927/2927 2882/2882/2882
f 2882/2882/2882 2927/2927/2927 2973/2973/2973
f 2974/2974/2974 2973/2973/2973 2929/2929/2929
f 2929/2929/2929 2973/2973/2973 2927/2927/2927
f 2929/2929/2929 2898/2898/2898 2974/2974/2974
f 2974/2974/2974 2898/2898/2898 2896/2896/2896
f 2941/2941/2941 2873/2873/2873 2975/2975/2975
f 2975/2975/2975 2873/2873/2873 2874/2874/2874
f 2901/2901/2901 2906/2906/2906 2899/2899/2899
f 2899/2899/2899 2906/2906/2906 2904/2904/2904
f 2908/2908/2908 2943/2943/2943 2910/2910/2910
f 2910/2910/2910 2943/2943/2943 2976/2976/2976
f 2975/2975/2975 2976/2976/2976 2941/2941/2941
f 2941/2941/2941 2976/2976/2976 2943/2943/2943
f 2911/2911/2911 2912/2912/2912 2913/2913/2913
f 2913/2913/2913 2912/2912/2912 2914/2914/2914
f 2915/2915/2915 2916/2916/2916 2950/2950/2950
f 2950/2950/2950 2916/2916/2916 2977/2977/2977
f 2950/2950/2950 2977/2977/2977 2917/2917/2917
f 2917/2917/2917 2977/2977/2977 2918/2918/2918
f 2905/2905/2905 2953/2953/2953 2903/2903/2903
f 2903/2903/2903 2953/2953/2953 2978/2978/2978
f 2919/2919/2919 2920/2920/2920 2953/2953/2953
f 2953/2953/2953 2920/2920/2920 2978/2978/2978
f 2967/2967/2967 2924/2924/2924 2965/2965/2965
f 2965/2965/2965 2924/2924/2924 2922/2922/2922
f 2930/2930/2930 2926/2926/2926 2929/2929/2929
f 2929/2929/2929 2926/2926/2926 2898/2898/2898
f 2881/2881/2881 2979/2979/2979 2927/2927/2927
f 2927/2927/2927 2979/2979/2979 2928/2928/2928
f 2979/2979/2979 2881/2881/2881 2931/2931/2931
f 2931/2931/2931 2881/2881/2881 2883/2883/2883
f 2940/2940/2940 2941/2941/2941 2942/2942/2942
f 2942/2942/2942 2941/2941/2941 2943/2943/2943
f 2950/2950/2950 2949/2949/2949 2915/2915/2915
f 2915/2915/2915 2949/2949/2949 2948/2948/2948
f 2919/2919/2919 2980/2980/2980 2917/2917/2917
f 2917/2917/2917 2980/2980/2980 2951/2951/2951
f 2980/2980/2980 2919/2919/2919 2954/2954/2954
f 2954/2954/2954 2919/2919/2919 2953/2953/2953
f 2901/2901/2901 2957/2957/2957 2906/2906/2906
f 2906/2906/2906 2957/2957/2957 2955/2955/2955
f 2891/2891/2891 2892/2892/2892 2964/2964/2964
f 2964/2964/2964 2892/2892/2892 2966/2966/2966
f 2981/2981/2981 2982/2982/2982 2983/2983/2983
f 2983/2983/2983 2982/2982/2982 2984/2984/2984
f 2985/2985/2985 2986/2986/2986 2987/2987/2987
f 2987/2987/2987 2986/2986/2986 2988/2988/2988
f 2989/2989/2989 2986/2986/2986 2990/2990/2990
f 2990/2990/2990 2986/2986/2986 2991/2991/2991
f 2992/2992/2992 2993/2993/2993 2994/2994/2994
f 2994/2994/2994 2993/2993/2993 2995/2995/2995
f 2992/2992/2992 2996/2996/2996 2993/2993/2993
f 2993/2993/2993 2996/2996/2996 2997/2997/2997
f 2998/2998/2998 2999/2999/2999 3000/3000/3000
f 3000/3000/3000 2999/2999/2999 3001/3001/3001
f 3002/3002/3002 3003/3003/3003 2983/2983/2983
f 2983/2983/2983 3003/3003/3003 3004/3004/3004
f 3004/3004/3004 3003/3003/3003 3005/3005/3005
f 3005/3005/3005 3003/3003/3003 3006/3006/3006
f 3000/3000/3000 3001/3001/3001 3007/3007/3007
f 3007/3007/3007 3001/3001/3001 3008/3008/3008
f 3009/3009/3009 3010/3010/3010 2992/2992/2992
f 2992/2992/2992 3010/3010/3010 2996/2996/2996
f 3009/3009/3009 2992/2992/2992 3011/3011/3011
f 3011/3011/3011 2992/2992/2992 2994/2994/2994
f 3012/3012/3012 2991/2991/2991 2985/2985/2985
f 2985/2985/2985 2991/2991/2991 2986/2986/2986
f 2989/2989/2989 2990/2990/2990 3013/3013/3013
f 3013/3013/3013 2990/2990/2990 3014/3014/3014
f 2990/2990/2990 2995/2995/2995 3014/3014/3014
f 3014/3014/3014 2995/2995/2995 3015/3015/3015
f 3016/3016/3016 3017/3017/3017 2999/2999/2999
f 2999/2999/2999 3017/3017/3017 2997/2997/2997
f 3018/3018/3018 3016/3016/3016 2998/2998/2998
f 2998/2998/2998 3016/3016/3016 2999/2999/2999
f 3019/3019/3019 3002/3002/3002 2984/2984/2984
f 2984/2984/2984 3002/3002/3002 2983/2983/2983
f 3020/3020/3020 2984/2984/2984 3021/3021/3021
f 3021/3021/3021 2984/2984/2984 2982/2982/2982
f 3022/3022/3022 3023/3023/3023 3024/3024/3024
f 3024/3024/3024 3023/3023/3023 3025/3025/3025
f 3022/3022/3022 3026/3026/3026 3023/3023/3023
f 3023/3023/3023 3026/3026/3026 3027/3027/3027
f 3013/3013/3013 3014/3014/3014 3028/3028/3028
f 3028/3028/3028 3014/3014/3014 3029/3029/3029
f 3030/3030/3030 3031/3031/3031 3029/3029/3029
f 3029/3029/3029 3031/3031/3031 3028/3028/3028
f 3014/3014/3014 3015/3015/3015 3029/3029/3029
f 3029/3029/3029 3015/3015/3015 3032/3032/3032
f 3033/3033/3033 3034/3034/3034 3016/3016/3016
f 3016/3016/3016 3034/3034/3034 3017/3017/3017
f 3035/3035/3035 3033/3033/3033 3018/3018/3018
f 3018/3018/3018 3033/3033/3033 3016/3016/3016
f 3036/3036/3036 3019/3019/3019 3020/3020/3020
f 3020/3020/3020 3019/3019/3019 2984/2984/2984
f 3037/3037/3037 3038/3038/3038 3039/3039/3039
f 3039/3039/3039 3038/3038/3038 3032/3032/3032
f 3039/3039/3039 3034/3034/3034 3037/3037/3037
f 3037/3037/3037 3034/3034/3034 3040/3040/3040
f 3041/3041/3041 3042/3042/3042 3035/3035/3035
f 3035/3035/3035 3042/3042/3042 3033/3033/3033
f 3036/3036/3036 3020/3020/3020 3043/3043/3043
f 3043/3043/3043 3020/3020/3020 3044/3044/3044
f 3045/3045/3045 3046/3046/3046 3047/3047/3047
f 3047/3047/3047 3046/3046/3046 3048/3048/3048
f 3031/3031/3031 3030/3030/3030 3049/3049/3049
f 3049/3049/3049 3030/3030/3030 3050/3050/3050
f 3051/3051/3051 3024/3024/3024 3052/3052/3052
f 3052/3052/3052 3024/3024/3024 3053/3053/3053
f 3054/3054/3054 3026/3026/3026 3055/3055/3055
f 3055/3055/3055 3026/3026/3026 3022/3022/3022
f 3054/3054/3054 3056/3056/3056 3026/3026/3026
f 3026/3026/3026 3056/3056/3056 3057/3057/3057
f 3045/3045/3045 3047/3047/3047 3058/3058/3058
f 3058/3058/3058 3047/3047/3047 3059/3059/3059
f 3060/3060/3060 3061/3061/3061 3058/3058/3058
f 3058/3058/3058 3061/3061/3061 3045/3045/3045
f 3030/3030/3030 3038/3038/3038 3050/3050/3050
f 3050/3050/3050 3038/3038/3038 3062/3062/3062
f 3037/3037/3037 3040/3040/3040 3063/3063/3063
f 3063/3063/3063 3040/3040/3040 3064/3064/3064
f 3035/3035/3035 3065/3065/3065 3041/3041/3041
f 3041/3041/3041 3065/3065/3065 3066/3066/3066
f 3067/3067/3067 3065/3065/3065 3018/3018/3018
f 3018/3018/3018 3065/3065/3065 3035/3035/3035
f 3068/3068/3068 3067/3067/3067 2998/2998/2998
f 2998/2998/2998 3067/3067/3067 3018/3018/3018
f 3069/3069/3069 3068/3068/3068 3000/3000/3000
f 3000/3000/3000 3068/3068/3068 2998/2998/2998
f 3007/3007/3007 3070/3070/3070 3000/3000/3000
f 3000/3000/3000 3070/3070/3070 3069/3069/3069
f 3071/3071/3071 3072/3072/3072 3073/3073/3073
f 3073/3073/3073 3072/3072/3072 3059/3059/3059
f 3073/3073/3073 3056/3056/3056 3071/3071/3071
f 3071/3071/3071 3056/3056/3056 3074/3074/3074
f 3075/3075/3075 3076/3076/3076 3005/3005/3005
f 3005/3005/3005 3076/3076/3076 3077/3077/3077
f 3078/3078/3078 3079/3079/3079 3080/3080/3080
f 3080/3080/3080 3079/3079/3079 3081/3081/3081
f 3005/3005/3005 3006/3006/3006 3075/3075/3075
f 3075/3075/3075 3006/3006/3006 3082/3082/3082
f 3080/3080/3080 3083/3083/3083 3078/3078/3078
f 3078/3078/3078 3083/3083/3083 3084/3084/3084
f 3085/3085/3085 3086/3086/3086 3087/3087/3087
f 3087/3087/3087 3086/3086/3086 3088/3088/3088
f 2985/2985/2985 3089/3089/3089 3012/3012/3012
f 3012/3012/3012 3089/3089/3089 3090/3090/3090
f 3089/3089/3089 3091/3091/3091 3090/3090/3090
f 3090/3090/3090 3091/3091/3091 3092/3092/3092
f 3093/3093/3093 3086/3086/3086 3094/3094/3094
f 3094/3094/3094 3086/3086/3086 3095/3095/3095
f 3085/3085/3085 3096/3096/3096 3097/3097/3097
f 3097/3097/3097 3096/3096/3096 3098/3098/3098
f 3099/3099/3099 3100/3100/3100 3101/3101/3101
f 3101/3101/3101 3100/3100/3100 3102/3102/3102
f 3084/3084/3084 3099/3099/3099 3103/3103/3103
f 3103/3103/3103 3099/3099/3099 3101/3101/3101
f 3104/3104/3104 3105/3105/3105 3007/3007/3007
f 3007/3007/3007 3105/3105/3105 3070/3070/3070
f 3007/3007/3007 3008/3008/3008 3104/3104/3104
f 3104/3104/3104 3008/3008/3008 3106/3106/3106
f 3008/3008/3008 3010/3010/3010 3106/3106/3106
f 3106/3106/3106 3010/3010/3010 3107/3107/3107
f 3108/3108/3108 3009/3009/3009 3109/3109/3109
f 3109/3109/3109 3009/3009/3009 3011/3011/3011
f 3095/3095/3095 3110/3110/3110 3094/3094/3094
f 3094/3094/3094 3110/3110/3110 3092/3092/3092
f 3111/3111/3111 3112/3112/3112 3113/3113/3113
f 3113/3113/3113 3112/3112/3112 3114/3114/3114
f 3098/3098/3098 3115/3115/3115 3097/3097/3097
f 3097/3097/3097 3115/3115/3115 3116/3116/3116
f 3111/3111/3111 3117/3117/3117 3118/3118/3118
f 3118/3118/3118 3117/3117/3117 3119/3119/3119
f 3104/3104/3104 3106/3106/3106 3120/3120/3120
f 3120/3120/3120 3106/3106/3106 3121/3121/3121
f 3083/3083/3083 3122/3122/3122 3084/3084/3084
f 3084/3084/3084 3122/3122/3122 3123/3123/3123
f 3004/3004/3004 3124/3124/3124 2983/2983/2983
f 2983/2983/2983 3124/3124/3124 2981/2981/2981
f 3005/3005/3005 3077/3077/3077 3004/3004/3004
f 3004/3004/3004 3077/3077/3077 3124/3124/3124
f 2986/2986/2986 2989/2989/2989 2988/2988/2988
f 2988/2988/2988 2989/2989/2989 3125/3125/3125
f 2989/2989/2989 3013/3013/3013 3125/3125/3125
f 3125/3125/3125 3013/3013/3013 3126/3126/3126
f 2990/2990/2990 2991/2991/2991 2995/2995/2995
f 2995/2995/2995 2991/2991/2991 2994/2994/2994
f 2999/2999/2999 2997/2997/2997 3001/3001/3001
f 3001/3001/3001 2997/2997/2997 2996/2996/2996
f 3010/3010/3010 3008/3008/3008 2996/2996/2996
f 2996/2996/2996 3008/3008/3008 3001/3001/3001
f 2991/2991/2991 3012/3012/3012 2994/2994/2994
f 2994/2994/2994 3012/3012/3012 3011/3011/3011
f 3127/3127/3127 3015/3015/3015 2993/2993/2993
f 2993/2993/2993 3015/3015/3015 2995/2995/2995
f 2993/2993/2993 2997/2997/2997 3127/3127/3127
f 3127/3127/3127 2997/2997/2997 3017/3017/3017
f 3061/3061/3061 3128/3128/3128 3045/3045/3045
f 3045/3045/3045 3128/3128/3128 3046/3046/3046
f 3129/3129/3129 3128/3128/3128 3044/3044/3044
f 3044/3044/3044 3128/3128/3128 3061/3061/3061
f 3020/3020/3020 3021/3021/3021 3044/3044/3044
f 3044/3044/3044 3021/3021/3021 3129/3129/3129
f 3049/3049/3049 3130/3130/3130 3031/3031/3031
f 3031/3031/3031 3130/3130/3130 3131/3131/3131
f 3053/3053/3053 3132/3132/3132 3049/3049/3049
f 3049/3049/3049 3132/3132/3132 3130/3130/3130
f 3031/3031/3031 3131/3131/3131 3028/3028/3028
f 3028/3028/3028 3131/3131/3131 3133/3133/3133
f 3013/3013/3013 3028/3028/3028 3126/3126/3126
f 3126/3126/3126 3028/3028/3028 3133/3133/3133
f 3024/3024/3024 3025/3025/3025 3053/3053/3053
f 3053/3053/3053 3025/3025/3025 3132/3132/3132
f 3134/3134/3134 3027/3027/3027 3057/3057/3057
f 3057/3057/3057 3027/3027/3027 3026/3026/3026
f 3039/3039/3039 3032/3032/3032 3127/3127/3127
f 3127/3127/3127 3032/3032/3032 3015/3015/3015
f 3127/3127/3127 3017/3017/3017 3039/3039/3039
f 3039/3039/3039 3017/3017/3017 3034/3034/3034
f 3029/3029/3029 3032/3032/3032 3030/3030/3030
f 3030/3030/3030 3032/3032/3032 3038/3038/3038
f 3042/3042/3042 3040/3040/3040 3033/3033/3033
f 3033/3033/3033 3040/3040/3040 3034/3034/3034
f 3047/3047/3047 3048/3048/3048 3135/3135/3135
f 3135/3135/3135 3048/3048/3048 3136/3136/3136
f 3136/3136/3136 3134/3134/3134 3135/3135/3135
f 3135/3135/3135 3134/3134/3134 3057/3057/3057
f 3052/3052/3052 3053/3053/3053 3050/3050/3050
f 3050/3050/3050 3053/3053/3053 3049/3049/3049
f 3055/3055/3055 3022/3022/3022 3051/3051/3051
f 3051/3051/3051 3022/3022/3022 3024/3024/3024
f 3135/3135/3135 3057/3057/3057 3073/3073/3073
f 3073/3073/3073 3057/3057/3057 3056/3056/3056
f 3135/3135/3135 3073/3073/3073 3047/3047/3047
f 3047/3047/3047 3073/3073/3073 3059/3059/3059
f 3043/3043/3043 3044/3044/3044 3060/3060/3060
f 3060/3060/3060 3044/3044/3044 3061/3061/3061
f 3063/3063/3063 3062/3062/3062 3037/3037/3037
f 3037/3037/3037 3062/3062/3062 3038/3038/3038
f 3055/3055/3055 3051/3051/3051 3063/3063/3063
f 3063/3063/3063 3051/3051/3051 3062/3062/3062
f 3050/3050/3050 3062/3062/3062 3052/3052/3052
f 3052/3052/3052 3062/3062/3062 3051/3051/3051
f 3074/3074/3074 3064/3064/3064 3042/3042/3042
f 3042/3042/3042 3064/3064/3064 3040/3040/3040
f 3064/3064/3064 3074/3074/3074 3054/3054/3054
f 3054/3054/3054 3074/3074/3074 3056/3056/3056
f 3063/3063/3063 3064/3064/3064 3055/3055/3055
f 3055/3055/3055 3064/3064/3064 3054/3054/3054
f 3043/3043/3043 3066/3066/3066 3036/3036/3036
f 3036/3036/3036 3066/3066/3066 3065/3065/3065
f 3019/3019/3019 3036/3036/3036 3067/3067/3067
f 3067/3067/3067 3036/3036/3036 3065/3065/3065
f 3002/3002/3002 3019/3019/3019 3068/3068/3068
f 3068/3068/3068 3019/3019/3019 3067/3067/3067
f 3003/3003/3003 3002/3002/3002 3069/3069/3069
f 3069/3069/3069 3002/3002/3002 3068/3068/3068
f 3003/3003/3003 3069/3069/3069 3006/3006/3006
f 3006/3006/3006 3069/3069/3069 3070/3070/3070
f 3041/3041/3041 3066/3066/3066 3071/3071/3071
f 3071/3071/3071 3066/3066/3066 3072/3072/3072
f 3060/3060/3060 3072/3072/3072 3043/3043/3043
f 3043/3043/3043 3072/3072/3072 3066/3066/3066
f 3059/3059/3059 3072/3072/3072 3058/3058/3058
f 3058/3058/3058 3072/3072/3072 3060/3060/3060
f 3071/3071/3071 3074/3074/3074 3041/3041/3041
f 3041/3041/3041 3074/3074/3074 3042/3042/3042
f 3089/3089/3089 2985/2985/2985 3137/3137/3137
f 3137/3137/3137 2985/2985/2985 2987/2987/2987
f 3093/3093/3093 3091/3091/3091 3138/3138/3138
f 3138/3138/3138 3091/3091/3091 3139/3139/3139
f 3137/3137/3137 3139/3139/3139 3089/3089/3089
f 3089/3089/3089 3139/3139/3139 3091/3091/3091
f 3080/3080/3080 3081/3081/3081 3075/3075/3075
f 3075/3075/3075 3081/3081/3081 3076/3076/3076
f 3075/3075/3075 3082/3082/3082 3080/3080/3080
f 3080/3080/3080 3082/3082/3082 3083/3083/3083
f 3078/3078/3078 3140/3140/3140 3079/3079/3079
f 3079/3079/3079 3140/3140/3140 3141/3141/3141
f 3140/3140/3140 3103/3103/3103 3141/3141/3141
f 3141/3141/3141 3103/3103/3103 3142/3142/3142
f 3103/3103/3103 3101/3101/3101 3142/3142/3142
f 3142/3142/3142 3101/3101/3101 3143/3143/3143
f 3144/3144/3144 3143/3143/3143 3102/3102/3102
f 3102/3102/3102 3143/3143/3143 3101/3101/3101
f 3145/3145/3145 3144/3144/3144 3146/3146/3146
f 3146/3146/3146 3144/3144/3144 3102/3102/3102
f 3146/3146/3146 3096/3096/3096 3145/3145/3145
f 3145/3145/3145 3096/3096/3096 3147/3147/3147
f 3087/3087/3087 3147/3147/3147 3085/3085/3085
f 3085/3085/3085 3147/3147/3147 3096/3096/3096
f 3138/3138/3138 3088/3088/3088 3093/3093/3093
f 3093/3093/3093 3088/3088/3088 3086/3086/3086
f 3094/3094/3094 3092/3092/3092 3093/3093/3093
f 3093/3093/3093 3092/3092/3092 3091/3091/3091
f 3097/3097/3097 3095/3095/3095 3085/3085/3085
f 3085/3085/3085 3095/3095/3095 3086/3086/3086
f 3148/3148/3148 3098/3098/3098 3146/3146/3146
f 3146/3146/3146 3098/3098/3098 3096/3096/3096
f 3146/3146/3146 3102/3102/3102 3148/3148/3148
f 3148/3148/3148 3102/3102/3102 3100/3100/3100
f 3006/3006/3006 3070/3070/3070 3082/3082/3082
f 3082/3082/3082 3070/3070/3070 3105/3105/3105
f 3108/3108/3108 3107/3107/3107 3009/3009/3009
f 3009/3009/3009 3107/3107/3107 3010/3010/3010
f 3012/3012/3012 3090/3090/3090 3011/3011/3011
f 3011/3011/3011 3090/3090/3090 3109/3109/3109
f 3097/3097/3097 3116/3116/3116 3095/3095/3095
f 3095/3095/3095 3116/3116/3116 3110/3110/3110
f 3108/3108/3108 3109/3109/3109 3116/3116/3116
f 3116/3116/3116 3109/3109/3109 3110/3110/3110
f 3090/3090/3090 3092/3092/3092 3109/3109/3109
f 3109/3109/3109 3092/3092/3092 3110/3110/3110
f 3149/3149/3149 3112/3112/3112 3118/3118/3118
f 3118/3118/3118 3112/3112/3112 3111/3111/3111
f 3148/3148/3148 3100/3100/3100 3149/3149/3149
f 3149/3149/3149 3100/3100/3100 3112/3112/3112
f 3099/3099/3099 3114/3114/3114 3100/3100/3100
f 3100/3100/3100 3114/3114/3114 3112/3112/3112
f 3149/3149/3149 3115/3115/3115 3148/3148/3148
f 3148/3148/3148 3115/3115/3115 3098/3098/3098
f 3119/3119/3119 3115/3115/3115 3118/3118/3118
f 3118/3118/3118 3115/3115/3115 3149/3149/3149
f 3108/3108/3108 3116/3116/3116 3119/3119/3119
f 3119/3119/3119 3116/3116/3116 3115/3115/3115
f 3113/3113/3113 3121/3121/3121 3111/3111/3111
f 3111/3111/3111 3121/3121/3121 3117/3117/3117
f 3107/3107/3107 3117/3117/3117 3106/3106/3106
f 3106/3106/3106 3117/3117/3117 3121/3121/3121
f 3108/3108/3108 3119/3119/3119 3107/3107/3107
f 3107/3107/3107 3119/3119/3119 3117/3117/3117
f 3120/3120/3120 3121/3121/3121 3150/3150/3150
f 3150/3150/3150 3121/3121/3121 3113/3113/3113
f 3082/3082/3082 3105/3105/3105 3083/3083/3083
f 3083/3083/3083 3105/3105/3105 3122/3122/3122
f 3120/3120/3120 3122/3122/3122 3104/3104/3104
f 3104/3104/3104 3122/3122/3122 3105/3105/3105
f 3150/3150/3150 3123/3123/3123 3120/3120/3120
f 3120/3120/3120 3123/3123/3123 3122/3122/3122
f 3084/3084/3084 3123/3123/3123 3099/3099/3099
f 3099/3099/3099 3123/3123/3123 3114/3114/3114
f 3113/3113/3113 3114/3114/3114 3150/3150/3150
f 3150/3150/3150 3114/3114/3114 3123/3123/3123
f 3078/3078/3078 3084/3084/3084 3140/3140/3140
f 3140/3140/3140 3084/3084/3084 3103/3103/3103
f 3151/3151/3151 3152/3152/3152 3153/3153/3153
f 3153/3153/3153 3152/3152/3152 3154/3154/3154
f 3155/3155/3155 3156/3156/3156 3157/3157/3157
f 3157/3157/3157 3156/3156/3156 3158/3158/3158
f 3155/3155/3155 3157/3157/3157 3159/3159/3159
f 3159/3159/3159 3157/3157/3157 3160/3160/3160
f 3161/3161/3161 3162/3162/3162 3163/3163/3163
f 3163/3163/3163 3162/3162/3162 3164/3164/3164
f 3163/3163/3163 3165/3165/3165 3161/3161/3161
f 3161/3161/3161 3165/3165/3165 3166/3166/3166
f 3167/3167/3167 3168/3168/3168 3169/3169/3169
f 3169/3169/3169 3168/3168/3168 3170/3170/3170
f 3169/3169/3169 3171/3171/3171 3167/3167/3167
f 3167/3167/3167 3171/3171/3171 3172/3172/3172
f 3173/3173/3173 3174/3174/3174 3175/3175/3175
f 3175/3175/3175 3174/3174/3174 3176/3176/3176
f 3174/3174/3174 3173/3173/3173 3177/3177/3177
f 3177/3177/3177 3173/3173/3173 3178/3178/3178
f 3174/3174/3174 3179/3179/3179 3176/3176/3176
f 3176/3176/3176 3179/3179/3179 3180/3180/3180
f 3179/3179/3179 3174/3174/3174 3181/3181/3181
f 3181/3181/3181 3174/3174/3174 3177/3177/3177
f 3182/3182/3182 3183/3183/3183 3154/3154/3154
f 3154/3154/3154 3183/3183/3183 3153/3153/3153
f 3184/3184/3184 3185/3185/3185 3182/3182/3182
f 3182/3182/3182 3185/3185/3185 3183/3183/3183
f 3186/3186/3186 3187/3187/3187 3184/3184/3184
f 3184/3184/3184 3187/3187/3187 3185/3185/3185
f 3188/3188/3188 3189/3189/3189 3186/3186/3186
f 3186/3186/3186 3189/3189/3189 3187/3187/3187
f 3190/3190/3190 3191/3191/3191 3188/3188/3188
f 3188/3188/3188 3191/3191/3191 3189/3189/3189
f 3192/3192/3192 3193/3193/3193 3190/3190/3190
f 3190/3190/3190 3193/3193/3193 3191/3191/3191
f 3194/3194/3194 3195/3195/3195 3192/3192/3192
f 3192/3192/3192 3195/3195/3195 3193/3193/3193
f 3196/3196/3196 3197/3197/3197 3194/3194/3194
f 3194/3194/3194 3197/3197/3197 3195/3195/3195
f 3198/3198/3198 3199/3199/3199 3196/3196/3196
f 3196/3196/3196 3199/3199/3199 3197/3197/3197
f 3200/3200/3200 3201/3201/3201 3198/3198/3198
f 3198/3198/3198 3201/3201/3201 3199/3199/3199
f 3202/3202/3202 3203/3203/3203 3200/3200/3200
f 3200/3200/3200 3203/3203/3203 3201/3201/3201
f 3204/3204/3204 3205/3205/3205 3202/3202/3202
f 3202/3202/3202 3205/3205/3205 3203/3203/3203
f 3206/3206/3206 3207/3207/3207 3204/3204/3204
f 3204/3204/3204 3207/3207/3207 3205/3205/3205
f 3208/3208/3208 3209/3209/3209 3206/3206/3206
f 3206/3206/3206 3209/3209/3209 3207/3207/3207
f 3210/3210/3210 3211/3211/3211 3208/3208/3208
f 3208/3208/3208 3211/3211/3211 3209/3209/3209
f 3212/3212/3212 3213/3213/3213 3210/3210/3210
f 3210/3210/3210 3213/3213/3213 3211/3211/3211
f 3214/3214/3214 3215/3215/3215 3212/3212/3212
f 3212/3212/3212 3215/3215/3215 3213/3213/3213
f 3159/3159/3159 3160/3160/3160 3216/3216/3216
f 3216/3216/3216 3160/3160/3160 3217/3217/3217
f 3216/3216/3216 3217/3217/3217 3218/3218/3218
f 3218/3218/3218 3217/3217/3217 3219/3219/3219
f 3218/3218/3218 3219/3219/3219 3220/3220/3220
f 3220/3220/3220 3219/3219/3219 3221/3221/3221
f 3220/3220/3220 3221/3221/3221 3222/3222/3222
f 3222/3222/3222 3221/3221/3221 3223/3223/3223
f 3222/3222/3222 3223/3223/3223 3224/3224/3224
f 3224/3224/3224 3223/3223/3223 3225/3225/3225
f 3224/3224/3224 3225/3225/3225 3226/3226/3226
f 3226/3226/3226 3225/3225/3225 3227/3227/3227
f 3226/3226/3226 3227/3227/3227 3228/3228/3228
f 3228/3228/3228 3227/3227/3227 3229/3229/3229
f 3228/3228/3228 3229/3229/3229 3230/3230/3230
f 3230/3230/3230 3229/3229/3229 3231/3231/3231
f 3232/3232/3232 3233/3233/3233 3234/3234/3234
f 3234/3234/3234 3233/3233/3233 3235/3235/3235
f 3234/3234/3234 3235/3235/3235 3236/3236/3236
f 3236/3236/3236 3235/3235/3235 3237/3237/3237
f 3236/3236/3236 3237/3237/3237 3238/3238/3238
f 3238/3238/3238 3237/3237/3237 3239/3239/3239
f 3238/3238/3238 3239/3239/3239 3240/3240/3240
f 3240/3240/3240 3239/3239/3239 3241/3241/3241
f 3240/3240/3240 3241/3241/3241 3242/3242/3242
f 3242/3242/3242 3241/3241/3241 3243/3243/3243
f 3242/3242/3242 3243/3243/3243 3244/3244/3244
f 3244/3244/3244 3243/3243/3243 3245/3245/3245
f 3246/3246/3246 3244/3244/3244 3247/3247/3247
f 3247/3247/3247 3244/3244/3244 3245/3245/3245
f 3246/3246/3246 3247/3247/3247 3248/3248/3248
f 3248/3248/3248 3247/3247/3247 3249/3249/3249
f 3248/3248/3248 3249/3249/3249 3250/3250/3250
f 3250/3250/3250 3249/3249/3249 3251/3251/3251
f 3250/3250/3250 3251/3251/3251 3252/3252/3252
f 3252/3252/3252 3251/3251/3251 3253/3253/3253
f 3252/3252/3252 3253/3253/3253 3254/3254/3254
f 3254/3254/3254 3253/3253/3253 3255/3255/3255
f 3256/3256/3256 3254/3254/3254 3257/3257/3257
f 3257/3257/3257 3254/3254/3254 3255/3255/3255
f 3258/3258/3258 3256/3256/3256 3259/3259/3259
f 3259/3259/3259 3256/3256/3256 3257/3257/3257
f 3260/3260/3260 3258/3258/3258 3261/3261/3261
f 3261/3261/3261 3258/3258/3258 3259/3259/3259
f 3262/3262/3262 3260/3260/3260 3263/3263/3263
f 3263/3263/3263 3260/3260/3260 3261/3261/3261
f 3264/3264/3264 3262/3262/3262 3265/3265/3265
f 3265/3265/3265 3262/3262/3262 3263/3263/3263
f 3266/3266/3266 3264/3264/3264 3267/3267/3267
f 3267/3267/3267 3264/3264/3264 3265/3265/3265
f 3268/3268/3268 3266/3266/3266 3269/3269/3269
f 3269/3269/3269 3266/3266/3266 3267/3267/3267
f 3270/3270/3270 3268/3268/3268 3271/3271/3271
f 3271/3271/3271 3268/3268/3268 3269/3269/3269
f 3272/3272/3272 3270/3270/3270 3273/3273/3273
f 3273/3273/3273 3270/3270/3270 3271/3271/3271
f 3274/3274/3274 3272/3272/3272 3275/3275/3275
f 3275/3275/3275 3272/3272/3272 3273/3273/3273
f 3276/3276/3276 3274/3274/3274 3277/3277/3277
f 3277/3277/3277 3274/3274/3274 3275/3275/3275
f 3278/3278/3278 3276/3276/3276 3279/3279/3279
f 3279/3279/3279 3276/3276/3276 3277/3277/3277
f 3280/3280/3280 3278/3278/3278 3281/3281/3281
f 3281/3281/3281 3278/3278/3278 3279/3279/3279
f 3156/3156/3156 3280/3280/3280 3158/3158/3158
f 3158/3158/3158 3280/3280/3280 3281/3281/3281
f 3168/3168/3168 3282/3282/3282 3170/3170/3170
f 3170/3170/3170 3282/3282/3282 3283/3283/3283
f 3282/3282/3282 3284/3284/3284 3283/3283/3283
f 3283/3283/3283 3284/3284/3284 3285/3285/3285
f 3284/3284/3284 3286/3286/3286 3285/3285/3285
f 3285/3285/3285 3286/3286/3286 3287/3287/3287
f 3286/3286/3286 3288/3288/3288 3287/3287/3287
f 3287/3287/3287 3288/3288/3288 3289/3289/3289
f 3288/3288/3288 3290/3290/3290 3289/3289/3289
f 3289/3289/3289 3290/3290/3290 3291/3291/3291
f 3290/3290/3290 3292/3292/3292 3291/3291/3291
f 3291/3291/3291 3292/3292/3292 3293/3293/3293
f 3292/3292/3292 3294/3294/3294 3293/3293/3293
f 3293/3293/3293 3294/3294/3294 3295/3295/3295
f 3294/3294/3294 3296/3296/3296 3295/3295/3295
f 3295/3295/3295 3296/3296/3296 3297/3297/3297
f 3296/3296/3296 3298/3298/3298 3297/3297/3297
f 3297/3297/3297 3298/3298/3298 3299/3299/3299
f 3298/3298/3298 3300/3300/3300 3299/3299/3299
f 3299/3299/3299 3300/3300/3300 3301/3301/3301
f 3300/3300/3300 3302/3302/3302 3301/3301/3301
f 3301/3301/3301 3302/3302/3302 3303/3303/3303
f 3302/3302/3302 3304/3304/3304 3303/3303/3303
f 3303/3303/3303 3304/3304/3304 3305/3305/3305
f 3304/3304/3304 3306/3306/3306 3305/3305/3305
f 3305/3305/3305 3306/3306/3306 3307/3307/3307
f 3306/3306/3306 3308/3308/3308 3307/3307/3307
f 3307/3307/3307 3308/3308/3308 3309/3309/3309
f 3308/3308/3308 3310/3310/3310 3309/3309/3309
f 3309/3309/3309 3310/3310/3310 3311/3311/3311
f 3310/3310/3310 3312/3312/3312 3311/3311/3311
f 3311/3311/3311 3312/3312/3312 3313/3313/3313
f 3312/3312/3312 3314/3314/3314 3313/3313/3313
f 3313/3313/3313 3314/3314/3314 3315/3315/3315
f 3316/3316/3316 3317/3317/3317 3318/3318/3318
f 3318/3318/3318 3317/3317/3317 3319/3319/3319
f 3317/3317/3317 3320/3320/3320 3319/3319/3319
f 3319/3319/3319 3320/3320/3320 3321/3321/3321
f 3320/3320/3320 3322/3322/3322 3321/3321/3321
f 3321/3321/3321 3322/3322/3322 3323/3323/3323
f 3322/3322/3322 3324/3324/3324 3323/3323/3323
f 3323/3323/3323 3324/3324/3324 3325/3325/3325
f 3324/3324/3324 3326/3326/3326 3325/3325/3325
f 3325/3325/3325 3326/3326/3326 3327/3327/3327
f 3326/3326/3326 3328/3328/3328 3327/3327/3327
f 3327/3327/3327 3328/3328/3328 3329/3329/3329
f 3328/3328/3328 3330/3330/3330 3329/3329/3329
f 3329/3329/3329 3330/3330/3330 3331/3331/3331
f 3330/3330/3330 3332/3332/3332 3331/3331/3331
f 3331/3331/3331 3332/3332/3332 3333/3333/3333
f 3332/3332/3332 3334/3334/3334 3333/3333/3333
f 3333/3333/3333 3334/3334/3334 3335/3335/3335
f 3334/3334/3334 3336/3336/3336 3335/3335/3335
f 3335/3335/3335 3336/3336/3336 3337/3337/3337
f 3336/3336/3336 3338/3338/3338 3337/3337/3337
f 3337/3337/3337 3338/3338/3338 3339/3339/3339
f 3338/3338/3338 3340/3340/3340 3339/3339/3339
f 3339/3339/3339 3340/3340/3340 3341/3341/3341
f 3340/3340/3340 3342/3342/3342 3341/3341/3341
f 3341/3341/3341 3342/3342/3342 3343/3343/3343
f 3342/3342/3342 3344/3344/3344 3343/3343/3343
f 3343/3343/3343 3344/3344/3344 3345/3345/3345
f 3344/3344/3344 3346/3346/3346 3345/3345/3345
f 3345/3345/3345 3346/3346/3346 3347/3347/3347
f 3346/3346/3346 3348/3348/3348 3347/3347/3347
f 3347/3347/3347 3348/3348/3348 3349/3349/3349
f 3348/3348/3348 3172/3172/3172 3349/3349/3349
f 3349/3349/3349 3172/3172/3172 3171/3171/3171
f 3350/3350/3350 3166/3166/3166 3351/3351/3351
f 3351/3351/3351 3166/3166/3166 3165/3165/3165
f 3352/3352/3352 3350/3350/3350 3353/3353/3353
f 3353/3353/3353 3350/3350/3350 3351/3351/3351
f 3354/3354/3354 3352/3352/3352 3355/3355/3355
f 3355/3355/3355 3352/3352/3352 3353/3353/3353
f 3356/3356/3356 3354/3354/3354 3357/3357/3357
f 3357/3357/3357 3354/3354/3354 3355/3355/3355
f 3358/3358/3358 3356/3356/3356 3359/3359/3359
f 3359/3359/3359 3356/3356/3356 3357/3357/3357
f 3360/3360/3360 3358/3358/3358 3361/3361/3361
f 3361/3361/3361 3358/3358/3358 3359/3359/3359
f 3362/3362/3362 3360/3360/3360 3363/3363/3363
f 3363/3363/3363 3360/3360/3360 3361/3361/3361
f 3364/3364/3364 3362/3362/3362 3365/3365/3365
f 3365/3365/3365 3362/3362/3362 3363/3363/3363
f 3366/3366/3366 3364/3364/3364 3367/3367/3367
f 3367/3367/3367 3364/3364/3364 3365/3365/3365
f 3368/3368/3368 3366/3366/3366 3369/3369/3369
f 3369/3369/3369 3366/3366/3366 3367/3367/3367
f 3370/3370/3370 3368/3368/3368 3371/3371/3371
f 3371/3371/3371 3368/3368/3368 3369/3369/3369
f 3372/3372/3372 3370/3370/3370 3373/3373/3373
f 3373/3373/3373 3370/3370/3370 3371/3371/3371
f 3374/3374/3374 3372/3372/3372 3375/3375/3375
f 3375/3375/3375 3372/3372/3372 3373/3373/3373
f 3376/3376/3376 3374/3374/3374 3377/3377/3377
f 3377/3377/3377 3374/3374/3374 3375/3375/3375
f 3378/3378/3378 3376/3376/3376 3379/3379/3379
f 3379/3379/3379 3376/3376/3376 3377/3377/3377
f 3380/3380/3380 3378/3378/3378 3381/3381/3381
f 3381/3381/3381 3378/3378/3378 3379/3379/3379
f 3382/3382/3382 3380/3380/3380 3383/3383/3383
f 3383/3383/3383 3380/3380/3380 3381/3381/3381
f 3384/3384/3384 3382/3382/3382 3385/3385/3385
f 3385/3385/3385 3382/3382/3382 3383/3383/3383
f 3386/3386/3386 3384/3384/3384 3387/3387/3387
f 3387/3387/3387 3384/3384/3384 3385/3385/3385
f 3388/3388/3388 3386/3386/3386 3389/3389/3389
f 3389/3389/3389 3386/3386/3386 3387/3387/3387
f 3390/3390/3390 3388/3388/3388 3391/3391/3391
f 3391/3391/3391 3388/3388/3388 3389/3389/3389
f 3392/3392/3392 3390/3390/3390 3393/3393/3393
f 3393/3393/3393 3390/3390/3390 3391/3391/3391
f 3394/3394/3394 3392/3392/3392 3395/3395/3395
f 3395/3395/3395 3392/3392/3392 3393/3393/3393
f 3396/3396/3396 3394/3394/3394 3397/3397/3397
f 3397/3397/3397 3394/3394/3394 3395/3395/3395
f 3398/3398/3398 3396/3396/3396 3399/3399/3399
f 3399/3399/3399 3396/3396/3396 3397/3397/3397
f 3400/3400/3400 3398/3398/3398 3401/3401/3401
f 3401/3401/3401 3398/3398/3398 3399/3399/3399
f 3402/3402/3402 3400/3400/3400 3403/3403/3403
f 3403/3403/3403 3400/3400/3400 3401/3401/3401
f 3404/3404/3404 3402/3402/3402 3405/3405/3405
f 3405/3405/3405 3402/3402/3402 3403/3403/3403
f 3406/3406/3406 3404/3404/3404 3407/3407/3407
f 3407/3407/3407 3404/3404/3404 3405/3405/3405
f 3408/3408/3408 3406/3406/3406 3409/3409/3409
f 3409/3409/3409 3406/3406/3406 3407/3407/3407
f 3410/3410/3410 3408/3408/3408 3411/3411/3411
f 3411/3411/3411 3408/3408/3408 3409/3409/3409
f 3412/3412/3412 3410/3410/3410 3413/3413/3413
f 3413/3413/3413 3410/3410/3410 3411/3411/3411
f 3414/3414/3414 3412/3412/3412 3415/3415/3415
f 3415/3415/3415 3412/3412/3412 3413/3413/3413
f 3162/3162/3162 3414/3414/3414 3164/3164/3164
f 3164/3164/3164 3414/3414/3414 3415/3415/3415
f 3416/3416/3416 3417/3417/3417 3180/3180/3180
f 3180/3180/3180 3417/3417/3417 3176/3176/3176
f 3418/3418/3418 3419/3419/3419 3416/3416/3416
f 3416/3416/3416 3419/3419/3419 3417/3417/3417
f 3420/3420/3420 3421/3421/3421 3418/3418/3418
f 3418/3418/3418 3421/3421/3421 3419/3419/3419
f 3422/3422/3422 3423/3423/3423 3420/3420/3420
f 3420/3420/3420 3423/3423/3423 3421/3421/3421
f 3424/3424/3424 3425/3425/3425 3422/3422/3422
f 3422/3422/3422 3425/3425/3425 3423/3423/3423
f 3426/3426/3426 3427/3427/3427 3424/3424/3424
f 3424/3424/3424 3427/3427/3427 3425/3425/3425
f 3428/3428/3428 3429/3429/3429 3426/3426/3426
f 3426/3426/3426 3429/3429/3429 3427/3427/3427
f 3430/3430/3430 3431/3431/3431 3428/3428/3428
f 3428/3428/3428 3431/3431/3431 3429/3429/3429
f 3432/3432/3432 3433/3433/3433 3430/3430/3430
f 3430/3430/3430 3433/3433/3433 3431/3431/3431
f 3434/3434/3434 3435/3435/3435 3432/3432/3432
f 3432/3432/3432 3435/3435/3435 3433/3433/3433
f 3436/3436/3436 3437/3437/3437 3434/3434/3434
f 3434/3434/3434 3437/3437/3437 3435/3435/3435
f 3438/3438/3438 3439/3439/3439 3436/3436/3436
f 3436/3436/3436 3439/3439/3439 3437/3437/3437
f 3440/3440/3440 3441/3441/3441 3438/3438/3438
f 3438/3438/3438 3441/3441/3441 3439/3439/3439
f 3442/3442/3442 3443/3443/3443 3440/3440/3440
f 3440/3440/3440 3443/3443/3443 3441/3441/3441
f 3444/3444/3444 3445/3445/3445 3442/3442/3442
f 3442/3442/3442 3445/3445/3445 3443/3443/3443
f 3446/3446/3446 3447/3447/3447 3444/3444/3444
f 3444/3444/3444 3447/3447/3447 3445/3445/3445
f 3448/3448/3448 3449/3449/3449 3446/3446/3446
f 3446/3446/3446 3449/3449/3449 3447/3447/3447
f 3450/3450/3450 3451/3451/3451 3448/3448/3448
f 3448/3448/3448 3451/3451/3451 3449/3449/3449
f 3452/3452/3452 3453/3453/3453 3450/3450/3450
f 3450/3450/3450 3453/3453/3453 3451/3451/3451
f 3454/3454/3454 3455/3455/3455 3452/3452/3452
f 3452/3452/3452 3455/3455/3455 3453/3453/3453
f 3456/3456/3456 3457/3457/3457 3454/3454/3454
f 3454/3454/3454 3457/3457/3457 3455/3455/3455
f 3458/3458/3458 3459/3459/3459 3456/3456/3456
f 3456/3456/3456 3459/3459/3459 3457/3457/3457
f 3460/3460/3460 3461/3461/3461 3458/3458/3458
f 3458/3458/3458 3461/3461/3461 3459/3459/3459
f 3462/3462/3462 3463/3463/3463 3460/3460/3460
f 3460/3460/3460 3463/3463/3463 3461/3461/3461
f 3464/3464/3464 3465/3465/3465 3462/3462/3462
f 3462/3462/3462 3465/3465/3465 3463/3463/3463
f 3466/3466/3466 3467/3467/3467 3464/3464/3464
f 3464/3464/3464 3467/3467/3467 3465/3465/3465
f 3468/3468/3468 3469/3469/3469 3466/3466/3466
f 3466/3466/3466 3469/3469/3469 3467/3467/3467
f 3470/3470/3470 3471/3471/3471 3468/3468/3468
f 3468/3468/3468 3471/3471/3471 3469/3469/3469
f 3472/3472/3472 3473/3473/3473 3470/3470/3470
f 3470/3470/3470 3473/3473/3473 3471/3471/3471
f 3474/3474/3474 3475/3475/3475 3472/3472/3472
f 3472/3472/3472 3475/3475/3475 3473/3473/3473
f 3476/3476/3476 3477/3477/3477 3474/3474/3474
f 3474/3474/3474 3477/3477/3477 3475/3475/3475
f 3478/3478/3478 3479/3479/3479 3476/3476/3476
f 3476/3476/3476 3479/3479/3479 3477/3477/3477
f 3480/3480/3480 3481/3481/3481 3478/3478/3478
f 3478/3478/3478 3481/3481/3481 3479/3479/3479
f 3181/3181/3181 3177/3177/3177 3480/3480/3480
f 3480/3480/3480 3177/3177/3177 3481/3481/3481
f 3482/3482/3482 3481/3481/3481 3178/3178/3178
f 3178/3178/3178 3481/3481/3481 3177/3177/3177
f 3483/3483/3483 3479/3479/3479 3482/3482/3482
f 3482/3482/3482 3479/3479/3479 3481/3481/3481
f 3484/3484/3484 3477/3477/3477 3483/3483/3483
f 3483/3483/3483 3477/3477/3477 3479/3479/3479
f 3485/3485/3485 3475/3475/3475 3484/3484/3484
f 3484/3484/3484 3475/3475/3475 3477/3477/3477
f 3486/3486/3486 3473/3473/3473 3485/3485/3485
f 3485/3485/3485 3473/3473/3473 3475/3475/3475
f 3487/3487/3487 3471/3471/3471 3486/3486/3486
f 3486/3486/3486 3471/3471/3471 3473/3473/3473
f 3488/3488/3488 3469/3469/3469 3487/3487/3487
f 3487/3487/3487 3469/3469/3469 3471/3471/3471
f 3489/3489/3489 3467/3467/3467 3488/3488/3488
f 3488/3488/3488 3467/3467/3467 3469/3469/3469
f 3490/3490/3490 3465/3465/3465 3489/3489/3489
f 3489/3489/3489 3465/3465/3465 3467/3467/3467
f 3491/3491/3491 3463/3463/3463 3490/3490/3490
f 3490/3490/3490 3463/3463/3463 3465/3465/3465
f 3492/3492/3492 3461/3461/3461 3491/3491/3491
f 3491/3491/3491 3461/3461/3461 3463/3463/3463
f 3493/3493/3493 3459/3459/3459 3492/3492/3492
f 3492/3492/3492 3459/3459/3459 3461/3461/3461
f 3494/3494/3494 3457/3457/3457 3493/3493/3493
f 3493/3493/3493 3457/3457/3457 3459/3459/3459
f 3495/3495/3495 3455/3455/3455 3494/3494/3494
f 3494/3494/3494 3455/3455/3455 3457/3457/3457
f 3496/3496/3496 3453/3453/3453 3495/3495/3495
f 3495/3495/3495 3453/3453/3453 3455/3455/3455
f 3497/3497/3497 3451/3451/3451 3496/3496/3496
f 3496/3496/3496 3451/3451/3451 3453/3453/3453
f 3498/3498/3498 3449/3449/3449 3497/3497/3497
f 3497/3497/3497 3449/3449/3449 3451/3451/3451
f 3499/3499/3499 3447/3447/3447 3498/3498/3498
f 3498/3498/3498 3447/3447/3447 3449/3449/3449
f 3500/3500/3500 3445/3445/3445 3499/3499/3499
f 3499/3499/3499 3445/3445/3445 3447/3447/3447
f 3501/3501/3501 3443/3443/3443 3500/3500/3500
f 3500/3500/3500 3443/3443/3443 3445/3445/3445
f 3502/3502/3502 3441/3441/3441 3501/3501/3501
f 3501/3501/3501 3441/3441/3441 3443/3443/3443
f 3503/3503/3503 3439/3439/3439 3502/3502/3502
f 3502/3502/3502 3439/3439/3439 3441/3441/3441
f 3504/3504/3504 3437/3437/3437 3503/3503/3503
f 3503/3503/3503 3437/3437/3437 3439/3439/3439
f 3505/3505/3505 3435/3435/3435 3504/3504/3504
f 3504/3504/3504 3435/3435/3435 3437/3437/3437
f 3506/3506/3506 3433/3433/3433 3505/3505/3505
f 3505/3505/3505 3433/3433/3433 3435/3435/3435
f 3507/3507/3507 3431/3431/3431 3506/3506/3506
f 3506/3506/3506 3431/3431/3431 3433/3433/3433
f 3508/3508/3508 3429/3429/3429 3507/3507/3507
f 3507/3507/3507 3429/3429/3429 3431/3431/3431
f 3509/3509/3509 3427/3427/3427 3508/3508/3508
f 3508/3508/3508 3427/3427/3427 3429/3429/3429
f 3510/3510/3510 3425/3425/3425 3509/3509/3509
f 3509/3509/3509 3425/3425/3425 3427/3427/3427
f 3511/3511/3511 3423/3423/3423 3510/3510/3510
f 3510/3510/3510 3423/3423/3423 3425/3425/3425
f 3512/3512/3512 3421/3421/3421 3511/3511/3511
f 3511/3511/3511 3421/3421/3421 3423/3423/3423
f 3513/3513/3513 3419/3419/3419 3512/3512/3512
f 3512/3512/3512 3419/3419/3419 3421/3421/3421
f 3514/3514/3514 3417/3417/3417 3513/3513/3513
f 3513/3513/3513 3417/3417/3417 3419/3419/3419
f 3175/3175/3175 3176/3176/3176 3514/3514/3514
f 3514/3514/3514 3176/3176/3176 3417/3417/3417
f 3233/3233/3233 3232/3232/3232 3231/3231/3231
f 3231/3231/3231 3232/3232/3232 3230/3230/3230
f 3282/3282/3282 3515/3515/3515 3284/3284/3284
f 3284/3284/3284 3515/3515/3515 3516/3516/3516
f 3284/3284/3284 3516/3516/3516 3286/3286/3286
f 3286/3286/3286 3516/3516/3516 3517/3517/3517
f 3286/3286/3286 3517/3517/3517 3288/3288/3288
f 3288/3288/3288 3517/3517/3517 3518/3518/3518
f 3288/3288/3288 3518/3518/3518 3290/3290/3290
f 3290/3290/3290 3518/3518/3518 3519/3519/3519
f 3290/3290/3290 3519/3519/3519 3292/3292/3292
f 3292/3292/3292 3519/3519/3519 3520/3520/3520
f 3292/3292/3292 3520/3520/3520 3294/3294/3294
f 3294/3294/3294 3520/3520/3520 3521/3521/3521
f 3294/3294/3294 3521/3521/3521 3296/3296/3296
f 3296/3296/3296 3521/3521/3521 3522/3522/3522
f 3296/3296/3296 3522/3522/3522 3298/3298/3298
f 3298/3298/3298 3522/3522/3522 3523/3523/3523
f 3298/3298/3298 3523/3523/3523 3300/3300/3300
f 3300/3300/3300 3523/3523/3523 3524/3524/3524
f 3300/3300/3300 3524/3524/3524 3302/3302/3302
f 3302/3302/3302 3524/3524/3524 3525/3525/3525
f 3302/3302/3302 3525/3525/3525 3304/3304/3304
f 3304/3304/3304 3525/3525/3525 3526/3526/3526
f 3304/3304/3304 3526/3526/3526 3306/3306/3306
f 3306/3306/3306 3526/3526/3526 3527/3527/3527
f 3306/3306/3306 3527/3527/3527 3308/3308/3308
f 3308/3308/3308 3527/3527/3527 3528/3528/3528
f 3308/3308/3308 3528/3528/3528 3310/3310/3310
f 3310/3310/3310 3528/3528/3528 3529/3529/3529
f 3310/3310/3310 3529/3529/3529 3312/3312/3312
f 3312/3312/3312 3529/3529/3529 3530/3530/3530
f 3312/3312/3312 3530/3530/3530 3314/3314/3314
f 3314/3314/3314 3530/3530/3530 3531/3531/3531
f 3316/3316/3316 3532/3532/3532 3317/3317/3317
f 3317/3317/3317 3532/3532/3532 3533/3533/3533
f 3317/3317/3317 3533/3533/3533 3320/3320/3320
f 3320/3320/3320 3533/3533/3533 3534/3534/3534
f 3320/3320/3320 3534/3534/3534 3322/3322/3322
f 3322/3322/3322 3534/3534/3534 3535/3535/3535
f 3322/3322/3322 3535/3535/3535 3324/3324/3324
f 3324/3324/3324 3535/3535/3535 3536/3536/3536
f 3324/3324/3324 3536/3536/3536 3326/3326/3326
f 3326/3326/3326 3536/3536/3536 3537/3537/3537
f 3326/3326/3326 3537/3537/3537 3328/3328/3328
f 3328/3328/3328 3537/3537/3537 3538/3538/3538
f 3328/3328/3328 3538/3538/3538 3330/3330/3330
f 3330/3330/3330 3538/3538/3538 3539/3539/3539
f 3330/3330/3330 3539/3539/3539 3332/3332/3332
f 3332/3332/3332 3539/3539/3539 3540/3540/3540
f 3332/3332/3332 3540/3540/3540 3334/3334/3334
f 3334/3334/3334 3540/3540/3540 3541/3541/3541
f 3334/3334/3334 3541/3541/3541 3336/3336/3336
f 3336/3336/3336 3541/3541/3541 3542/3542/3542
f 3336/3336/3336 3542/3542/3542 3338/3338/3338
f 3338/3338/3338 3542/3542/3542 3543/3543/3543
f 3338/3338/3338 3543/3543/3543 3340/3340/3340
f 3340/3340/3340 3543/3543/3543 3544/3544/3544
f 3340/3340/3340 3544/3544/3544 3342/3342/3342
f 3342/3342/3342 3544/3544/3544 3545/3545/3545
f 3342/3342/3342 3545/3545/3545 3344/3344/3344
f 3344/3344/3344 3545/3545/3545 3546/3546/3546
f 3344/3344/3344 3546/3546/3546 3346/3346/3346
f 3346/3346/3346 3546/3546/3546 3547/3547/3547
f 3346/3346/3346 3547/3547/3547 3348/3348/3348
f 3348/3348/3348 3547/3547/3547 3548/3548/3548
f 3348/3348/3348 3548/3548/3548 3172/3172/3172
f 3172/3172/3172 3548/3548/3548 3549/3549/3549
f 3172/3172/3172 3549/3549/3549 3167/3167/3167
f 3167/3167/3167 3549/3549/3549 3550/3550/3550
f 3167/3167/3167 3550/3550/3550 3168/3168/3168
f 3168/3168/3168 3550/3550/3550 3551/3551/3551
f 3168/3168/3168 3551/3551/3551 3282/3282/3282
f 3282/3282/3282 3551/3551/3551 3515/3515/3515
f 3415/3415/3415 3413/3413/3413 3217/3217/3217
f 3217/3217/3217 3413/3413/3413 3219/3219/3219
f 3413/3413/3413 3411/3411/3411 3219/3219/3219
f 3219/3219/3219 3411/3411/3411 3221/3221/3221
f 3411/3411/3411 3409/3409/3409 3221/3221/3221
f 3221/3221/3221 3409/3409/3409 3223/3223/3223
f 3409/3409/3409 3407/3407/3407 3223/3223/3223
f 3223/3223/3223 3407/3407/3407 3225/3225/3225
f 3407/3407/3407 3405/3405/3405 3225/3225/3225
f 3225/3225/3225 3405/3405/3405 3227/3227/3227
f 3405/3405/3405 3403/3403/3403 3227/3227/3227
f 3227/3227/3227 3403/3403/3403 3229/3229/3229
f 3403/3403/3403 3401/3401/3401 3229/3229/3229
f 3229/3229/3229 3401/3401/3401 3231/3231/3231
f 3401/3401/3401 3399/3399/3399 3231/3231/3231
f 3231/3231/3231 3399/3399/3399 3233/3233/3233
f 3399/3399/3399 3397/3397/3397 3233/3233/3233
f 3233/3233/3233 3397/3397/3397 3235/3235/3235
f 3397/3397/3397 3395/3395/3395 3235/3235/3235
f 3235/3235/3235 3395/3395/3395 3237/3237/3237
f 3395/3395/3395 3393/3393/3393 3237/3237/3237
f 3237/3237/3237 3393/3393/3393 3239/3239/3239
f 3393/3393/3393 3391/3391/3391 3239/3239/3239
f 3239/3239/3239 3391/3391/3391 3241/3241/3241
f 3391/3391/3391 3389/3389/3389 3241/3241/3241
f 3241/3241/3241 3389/3389/3389 3243/3243/3243
f 3389/3389/3389 3387/3387/3387 3243/3243/3243
f 3243/3243/3243 3387/3387/3387 3245/3245/3245
f 3387/3387/3387 3385/3385/3385 3245/3245/3245
f 3245/3245/3245 3385/3385/3385 3247/3247/3247
f 3385/3385/3385 3383/3383/3383 3247/3247/3247
f 3247/3247/3247 3383/3383/3383 3249/3249/3249
f 3383/3383/3383 3381/3381/3381 3249/3249/3249
f 3249/3249/3249 3381/3381/3381 3251/3251/3251
f 3381/3381/3381 3379/3379/3379 3251/3251/3251
f 3251/3251/3251 3379/3379/3379 3253/3253/3253
f 3379/3379/3379 3377/3377/3377 3253/3253/3253
f 3253/3253/3253 3377/3377/3377 3255/3255/3255
f 3375/3375/3375 3257/3257/3257 3377/3377/3377
f 3377/3377/3377 3257/3257/3257 3255/3255/3255
f 3373/3373/3373 3259/3259/3259 3375/3375/3375
f 3375/3375/3375 3259/3259/3259 3257/3257/3257
f 3371/3371/3371 3261/3261/3261 3373/3373/3373
f 3373/3373/3373 3261/3261/3261 3259/3259/3259
f 3369/3369/3369 3263/3263/3263 3371/3371/3371
f 3371/3371/3371 3263/3263/3263 3261/3261/3261
f 3367/3367/3367 3265/3265/3265 3369/3369/3369
f 3369/3369/3369 3265/3265/3265 3263/3263/3263
f 3365/3365/3365 3267/3267/3267 3367/3367/3367
f 3367/3367/3367 3267/3267/3267 3265/3265/3265
f 3363/3363/3363 3269/3269/3269 3365/3365/3365
f 3365/3365/3365 3269/3269/3269 3267/3267/3267
f 3361/3361/3361 3271/3271/3271 3363/3363/3363
f 3363/3363/3363 3271/3271/3271 3269/3269/3269
f 3359/3359/3359 3273/3273/3273 3361/3361/3361
f 3361/3361/3361 3273/3273/3273 3271/3271/3271
f 3357/3357/3357 3275/3275/3275 3359/3359/3359
f 3359/3359/3359 3275/3275/3275 3273/3273/3273
f 3355/3355/3355 3277/3277/3277 3357/3357/3357
f 3357/3357/3357 3277/3277/3277 3275/3275/3275
f 3353/3353/3353 3279/3279/3279 3355/3355/3355
f 3355/3355/3355 3279/3279/3279 3277/3277/3277
f 3351/3351/3351 3281/3281/3281 3353/3353/3353
f 3353/3353/3353 3281/3281/3281 3279/3279/3279
f 3165/3165/3165 3158/3158/3158 3351/3351/3351
f 3351/3351/3351 3158/3158/3158 3281/3281/3281
f 3163/3163/3163 3157/3157/3157 3165/3165/3165
f 3165/3165/3165 3157/3157/3157 3158/3158/3158
f 3163/3163/3163 3164/3164/3164 3157/3157/3157
f 3157/3157/3157 3164/3164/3164 3160/3160/3160
f 3164/3164/3164 3415/3415/3415 3160/3160/3160
f 3160/3160/3160 3415/3415/3415 3217/3217/3217
f 3514/3514/3514 3513/3513/3513 3552/3552/3552
f 3513/3513/3513 3512/3512/3512 3552/3552/3552
f 3512/3512/3512 3511/3511/3511 3552/3552/3552
f 3511/3511/3511 3510/3510/3510 3552/3552/3552
f 3510/3510/3510 3509/3509/3509 3552/3552/3552
f 3509/3509/3509 3508/3508/3508 3552/3552/3552
f 3508/3508/3508 3507/3507/3507 3552/3552/3552
f 3507/3507/3507 3506/3506/3506 3552/3552/3552
f 3506/3506/3506 3505/3505/3505 3552/3552/3552
f 3505/3505/3505 3504/3504/3504 3552/3552/3552
f 3504/3504/3504 3503/3503/3503 3552/3552/3552
f 3503/3503/3503 3502/3502/3502 3552/3552/3552
f 3502/3502/3502 3501/3501/3501 3552/3552/3552
f 3501/3501/3501 3500/3500/3500 3552/3552/3552
f 3500/3500/3500 3499/3499/3499 3552/3552/3552
f 3499/3499/3499 3498/3498/3498 3552/3552/3552
f 3498/3498/3498 3497/3497/3497 3552/3552/3552
f 3497/3497/3497 3496/3496/3496 3552/3552/3552
f 3496/3496/3496 3495/3495/3495 3552/3552/3552
f 3495/3495/3495 3494/3494/3494 3552/3552/3552
f 3494/3494/3494 3493/3493/3493 3552/3552/3552
f 3493/3493/3493 3492/3492/3492 3552/3552/3552
f 3492/3492/3492 3491/3491/3491 3552/3552/3552
f 3491/3491/3491 3490/3490/3490 3552/3552/3552
f 3490/3490/3490 3489/3489/3489 3552/3552/3552
f 3489/3489/3489 3488/3488/3488 3552/3552/3552
f 3488/3488/3488 3487/3487/3487 3552/3552/3552
f 3487/3487/3487 3486/3486/3486 3552/3552/3552
f 3486/3486/3486 3485/3485/3485 3552/3552/3552
f 3485/3485/3485 3484/3484/3484 3552/3552/3552
f 3484/3484/3484 3483/3483/3483 3552/3552/3552
f 3483/3483/3483 3482/3482/3482 3552/3552/3552
f 3482/3482/3482 3178/3178/3178 3552/3552/3552
f 3178/3178/3178 3173/3173/3173 3552/3552/3552
f 3173/3173/3173 3175/3175/3175 3552/3552/3552
f 3175/3175/3175 3514/3514/3514 3552/3552/3552
f 3553/3553/3553 3554/3554/3554 3152/3152/3152
f 3152/3152/3152 3554/3554/3554 3154/3154/3154
f 3214/3214/3214 3212/3212/3212 3555/3555/3555
f 3555/3555/3555 3212/3212/3212 3556/3556/3556
f 3212/3212/3212 3210/3210/3210 3556/3556/3556
f 3556/3556/3556 3210/3210/3210 3557/3557/3557
f 3210/3210/3210 3208/3208/3208 3557/3557/3557
f 3557/3557/3557 3208/3208/3208 3558/3558/3558
f 3208/3208/3208 3206/3206/3206 3558/3558/3558
f 3558/3558/3558 3206/3206/3206 3559/3559/3559
f 3206/3206/3206 3204/3204/3204 3559/3559/3559
f 3559/3559/3559 3204/3204/3204 3560/3560/3560
f 3204/3204/3204 3202/3202/3202 3560/3560/3560
f 3560/3560/3560 3202/3202/3202 3561/3561/3561
f 3202/3202/3202 3200/3200/3200 3561/3561/3561
f 3561/3561/3561 3200/3200/3200 3562/3562/3562
f 3200/3200/3200 3198/3198/3198 3562/3562/3562
f 3562/3562/3562 3198/3198/3198 3563/3563/3563
f 3198/3198/3198 3196/3196/3196 3563/3563/3563
f 3563/3563/3563 3196/3196/3196 3564/3564/3564
f 3196/3196/3196 3194/3194/3194 3564/3564/3564
f 3564/3564/3564 3194/3194/3194 3565/3565/3565
f 3194/3194/3194 3192/3192/3192 3565/3565/3565
f 3565/3565/3565 3192/3192/3192 3566/3566/3566
f 3192/3192/3192 3190/3190/3190 3566/3566/3566
f 3566/3566/3566 3190/3190/3190 3567/3567/3567
f 3190/3190/3190 3188/3188/3188 3567/3567/3567
f 3567/3567/3567 3188/3188/3188 3568/3568/3568
f 3188/3188/3188 3186/3186/3186 3568/3568/3568
f 3568/3568/3568 3186/3186/3186 3569/3569/3569
f 3186/3186/3186 3184/3184/3184 3569/3569/3569
f 3569/3569/3569 3184/3184/3184 3570/3570/3570
f 3184/3184/3184 3182/3182/3182 3570/3570/3570
f 3570/3570/3570 3182/3182/3182 3571/3571/3571
f 3182/3182/3182 3154/3154/3154 3571/3571/3571
f 3571/3571/3571 3154/3154/3154 3554/3554/3554
f 3572/3572/3572 3573/3573/3573 3574/3574/3574
f 3574/3574/3574 3573/3573/3573 3575/3575/3575
f 3574/3574/3574 3576/3576/3576 3572/3572/3572
f 3572/3572/3572 3576/3576/3576 3577/3577/3577
f 3578/3578/3578 3579/3579/3579 3580/3580/3580
f 3580/3580/3580 3579/3579/3579 3581/3581/3581
f 3582/3582/3582 3583/3583/3583 3584/3584/3584
f 3584/3584/3584 3583/3583/3583 3585/3585/3585
f 3586/3586/3586 3587/3587/3587 3588/3588/3588
f 3588/3588/3588 3587/3587/3587 3589/3589/3589
f 3590/3590/3590 3591/3591/3591 3592/3592/3592
f 3592/3592/3592 3591/3591/3591 3593/3593/3593
f 3594/3594/3594 3595/3595/3595 3590/3590/3590
f 3590/3590/3590 3595/3595/3595 3591/3591/3591
f 3596/3596/3596 3597/3597/3597 3594/3594/3594
f 3594/3594/3594 3597/3597/3597 3595/3595/3595
f 3598/3598/3598 3599/3599/3599 3596/3596/3596
f 3596/3596/3596 3599/3599/3599 3597/3597/3597
f 3600/3600/3600 3601/3601/3601 3598/3598/3598
f 3598/3598/3598 3601/3601/3601 3599/3599/3599
f 3602/3602/3602 3603/3603/3603 3600/3600/3600
f 3600/3600/3600 3603/3603/3603 3601/3601/3601
f 3604/3604/3604 3605/3605/3605 3602/3602/3602
f 3602/3602/3602 3605/3605/3605 3603/3603/3603
f 3606/3606/3606 3607/3607/3607 3604/3604/3604
f 3604/3604/3604 3607/3607/3607 3605/3605/3605
f 3608/3608/3608 3609/3609/3609 3606/3606/3606
f 3606/3606/3606 3609/3609/3609 3607/3607/3607
f 3610/3610/3610 3611/3611/3611 3608/3608/3608
f 3608/3608/3608 3611/3611/3611 3609/3609/3609
f 3612/3612/3612 3613/3613/3613 3610/3610/3610
f 3610/3610/3610 3613/3613/3613 3611/3611/3611
f 3614/3614/3614 3615/3615/3615 3612/3612/3612
f 3612/3612/3612 3615/3615/3615 3613/3613/3613
f 3616/3616/3616 3617/3617/3617 3614/3614/3614
f 3614/3614/3614 3617/3617/3617 3615/3615/3615
f 3618/3618/3618 3619/3619/3619 3616/3616/3616
f 3616/3616/3616 3619/3619/3619 3617/3617/3617
f 3620/3620/3620 3621/3621/3621 3618/3618/3618
f 3618/3618/3618 3621/3621/3621 3619/3619/3619
f 3622/3622/3622 3623/3623/3623 3620/3620/3620
f 3620/3620/3620 3623/3623/3623 3621/3621/3621
f 3588/3588/3588 3589/3589/3589 3622/3622/3622
f 3622/3622/3622 3589/3589/3589 3623/3623/3623
f 3579/3579/3579 3624/3624/3624 3581/3581/3581
f 3581/3581/3581 3624/3624/3624 3625/3625/3625
f 3624/3624/3624 3626/3626/3626 3625/3625/3625
f 3625/3625/3625 3626/3626/3626 3627/3627/3627
f 3626/3626/3626 3628/3628/3628 3627/3627/3627
f 3627/3627/3627 3628/3628/3628 3629/3629/3629
f 3630/3630/3630 3631/3631/3631 3628/3628/3628
f 3628/3628/3628 3631/3631/3631 3629/3629/3629
f 3630/3630/3630 3632/3632/3632 3631/3631/3631
f 3631/3631/3631 3632/3632/3632 3633/3633/3633
f 3632/3632/3632 3634/3634/3634 3633/3633/3633
f 3633/3633/3633 3634/3634/3634 3635/3635/3635
f 3634/3634/3634 3636/3636/3636 3635/3635/3635
f 3635/3635/3635 3636/3636/3636 3637/3637/3637
f 3636/3636/3636 3638/3638/3638 3637/3637/3637
f 3637/3637/3637 3638/3638/3638 3639/3639/3639
f 3638/3638/3638 3640/3640/3640 3639/3639/3639
f 3639/3639/3639 3640/3640/3640 3641/3641/3641
f 3640/3640/3640 3642/3642/3642 3641/3641/3641
f 3641/3641/3641 3642/3642/3642 3643/3643/3643
f 3644/3644/3644 3645/3645/3645 3642/3642/3642
f 3642/3642/3642 3645/3645/3645 3643/3643/3643
f 3644/3644/3644 3646/3646/3646 3645/3645/3645
f 3645/3645/3645 3646/3646/3646 3647/3647/3647
f 3646/3646/3646 3648/3648/3648 3647/3647/3647
f 3647/3647/3647 3648/3648/3648 3649/3649/3649
f 3648/3648/3648 3650/3650/3650 3649/3649/3649
f 3649/3649/3649 3650/3650/3650 3651/3651/3651
f 3650/3650/3650 3652/3652/3652 3651/3651/3651
f 3651/3651/3651 3652/3652/3652 3653/3653/3653
f 3652/3652/3652 3654/3654/3654 3653/3653/3653
f 3653/3653/3653 3654/3654/3654 3655/3655/3655
f 3654/3654/3654 3656/3656/3656 3655/3655/3655
f 3655/3655/3655 3656/3656/3656 3657/3657/3657
f 3658/3658/3658 3659/3659/3659 3660/3660/3660
f 3660/3660/3660 3659/3659/3659 3661/3661/3661
f 3658/3658/3658 3662/3662/3662 3659/3659/3659
f 3659/3659/3659 3662/3662/3662 3663/3663/3663
f 3662/3662/3662 3664/3664/3664 3663/3663/3663
f 3663/3663/3663 3664/3664/3664 3665/3665/3665
f 3664/3664/3664 3666/3666/3666 3665/3665/3665
f 3665/3665/3665 3666/3666/3666 3667/3667/3667
f 3666/3666/3666 3668/3668/3668 3667/3667/3667
f 3667/3667/3667 3668/3668/3668 3669/3669/3669
f 3668/3668/3668 3670/3670/3670 3669/3669/3669
f 3669/3669/3669 3670/3670/3670 3671/3671/3671
f 3670/3670/3670 3672/3672/3672 3671/3671/3671
f 3671/3671/3671 3672/3672/3672 3673/3673/3673
f 3672/3672/3672 3674/3674/3674 3673/3673/3673
f 3673/3673/3673 3674/3674/3674 3675/3675/3675
f 3674/3674/3674 3676/3676/3676 3675/3675/3675
f 3675/3675/3675 3676/3676/3676 3677/3677/3677
f 3676/3676/3676 3678/3678/3678 3677/3677/3677
f 3677/3677/3677 3678/3678/3678 3679/3679/3679
f 3678/3678/3678 3680/3680/3680 3679/3679/3679
f 3679/3679/3679 3680/3680/3680 3681/3681/3681
f 3680/3680/3680 3682/3682/3682 3681/3681/3681
f 3681/3681/3681 3682/3682/3682 3683/3683/3683
f 3682/3682/3682 3684/3684/3684 3683/3683/3683
f 3683/3683/3683 3684/3684/3684 3685/3685/3685
f 3684/3684/3684 3686/3686/3686 3685/3685/3685
f 3685/3685/3685 3686/3686/3686 3687/3687/3687
f 3686/3686/3686 3688/3688/3688 3687/3687/3687
f 3687/3687/3687 3688/3688/3688 3689/3689/3689
f 3688/3688/3688 3690/3690/3690 3689/3689/3689
f 3689/3689/3689 3690/3690/3690 3691/3691/3691
f 3690/3690/3690 3585/3585/3585 3691/3691/3691
f 3691/3691/3691 3585/3585/3585 3583/3583/3583
f 3576/3576/3576 3692/3692/3692 3577/3577/3577
f 3577/3577/3577 3692/3692/3692 3693/3693/3693
f 3692/3692/3692 3694/3694/3694 3693/3693/3693
f 3693/3693/3693 3694/3694/3694 3695/3695/3695
f 3694/3694/3694 3696/3696/3696 3695/3695/3695
f 3695/3695/3695 3696/3696/3696 3697/3697/3697
f 3696/3696/3696 3698/3698/3698 3697/3697/3697
f 3697/3697/3697 3698/3698/3698 3699/3699/3699
f 3698/3698/3698 3700/3700/3700 3699/3699/3699
f 3699/3699/3699 3700/3700/3700 3701/3701/3701
f 3700/3700/3700 3702/3702/3702 3701/3701/3701
f 3701/3701/3701 3702/3702/3702 3703/3703/3703
f 3702/3702/3702 3704/3704/3704 3703/3703/3703
f 3703/3703/3703 3704/3704/3704 3705/3705/3705
f 3704/3704/3704 3706/3706/3706 3705/3705/3705
f 3705/3705/3705 3706/3706/3706 3707/3707/3707
f 3706/3706/3706 3708/3708/3708 3707/3707/3707
f 3707/3707/3707 3708/3708/3708 3709/3709/3709
f 3708/3708/3708 3710/3710/3710 3709/3709/3709
f 3709/3709/3709 3710/3710/3710 3711/3711/3711
f 3710/3710/3710 3712/3712/3712 3711/3711/3711
f 3711/3711/3711 3712/3712/3712 3713/3713/3713
f 3712/3712/3712 3714/3714/3714 3713/3713/3713
f 3713/3713/3713 3714/3714/3714 3715/3715/3715
f 3714/3714/3714 3716/3716/3716 3715/3715/3715
f 3715/3715/3715 3716/3716/3716 3717/3717/3717
f 3716/3716/3716 3718/3718/3718 3717/3717/3717
f 3717/3717/3717 3718/3718/3718 3719/3719/3719
f 3718/3718/3718 3720/3720/3720 3719/3719/3719
f 3719/3719/3719 3720/3720/3720 3721/3721/3721
f 3720/3720/3720 3722/3722/3722 3721/3721/3721
f 3721/3721/3721 3722/3722/3722 3723/3723/3723
f 3722/3722/3722 3724/3724/3724 3723/3723/3723
f 3723/3723/3723 3724/3724/3724 3725/3725/3725
f 3726/3726/3726 3727/3727/3727 3728/3728/3728
f 3728/3728/3728 3727/3727/3727 3729/3729/3729
f 3727/3727/3727 3730/3730/3730 3729/3729/3729
f 3729/3729/3729 3730/3730/3730 3731/3731/3731
f 3730/3730/3730 3732/3732/3732 3731/3731/3731
f 3731/3731/3731 3732/3732/3732 3733/3733/3733
f 3732/3732/3732 3734/3734/3734 3733/3733/3733
f 3733/3733/3733 3734/3734/3734 3735/3735/3735
f 3734/3734/3734 3736/3736/3736 3735/3735/3735
f 3735/3735/3735 3736/3736/3736 3737/3737/3737
f 3736/3736/3736 3738/3738/3738 3737/3737/3737
f 3737/3737/3737 3738/3738/3738 3739/3739/3739
f 3738/3738/3738 3740/3740/3740 3739/3739/3739
f 3739/3739/3739 3740/3740/3740 3741/3741/3741
f 3740/3740/3740 3742/3742/3742 3741/3741/3741
f 3741/3741/3741 3742/3742/3742 3743/3743/3743
f 3742/3742/3742 3744/3744/3744 3743/3743/3743
f 3743/3743/3743 3744/3744/3744 3745/3745/3745
f 3744/3744/3744 3746/3746/3746 3745/3745/3745
f 3745/3745/3745 3746/3746/3746 3747/3747/3747
f 3746/3746/3746 3748/3748/3748 3747/3747/3747
f 3747/3747/3747 3748/3748/3748 3749/3749/3749
f 3748/3748/3748 3750/3750/3750 3749/3749/3749
f 3749/3749/3749 3750/3750/3750 3751/3751/3751
f 3750/3750/3750 3752/3752/3752 3751/3751/3751
f 3751/3751/3751 3752/3752/3752 3753/3753/3753
f 3752/3752/3752 3754/3754/3754 3753/3753/3753
f 3753/3753/3753 3754/3754/3754 3755/3755/3755
f 3754/3754/3754 3756/3756/3756 3755/3755/3755
f 3755/3755/3755 3756/3756/3756 3757/3757/3757
f 3756/3756/3756 3758/3758/3758 3757/3757/3757
f 3757/3757/3757 3758/3758/3758 3759/3759/3759
f 3758/3758/3758 3575/3575/3575 3759/3759/3759
f 3759/3759/3759 3575/3575/3575 3573/3573/3573
f 3760/3760/3760 3761/3761/3761 3581/3581/3581
f 3581/3581/3581 3761/3761/3761 3580/3580/3580
f 3697/3697/3697 3762/3762/3762 3695/3695/3695
f 3695/3695/3695 3762/3762/3762 3763/3763/3763
f 3764/3764/3764 3765/3765/3765 3582/3582/3582
f 3582/3582/3582 3765/3765/3765 3583/3583/3583
f 3765/3765/3765 3766/3766/3766 3583/3583/3583
f 3583/3583/3583 3766/3766/3766 3691/3691/3691
f 3766/3766/3766 3767/3767/3767 3691/3691/3691
f 3691/3691/3691 3767/3767/3767 3689/3689/3689
f 3767/3767/3767 3768/3768/3768 3689/3689/3689
f 3689/3689/3689 3768/3768/3768 3687/3687/3687
f 3768/3768/3768 3769/3769/3769 3687/3687/3687
f 3687/3687/3687 3769/3769/3769 3685/3685/3685
f 3769/3769/3769 3770/3770/3770 3685/3685/3685
f 3685/3685/3685 3770/3770/3770 3683/3683/3683
f 3770/3770/3770 3771/3771/3771 3683/3683/3683
f 3683/3683/3683 3771/3771/3771 3681/3681/3681
f 3771/3771/3771 3772/3772/3772 3681/3681/3681
f 3681/3681/3681 3772/3772/3772 3679/3679/3679
f 3772/3772/3772 3773/3773/3773 3679/3679/3679
f 3679/3679/3679 3773/3773/3773 3677/3677/3677
f 3773/3773/3773 3774/3774/3774 3677/3677/3677
f 3677/3677/3677 3774/3774/3774 3675/3675/3675
f 3774/3774/3774 3775/3775/3775 3675/3675/3675
f 3675/3675/3675 3775/3775/3775 3673/3673/3673
f 3775/3775/3775 3776/3776/3776 3673/3673/3673
f 3673/3673/3673 3776/3776/3776 3671/3671/3671
f 3776/3776/3776 3777/3777/3777 3671/3671/3671
f 3671/3671/3671 3777/3777/3777 3669/3669/3669
f 3777/3777/3777 3778/3778/3778 3669/3669/3669
f 3669/3669/3669 3778/3778/3778 3667/3667/3667
f 3778/3778/3778 3779/3779/3779 3667/3667/3667
f 3667/3667/3667 3779/3779/3779 3665/3665/3665
f 3779/3779/3779 3780/3780/3780 3665/3665/3665
f 3665/3665/3665 3780/3780/3780 3663/3663/3663
f 3780/3780/3780 3781/3781/3781 3663/3663/3663
f 3663/3663/3663 3781/3781/3781 3659/3659/3659
f 3781/3781/3781 3782/3782/3782 3659/3659/3659
f 3659/3659/3659 3782/3782/3782 3661/3661/3661
f 3783/3783/3783 3784/3784/3784 3657/3657/3657
f 3657/3657/3657 3784/3784/3784 3655/3655/3655
f 3784/3784/3784 3785/3785/3785 3655/3655/3655
f 3655/3655/3655 3785/3785/3785 3653/3653/3653
f 3785/3785/3785 3786/3786/3786 3653/3653/3653
f 3653/3653/3653 3786/3786/3786 3651/3651/3651
f 3786/3786/3786 3787/3787/3787 3651/3651/3651
f 3651/3651/3651 3787/3787/3787 3649/3649/3649
f 3787/3787/3787 3788/3788/3788 3649/3649/3649
f 3649/3649/3649 3788/3788/3788 3647/3647/3647
f 3788/3788/3788 3789/3789/3789 3647/3647/3647
f 3647/3647/3647 3789/3789/3789 3645/3645/3645
f 3789/3789/3789 3790/3790/3790 3645/3645/3645
f 3645/3645/3645 3790/3790/3790 3643/3643/3643
f 3790/3790/3790 3791/3791/3791 3643/3643/3643
f 3643/3643/3643 3791/3791/3791 3641/3641/3641
f 3791/3791/3791 3792/3792/3792 3641/3641/3641
f 3641/3641/3641 3792/3792/3792 3639/3639/3639
f 3792/3792/3792 3793/3793/3793 3639/3639/3639
f 3639/3639/3639 3793/3793/3793 3637/3637/3637
f 3793/3793/3793 3794/3794/3794 3637/3637/3637
f 3637/3637/3637 3794/3794/3794 3635/3635/3635
f 3794/3794/3794 3795/3795/3795 3635/3635/3635
f 3635/3635/3635 3795/3795/3795 3633/3633/3633
f 3795/3795/3795 3796/3796/3796 3633/3633/3633
f 3633/3633/3633 3796/3796/3796 3631/3631/3631
f 3796/3796/3796 3797/3797/3797 3631/3631/3631
f 3631/3631/3631 3797/3797/3797 3629/3629/3629
f 3797/3797/3797 3798/3798/3798 3629/3629/3629
f 3629/3629/3629 3798/3798/3798 3627/3627/3627
f 3798/3798/3798 3799/3799/3799 3627/3627/3627
f 3627/3627/3627 3799/3799/3799 3625/3625/3625
f 3799/3799/3799 3760/3760/3760 3625/3625/3625
f 3625/3625/3625 3760/3760/3760 3581/3581/3581
f 3699/3699/3699 3800/3800/3800 3697/3697/3697
f 3697/3697/3697 3800/3800/3800 3762/3762/3762
f 3701/3701/3701 3801/3801/3801 3699/3699/3699
f 3699/3699/3699 3801/3801/3801 3800/3800/3800
f 3703/3703/3703 3802/3802/3802 3701/3701/3701
f 3701/3701/3701 3802/3802/3802 3801/3801/3801
f 3705/3705/3705 3803/3803/3803 3703/3703/3703
f 3703/3703/3703 3803/3803/3803 3802/3802/3802
f 3707/3707/3707 3804/3804/3804 3705/3705/3705
f 3705/3705/3705 3804/3804/3804 3803/3803/3803
f 3709/3709/3709 3805/3805/3805 3707/3707/3707
f 3707/3707/3707 3805/3805/3805 3804/3804/3804
f 3711/3711/3711 3806/3806/3806 3709/3709/3709
f 3709/3709/3709 3806/3806/3806 3805/3805/3805
f 3713/3713/3713 3807/3807/3807 3711/3711/3711
f 3711/3711/3711 3807/3807/3807 3806/3806/3806
f 3715/3715/3715 3808/3808/3808 3713/3713/3713
f 3713/3713/3713 3808/3808/3808 3807/3807/3807
f 3717/3717/3717 3809/3809/3809 3715/3715/3715
f 3715/3715/3715 3809/3809/3809 3808/3808/3808
f 3719/3719/3719 3810/3810/3810 3717/3717/3717
f 3717/3717/3717 3810/3810/3810 3809/3809/3809
f 3721/3721/3721 3811/3811/3811 3719/3719/3719
f 3719/3719/3719 3811/3811/3811 3810/3810/3810
f 3723/3723/3723 3812/3812/3812 3721/3721/3721
f 3721/3721/3721 3812/3812/3812 3811/3811/3811
f 3725/3725/3725 3813/3813/3813 3723/3723/3723
f 3723/3723/3723 3813/3813/3813 3812/3812/3812
f 3729/3729/3729 3814/3814/3814 3728/3728/3728
f 3728/3728/3728 3814/3814/3814 3815/3815/3815
f 3731/3731/3731 3816/3816/3816 3729/3729/3729
f 3729/3729/3729 3816/3816/3816 3814/3814/3814
f 3733/3733/3733 3817/3817/3817 3731/3731/3731
f 3731/3731/3731 3817/3817/3817 3816/3816/3816
f 3735/3735/3735 3818/3818/3818 3733/3733/3733
f 3733/3733/3733 3818/3818/3818 3817/3817/3817
f 3737/3737/3737 3819/3819/3819 3735/3735/3735
f 3735/3735/3735 3819/3819/3819 3818/3818/3818
f 3739/3739/3739 3820/3820/3820 3737/3737/3737
f 3737/3737/3737 3820/3820/3820 3819/3819/3819
f 3741/3741/3741 3821/3821/3821 3739/3739/3739
f 3739/3739/3739 3821/3821/3821 3820/3820/3820
f 3743/3743/3743 3822/3822/3822 3741/3741/3741
f 3741/3741/3741 3822/3822/3822 3821/3821/3821
f 3745/3745/3745 3823/3823/3823 3743/3743/3743
f 3743/3743/3743 3823/3823/3823 3822/3822/3822
f 3747/3747/3747 3824/3824/3824 3745/3745/3745
f 3745/3745/3745 3824/3824/3824 3823/3823/3823
f 3749/3749/3749 3825/3825/3825 3747/3747/3747
f 3747/3747/3747 3825/3825/3825 3824/3824/3824
f 3751/3751/3751 3826/3826/3826 3749/3749/3749
f 3749/3749/3749 3826/3826/3826 3825/3825/3825
f 3753/3753/3753 3827/3827/3827 3751/3751/3751
f 3751/3751/3751 3827/3827/3827 3826/3826/3826
f 3755/3755/3755 3828/3828/3828 3753/3753/3753
f 3753/3753/3753 3828/3828/3828 3827/3827/3827
f 3757/3757/3757 3829/3829/3829 3755/3755/3755
f 3755/3755/3755 3829/3829/3829 3828/3828/3828
f 3759/3759/3759 3830/3830/3830 3757/3757/3757
f 3757/3757/3757 3830/3830/3830 3829/3829/3829
f 3573/3573/3573 3831/3831/3831 3759/3759/3759
f 3759/3759/3759 3831/3831/3831 3830/3830/3830
f 3572/3572/3572 3832/3832/3832 3573/3573/3573
f 3573/3573/3573 3832/3832/3832 3831/3831/3831
f 3577/3577/3577 3833/3833/3833 3572/3572/3572
f 3572/3572/3572 3833/3833/3833 3832/3832/3832
f 3693/3693/3693 3834/3834/3834 3577/3577/3577
f 3577/3577/3577 3834/3834/3834 3833/3833/3833
f 3695/3695/3695 3763/3763/3763 3693/3693/3693
f 3693/3693/3693 3763/3763/3763 3834/3834/3834
f 3586/3586/3586 3588/3588/3588 3835/3835/3835
f 3835/3835/3835 3588/3588/3588 3836/3836/3836
f 3588/3588/3588 3622/3622/3622 3836/3836/3836
f 3836/3836/3836 3622/3622/3622 3837/3837/3837
f 3622/3622/3622 3620/3620/3620 3837/3837/3837
f 3837/3837/3837 3620/3620/3620 3838/3838/3838
f 3620/3620/3620 3618/3618/3618 3838/3838/3838
f 3838/3838/3838 3618/3618/3618 3839/3839/3839
f 3618/3618/3618 3616/3616/3616 3839/3839/3839
f 3839/3839/3839 3616/3616/3616 3840/3840/3840
f 3616/3616/3616 3614/3614/3614 3840/3840/3840
f 3840/3840/3840 3614/3614/3614 3841/3841/3841
f 3614/3614/3614 3612/3612/3612 3841/3841/3841
f 3841/3841/3841 3612/3612/3612 3842/3842/3842
f 3612/3612/3612 3610/3610/3610 3842/3842/3842
f 3842/3842/3842 3610/3610/3610 3843/3843/3843
f 3610/3610/3610 3608/3608/3608 3843/3843/3843
f 3843/3843/3843 3608/3608/3608 3844/3844/3844
f 3608/3608/3608 3606/3606/3606 3844/3844/3844
f 3844/3844/3844 3606/3606/3606 3845/3845/3845
f 3606/3606/3606 3604/3604/3604 3845/3845/3845
f 3845/3845/3845 3604/3604/3604 3846/3846/3846
f 3604/3604/3604 3602/3602/3602 3846/3846/3846
f 3846/3846/3846 3602/3602/3602 3847/3847/3847
f 3602/3602/3602 3600/3600/3600 3847/3847/3847
f 3847/3847/3847 3600/3600/3600 3848/3848/3848
f 3600/3600/3600 3598/3598/3598 3848/3848/3848
f 3848/3848/3848 3598/3598/3598 3849/3849/3849
f 3598/3598/3598 3596/3596/3596 3849/3849/3849
f 3849/3849/3849 3596/3596/3596 3850/3850/3850
f 3596/3596/3596 3594/3594/3594 3850/3850/3850
f 3850/3850/3850 3594/3594/3594 3851/3851/3851
f 3594/3594/3594 3590/3590/3590 3851/3851/3851
f 3851/3851/3851 3590/3590/3590 3852/3852/3852
f 3590/3590/3590 3592/3592/3592 3852/3852/3852
f 3853/3853/3853 3854/3854/3854 3855/3855/3855
f 3856/3856/3856 3857/3857/3857 3858/3858/3858
f 3858/3858/3858 3857/3857/3857 3859/3859/3859
f 3858/3858/3858 3859/3859/3859 3860/3860/3860
f 3860/3860/3860 3859/3859/3859 3861/3861/3861
f 3860/3860/3860 3861/3861/3861 3862/3862/3862
f 3862/3862/3862 3861/3861/3861 3863/3863/3863
f 3862/3862/3862 3863/3863/3863 3864/3864/3864
f 3864/3864/3864 3863/3863/3863 3865/3865/3865
f 3864/3864/3864 3865/3865/3865 3866/3866/3866
f 3866/3866/3866 3865/3865/3865 3867/3867/3867
f 3868/3868/3868 3869/3869/3869 3870/3870/3870
f 3870/3870/3870 3869/3869/3869 3871/3871/3871
f 3870/3870/3870 3871/3871/3871 3872/3872/3872
f 3872/3872/3872 3871/3871/3871 3873/3873/3873
f 3872/3872/3872 3873/3873/3873 3874/3874/3874
f 3874/3874/3874 3873/3873/3873 3875/3875/3875
f 3874/3874/3874 3875/3875/3875 3876/3876/3876
f 3876/3876/3876 3875/3875/3875 3877/3877/3877
f 3876/3876/3876 3877/3877/3877 3878/3878/3878
f 3878/3878/3878 3877/3877/3877 3879/3879/3879
f 3878/3878/3878 3879/3879/3879 3880/3880/3880
f 3880/3880/3880 3879/3879/3879 3881/3881/3881
f 3880/3880/3880 3881/3881/3881 3882/3882/3882
f 3882/3882/3882 3881/3881/3881 3883/3883/3883
f 3882/3882/3882 3883/3883/3883 3884/3884/3884
f 3884/3884/3884 3883/3883/3883 3885/3885/3885
f 3884/3884/3884 3885/3885/3885 3886/3886/3886
f 3886/3886/3886 3885/3885/3885 3887/3887/3887
f 3886/3886/3886 3887/3887/3887 3888/3888/3888
f 3888/3888/3888 3887/3887/3887 3889/3889/3889
f 3888/3888/3888 3889/3889/3889 3890/3890/3890
f 3890/3890/3890 3889/3889/3889 3891/3891/3891
f 3890/3890/3890 3891/3891/3891 3892/3892/3892
f 3892/3892/3892 3891/3891/3891 3893/3893/3893
f 3892/3892/3892 3893/3893/3893 3894/3894/3894
f 3894/3894/3894 3893/3893/3893 3895/3895/3895
f 3894/3894/3894 3895/3895/3895 3896/3896/3896
f 3896/3896/3896 3895/3895/3895 3897/3897/3897
f 3896/3896/3896 3897/3897/3897 3898/3898/3898
f 3898/3898/3898 3897/3897/3897 3899/3899/3899
f 3898/3898/3898 3899/3899/3899 3900/3900/3900
f 3900/3900/3900 3899/3899/3899 3901/3901/3901
f 3900/3900/3900 3901/3901/3901 3902/3902/3902
f 3902/3902/3902 3901/3901/3901 3903/3903/3903
f 3902/3902/3902 3903/3903/3903 3904/3904/3904
f 3904/3904/3904 3903/3903/3903 3905/3905/3905
f 3906/3906/3906 3907/3907/3907 3908/3908/3908
f 3908/3908/3908 3907/3907/3907 3909/3909/3909
f 3908/3908/3908 3909/3909/3909 3910/3910/3910
f 3910/3910/3910 3909/3909/3909 3911/3911/3911
f 3910/3910/3910 3911/3911/3911 3912/3912/3912
f 3912/3912/3912 3911/3911/3911 3913/3913/3913
f 3913/3913/3913 3914/3914/3914 3912/3912/3912
f 3912/3912/3912 3914/3914/3914 3915/3915/3915
f 3914/3914/3914 3916/3916/3916 3915/3915/3915
f 3915/3915/3915 3916/3916/3916 3917/3917/3917
f 3916/3916/3916 3918/3918/3918 3917/3917/3917
f 3917/3917/3917 3918/3918/3918 3919/3919/3919
f 3918/3918/3918 3920/3920/3920 3919/3919/3919
f 3919/3919/3919 3920/3920/3920 3921/3921/3921
f 3920/3920/3920 3922/3922/3922 3921/3921/3921
f 3921/3921/3921 3922/3922/3922 3923/3923/3923
f 3922/3922/3922 3924/3924/3924 3923/3923/3923
f 3923/3923/3923 3924/3924/3924 3925/3925/3925
f 3925/3925/3925 3924/3924/3924 3926/3926/3926
f 3926/3926/3926 3924/3924/3924 3927/3927/3927
f 3926/3926/3926 3927/3927/3927 3928/3928/3928
f 3928/3928/3928 3927/3927/3927 3929/3929/3929
f 3928/3928/3928 3929/3929/3929 3930/3930/3930
f 3930/3930/3930 3929/3929/3929 3931/3931/3931
f 3856/3856/3856 3932/3932/3932 3930/3930/3930
f 3930/3930/3930 3932/3932/3932 3933/3933/3933
f 3934/3934/3934 3935/3935/3935 3936/3936/3936
f 3936/3936/3936 3935/3935/3935 3937/3937/3937
f 3935/3935/3935 3938/3938/3938 3937/3937/3937
f 3937/3937/3937 3938/3938/3938 3939/3939/3939
f 3938/3938/3938 3940/3940/3940 3939/3939/3939
f 3939/3939/3939 3940/3940/3940 3941/3941/3941
f 3940/3940/3940 3942/3942/3942 3941/3941/3941
f 3941/3941/3941 3942/3942/3942 3943/3943/3943
f 3942/3942/3942 3944/3944/3944 3943/3943/3943
f 3943/3943/3943 3944/3944/3944 3945/3945/3945
f 3944/3944/3944 3946/3946/3946 3945/3945/3945
f 3945/3945/3945 3946/3946/3946 3947/3947/3947
f 3946/3946/3946 3948/3948/3948 3947/3947/3947
f 3947/3947/3947 3948/3948/3948 3949/3949/3949
f 3948/3948/3948 3950/3950/3950 3949/3949/3949
f 3949/3949/3949 3950/3950/3950 3951/3951/3951
f 3950/3950/3950 3952/3952/3952 3951/3951/3951
f 3951/3951/3951 3952/3952/3952 3953/3953/3953
f 3952/3952/3952 3954/3954/3954 3953/3953/3953
f 3953/3953/3953 3954/3954/3954 3955/3955/3955
f 3954/3954/3954 3956/3956/3956 3955/3955/3955
f 3955/3955/3955 3956/3956/3956 3957/3957/3957
f 3956/3956/3956 3958/3958/3958 3957/3957/3957
f 3957/3957/3957 3958/3958/3958 3959/3959/3959
f 3958/3958/3958 3960/3960/3960 3959/3959/3959
f 3959/3959/3959 3960/3960/3960 3961/3961/3961
f 3960/3960/3960 3962/3962/3962 3961/3961/3961
f 3961/3961/3961 3962/3962/3962 3963/3963/3963
f 3964/3964/3964 3965/3965/3965 3966/3966/3966
f 3966/3966/3966 3965/3965/3965 3967/3967/3967
f 3965/3965/3965 3968/3968/3968 3967/3967/3967
f 3967/3967/3967 3968/3968/3968 3969/3969/3969
f 3968/3968/3968 3970/3970/3970 3969/3969/3969
f 3969/3969/3969 3970/3970/3970 3971/3971/3971
f 3970/3970/3970 3972/3972/3972 3971/3971/3971
f 3971/3971/3971 3972/3972/3972 3973/3973/3973
f 3972/3972/3972 3974/3974/3974 3973/3973/3973
f 3973/3973/3973 3974/3974/3974 3975/3975/3975
f 3974/3974/3974 3976/3976/3976 3975/3975/3975
f 3975/3975/3975 3976/3976/3976 3977/3977/3977
f 3976/3976/3976 3978/3978/3978 3977/3977/3977
f 3977/3977/3977 3978/3978/3978 3979/3979/3979
f 3979/3979/3979 3978/3978/3978 3980/3980/3980
f 3980/3980/3980 3978/3978/3978 3981/3981/3981
f 3980/3980/3980 3981/3981/3981 3982/3982/3982
f 3982/3982/3982 3981/3981/3981 3983/3983/3983
f 3982/3982/3982 3983/3983/3983 3984/3984/3984
f 3984/3984/3984 3983/3983/3983 3985/3985/3985
f 3984/3984/3984 3985/3985/3985 3986/3986/3986
f 3986/3986/3986 3985/3985/3985 3987/3987/3987
f 3986/3986/3986 3987/3987/3987 3988/3988/3988
f 3988/3988/3988 3987/3987/3987 3989/3989/3989
f 3988/3988/3988 3989/3989/3989 3990/3990/3990
f 3990/3990/3990 3989/3989/3989 3991/3991/3991
f 3990/3990/3990 3991/3991/3991 3992/3992/3992
f 3992/3992/3992 3991/3991/3991 3993/3993/3993
f 3992/3992/3992 3993/3993/3993 3994/3994/3994
f 3994/3994/3994 3993/3993/3993 3995/3995/3995
f 3994/3994/3994 3995/3995/3995 3996/3996/3996
f 3996/3996/3996 3995/3995/3995 3997/3997/3997
f 3996/3996/3996 3997/3997/3997 3998/3998/3998
f 3998/3998/3998 3997/3997/3997 3999/3999/3999
f 3999/3999/3999 4000/4000/4000 3998/3998/3998
f 3998/3998/3998 4000/4000/4000 4001/4001/4001
f 4002/4002/4002 4003/4003/4003 4004/4004/4004
f 4004/4004/4004 4003/4003/4003 4005/4005/4005
f 4003/4003/4003 4006/4006/4006 4005/4005/4005
f 4005/4005/4005 4006/4006/4006 4007/4007/4007
f 4006/4006/4006 4008/4008/4008 4007/4007/4007
f 4007/4007/4007 4008/4008/4008 4009/4009/4009
f 4010/4010/4010 4011/4011/4011 3936/3936/3936
f 3936/3936/3936 4011/4011/4011 4009/4009/4009
f 4012/4012/4012 4013/4013/4013 4014/4014/4014
f 4014/4014/4014 4013/4013/4013 4015/4015/4015
f 4016/4016/4016 4017/4017/4017 4018/4018/4018
f 4018/4018/4018 4017/4017/4017 4019/4019/4019
f 4020/4020/4020 4016/4016/4016 4021/4021/4021
f 4021/4021/4021 4016/4016/4016 4018/4018/4018
f 4022/4022/4022 4020/4020/4020 4023/4023/4023
f 4023/4023/4023 4020/4020/4020 4021/4021/4021
f 4024/4024/4024 4022/4022/4022 4025/4025/4025
f 4025/4025/4025 4022/4022/4022 4023/4023/4023
f 4026/4026/4026 4024/4024/4024 4027/4027/4027
f 4027/4027/4027 4024/4024/4024 4025/4025/4025
f 4028/4028/4028 4026/4026/4026 4029/4029/4029
f 4029/4029/4029 4026/4026/4026 4027/4027/4027
f 4030/4030/4030 4028/4028/4028 4031/4031/4031
f 4031/4031/4031 4028/4028/4028 4029/4029/4029
f 4032/4032/4032 4030/4030/4030 4033/4033/4033
f 4033/4033/4033 4030/4030/4030 4031/4031/4031
f 4034/4034/4034 4032/4032/4032 4035/4035/4035
f 4035/4035/4035 4032/4032/4032 4033/4033/4033
f 4036/4036/4036 4034/4034/4034 4037/4037/4037
f 4037/4037/4037 4034/4034/4034 4035/4035/4035
f 4038/4038/4038 4036/4036/4036 4039/4039/4039
f 4039/4039/4039 4036/4036/4036 4037/4037/4037
f 4040/4040/4040 4038/4038/4038 4041/4041/4041
f 4041/4041/4041 4038/4038/4038 4039/4039/4039
f 4042/4042/4042 4040/4040/4040 4043/4043/4043
f 4043/4043/4043 4040/4040/4040 4041/4041/4041
f 4044/4044/4044 4042/4042/4042 4045/4045/4045
f 4045/4045/4045 4042/4042/4042 4043/4043/4043
f 4046/4046/4046 4044/4044/4044 4047/4047/4047
f 4047/4047/4047 4044/4044/4044 4045/4045/4045
f 4048/4048/4048 4046/4046/4046 4049/4049/4049
f 4049/4049/4049 4046/4046/4046 4047/4047/4047
f 4050/4050/4050 4048/4048/4048 4051/4051/4051
f 4051/4051/4051 4048/4048/4048 4049/4049/4049
f 4052/4052/4052 4050/4050/4050 4053/4053/4053
f 4053/4053/4053 4050/4050/4050 4051/4051/4051
f 4054/4054/4054 4055/4055/4055 4056/4056/4056
f 4056/4056/4056 4055/4055/4055 4057/4057/4057
f 4058/4058/4058 4054/4054/4054 4059/4059/4059
f 4059/4059/4059 4054/4054/4054 4056/4056/4056
f 4060/4060/4060 4058/4058/4058 4061/4061/4061
f 4061/4061/4061 4058/4058/4058 4059/4059/4059
f 4062/4062/4062 4060/4060/4060 4063/4063/4063
f 4063/4063/4063 4060/4060/4060 4061/4061/4061
f 4064/4064/4064 4062/4062/4062 4065/4065/4065
f 4065/4065/4065 4062/4062/4062 4063/4063/4063
f 4066/4066/4066 4064/4064/4064 4067/4067/4067
f 4067/4067/4067 4064/4064/4064 4065/4065/4065
f 4068/4068/4068 4066/4066/4066 4069/4069/4069
f 4069/4069/4069 4066/4066/4066 4067/4067/4067
f 3987/3987/3987 3985/3985/3985 4070/4070/4070
f 4070/4070/4070 3985/3985/3985 4071/4071/4071
f 4072/4072/4072 4073/4073/4073 4074/4074/4074
f 4074/4074/4074 4073/4073/4073 4075/4075/4075
f 4076/4076/4076 4072/4072/4072 4077/4077/4077
f 4077/4077/4077 4072/4072/4072 4074/4074/4074
f 4078/4078/4078 4076/4076/4076 4079/4079/4079
f 4079/4079/4079 4076/4076/4076 4077/4077/4077
f 4080/4080/4080 4078/4078/4078 4081/4081/4081
f 4081/4081/4081 4078/4078/4078 4079/4079/4079
f 4082/4082/4082 4080/4080/4080 4083/4083/4083
f 4083/4083/4083 4080/4080/4080 4081/4081/4081
f 4084/4084/4084 4082/4082/4082 4085/4085/4085
f 4085/4085/4085 4082/4082/4082 4083/4083/4083
f 4086/4086/4086 4084/4084/4084 4087/4087/4087
f 4087/4087/4087 4084/4084/4084 4085/4085/4085
f 4088/4088/4088 4086/4086/4086 4089/4089/4089
f 4089/4089/4089 4086/4086/4086 4087/4087/4087
f 4090/4090/4090 4091/4091/4091 4013/4013/4013
f 4013/4013/4013 4091/4091/4091 4088/4088/4088
f 4092/4092/4092 4093/4093/4093 4080/4080/4080
f 4080/4080/4080 4093/4093/4093 4078/4078/4078
f 4094/4094/4094 4092/4092/4092 4082/4082/4082
f 4082/4082/4082 4092/4092/4092 4080/4080/4080
f 4095/4095/4095 4094/4094/4094 4084/4084/4084
f 4084/4084/4084 4094/4094/4094 4082/4082/4082
f 4096/4096/4096 4095/4095/4095 4086/4086/4086
f 4086/4086/4086 4095/4095/4095 4084/4084/4084
f 4091/4091/4091 4096/4096/4096 4088/4088/4088
f 4088/4088/4088 4096/4096/4096 4086/4086/4086
f 4013/4013/4013 4088/4088/4088 4015/4015/4015
f 4015/4015/4015 4088/4088/4088 4089/4089/4089
f 4097/4097/4097 4090/4090/4090 4012/4012/4012
f 4012/4012/4012 4090/4090/4090 4013/4013/4013
f 4098/4098/4098 4099/4099/4099 4016/4016/4016
f 4016/4016/4016 4099/4099/4099 4017/4017/4017
f 4100/4100/4100 4098/4098/4098 4020/4020/4020
f 4020/4020/4020 4098/4098/4098 4016/4016/4016
f 4101/4101/4101 4100/4100/4100 4022/4022/4022
f 4022/4022/4022 4100/4100/4100 4020/4020/4020
f 4102/4102/4102 4101/4101/4101 4024/4024/4024
f 4024/4024/4024 4101/4101/4101 4022/4022/4022
f 4103/4103/4103 4102/4102/4102 4026/4026/4026
f 4026/4026/4026 4102/4102/4102 4024/4024/4024
f 4104/4104/4104 4103/4103/4103 4028/4028/4028
f 4028/4028/4028 4103/4103/4103 4026/4026/4026
f 4105/4105/4105 4104/4104/4104 4030/4030/4030
f 4030/4030/4030 4104/4104/4104 4028/4028/4028
f 4106/4106/4106 4105/4105/4105 4032/4032/4032
f 4032/4032/4032 4105/4105/4105 4030/4030/4030
f 4107/4107/4107 4106/4106/4106 4034/4034/4034
f 4034/4034/4034 4106/4106/4106 4032/4032/4032
f 4108/4108/4108 4107/4107/4107 4036/4036/4036
f 4036/4036/4036 4107/4107/4107 4034/4034/4034
f 4109/4109/4109 4108/4108/4108 4038/4038/4038
f 4038/4038/4038 4108/4108/4108 4036/4036/4036
f 4110/4110/4110 4109/4109/4109 4040/4040/4040
f 4040/4040/4040 4109/4109/4109 4038/4038/4038
f 4111/4111/4111 4110/4110/4110 4042/4042/4042
f 4042/4042/4042 4110/4110/4110 4040/4040/4040
f 4112/4112/4112 4111/4111/4111 4044/4044/4044
f 4044/4044/4044 4111/4111/4111 4042/4042/4042
f 4113/4113/4113 4112/4112/4112 4046/4046/4046
f 4046/4046/4046 4112/4112/4112 4044/4044/4044
f 4114/4114/4114 4113/4113/4113 4048/4048/4048
f 4048/4048/4048 4113/4113/4113 4046/4046/4046
f 4115/4115/4115 4116/4116/4116 4117/4117/4117
f 4117/4117/4117 4116/4116/4116 4118/4118/4118
f 4117/4117/4117 4119/4119/4119 4115/4115/4115
f 4115/4115/4115 4119/4119/4119 4114/4114/4114
f 4120/4120/4120 4121/4121/4121 4054/4054/4054
f 4054/4054/4054 4121/4121/4121 4055/4055/4055
f 4122/4122/4122 4120/4120/4120 4058/4058/4058
f 4058/4058/4058 4120/4120/4120 4054/4054/4054
f 4123/4123/4123 4122/4122/4122 4060/4060/4060
f 4060/4060/4060 4122/4122/4122 4058/4058/4058
f 4124/4124/4124 4123/4123/4123 4062/4062/4062
f 4062/4062/4062 4123/4123/4123 4060/4060/4060
f 4125/4125/4125 4124/4124/4124 4064/4064/4064
f 4064/4064/4064 4124/4124/4124 4062/4062/4062
f 4126/4126/4126 4125/4125/4125 4066/4066/4066
f 4066/4066/4066 4125/4125/4125 4064/4064/4064
f 4127/4127/4127 4126/4126/4126 4068/4068/4068
f 4068/4068/4068 4126/4126/4126 4066/4066/4066
f 4128/4128/4128 4127/4127/4127 4073/4073/4073
f 4073/4073/4073 4127/4127/4127 4068/4068/4068
f 4129/4129/4129 4128/4128/4128 4072/4072/4072
f 4072/4072/4072 4128/4128/4128 4073/4073/4073
f 4130/4130/4130 4129/4129/4129 4076/4076/4076
f 4076/4076/4076 4129/4129/4129 4072/4072/4072
f 4131/4131/4131 4132/4132/4132 4093/4093/4093
f 4093/4093/4093 4132/4132/4132 4130/4130/4130
f 4073/4073/4073 4068/4068/4068 4075/4075/4075
f 4075/4075/4075 4068/4068/4068 4069/4069/4069
f 3989/3989/3989 3987/3987/3987 4133/4133/4133
f 4133/4133/4133 3987/3987/3987 4070/4070/4070
f 3991/3991/3991 3989/3989/3989 4134/4134/4134
f 4134/4134/4134 3989/3989/3989 4133/4133/4133
f 3993/3993/3993 3991/3991/3991 4135/4135/4135
f 4135/4135/4135 3991/3991/3991 4134/4134/4134
f 3995/3995/3995 3993/3993/3993 4136/4136/4136
f 4136/4136/4136 3993/3993/3993 4135/4135/4135
f 3997/3997/3997 3995/3995/3995 4137/4137/4137
f 4137/4137/4137 3995/3995/3995 4136/4136/4136
f 3999/3999/3999 3997/3997/3997 4138/4138/4138
f 4138/4138/4138 3997/3997/3997 4137/4137/4137
f 4000/4000/4000 3999/3999/3999 4139/4139/4139
f 4139/4139/4139 3999/3999/3999 4138/4138/4138
f 4003/4003/4003 4002/4002/4002 4140/4140/4140
f 4140/4140/4140 4002/4002/4002 4141/4141/4141
f 4006/4006/4006 4003/4003/4003 4142/4142/4142
f 4142/4142/4142 4003/4003/4003 4140/4140/4140
f 4008/4008/4008 4006/4006/4006 4143/4143/4143
f 4143/4143/4143 4006/4006/4006 4142/4142/4142
f 3934/3934/3934 4008/4008/4008 4144/4144/4144
f 4144/4144/4144 4008/4008/4008 4143/4143/4143
f 3935/3935/3935 3934/3934/3934 4145/4145/4145
f 4145/4145/4145 3934/3934/3934 4144/4144/4144
f 3938/3938/3938 3935/3935/3935 4146/4146/4146
f 4146/4146/4146 3935/3935/3935 4145/4145/4145
f 3940/3940/3940 3938/3938/3938 4147/4147/4147
f 4147/4147/4147 3938/3938/3938 4146/4146/4146
f 3942/3942/3942 3940/3940/3940 4148/4148/4148
f 4148/4148/4148 3940/3940/3940 4147/4147/4147
f 3944/3944/3944 3942/3942/3942 4149/4149/4149
f 4149/4149/4149 3942/3942/3942 4148/4148/4148
f 3946/3946/3946 3944/3944/3944 4150/4150/4150
f 4150/4150/4150 3944/3944/3944 4149/4149/4149
f 3948/3948/3948 3946/3946/3946 4151/4151/4151
f 4151/4151/4151 3946/3946/3946 4150/4150/4150
f 3950/3950/3950 3948/3948/3948 4152/4152/4152
f 4152/4152/4152 3948/3948/3948 4151/4151/4151
f 3952/3952/3952 3950/3950/3950 4153/4153/4153
f 4153/4153/4153 3950/3950/3950 4152/4152/4152
f 3954/3954/3954 3952/3952/3952 4154/4154/4154
f 4154/4154/4154 3952/3952/3952 4153/4153/4153
f 3956/3956/3956 3954/3954/3954 4155/4155/4155
f 4155/4155/4155 3954/3954/3954 4154/4154/4154
f 3958/3958/3958 3956/3956/3956 4156/4156/4156
f 4156/4156/4156 3956/3956/3956 4155/4155/4155
f 3960/3960/3960 3958/3958/3958 4157/4157/4157
f 4157/4157/4157 3958/3958/3958 4156/4156/4156
f 3962/3962/3962 3960/3960/3960 4158/4158/4158
f 4158/4158/4158 3960/3960/3960 4157/4157/4157
f 3965/3965/3965 3964/3964/3964 4159/4159/4159
f 4159/4159/4159 3964/3964/3964 4160/4160/4160
f 3968/3968/3968 3965/3965/3965 4161/4161/4161
f 4161/4161/4161 3965/3965/3965 4159/4159/4159
f 3970/3970/3970 3968/3968/3968 4162/4162/4162
f 4162/4162/4162 3968/3968/3968 4161/4161/4161
f 3972/3972/3972 3970/3970/3970 4163/4163/4163
f 4163/4163/4163 3970/3970/3970 4162/4162/4162
f 3974/3974/3974 3972/3972/3972 4164/4164/4164
f 4164/4164/4164 3972/3972/3972 4163/4163/4163
f 3976/3976/3976 3974/3974/3974 4165/4165/4165
f 4165/4165/4165 3974/3974/3974 4164/4164/4164
f 3978/3978/3978 3976/3976/3976 4166/4166/4166
f 4166/4166/4166 3976/3976/3976 4165/4165/4165
f 3981/3981/3981 3978/3978/3978 4167/4167/4167
f 4167/4167/4167 3978/3978/3978 4166/4166/4166
f 3983/3983/3983 3981/3981/3981 4168/4168/4168
f 4168/4168/4168 3981/3981/3981 4167/4167/4167
f 3928/3928/3928 4169/4169/4169 3926/3926/3926
f 3926/3926/3926 4169/4169/4169 4170/4170/4170
f 4171/4171/4171 4172/4172/4172 4173/4173/4173
f 4173/4173/4173 4172/4172/4172 4174/4174/4174
f 4175/4175/4175 4176/4176/4176 4173/4173/4173
f 4173/4173/4173 4176/4176/4176 4177/4177/4177
f 4178/4178/4178 4179/4179/4179 4175/4175/4175
f 4175/4175/4175 4179/4179/4179 4176/4176/4176
f 4180/4180/4180 4181/4181/4181 4178/4178/4178
f 4178/4178/4178 4181/4181/4181 4179/4179/4179
f 4182/4182/4182 4183/4183/4183 4180/4180/4180
f 4180/4180/4180 4183/4183/4183 4181/4181/4181
f 4184/4184/4184 4185/4185/4185 4182/4182/4182
f 4182/4182/4182 4185/4185/4185 4183/4183/4183
f 4186/4186/4186 4187/4187/4187 4184/4184/4184
f 4184/4184/4184 4187/4187/4187 4185/4185/4185
f 4188/4188/4188 4189/4189/4189 4186/4186/4186
f 4186/4186/4186 4189/4189/4189 4187/4187/4187
f 4190/4190/4190 4191/4191/4191 4188/4188/4188
f 4188/4188/4188 4191/4191/4191 4189/4189/4189
f 4192/4192/4192 4193/4193/4193 4190/4190/4190
f 4190/4190/4190 4193/4193/4193 4191/4191/4191
f 4194/4194/4194 4195/4195/4195 4192/4192/4192
f 4192/4192/4192 4195/4195/4195 4193/4193/4193
f 4196/4196/4196 4197/4197/4197 4194/4194/4194
f 4194/4194/4194 4197/4197/4197 4195/4195/4195
f 4198/4198/4198 4199/4199/4199 4200/4200/4200
f 4200/4200/4200 4199/4199/4199 4201/4201/4201
f 4202/4202/4202 4203/4203/4203 4198/4198/4198
f 4198/4198/4198 4203/4203/4203 4199/4199/4199
f 4204/4204/4204 4205/4205/4205 4202/4202/4202
f 4202/4202/4202 4205/4205/4205 4203/4203/4203
f 4206/4206/4206 4207/4207/4207 4204/4204/4204
f 4204/4204/4204 4207/4207/4207 4205/4205/4205
f 4208/4208/4208 4209/4209/4209 4206/4206/4206
f 4206/4206/4206 4209/4209/4209 4207/4207/4207
f 4210/4210/4210 4211/4211/4211 4208/4208/4208
f 4208/4208/4208 4211/4211/4211 4209/4209/4209
f 4212/4212/4212 4213/4213/4213 4210/4210/4210
f 4210/4210/4210 4213/4213/4213 4211/4211/4211
f 4214/4214/4214 4215/4215/4215 4212/4212/4212
f 4212/4212/4212 4215/4215/4215 4213/4213/4213
f 4216/4216/4216 4217/4217/4217 4214/4214/4214
f 4214/4214/4214 4217/4217/4217 4215/4215/4215
f 4218/4218/4218 4219/4219/4219 4216/4216/4216
f 4216/4216/4216 4219/4219/4219 4217/4217/4217
f 4220/4220/4220 4221/4221/4221 4218/4218/4218
f 4218/4218/4218 4221/4221/4221 4219/4219/4219
f 4222/4222/4222 4223/4223/4223 4220/4220/4220
f 4220/4220/4220 4223/4223/4223 4221/4221/4221
f 4224/4224/4224 4225/4225/4225 4222/4222/4222
f 4222/4222/4222 4225/4225/4225 4223/4223/4223
f 4226/4226/4226 4227/4227/4227 4224/4224/4224
f 4224/4224/4224 4227/4227/4227 4225/4225/4225
f 4228/4228/4228 4229/4229/4229 4226/4226/4226
f 4226/4226/4226 4229/4229/4229 4227/4227/4227
f 4230/4230/4230 4231/4231/4231 4228/4228/4228
f 4228/4228/4228 4231/4231/4231 4229/4229/4229
f 4232/4232/4232 4233/4233/4233 4230/4230/4230
f 4230/4230/4230 4233/4233/4233 4231/4231/4231
f 4234/4234/4234 4233/4233/4233 4235/4235/4235
f 4235/4235/4235 4233/4233/4233 4232/4232/4232
f 4236/4236/4236 4237/4237/4237 4238/4238/4238
f 4238/4238/4238 4237/4237/4237 4239/4239/4239
f 4240/4240/4240 4236/4236/4236 4241/4241/4241
f 4241/4241/4241 4236/4236/4236 4238/4238/4238
f 4242/4242/4242 4240/4240/4240 4243/4243/4243
f 4243/4243/4243 4240/4240/4240 4241/4241/4241
f 4244/4244/4244 4245/4245/4245 4243/4243/4243
f 4243/4243/4243 4245/4245/4245 4242/4242/4242
f 4246/4246/4246 3901/3901/3901 4247/4247/4247
f 4247/4247/4247 3901/3901/3901 3899/3899/3899
f 4241/4241/4241 4248/4248/4248 4243/4243/4243
f 4243/4243/4243 4248/4248/4248 4249/4249/4249
f 4246/4246/4246 4250/4250/4250 3901/3901/3901
f 3901/3901/3901 4250/4250/4250 3903/3903/3903
f 4251/4251/4251 4248/4248/4248 4238/4238/4238
f 4238/4238/4238 4248/4248/4248 4241/4241/4241
f 4252/4252/4252 3905/3905/3905 4250/4250/4250
f 4250/4250/4250 3905/3905/3905 3903/3903/3903
f 4253/4253/4253 4251/4251/4251 4239/4239/4239
f 4239/4239/4239 4251/4251/4251 4238/4238/4238
f 4254/4254/4254 3909/3909/3909 4255/4255/4255
f 4255/4255/4255 3909/3909/3909 3907/3907/3907
f 4256/4256/4256 4257/4257/4257 4232/4232/4232
f 4232/4232/4232 4257/4257/4257 4235/4235/4235
f 4254/4254/4254 4258/4258/4258 3909/3909/3909
f 3909/3909/3909 4258/4258/4258 3911/3911/3911
f 4230/4230/4230 4259/4259/4259 4232/4232/4232
f 4232/4232/4232 4259/4259/4259 4256/4256/4256
f 4260/4260/4260 3913/3913/3913 4258/4258/4258
f 4258/4258/4258 3913/3913/3913 3911/3911/3911
f 4228/4228/4228 4261/4261/4261 4230/4230/4230
f 4230/4230/4230 4261/4261/4261 4259/4259/4259
f 4260/4260/4260 4262/4262/4262 3913/3913/3913
f 3913/3913/3913 4262/4262/4262 3914/3914/3914
f 4226/4226/4226 4263/4263/4263 4228/4228/4228
f 4228/4228/4228 4263/4263/4263 4261/4261/4261
f 4262/4262/4262 4264/4264/4264 3914/3914/3914
f 3914/3914/3914 4264/4264/4264 3916/3916/3916
f 4224/4224/4224 4265/4265/4265 4226/4226/4226
f 4226/4226/4226 4265/4265/4265 4263/4263/4263
f 4264/4264/4264 4266/4266/4266 3916/3916/3916
f 3916/3916/3916 4266/4266/4266 3918/3918/3918
f 4222/4222/4222 4267/4267/4267 4224/4224/4224
f 4224/4224/4224 4267/4267/4267 4265/4265/4265
f 4266/4266/4266 4268/4268/4268 3918/3918/3918
f 3918/3918/3918 4268/4268/4268 3920/3920/3920
f 4220/4220/4220 4269/4269/4269 4222/4222/4222
f 4222/4222/4222 4269/4269/4269 4267/4267/4267
f 4268/4268/4268 4270/4270/4270 3920/3920/3920
f 3920/3920/3920 4270/4270/4270 3922/3922/3922
f 4218/4218/4218 4271/4271/4271 4220/4220/4220
f 4220/4220/4220 4271/4271/4271 4269/4269/4269
f 4270/4270/4270 4272/4272/4272 3922/3922/3922
f 3922/3922/3922 4272/4272/4272 3924/3924/3924
f 4216/4216/4216 4273/4273/4273 4218/4218/4218
f 4218/4218/4218 4273/4273/4273 4271/4271/4271
f 4272/4272/4272 4274/4274/4274 3924/3924/3924
f 3924/3924/3924 4274/4274/4274 3927/3927/3927
f 4214/4214/4214 4275/4275/4275 4216/4216/4216
f 4216/4216/4216 4275/4275/4275 4273/4273/4273
f 3985/3985/3985 3983/3983/3983 4071/4071/4071
f 4071/4071/4071 3983/3983/3983 4168/4168/4168
f 4212/4212/4212 4276/4276/4276 4214/4214/4214
f 4214/4214/4214 4276/4276/4276 4275/4275/4275
f 4277/4277/4277 4278/4278/4278 3929/3929/3929
f 3929/3929/3929 4278/4278/4278 3931/3931/3931
f 4210/4210/4210 4279/4279/4279 4212/4212/4212
f 4212/4212/4212 4279/4279/4279 4276/4276/4276
f 4280/4280/4280 3857/3857/3857 4278/4278/4278
f 4278/4278/4278 3857/3857/3857 3931/3931/3931
f 4208/4208/4208 4281/4281/4281 4210/4210/4210
f 4210/4210/4210 4281/4281/4281 4279/4279/4279
f 4282/4282/4282 3859/3859/3859 4280/4280/4280
f 4280/4280/4280 3859/3859/3859 3857/3857/3857
f 4206/4206/4206 4283/4283/4283 4208/4208/4208
f 4208/4208/4208 4283/4283/4283 4281/4281/4281
f 4282/4282/4282 4284/4284/4284 3859/3859/3859
f 3859/3859/3859 4284/4284/4284 3861/3861/3861
f 4204/4204/4204 4285/4285/4285 4206/4206/4206
f 4206/4206/4206 4285/4285/4285 4283/4283/4283
f 4286/4286/4286 3863/3863/3863 4284/4284/4284
f 4284/4284/4284 3863/3863/3863 3861/3861/3861
f 4202/4202/4202 4287/4287/4287 4204/4204/4204
f 4204/4204/4204 4287/4287/4287 4285/4285/4285
f 4288/4288/4288 3865/3865/3865 4286/4286/4286
f 4286/4286/4286 3865/3865/3865 3863/3863/3863
f 4198/4198/4198 4289/4289/4289 4202/4202/4202
f 4202/4202/4202 4289/4289/4289 4287/4287/4287
f 4290/4290/4290 3867/3867/3867 4288/4288/4288
f 4288/4288/4288 3867/3867/3867 3865/3865/3865
f 4200/4200/4200 4291/4291/4291 4198/4198/4198
f 4198/4198/4198 4291/4291/4291 4289/4289/4289
f 4292/4292/4292 3871/3871/3871 4293/4293/4293
f 4293/4293/4293 3871/3871/3871 3869/3869/3869
f 4194/4194/4194 4294/4294/4294 4196/4196/4196
f 4196/4196/4196 4294/4294/4294 4295/4295/4295
f 4296/4296/4296 3873/3873/3873 4292/4292/4292
f 4292/4292/4292 3873/3873/3873 3871/3871/3871
f 4192/4192/4192 4297/4297/4297 4194/4194/4194
f 4194/4194/4194 4297/4297/4297 4294/4294/4294
f 4298/4298/4298 3875/3875/3875 4296/4296/4296
f 4296/4296/4296 3875/3875/3875 3873/3873/3873
f 4190/4190/4190 4299/4299/4299 4192/4192/4192
f 4192/4192/4192 4299/4299/4299 4297/4297/4297
f 4300/4300/4300 3877/3877/3877 4298/4298/4298
f 4298/4298/4298 3877/3877/3877 3875/3875/3875
f 4188/4188/4188 4301/4301/4301 4190/4190/4190
f 4190/4190/4190 4301/4301/4301 4299/4299/4299
f 4302/4302/4302 3879/3879/3879 4300/4300/4300
f 4300/4300/4300 3879/3879/3879 3877/3877/3877
f 4186/4186/4186 4303/4303/4303 4188/4188/4188
f 4188/4188/4188 4303/4303/4303 4301/4301/4301
f 4304/4304/4304 3881/3881/3881 4302/4302/4302
f 4302/4302/4302 3881/3881/3881 3879/3879/3879
f 4184/4184/4184 4305/4305/4305 4186/4186/4186
f 4186/4186/4186 4305/4305/4305 4303/4303/4303
f 4306/4306/4306 3883/3883/3883 4304/4304/4304
f 4304/4304/4304 3883/3883/3883 3881/3881/3881
f 4182/4182/4182 4307/4307/4307 4184/4184/4184
f 4184/4184/4184 4307/4307/4307 4305/4305/4305
f 4308/4308/4308 3885/3885/3885 4306/4306/4306
f 4306/4306/4306 3885/3885/3885 3883/3883/3883
f 4180/4180/4180 4309/4309/4309 4182/4182/4182
f 4182/4182/4182 4309/4309/4309 4307/4307/4307
f 4310/4310/4310 3887/3887/3887 4308/4308/4308
f 4308/4308/4308 3887/3887/3887 3885/3885/3885
f 4178/4178/4178 4311/4311/4311 4180/4180/4180
f 4180/4180/4180 4311/4311/4311 4309/4309/4309
f 4312/4312/4312 3889/3889/3889 4310/4310/4310
f 4310/4310/4310 3889/3889/3889 3887/3887/3887
f 4175/4175/4175 4313/4313/4313 4178/4178/4178
f 4178/4178/4178 4313/4313/4313 4311/4311/4311
f 4314/4314/4314 3891/3891/3891 4312/4312/4312
f 4312/4312/4312 3891/3891/3891 3889/3889/3889
f 4173/4173/4173 4174/4174/4174 4175/4175/4175
f 4175/4175/4175 4174/4174/4174 4313/4313/4313
f 4315/4315/4315 3893/3893/3893 4314/4314/4314
f 4314/4314/4314 3893/3893/3893 3891/3891/3891
f 4173/4173/4173 4177/4177/4177 4171/4171/4171
f 4171/4171/4171 4177/4177/4177 4316/4316/4316
f 4317/4317/4317 3895/3895/3895 4315/4315/4315
f 4315/4315/4315 3895/3895/3895 3893/3893/3893
f 4318/4318/4318 4319/4319/4319 4171/4171/4171
f 4171/4171/4171 4319/4319/4319 4172/4172/4172
f 4320/4320/4320 4321/4321/4321 4322/4322/4322
f 4322/4322/4322 4321/4321/4321 4323/4323/4323
f 4320/4320/4320 4324/4324/4324 4321/4321/4321
f 4321/4321/4321 4324/4324/4324 4316/4316/4316
f 4325/4325/4325 4326/4326/4326 4321/4321/4321
f 4321/4321/4321 4326/4326/4326 4323/4323/4323
f 4325/4325/4325 4321/4321/4321 4177/4177/4177
f 4177/4177/4177 4321/4321/4321 4316/4316/4316
f 4327/4327/4327 4328/4328/4328 4325/4325/4325
f 4325/4325/4325 4328/4328/4328 4326/4326/4326
f 4327/4327/4327 4325/4325/4325 4176/4176/4176
f 4176/4176/4176 4325/4325/4325 4177/4177/4177
f 4329/4329/4329 4330/4330/4330 4327/4327/4327
f 4327/4327/4327 4330/4330/4330 4328/4328/4328
f 4329/4329/4329 4327/4327/4327 4179/4179/4179
f 4179/4179/4179 4327/4327/4327 4176/4176/4176
f 4331/4331/4331 4332/4332/4332 4329/4329/4329
f 4329/4329/4329 4332/4332/4332 4330/4330/4330
f 4331/4331/4331 4329/4329/4329 4181/4181/4181
f 4181/4181/4181 4329/4329/4329 4179/4179/4179
f 4333/4333/4333 4334/4334/4334 4331/4331/4331
f 4331/4331/4331 4334/4334/4334 4332/4332/4332
f 4333/4333/4333 4331/4331/4331 4183/4183/4183
f 4183/4183/4183 4331/4331/4331 4181/4181/4181
f 4335/4335/4335 4336/4336/4336 4333/4333/4333
f 4333/4333/4333 4336/4336/4336 4334/4334/4334
f 4335/4335/4335 4333/4333/4333 4185/4185/4185
f 4185/4185/4185 4333/4333/4333 4183/4183/4183
f 4337/4337/4337 4338/4338/4338 4335/4335/4335
f 4335/4335/4335 4338/4338/4338 4336/4336/4336
f 4337/4337/4337 4335/4335/4335 4187/4187/4187
f 4187/4187/4187 4335/4335/4335 4185/4185/4185
f 4339/4339/4339 4340/4340/4340 4337/4337/4337
f 4337/4337/4337 4340/4340/4340 4338/4338/4338
f 4339/4339/4339 4337/4337/4337 4189/4189/4189
f 4189/4189/4189 4337/4337/4337 4187/4187/4187
f 4341/4341/4341 4342/4342/4342 4339/4339/4339
f 4339/4339/4339 4342/4342/4342 4340/4340/4340
f 4341/4341/4341 4339/4339/4339 4191/4191/4191
f 4191/4191/4191 4339/4339/4339 4189/4189/4189
f 4343/4343/4343 4344/4344/4344 4341/4341/4341
f 4341/4341/4341 4344/4344/4344 4342/4342/4342
f 4343/4343/4343 4341/4341/4341 4193/4193/4193
f 4193/4193/4193 4341/4341/4341 4191/4191/4191
f 4345/4345/4345 4346/4346/4346 4343/4343/4343
f 4343/4343/4343 4346/4346/4346 4344/4344/4344
f 4345/4345/4345 4343/4343/4343 4195/4195/4195
f 4195/4195/4195 4343/4343/4343 4193/4193/4193
f 4347/4347/4347 4348/4348/4348 4345/4345/4345
f 4345/4345/4345 4348/4348/4348 4346/4346/4346
f 4345/4345/4345 4195/4195/4195 4347/4347/4347
f 4347/4347/4347 4195/4195/4195 4197/4197/4197
f 4349/4349/4349 4350/4350/4350 4351/4351/4351
f 4351/4351/4351 4350/4350/4350 4352/4352/4352
f 4351/4351/4351 4201/4201/4201 4349/4349/4349
f 4349/4349/4349 4201/4201/4201 4199/4199/4199
f 4353/4353/4353 4354/4354/4354 4349/4349/4349
f 4349/4349/4349 4354/4354/4354 4350/4350/4350
f 4349/4349/4349 4199/4199/4199 4353/4353/4353
f 4353/4353/4353 4199/4199/4199 4203/4203/4203
f 4355/4355/4355 4356/4356/4356 4353/4353/4353
f 4353/4353/4353 4356/4356/4356 4354/4354/4354
f 4353/4353/4353 4203/4203/4203 4355/4355/4355
f 4355/4355/4355 4203/4203/4203 4205/4205/4205
f 4357/4357/4357 4358/4358/4358 4355/4355/4355
f 4355/4355/4355 4358/4358/4358 4356/4356/4356
f 4355/4355/4355 4205/4205/4205 4357/4357/4357
f 4357/4357/4357 4205/4205/4205 4207/4207/4207
f 4357/4357/4357 4359/4359/4359 4358/4358/4358
f 4358/4358/4358 4359/4359/4359 4360/4360/4360
f 4357/4357/4357 4207/4207/4207 4359/4359/4359
f 4359/4359/4359 4207/4207/4207 4209/4209/4209
f 4359/4359/4359 4361/4361/4361 4360/4360/4360
f 4360/4360/4360 4361/4361/4361 4362/4362/4362
f 4359/4359/4359 4209/4209/4209 4361/4361/4361
f 4361/4361/4361 4209/4209/4209 4211/4211/4211
f 4361/4361/4361 4363/4363/4363 4362/4362/4362
f 4362/4362/4362 4363/4363/4363 4364/4364/4364
f 4361/4361/4361 4211/4211/4211 4363/4363/4363
f 4363/4363/4363 4211/4211/4211 4213/4213/4213
f 4363/4363/4363 4365/4365/4365 4364/4364/4364
f 4364/4364/4364 4365/4365/4365 4366/4366/4366
f 4363/4363/4363 4213/4213/4213 4365/4365/4365
f 4365/4365/4365 4213/4213/4213 4215/4215/4215
f 4365/4365/4365 4367/4367/4367 4366/4366/4366
f 4366/4366/4366 4367/4367/4367 4368/4368/4368
f 4365/4365/4365 4215/4215/4215 4367/4367/4367
f 4367/4367/4367 4215/4215/4215 4217/4217/4217
f 4367/4367/4367 4369/4369/4369 4368/4368/4368
f 4368/4368/4368 4369/4369/4369 4370/4370/4370
f 4367/4367/4367 4217/4217/4217 4369/4369/4369
f 4369/4369/4369 4217/4217/4217 4219/4219/4219
f 4369/4369/4369 4371/4371/4371 4370/4370/4370
f 4370/4370/4370 4371/4371/4371 4372/4372/4372
f 4369/4369/4369 4219/4219/4219 4371/4371/4371
f 4371/4371/4371 4219/4219/4219 4221/4221/4221
f 4371/4371/4371 4373/4373/4373 4372/4372/4372
f 4372/4372/4372 4373/4373/4373 4374/4374/4374
f 4371/4371/4371 4221/4221/4221 4373/4373/4373
f 4373/4373/4373 4221/4221/4221 4223/4223/4223
f 4373/4373/4373 4375/4375/4375 4374/4374/4374
f 4374/4374/4374 4375/4375/4375 4376/4376/4376
f 4373/4373/4373 4223/4223/4223 4375/4375/4375
f 4375/4375/4375 4223/4223/4223 4225/4225/4225
f 4375/4375/4375 4377/4377/4377 4376/4376/4376
f 4376/4376/4376 4377/4377/4377 4378/4378/4378
f 4375/4375/4375 4225/4225/4225 4377/4377/4377
f 4377/4377/4377 4225/4225/4225 4227/4227/4227
f 4377/4377/4377 4379/4379/4379 4378/4378/4378
f 4378/4378/4378 4379/4379/4379 4380/4380/4380
f 4377/4377/4377 4227/4227/4227 4379/4379/4379
f 4379/4379/4379 4227/4227/4227 4229/4229/4229
f 4379/4379/4379 4381/4381/4381 4380/4380/4380
f 4380/4380/4380 4381/4381/4381 4382/4382/4382
f 4379/4379/4379 4229/4229/4229 4381/4381/4381
f 4381/4381/4381 4229/4229/4229 4231/4231/4231
f 4381/4381/4381 4383/4383/4383 4382/4382/4382
f 4382/4382/4382 4383/4383/4383 4384/4384/4384
f 4381/4381/4381 4231/4231/4231 4383/4383/4383
f 4383/4383/4383 4231/4231/4231 4233/4233/4233
f 4383/4383/4383 4385/4385/4385 4384/4384/4384
f 4384/4384/4384 4385/4385/4385 4386/4386/4386
f 4383/4383/4383 4233/4233/4233 4385/4385/4385
f 4385/4385/4385 4233/4233/4233 4234/4234/4234
f 4387/4387/4387 4388/4388/4388 4389/4389/4389
f 4389/4389/4389 4388/4388/4388 4390/4390/4390
f 4387/4387/4387 4237/4237/4237 4388/4388/4388
f 4388/4388/4388 4237/4237/4237 4236/4236/4236
f 4388/4388/4388 4391/4391/4391 4390/4390/4390
f 4390/4390/4390 4391/4391/4391 4392/4392/4392
f 4388/4388/4388 4236/4236/4236 4391/4391/4391
f 4391/4391/4391 4236/4236/4236 4240/4240/4240
f 4391/4391/4391 4393/4393/4393 4392/4392/4392
f 4392/4392/4392 4393/4393/4393 4394/4394/4394
f 4391/4391/4391 4240/4240/4240 4393/4393/4393
f 4393/4393/4393 4240/4240/4240 4242/4242/4242
f 3900/3900/3900 4395/4395/4395 3898/3898/3898
f 3898/3898/3898 4395/4395/4395 4396/4396/4396
f 3902/3902/3902 4397/4397/4397 3900/3900/3900
f 3900/3900/3900 4397/4397/4397 4395/4395/4395
f 3904/3904/3904 4398/4398/4398 3902/3902/3902
f 3902/3902/3902 4398/4398/4398 4397/4397/4397
f 3908/3908/3908 4399/4399/4399 3906/3906/3906
f 3906/3906/3906 4399/4399/4399 4400/4400/4400
f 3910/3910/3910 4401/4401/4401 3908/3908/3908
f 3908/3908/3908 4401/4401/4401 4399/4399/4399
f 3912/3912/3912 4402/4402/4402 3910/3910/3910
f 3910/3910/3910 4402/4402/4402 4401/4401/4401
f 4403/4403/4403 4402/4402/4402 3915/3915/3915
f 3915/3915/3915 4402/4402/4402 3912/3912/3912
f 4404/4404/4404 4403/4403/4403 3917/3917/3917
f 3917/3917/3917 4403/4403/4403 3915/3915/3915
f 4405/4405/4405 4404/4404/4404 3919/3919/3919
f 3919/3919/3919 4404/4404/4404 3917/3917/3917
f 4406/4406/4406 4405/4405/4405 3921/3921/3921
f 3921/3921/3921 4405/4405/4405 3919/3919/3919
f 4407/4407/4407 4406/4406/4406 3923/3923/3923
f 3923/3923/3923 4406/4406/4406 3921/3921/3921
f 3925/3925/3925 4408/4408/4408 3923/3923/3923
f 3923/3923/3923 4408/4408/4408 4407/4407/4407
f 3926/3926/3926 4170/4170/4170 3925/3925/3925
f 3925/3925/3925 4170/4170/4170 4408/4408/4408
f 3927/3927/3927 4274/4274/4274 3929/3929/3929
f 3929/3929/3929 4274/4274/4274 4277/4277/4277
f 3930/3930/3930 3933/3933/3933 3928/3928/3928
f 3928/3928/3928 3933/3933/3933 4169/4169/4169
f 3930/3930/3930 3931/3931/3931 3856/3856/3856
f 3856/3856/3856 3931/3931/3931 3857/3857/3857
f 3858/3858/3858 4409/4409/4409 3856/3856/3856
f 3856/3856/3856 4409/4409/4409 3932/3932/3932
f 3860/3860/3860 4410/4410/4410 3858/3858/3858
f 3858/3858/3858 4410/4410/4410 4409/4409/4409
f 3862/3862/3862 4411/4411/4411 3860/3860/3860
f 3860/3860/3860 4411/4411/4411 4410/4410/4410
f 3864/3864/3864 4412/4412/4412 3862/3862/3862
f 3862/3862/3862 4412/4412/4412 4411/4411/4411
f 3866/3866/3866 4413/4413/4413 3864/3864/3864
f 3864/3864/3864 4413/4413/4413 4412/4412/4412
f 3870/3870/3870 4414/4414/4414 3868/3868/3868
f 3868/3868/3868 4414/4414/4414 4415/4415/4415
f 3872/3872/3872 4416/4416/4416 3870/3870/3870
f 3870/3870/3870 4416/4416/4416 4414/4414/4414
f 3874/3874/3874 4417/4417/4417 3872/3872/3872
f 3872/3872/3872 4417/4417/4417 4416/4416/4416
f 3876/3876/3876 4418/4418/4418 3874/3874/3874
f 3874/3874/3874 4418/4418/4418 4417/4417/4417
f 3878/3878/3878 4419/4419/4419 3876/3876/3876
f 3876/3876/3876 4419/4419/4419 4418/4418/4418
f 3880/3880/3880 4420/4420/4420 3878/3878/3878
f 3878/3878/3878 4420/4420/4420 4419/4419/4419
f 3882/3882/3882 4421/4421/4421 3880/3880/3880
f 3880/3880/3880 4421/4421/4421 4420/4420/4420
f 3884/3884/3884 4422/4422/4422 3882/3882/3882
f 3882/3882/3882 4422/4422/4422 4421/4421/4421
f 3886/3886/3886 4423/4423/4423 3884/3884/3884
f 3884/3884/3884 4423/4423/4423 4422/4422/4422
f 3888/3888/3888 4424/4424/4424 3886/3886/3886
f 3886/3886/3886 4424/4424/4424 4423/4423/4423
f 3890/3890/3890 4425/4425/4425 3888/3888/3888
f 3888/3888/3888 4425/4425/4425 4424/4424/4424
f 3892/3892/3892 4426/4426/4426 3890/3890/3890
f 3890/3890/3890 4426/4426/4426 4425/4425/4425
f 3894/3894/3894 4427/4427/4427 3892/3892/3892
f 3892/3892/3892 4427/4427/4427 4426/4426/4426
f 4119/4119/4119 4428/4428/4428 4114/4114/4114
f 4114/4114/4114 4428/4428/4428 4113/4113/4113
f 4011/4011/4011 4429/4429/4429 4009/4009/4009
f 4009/4009/4009 4429/4429/4429 4007/4007/4007
f 4114/4114/4114 4048/4048/4048 4115/4115/4115
f 4115/4115/4115 4048/4048/4048 4050/4050/4050
f 4429/4429/4429 4430/4430/4430 4007/4007/4007
f 4007/4007/4007 4430/4430/4430 4005/4005/4005
f 4116/4116/4116 4115/4115/4115 4052/4052/4052
f 4052/4052/4052 4115/4115/4115 4050/4050/4050
f 4430/4430/4430 4431/4431/4431 4005/4005/4005
f 4005/4005/4005 4431/4431/4431 4004/4004/4004
f 4432/4432/4432 4433/4433/4433 4120/4120/4120
f 4120/4120/4120 4433/4433/4433 4121/4121/4121
f 4434/4434/4434 4435/4435/4435 4001/4001/4001
f 4001/4001/4001 4435/4435/4435 3998/3998/3998
f 4436/4436/4436 4432/4432/4432 4122/4122/4122
f 4122/4122/4122 4432/4432/4432 4120/4120/4120
f 4435/4435/4435 4437/4437/4437 3998/3998/3998
f 3998/3998/3998 4437/4437/4437 3996/3996/3996
f 4438/4438/4438 4436/4436/4436 4123/4123/4123
f 4123/4123/4123 4436/4436/4436 4122/4122/4122
f 3996/3996/3996 4437/4437/4437 3994/3994/3994
f 3994/3994/3994 4437/4437/4437 4439/4439/4439
f 4440/4440/4440 4438/4438/4438 4124/4124/4124
f 4124/4124/4124 4438/4438/4438 4123/4123/4123
f 3994/3994/3994 4439/4439/4439 3992/3992/3992
f 3992/3992/3992 4439/4439/4439 4441/4441/4441
f 4442/4442/4442 4440/4440/4440 4125/4125/4125
f 4125/4125/4125 4440/4440/4440 4124/4124/4124
f 3992/3992/3992 4441/4441/4441 3990/3990/3990
f 3990/3990/3990 4441/4441/4441 4443/4443/4443
f 4444/4444/4444 4442/4442/4442 4126/4126/4126
f 4126/4126/4126 4442/4442/4442 4125/4125/4125
f 3990/3990/3990 4443/4443/4443 3988/3988/3988
f 3988/3988/3988 4443/4443/4443 4445/4445/4445
f 4446/4446/4446 4444/4444/4444 4127/4127/4127
f 4127/4127/4127 4444/4444/4444 4126/4126/4126
f 3988/3988/3988 4445/4445/4445 3986/3986/3986
f 3986/3986/3986 4445/4445/4445 4447/4447/4447
f 4448/4448/4448 4446/4446/4446 4128/4128/4128
f 4128/4128/4128 4446/4446/4446 4127/4127/4127
f 3986/3986/3986 4447/4447/4447 3984/3984/3984
f 3984/3984/3984 4447/4447/4447 4449/4449/4449
f 4450/4450/4450 4448/4448/4448 4129/4129/4129
f 4129/4129/4129 4448/4448/4448 4128/4128/4128
f 3984/3984/3984 4449/4449/4449 3982/3982/3982
f 3982/3982/3982 4449/4449/4449 4451/4451/4451
f 4132/4132/4132 4450/4450/4450 4130/4130/4130
f 4130/4130/4130 4450/4450/4450 4129/4129/4129
f 3982/3982/3982 4451/4451/4451 3980/3980/3980
f 3980/3980/3980 4451/4451/4451 4452/4452/4452
f 4093/4093/4093 4130/4130/4130 4078/4078/4078
f 4078/4078/4078 4130/4130/4130 4076/4076/4076
f 3980/3980/3980 4452/4452/4452 3979/3979/3979
f 3979/3979/3979 4452/4452/4452 4453/4453/4453
f 4454/4454/4454 4131/4131/4131 4092/4092/4092
f 4092/4092/4092 4131/4131/4131 4093/4093/4093
f 4453/4453/4453 4455/4455/4455 3979/3979/3979
f 3979/3979/3979 4455/4455/4455 3977/3977/3977
f 4456/4456/4456 4454/4454/4454 4094/4094/4094
f 4094/4094/4094 4454/4454/4454 4092/4092/4092
f 4455/4455/4455 4457/4457/4457 3977/3977/3977
f 3977/3977/3977 4457/4457/4457 3975/3975/3975
f 4458/4458/4458 4456/4456/4456 4095/4095/4095
f 4095/4095/4095 4456/4456/4456 4094/4094/4094
f 4457/4457/4457 4459/4459/4459 3975/3975/3975
f 3975/3975/3975 4459/4459/4459 3973/3973/3973
f 4460/4460/4460 4458/4458/4458 4096/4096/4096
f 4096/4096/4096 4458/4458/4458 4095/4095/4095
f 4459/4459/4459 4461/4461/4461 3973/3973/3973
f 3973/3973/3973 4461/4461/4461 3971/3971/3971
f 4462/4462/4462 4460/4460/4460 4091/4091/4091
f 4091/4091/4091 4460/4460/4460 4096/4096/4096
f 4461/4461/4461 4463/4463/4463 3971/3971/3971
f 3971/3971/3971 4463/4463/4463 3969/3969/3969
f 4464/4464/4464 4462/4462/4462 4090/4090/4090
f 4090/4090/4090 4462/4462/4462 4091/4091/4091
f 4463/4463/4463 4465/4465/4465 3969/3969/3969
f 3969/3969/3969 4465/4465/4465 3967/3967/3967
f 4466/4466/4466 4464/4464/4464 4097/4097/4097
f 4097/4097/4097 4464/4464/4464 4090/4090/4090
f 4465/4465/4465 4467/4467/4467 3967/3967/3967
f 3967/3967/3967 4467/4467/4467 3966/3966/3966
f 4468/4468/4468 4469/4469/4469 4098/4098/4098
f 4098/4098/4098 4469/4469/4469 4099/4099/4099
f 4470/4470/4470 4471/4471/4471 3963/3963/3963
f 3963/3963/3963 4471/4471/4471 3961/3961/3961
f 4472/4472/4472 4468/4468/4468 4100/4100/4100
f 4100/4100/4100 4468/4468/4468 4098/4098/4098
f 4471/4471/4471 4473/4473/4473 3961/3961/3961
f 3961/3961/3961 4473/4473/4473 3959/3959/3959
f 4474/4474/4474 4472/4472/4472 4101/4101/4101
f 4101/4101/4101 4472/4472/4472 4100/4100/4100
f 4473/4473/4473 4475/4475/4475 3959/3959/3959
f 3959/3959/3959 4475/4475/4475 3957/3957/3957
f 4476/4476/4476 4474/4474/4474 4102/4102/4102
f 4102/4102/4102 4474/4474/4474 4101/4101/4101
f 4475/4475/4475 4477/4477/4477 3957/3957/3957
f 3957/3957/3957 4477/4477/4477 3955/3955/3955
f 4478/4478/4478 4476/4476/4476 4103/4103/4103
f 4103/4103/4103 4476/4476/4476 4102/4102/4102
f 4477/4477/4477 4479/4479/4479 3955/3955/3955
f 3955/3955/3955 4479/4479/4479 3953/3953/3953
f 4480/4480/4480 4478/4478/4478 4104/4104/4104
f 4104/4104/4104 4478/4478/4478 4103/4103/4103
f 4479/4479/4479 4481/4481/4481 3953/3953/3953
f 3953/3953/3953 4481/4481/4481 3951/3951/3951
f 4482/4482/4482 4480/4480/4480 4105/4105/4105
f 4105/4105/4105 4480/4480/4480 4104/4104/4104
f 4481/4481/4481 4483/4483/4483 3951/3951/3951
f 3951/3951/3951 4483/4483/4483 3949/3949/3949
f 4484/4484/4484 4482/4482/4482 4106/4106/4106
f 4106/4106/4106 4482/4482/4482 4105/4105/4105
f 4483/4483/4483 4485/4485/4485 3949/3949/3949
f 3949/3949/3949 4485/4485/4485 3947/3947/3947
f 4486/4486/4486 4484/4484/4484 4107/4107/4107
f 4107/4107/4107 4484/4484/4484 4106/4106/4106
f 4485/4485/4485 4487/4487/4487 3947/3947/3947
f 3947/3947/3947 4487/4487/4487 3945/3945/3945
f 4488/4488/4488 4486/4486/4486 4108/4108/4108
f 4108/4108/4108 4486/4486/4486 4107/4107/4107
f 4487/4487/4487 4489/4489/4489 3945/3945/3945
f 3945/3945/3945 4489/4489/4489 3943/3943/3943
f 4490/4490/4490 4488/4488/4488 4109/4109/4109
f 4109/4109/4109 4488/4488/4488 4108/4108/4108
f 4489/4489/4489 4491/4491/4491 3943/3943/3943
f 3943/3943/3943 4491/4491/4491 3941/3941/3941
f 4492/4492/4492 4490/4490/4490 4110/4110/4110
f 4110/4110/4110 4490/4490/4490 4109/4109/4109
f 4491/4491/4491 4493/4493/4493 3941/3941/3941
f 3941/3941/3941 4493/4493/4493 3939/3939/3939
f 4494/4494/4494 4492/4492/4492 4111/4111/4111
f 4111/4111/4111 4492/4492/4492 4110/4110/4110
f 4493/4493/4493 4495/4495/4495 3939/3939/3939
f 3939/3939/3939 4495/4495/4495 3937/3937/3937
f 3898/3898/3898 4396/4396/4396 3896/3896/3896
f 3896/3896/3896 4396/4396/4396 4496/4496/4496
f 3896/3896/3896 4496/4496/4496 3894/3894/3894
f 3894/3894/3894 4496/4496/4496 4427/4427/4427
f 4247/4247/4247 3899/3899/3899 4497/4497/4497
f 4497/4497/4497 3899/3899/3899 3897/3897/3897
f 4497/4497/4497 3897/3897/3897 4317/4317/4317
f 4317/4317/4317 3897/3897/3897 3895/3895/3895
f 4318/4318/4318 4324/4324/4324 4244/4244/4244
f 4244/4244/4244 4324/4324/4324 4245/4245/4245
f 4171/4171/4171 4316/4316/4316 4318/4318/4318
f 4318/4318/4318 4316/4316/4316 4324/4324/4324
f 4243/4243/4243 4249/4249/4249 4244/4244/4244
f 4244/4244/4244 4249/4249/4249 4498/4498/4498
f 4244/4244/4244 4498/4498/4498 4318/4318/4318
f 4318/4318/4318 4498/4498/4498 4319/4319/4319
f 4245/4245/4245 4499/4499/4499 4242/4242/4242
f 4242/4242/4242 4499/4499/4499 4393/4393/4393
f 4499/4499/4499 4245/4245/4245 4320/4320/4320
f 4320/4320/4320 4245/4245/4245 4324/4324/4324
f 4500/4500/4500 4394/4394/4394 4499/4499/4499
f 4499/4499/4499 4394/4394/4394 4393/4393/4393
f 4499/4499/4499 4320/4320/4320 4500/4500/4500
f 4500/4500/4500 4320/4320/4320 4322/4322/4322
f 4428/4428/4428 4501/4501/4501 4113/4113/4113
f 4113/4113/4113 4501/4501/4501 4112/4112/4112
f 4501/4501/4501 4494/4494/4494 4112/4112/4112
f 4112/4112/4112 4494/4494/4494 4111/4111/4111
f 4008/4008/4008 3934/3934/3934 4009/4009/4009
f 4009/4009/4009 3934/3934/3934 3936/3936/3936
f 4495/4495/4495 4010/4010/4010 3937/3937/3937
f 3937/3937/3937 4010/4010/4010 3936/3936/3936
f 4502/4502/4502 4503/4503/4503 4504/4504/4504
f 4504/4504/4504 4503/4503/4503 4505/4505/4505
f 4503/4503/4503 4502/4502/4502 4506/4506/4506
f 4506/4506/4506 4502/4502/4502 4507/4507/4507
f 4506/4506/4506 4507/4507/4507 4508/4508/4508
f 4508/4508/4508 4507/4507/4507 4509/4509/4509
f 4508/4508/4508 4509/4509/4509 4510/4510/4510
f 4510/4510/4510 4509/4509/4509 4511/4511/4511
f 4510/4510/4510 4511/4511/4511 4512/4512/4512
f 4512/4512/4512 4511/4511/4511 4513/4513/4513
f 4514/4514/4514 4512/4512/4512 4515/4515/4515
f 4515/4515/4515 4512/4512/4512 4513/4513/4513
f 4516/4516/4516 4514/4514/4514 4517/4517/4517
f 4517/4517/4517 4514/4514/4514 4515/4515/4515
f 4518/4518/4518 4516/4516/4516 4519/4519/4519
f 4519/4519/4519 4516/4516/4516 4517/4517/4517
f 4520/4520/4520 4518/4518/4518 4521/4521/4521
f 4521/4521/4521 4518/4518/4518 4519/4519/4519
f 4522/4522/4522 4520/4520/4520 4523/4523/4523
f 4523/4523/4523 4520/4520/4520 4521/4521/4521
f 4524/4524/4524 4522/4522/4522 4525/4525/4525
f 4525/4525/4525 4522/4522/4522 4523/4523/4523
f 4526/4526/4526 4527/4527/4527 4528/4528/4528
f 4528/4528/4528 4527/4527/4527 4529/4529/4529
f 4530/4530/4530 4526/4526/4526 4531/4531/4531
f 4531/4531/4531 4526/4526/4526 4528/4528/4528
f 4532/4532/4532 4530/4530/4530 4533/4533/4533
f 4533/4533/4533 4530/4530/4530 4531/4531/4531
f 4534/4534/4534 4532/4532/4532 4535/4535/4535
f 4535/4535/4535 4532/4532/4532 4533/4533/4533
f 4536/4536/4536 4534/4534/4534 4537/4537/4537
f 4537/4537/4537 4534/4534/4534 4535/4535/4535
f 4538/4538/4538 4536/4536/4536 4539/4539/4539
f 4539/4539/4539 4536/4536/4536 4537/4537/4537
f 4540/4540/4540 4538/4538/4538 4541/4541/4541
f 4541/4541/4541 4538/4538/4538 4539/4539/4539
f 4542/4542/4542 4540/4540/4540 4543/4543/4543
f 4543/4543/4543 4540/4540/4540 4541/4541/4541
f 4544/4544/4544 4542/4542/4542 4545/4545/4545
f 4545/4545/4545 4542/4542/4542 4543/4543/4543
f 4546/4546/4546 4544/4544/4544 4547/4547/4547
f 4547/4547/4547 4544/4544/4544 4545/4545/4545
f 4548/4548/4548 4546/4546/4546 4549/4549/4549
f 4549/4549/4549 4546/4546/4546 4547/4547/4547
f 4550/4550/4550 4548/4548/4548 4551/4551/4551
f 4551/4551/4551 4548/4548/4548 4549/4549/4549
f 4552/4552/4552 4550/4550/4550 4553/4553/4553
f 4553/4553/4553 4550/4550/4550 4551/4551/4551
f 4554/4554/4554 4552/4552/4552 4555/4555/4555
f 4555/4555/4555 4552/4552/4552 4553/4553/4553
f 4556/4556/4556 4554/4554/4554 4557/4557/4557
f 4557/4557/4557 4554/4554/4554 4555/4555/4555
f 4558/4558/4558 4556/4556/4556 4559/4559/4559
f 4559/4559/4559 4556/4556/4556 4557/4557/4557
f 4560/4560/4560 4558/4558/4558 4561/4561/4561
f 4561/4561/4561 4558/4558/4558 4559/4559/4559
f 4560/4560/4560 4561/4561/4561 4562/4562/4562
f 4562/4562/4562 4561/4561/4561 4563/4563/4563
f 4562/4562/4562 4563/4563/4563 4564/4564/4564
f 4564/4564/4564 4563/4563/4563 4565/4565/4565
f 4564/4564/4564 4565/4565/4565 4566/4566/4566
f 4566/4566/4566 4565/4565/4565 4567/4567/4567
f 4566/4566/4566 4567/4567/4567 4568/4568/4568
f 4568/4568/4568 4567/4567/4567 4569/4569/4569
f 4568/4568/4568 4569/4569/4569 4570/4570/4570
f 4570/4570/4570 4569/4569/4569 4571/4571/4571
f 4570/4570/4570 4571/4571/4571 4572/4572/4572
f 4572/4572/4572 4571/4571/4571 4573/4573/4573
f 4572/4572/4572 4573/4573/4573 4574/4574/4574
f 4574/4574/4574 4573/4573/4573 4575/4575/4575
f 4574/4574/4574 4575/4575/4575 4505/4505/4505
f 4505/4505/4505 4575/4575/4575 4504/4504/4504
f 4576/4576/4576 4577/4577/4577 4578/4578/4578
f 4578/4578/4578 4577/4577/4577 4579/4579/4579
f 4577/4577/4577 4580/4580/4580 4579/4579/4579
f 4579/4579/4579 4580/4580/4580 4581/4581/4581
f 4582/4582/4582 4576/4576/4576 4583/4583/4583
f 4583/4583/4583 4576/4576/4576 4578/4578/4578
f 4584/4584/4584 4582/4582/4582 4585/4585/4585
f 4585/4585/4585 4582/4582/4582 4583/4583/4583
f 4586/4586/4586 4584/4584/4584 4587/4587/4587
f 4587/4587/4587 4584/4584/4584 4585/4585/4585
f 4588/4588/4588 4586/4586/4586 4589/4589/4589
f 4589/4589/4589 4586/4586/4586 4587/4587/4587
f 4590/4590/4590 4588/4588/4588 4591/4591/4591
f 4591/4591/4591 4588/4588/4588 4589/4589/4589
f 4591/4591/4591 4592/4592/4592 4590/4590/4590
f 4590/4590/4590 4592/4592/4592 4593/4593/4593
f 4594/4594/4594 4593/4593/4593 4595/4595/4595
f 4595/4595/4595 4593/4593/4593 4592/4592/4592
f 4596/4596/4596 4594/4594/4594 4597/4597/4597
f 4597/4597/4597 4594/4594/4594 4595/4595/4595
f 4598/4598/4598 4596/4596/4596 4599/4599/4599
f 4599/4599/4599 4596/4596/4596 4597/4597/4597
f 4600/4600/4600 4598/4598/4598 4601/4601/4601
f 4601/4601/4601 4598/4598/4598 4599/4599/4599
f 4602/4602/4602 4600/4600/4600 4603/4603/4603
f 4603/4603/4603 4600/4600/4600 4601/4601/4601
f 4604/4604/4604 4602/4602/4602 4605/4605/4605
f 4605/4605/4605 4602/4602/4602 4603/4603/4603
f 4606/4606/4606 4604/4604/4604 4607/4607/4607
f 4607/4607/4607 4604/4604/4604 4605/4605/4605
f 4608/4608/4608 4606/4606/4606 4609/4609/4609
f 4609/4609/4609 4606/4606/4606 4607/4607/4607
f 4609/4609/4609 4610/4610/4610 4608/4608/4608
f 4608/4608/4608 4610/4610/4610 4611/4611/4611
f 4611/4611/4611 4610/4610/4610 4612/4612/4612
f 4612/4612/4612 4610/4610/4610 4613/4613/4613
f 4614/4614/4614 4615/4615/4615 4613/4613/4613
f 4613/4613/4613 4615/4615/4615 4612/4612/4612
f 4616/4616/4616 4617/4617/4617 4614/4614/4614
f 4614/4614/4614 4617/4617/4617 4615/4615/4615
f 4617/4617/4617 4616/4616/4616 4618/4618/4618
f 4618/4618/4618 4616/4616/4616 4619/4619/4619
f 4620/4620/4620 4621/4621/4621 4619/4619/4619
f 4619/4619/4619 4621/4621/4621 4618/4618/4618
f 4622/4622/4622 4623/4623/4623 4620/4620/4620
f 4620/4620/4620 4623/4623/4623 4621/4621/4621
f 4623/4623/4623 4622/4622/4622 4624/4624/4624
f 4624/4624/4624 4622/4622/4622 4625/4625/4625
f 4624/4624/4624 4625/4625/4625 4626/4626/4626
f 4626/4626/4626 4625/4625/4625 4627/4627/4627
f 4628/4628/4628 4629/4629/4629 4627/4627/4627
f 4627/4627/4627 4629/4629/4629 4626/4626/4626
f 4629/4629/4629 4628/4628/4628 4630/4630/4630
f 4630/4630/4630 4628/4628/4628 4631/4631/4631
f 4630/4630/4630 4631/4631/4631 4632/4632/4632
f 4632/4632/4632 4631/4631/4631 4633/4633/4633
f 4632/4632/4632 4633/4633/4633 4634/4634/4634
f 4634/4634/4634 4633/4633/4633 4635/4635/4635
f 4634/4634/4634 4635/4635/4635 4636/4636/4636
f 4636/4636/4636 4635/4635/4635 4637/4637/4637
f 4638/4638/4638 4639/4639/4639 4637/4637/4637
f 4637/4637/4637 4639/4639/4639 4636/4636/4636
f 4640/4640/4640 4641/4641/4641 4638/4638/4638
f 4638/4638/4638 4641/4641/4641 4639/4639/4639
f 4642/4642/4642 4581/4581/4581 4643/4643/4643
f 4643/4643/4643 4581/4581/4581 4580/4580/4580
f 4643/4643/4643 4644/4644/4644 4642/4642/4642
f 4642/4642/4642 4644/4644/4644 4645/4645/4645
f 4644/4644/4644 4646/4646/4646 4645/4645/4645
f 4645/4645/4645 4646/4646/4646 4647/4647/4647
f 4646/4646/4646 4641/4641/4641 4647/4647/4647
f 4647/4647/4647 4641/4641/4641 4640/4640/4640
f 4642/4642/4642 4645/4645/4645 4648/4648/4648
f 4581/4581/4581 4642/4642/4642 4648/4648/4648
f 4579/4579/4579 4581/4581/4581 4648/4648/4648
f 4578/4578/4578 4579/4579/4579 4648/4648/4648
f 4583/4583/4583 4578/4578/4578 4648/4648/4648
f 4585/4585/4585 4583/4583/4583 4648/4648/4648
f 4587/4587/4587 4585/4585/4585 4648/4648/4648
f 4589/4589/4589 4587/4587/4587 4648/4648/4648
f 4591/4591/4591 4589/4589/4589 4648/4648/4648
f 4592/4592/4592 4591/4591/4591 4648/4648/4648
f 4595/4595/4595 4592/4592/4592 4648/4648/4648
f 4597/4597/4597 4595/4595/4595 4648/4648/4648
f 4599/4599/4599 4597/4597/4597 4648/4648/4648
f 4601/4601/4601 4599/4599/4599 4648/4648/4648
f 4603/4603/4603 4601/4601/4601 4648/4648/4648
f 4605/4605/4605 4603/4603/4603 4648/4648/4648
f 4607/4607/4607 4605/4605/4605 4648/4648/4648
f 4609/4609/4609 4607/4607/4607 4648/4648/4648
f 4610/4610/4610 4609/4609/4609 4648/4648/4648
f 4613/4613/4613 4610/4610/4610 4648/4648/4648
f 4614/4614/4614 4613/4613/4613 4648/4648/4648
f 4616/4616/4616 4614/4614/4614 4648/4648/4648
f 4619/4619/4619 4616/4616/4616 4648/4648/4648
f 4620/4620/4620 4619/4619/4619 4648/4648/4648
f 4622/4622/4622 4620/4620/4620 4648/4648/4648
f 4625/4625/4625 4622/4622/4622 4648/4648/4648
f 4627/4627/4627 4625/4625/4625 4648/4648/4648
f 4628/4628/4628 4627/4627/4627 4648/4648/4648
f 4631/4631/4631 4628/4628/4628 4648/4648/4648
f 4633/4633/4633 4631/4631/4631 4648/4648/4648
f 4635/4635/4635 4633/4633/4633 4648/4648/4648
f 4637/4637/4637 4635/4635/4635 4648/4648/4648
f 4638/4638/4638 4637/4637/4637 4648/4648/4648
f 4640/4640/4640 4638/4638/4638 4648/4648/4648
f 4647/4647/4647 4640/4640/4640 4648/4648/4648
f 4645/4645/4645 4647/4647/4647 4648/4648/4648
f 4649/4649/4649 4650/4650/4650 4651/4651/4651
f 4651/4651/4651 4650/4650/4650 4652/4652/4652
f 4650/4650/4650 4649/4649/4649 4653/4653/4653
f 4653/4653/4653 4649/4649/4649 4654/4654/4654
f 4653/4653/4653 4654/4654/4654 4655/4655/4655
f 4655/4655/4655 4654/4654/4654 4656/4656/4656
f 4655/4655/4655 4656/4656/4656 4657/4657/4657
f 4657/4657/4657 4656/4656/4656 4658/4658/4658
f 4657/4657/4657 4658/4658/4658 4659/4659/4659
f 4659/4659/4659 4658/4658/4658 4660/4660/4660
f 4659/4659/4659 4660/4660/4660 4661/4661/4661
f 4661/4661/4661 4660/4660/4660 4662/4662/4662
f 4661/4661/4661 4662/4662/4662 4663/4663/4663
f 4663/4663/4663 4662/4662/4662 4664/4664/4664
f 4663/4663/4663 4664/4664/4664 4665/4665/4665
f 4665/4665/4665 4664/4664/4664 4666/4666/4666
f 4665/4665/4665 4666/4666/4666 4667/4667/4667
f 4667/4667/4667 4666/4666/4666 4668/4668/4668
f 4667/4667/4667 4668/4668/4668 4669/4669/4669
f 4669/4669/4669 4668/4668/4668 4670/4670/4670
f 4669/4669/4669 4670/4670/4670 4671/4671/4671
f 4671/4671/4671 4670/4670/4670 4672/4672/4672
f 4671/4671/4671 4672/4672/4672 4673/4673/4673
f 4673/4673/4673 4672/4672/4672 4674/4674/4674
f 4673/4673/4673 4674/4674/4674 4675/4675/4675
f 4675/4675/4675 4674/4674/4674 4676/4676/4676
f 4675/4675/4675 4676/4676/4676 4677/4677/4677
f 4677/4677/4677 4676/4676/4676 4678/4678/4678
f 4677/4677/4677 4678/4678/4678 4679/4679/4679
f 4679/4679/4679 4678/4678/4678 4680/4680/4680
f 4679/4679/4679 4680/4680/4680 4681/4681/4681
f 4681/4681/4681 4680/4680/4680 4682/4682/4682
f 4681/4681/4681 4682/4682/4682 4683/4683/4683
f 4683/4683/4683 4682/4682/4682 4684/4684/4684
f 4683/4683/4683 4684/4684/4684 4685/4685/4685
f 4685/4685/4685 4684/4684/4684 4686/4686/4686
f 4687/4687/4687 4685/4685/4685 4688/4688/4688
f 4688/4688/4688 4685/4685/4685 4686/4686/4686
f 4689/4689/4689 4687/4687/4687 4690/4690/4690
f 4690/4690/4690 4687/4687/4687 4688/4688/4688
f 4691/4691/4691 4689/4689/4689 4692/4692/4692
f 4692/4692/4692 4689/4689/4689 4690/4690/4690
f 4693/4693/4693 4691/4691/4691 4694/4694/4694
f 4694/4694/4694 4691/4691/4691 4692/4692/4692
f 4695/4695/4695 4693/4693/4693 4696/4696/4696
f 4696/4696/4696 4693/4693/4693 4694/4694/4694
f 4697/4697/4697 4695/4695/4695 4698/4698/4698
f 4698/4698/4698 4695/4695/4695 4696/4696/4696
f 4699/4699/4699 4697/4697/4697 4700/4700/4700
f 4700/4700/4700 4697/4697/4697 4698/4698/4698
f 4701/4701/4701 4699/4699/4699 4702/4702/4702
f 4702/4702/4702 4699/4699/4699 4700/4700/4700
f 4703/4703/4703 4704/4704/4704 4705/4705/4705
f 4705/4705/4705 4704/4704/4704 4706/4706/4706
f 4707/4707/4707 4703/4703/4703 4708/4708/4708
f 4708/4708/4708 4703/4703/4703 4705/4705/4705
f 4709/4709/4709 4707/4707/4707 4710/4710/4710
f 4710/4710/4710 4707/4707/4707 4708/4708/4708
f 4711/4711/4711 4709/4709/4709 4712/4712/4712
f 4712/4712/4712 4709/4709/4709 4710/4710/4710
f 4713/4713/4713 4711/4711/4711 4714/4714/4714
f 4714/4714/4714 4711/4711/4711 4712/4712/4712
f 4715/4715/4715 4713/4713/4713 4716/4716/4716
f 4716/4716/4716 4713/4713/4713 4714/4714/4714
f 4717/4717/4717 4715/4715/4715 4718/4718/4718
f 4718/4718/4718 4715/4715/4715 4716/4716/4716
f 4719/4719/4719 4717/4717/4717 4720/4720/4720
f 4720/4720/4720 4717/4717/4717 4718/4718/4718
f 4721/4721/4721 4719/4719/4719 4722/4722/4722
f 4722/4722/4722 4719/4719/4719 4720/4720/4720
f 4652/4652/4652 4721/4721/4721 4651/4651/4651
f 4651/4651/4651 4721/4721/4721 4722/4722/4722
f 4723/4723/4723 4724/4724/4724 4725/4725/4725
f 4725/4725/4725 4724/4724/4724 4726/4726/4726
f 4724/4724/4724 4727/4727/4727 4726/4726/4726
f 4726/4726/4726 4727/4727/4727 4728/4728/4728
f 4729/4729/4729 4728/4728/4728 4730/4730/4730
f 4730/4730/4730 4728/4728/4728 4727/4727/4727
f 4731/4731/4731 4729/4729/4729 4732/4732/4732
f 4732/4732/4732 4729/4729/4729 4730/4730/4730
f 4732/4732/4732 4733/4733/4733 4731/4731/4731
f 4731/4731/4731 4733/4733/4733 4734/4734/4734
f 4735/4735/4735 4734/4734/4734 4736/4736/4736
f 4736/4736/4736 4734/4734/4734 4733/4733/4733
f 4736/4736/4736 4737/4737/4737 4735/4735/4735
f 4735/4735/4735 4737/4737/4737 4738/4738/4738
f 4737/4737/4737 4739/4739/4739 4738/4738/4738
f 4738/4738/4738 4739/4739/4739 4740/4740/4740
f 4741/4741/4741 4742/4742/4742 4739/4739/4739
f 4739/4739/4739 4742/4742/4742 4740/4740/4740
f 4743/4743/4743 4742/4742/4742 4744/4744/4744
f 4744/4744/4744 4742/4742/4742 4741/4741/4741
f 4744/4744/4744 4745/4745/4745 4743/4743/4743
f 4743/4743/4743 4745/4745/4745 4746/4746/4746
f 4745/4745/4745 4747/4747/4747 4746/4746/4746
f 4746/4746/4746 4747/4747/4747 4748/4748/4748
f 4747/4747/4747 4749/4749/4749 4748/4748/4748
f 4748/4748/4748 4749/4749/4749 4750/4750/4750
f 4751/4751/4751 4750/4750/4750 4752/4752/4752
f 4752/4752/4752 4750/4750/4750 4749/4749/4749
f 4753/4753/4753 4751/4751/4751 4754/4754/4754
f 4754/4754/4754 4751/4751/4751 4752/4752/4752
f 4754/4754/4754 4755/4755/4755 4753/4753/4753
f 4753/4753/4753 4755/4755/4755 4756/4756/4756
f 4757/4757/4757 4756/4756/4756 4758/4758/4758
f 4758/4758/4758 4756/4756/4756 4755/4755/4755
f 4758/4758/4758 4759/4759/4759 4757/4757/4757
f 4757/4757/4757 4759/4759/4759 4760/4760/4760
f 4760/4760/4760 4759/4759/4759 4761/4761/4761
f 4761/4761/4761 4759/4759/4759 4762/4762/4762
f 4761/4761/4761 4762/4762/4762 4763/4763/4763
f 4763/4763/4763 4762/4762/4762 4764/4764/4764
f 4763/4763/4763 4764/4764/4764 4765/4765/4765
f 4765/4765/4765 4764/4764/4764 4766/4766/4766
f 4765/4765/4765 4766/4766/4766 4767/4767/4767
f 4767/4767/4767 4766/4766/4766 4768/4768/4768
f 4769/4769/4769 4767/4767/4767 4770/4770/4770
f 4770/4770/4770 4767/4767/4767 4768/4768/4768
f 4769/4769/4769 4770/4770/4770 4771/4771/4771
f 4771/4771/4771 4770/4770/4770 4772/4772/4772
f 4773/4773/4773 4771/4771/4771 4774/4774/4774
f 4774/4774/4774 4771/4771/4771 4772/4772/4772
f 4775/4775/4775 4776/4776/4776 4774/4774/4774
f 4774/4774/4774 4776/4776/4776 4773/4773/4773
f 4776/4776/4776 4775/4775/4775 4777/4777/4777
f 4777/4777/4777 4775/4775/4775 4778/4778/4778
f 4779/4779/4779 4780/4780/4780 4778/4778/4778
f 4778/4778/4778 4780/4780/4780 4777/4777/4777
f 4780/4780/4780 4779/4779/4779 4781/4781/4781
f 4781/4781/4781 4779/4779/4779 4782/4782/4782
f 4783/4783/4783 4784/4784/4784 4782/4782/4782
f 4782/4782/4782 4784/4784/4784 4781/4781/4781
f 4785/4785/4785 4786/4786/4786 4783/4783/4783
f 4783/4783/4783 4786/4786/4786 4784/4784/4784
f 4787/4787/4787 4788/4788/4788 4785/4785/4785
f 4785/4785/4785 4788/4788/4788 4786/4786/4786
f 4789/4789/4789 4790/4790/4790 4787/4787/4787
f 4787/4787/4787 4790/4790/4790 4788/4788/4788
f 4789/4789/4789 4791/4791/4791 4790/4790/4790
f 4790/4790/4790 4791/4791/4791 4792/4792/4792
f 4791/4791/4791 4793/4793/4793 4792/4792/4792
f 4792/4792/4792 4793/4793/4793 4794/4794/4794
f 4793/4793/4793 4723/4723/4723 4794/4794/4794
f 4794/4794/4794 4723/4723/4723 4725/4725/4725
f 4741/4741/4741 4739/4739/4739 4795/4795/4795
f 4739/4739/4739 4737/4737/4737 4795/4795/4795
f 4737/4737/4737 4736/4736/4736 4795/4795/4795
f 4736/4736/4736 4733/4733/4733 4795/4795/4795
f 4733/4733/4733 4732/4732/4732 4795/4795/4795
f 4732/4732/4732 4730/4730/4730 4795/4795/4795
f 4730/4730/4730 4727/4727/4727 4795/4795/4795
f 4727/4727/4727 4724/4724/4724 4795/4795/4795
f 4724/4724/4724 4723/4723/4723 4795/4795/4795
f 4723/4723/4723 4793/4793/4793 4795/4795/4795
f 4793/4793/4793 4791/4791/4791 4795/4795/4795
f 4791/4791/4791 4789/4789/4789 4795/4795/4795
f 4789/4789/4789 4787/4787/4787 4795/4795/4795
f 4787/4787/4787 4785/4785/4785 4795/4795/4795
f 4785/4785/4785 4783/4783/4783 4795/4795/4795
f 4783/4783/4783 4782/4782/4782 4795/4795/4795
f 4782/4782/4782 4779/4779/4779 4795/4795/4795
f 4779/4779/4779 4778/4778/4778 4795/4795/4795
f 4778/4778/4778 4775/4775/4775 4795/4795/4795
f 4775/4775/4775 4774/4774/4774 4795/4795/4795
f 4774/4774/4774 4772/4772/4772 4795/4795/4795
f 4772/4772/4772 4770/4770/4770 4795/4795/4795
f 4770/4770/4770 4768/4768/4768 4795/4795/4795
f 4768/4768/4768 4766/4766/4766 4795/4795/4795
f 4766/4766/4766 4764/4764/4764 4795/4795/4795
f 4764/4764/4764 4762/4762/4762 4795/4795/4795
f 4762/4762/4762 4759/4759/4759 4795/4795/4795
f 4759/4759/4759 4758/4758/4758 4795/4795/4795
f 4758/4758/4758 4755/4755/4755 4795/4795/4795
f 4755/4755/4755 4754/4754/4754 4795/4795/4795
f 4754/4754/4754 4752/4752/4752 4795/4795/4795
f 4752/4752/4752 4749/4749/4749 4795/4795/4795
f 4749/4749/4749 4747/4747/4747 4795/4795/4795
f 4747/4747/4747 4745/4745/4745 4795/4795/4795
f 4745/4745/4745 4744/4744/4744 4795/4795/4795
f 4744/4744/4744 4741/4741/4741 4795/4795/4795
