# HP mixed reality controller; MIT license in LICENSE-assets-MIT.md
mtllib body.mtl
o hp_reverb_g2_right
usemtl g2
v -0.0173429828 0.0232409541 -0.0252269135
v -0.0150749069 0.0210143709 -0.0281784909
v -0.0157931428 0.0208083875 -0.0284517264
v -0.0145035516 0.0212439257 -0.0278343505
v -0.0139804017 0.0214794692 -0.0274082982
v -0.0135312658 0.0217616957 -0.0268800813
v -0.0131764989 0.0220880331 -0.0262791122
v -0.0129495244 0.0224572571 -0.0256323589
v -0.0128712337 0.0228203537 -0.0249726182
v -0.0129111391 0.0231613652 -0.0243292202
v -0.0131467413 0.0235699369 -0.0235852251
v -0.0134984534 0.0239150223 -0.0229505707
v -0.0139537733 0.024199806 -0.0224306522
v -0.0144848507 0.0244423474 -0.0218754513
v -0.0150777381 0.0246187074 -0.0215212828
v -0.015772311 0.024748686 -0.0211979958
v -0.0165767651 0.0248154555 -0.0209712028
v -0.0173484664 0.0248077793 -0.0209205165
v -0.0181806814 0.024722457 -0.0209400562
v -0.0189714711 0.0245645682 -0.0210863985
v -0.0196236353 0.0243737503 -0.0213752817
v -0.0202395599 0.0241280481 -0.0217816014
v -0.0207438599 0.0238361348 -0.0222974588
v -0.0211426448 0.0235380354 -0.0228320361
v -0.0214478951 0.0232032151 -0.02346843
v -0.02170722 0.0228299469 -0.0241018383
v -0.0217905324 0.0224099411 -0.0247781261
v -0.021694405 0.0220232773 -0.0254208061
v -0.021449266 0.0216718777 -0.0260629259
v -0.0211077016 0.0213709786 -0.0266550579
v -0.0206577163 0.0211382275 -0.0271821181
v -0.0200600307 0.0209490088 -0.0276724608
v -0.0194379371 0.0207837606 -0.0280681484
v -0.0187889766 0.0206437596 -0.0283759896
v -0.0180282574 0.0206025738 -0.0285582241
v -0.0172943752 0.0206100605 -0.0286304906
v -0.0165692847 0.0206812606 -0.0285943912
v -0.0141547304 0.0203500544 -0.0278115918
v -0.0148518365 0.0200652365 -0.0282172758
v -0.0156242233 0.0198394118 -0.0285065853
v -0.0164479744 0.0196789718 -0.0286716197
v -0.0172978174 0.0195884321 -0.0287080086
v -0.0135554504 0.020685323 -0.0273013176
v -0.0130757075 0.0210612962 -0.0267008525
v -0.0127217006 0.0214640649 -0.0260339644
v -0.0125091504 0.0218822094 -0.0253188391
v -0.0124458205 0.0223029528 -0.0245770106
v -0.0125073176 0.0226615085 -0.0239054979
v -0.012753902 0.0231022608 -0.0231047302
v -0.0131146889 0.0234582416 -0.0224160466
v -0.0136092287 0.0237678491 -0.0217904992
v -0.0142132472 0.0240247193 -0.0212428859
v -0.0149224829 0.0242113658 -0.0208051813
v -0.0156871658 0.0243477058 -0.0204491162
v -0.0165102314 0.0244056737 -0.0202243326
v -0.017360149 0.0243882827 -0.020130171
v -0.0182098281 0.0242975848 -0.0201668572
v -0.0190336537 0.0241371461 -0.0203318573
v -0.0198062044 0.0239111216 -0.0206215626
v -0.0205032211 0.0236260195 -0.0210277694
v -0.0211010706 0.0232900756 -0.0215394563
v -0.0215833914 0.0229149977 -0.0221379282
v -0.0219366383 0.0225123588 -0.0228047219
v -0.0221515577 0.0220943031 -0.02351935
v -0.022217555 0.0216733071 -0.0242611886
v -0.0221363734 0.0212621831 -0.0250070751
v -0.0219087135 0.0208735165 -0.0257344699
v -0.021543039 0.0205186854 -0.026421804
v -0.0210497212 0.0202084713 -0.0270482892
v -0.0204446297 0.0199516761 -0.0275958732
v -0.0197456311 0.0197557776 -0.0280485446
v -0.018972395 0.0196275246 -0.0283914822
v -0.0181480329 0.0195711364 -0.0286136459
v -0.012753902 0.0231022608 -0.0231047302
v -0.0131146889 0.0234582416 -0.0224160466
v -0.0126753133 0.0182050085 -0.019831433
v -0.0129838567 0.0186696781 -0.0191678159
v -0.0136092287 0.0237678491 -0.0217904992
v -0.0134926569 0.0190630949 -0.0186059584
v -0.0142132472 0.0240247193 -0.0212428859
v -0.0140877496 0.0194246653 -0.0180895823
v -0.0149224829 0.0242113658 -0.0208051813
v -0.0147713404 0.0197160005 -0.0176735125
v -0.0156871658 0.0243477058 -0.0204491162
v -0.0155622791 0.0199194207 -0.0173829983
v -0.0165102314 0.0244056737 -0.0202243326
v -0.0163693111 0.0200858085 -0.0171453718
v -0.017360149 0.0243882827 -0.020130171
v -0.0172358584 0.0201001295 -0.0171249194
v -0.0182098281 0.0242975848 -0.0201668572
v -0.0181024056 0.0201144499 -0.0171044677
v -0.0190336537 0.0241371461 -0.0203318573
v -0.0189166944 0.0199475476 -0.0173428288
v -0.0198062044 0.0239111216 -0.0206215626
v -0.0197268557 0.0197705696 -0.0175955797
v -0.0205032211 0.0236260195 -0.0210277694
v -0.0204127412 0.0194787317 -0.0180123675
v -0.0211010706 0.0232900756 -0.0215394563
v -0.0210431647 0.0191374112 -0.0184998237
v -0.0215833914 0.0229149977 -0.0221379282
v -0.0215510558 0.0187453181 -0.0190597908
v -0.0219366383 0.0225123588 -0.0228047219
v -0.0219057333 0.0182916212 -0.0197077372
v -0.0221515577 0.0220943031 -0.02351935
v -0.0222000759 0.0178289313 -0.0203685269
v -0.022217555 0.0216733071 -0.0242611886
v -0.0222250354 0.0173319227 -0.0210783288
v -0.0221363734 0.0212621831 -0.0250070751
v -0.0222464632 0.0168349248 -0.0217881155
v -0.0219087135 0.0208735165 -0.0257344699
v -0.0219547134 0.0163678754 -0.0224551312
v -0.021543039 0.0205186854 -0.026421804
v -0.0216461848 0.0159032055 -0.0231187486
v -0.0210497212 0.0202084713 -0.0270482892
v -0.0211369228 0.0155100948 -0.0236801691
v -0.0204446297 0.0199516761 -0.0275958732
v -0.0205417555 0.0151485301 -0.0241965371
v -0.0197456311 0.0197557776 -0.0280485446
v -0.0198588502 0.0148568286 -0.0246131299
v -0.018972395 0.0196275246 -0.0283914822
v -0.0190678369 0.014653403 -0.0249036519
v -0.0181480329 0.0195711364 -0.0286136459
v -0.0182608794 0.0144869657 -0.0251413489
v -0.0172978174 0.0195884321 -0.0287080086
v -0.0173943322 0.0144726505 -0.0251617932
v -0.0164479744 0.0196789718 -0.0286716197
v -0.0165278595 0.01445833 -0.0251822451
v -0.0172978174 0.0195884321 -0.0287080086
v -0.0173943322 0.0144726505 -0.0251617932
v -0.0156242233 0.0198394118 -0.0285065853
v -0.0157138687 0.0146256533 -0.0249432826
v -0.0148518365 0.0200652365 -0.0282172758
v -0.0149037819 0.0148026313 -0.0246905317
v -0.0141547304 0.0203500544 -0.0278115918
v -0.0142175239 0.0150939553 -0.0242744778
v -0.0135554504 0.020685323 -0.0273013176
v -0.0135871749 0.0154352756 -0.023787022
v -0.0130757075 0.0210612962 -0.0267008525
v -0.0130801331 0.0158275439 -0.0232268047
v -0.0127217006 0.0214640649 -0.0260339644
v -0.0127254408 0.0162812461 -0.0225788507
v -0.0125091504 0.0218822094 -0.0253188391
v -0.0124343019 0.0167438976 -0.0219181158
v -0.0124458205 0.0223029528 -0.0245770106
v -0.0124093574 0.0172409227 -0.0212082903
v -0.0125073176 0.0226615085 -0.0239054979
v -0.0123857092 0.0177122007 -0.0205352355
v -0.023572227 0.015208054 -0.037230594
v -0.0222303625 0.0125127175 -0.0401944981
v -0.0229648408 0.0123868836 -0.0402963019
v -0.0236912426 0.0123359461 -0.0402847904
v -0.0243842956 0.0123331862 -0.0401858796
v -0.0250758957 0.0124219347 -0.0399588403
v -0.0257536899 0.0125271801 -0.0396694925
v -0.0263853278 0.0126931218 -0.0392883566
v -0.0268984865 0.0129216917 -0.0388557666
v -0.0273508336 0.0132499403 -0.0383189325
v -0.0276222061 0.0136631289 -0.0377584415
v -0.0277921166 0.0141453515 -0.0371082965
v -0.0278231632 0.0145786705 -0.0364817174
v -0.0277355816 0.0149554146 -0.0358691102
v -0.0274882372 0.0153422425 -0.0352570399
v -0.0271723773 0.0157025469 -0.0347122318
v -0.026716141 0.0160798393 -0.034185879
v -0.0262205359 0.0163787076 -0.0338201803
v -0.0255171042 0.0166747341 -0.0335506889
v -0.0248097088 0.0169041756 -0.0333313205
v -0.0239912998 0.0170709302 -0.0332398628
v -0.0233042743 0.0171388413 -0.0332612833
v -0.0225113537 0.0171396657 -0.0334082273
v -0.0217965599 0.0170604583 -0.0336576871
v -0.0211697277 0.0169234238 -0.0339407158
v -0.0206086542 0.0167088266 -0.0343748356
v -0.0201215204 0.0164374478 -0.0348448503
v -0.0197309013 0.016094205 -0.0354224337
v -0.0194765385 0.0157253867 -0.0360141092
v -0.0193102118 0.0153215469 -0.0366166823
v -0.0192555841 0.0149257382 -0.0371819688
v -0.0193414893 0.0145148941 -0.0377572126
v -0.019596627 0.014100371 -0.0383050156
v -0.0199824329 0.0136671782 -0.0388515474
v -0.0204233434 0.0133319404 -0.0392703238
v -0.0209474768 0.0129686639 -0.0396887066
v -0.0215894934 0.0126703638 -0.0400204767
v -0.0187999513 0.0150423482 -0.0353214987
v -0.0191106256 0.0154604458 -0.0346861192
v -0.0195702966 0.0158377484 -0.0340577177
v -0.0201565381 0.016178885 -0.0335115964
v -0.0208613481 0.0164651953 -0.0330555568
v -0.0215866771 0.0166511152 -0.0327297375
v -0.0223976728 0.016751765 -0.0324865261
v -0.0232411083 0.0167671154 -0.0323629525
v -0.0240899529 0.0166971692 -0.0323623318
v -0.0249221679 0.0165469696 -0.0324799296
v -0.0257063936 0.0163163151 -0.0327198458
v -0.0264259931 0.0160180916 -0.0330655288
v -0.0270551126 0.0156567216 -0.0335134425
v -0.0275747534 0.0152441255 -0.0340487446
v -0.0279746857 0.0147942451 -0.0346524922
v -0.0282378253 0.0143220313 -0.0353050089
v -0.0283505898 0.013832528 -0.0360006109
v -0.0283143502 0.0133506585 -0.0367030611
v -0.0281281155 0.0128886396 -0.0373947758
v -0.0278011169 0.0124599366 -0.0380551865
v -0.0273417514 0.0120780775 -0.0386635573
v -0.0267662685 0.0117535478 -0.0392028157
v -0.0260803085 0.0115074339 -0.0396418079
v -0.0253357571 0.01131537 -0.0400094734
v -0.0245265048 0.0112116885 -0.0402569561
v -0.0236830767 0.0111972427 -0.0403791598
v -0.0228333082 0.0112635913 -0.0403851587
v -0.0220027026 0.0114150832 -0.0402654687
v -0.0212177094 0.0116454746 -0.0400260255
v -0.0204981919 0.0119442091 -0.0396796452
v -0.0198699739 0.0123062303 -0.0392306458
v -0.0193509515 0.0127191235 -0.0386947763
v -0.0189534631 0.0131696175 -0.0380899122
v -0.018689638 0.0136449011 -0.0374330439
v -0.0185796227 0.0141314084 -0.0367414153
v -0.0186169352 0.0145962775 -0.0360142276
v -0.0283505898 0.013832528 -0.0360006109
v -0.0283143502 0.0133506585 -0.0367030611
v -0.0283648502 0.0091691214 -0.0327509599
v -0.0283898022 0.00867212364 -0.0334607626
v -0.0281281155 0.0128886396 -0.0373947758
v -0.0281433742 0.00820034658 -0.0341345139
v -0.0278011169 0.0124599366 -0.0380551865
v -0.0278348383 0.00773569034 -0.0347981119
v -0.0273417514 0.0120780775 -0.0386635573
v -0.0273684543 0.00732705192 -0.0353817081
v -0.0267662685 0.0117535478 -0.0392028157
v -0.026773436 0.00696547622 -0.0358980918
v -0.0260803085 0.0115074339 -0.0396418079
v -0.0261188354 0.00665080942 -0.0363474826
v -0.0253357571 0.01131537 -0.0400094734
v -0.0253278222 0.0064473887 -0.0366379975
v -0.0245265048 0.0112116885 -0.0402569561
v -0.0245319214 0.00625314314 -0.036915409
v -0.0236830767 0.0111972427 -0.0403791598
v -0.0236653741 0.00623919558 -0.0369353282
v -0.0228333082 0.0112635913 -0.0403851587
v -0.0227989014 0.00622487837 -0.0369557753
v -0.0220027026 0.0114150832 -0.0402654687
v -0.0219763871 0.00636327065 -0.0367581306
v -0.0228333082 0.0112635913 -0.0403851587
v -0.0227989014 0.00622487837 -0.0369557753
v -0.0212177094 0.0116454746 -0.0400260255
v -0.0211662855 0.00654023961 -0.0365053927
v -0.0204981919 0.0119442091 -0.0396796452
v -0.0204537865 0.00680776141 -0.0361233319
v -0.0198699739 0.0123062303 -0.0392306458
v -0.0198233631 0.00714907762 -0.0356358818
v -0.0193509515 0.0127191235 -0.0386947763
v -0.0192748066 0.00752456028 -0.0350996369
v -0.0189534631 0.0131696175 -0.0380899122
v -0.0189201143 0.00797825718 -0.0344516905
v -0.018689638 0.0136449011 -0.0374330439
v -0.0185815301 0.00843477137 -0.0337997206
v -0.0185796227 0.0141314084 -0.0367414153
v -0.0185565855 0.0089317789 -0.0330899202
v -0.0186169352 0.0145962775 -0.0360142276
v -0.0185316261 0.00942878856 -0.0323801168
v -0.0187999513 0.0150423482 -0.0353214987
v -0.0187736358 0.00990056547 -0.0317063494
v -0.0191106256 0.0154604458 -0.0346861192
v -0.0190821644 0.0103652357 -0.0310427476
v -0.0195702966 0.0158377484 -0.0340577177
v -0.0195485558 0.0107738388 -0.0304591857
v -0.0201565381 0.016178885 -0.0335115964
v -0.0201436486 0.0111353974 -0.0299428265
v -0.0208613481 0.0164651953 -0.0330555568
v -0.0207984056 0.01145003 -0.0294934845
v -0.0215866771 0.0166511152 -0.0327297375
v -0.0215894189 0.011653455 -0.0292029635
v -0.0223976728 0.016751765 -0.0324865261
v -0.0223853197 0.0118476396 -0.028925639
v -0.0232411083 0.0167671154 -0.0323629525
v -0.0232517924 0.0118615936 -0.0289057106
v -0.0240899529 0.0166971692 -0.0323623318
v -0.0241182577 0.0118759119 -0.028885262
v -0.0249221679 0.0165469696 -0.0324799296
v -0.0249407794 0.0117374758 -0.0290829693
v -0.0257063936 0.0163163151 -0.0327198458
v -0.0257509481 0.0115604972 -0.0293357209
v -0.0264259931 0.0160180916 -0.0330655288
v -0.0264633056 0.0112929327 -0.0297178427
v -0.0270551126 0.0156567216 -0.0335134425
v -0.027093647 0.0109516261 -0.0302052791
v -0.0275747534 0.0152441255 -0.0340487446
v -0.027642196 0.0105761018 -0.0307415835
v -0.0279746857 0.0147942451 -0.0346524922
v -0.0279968139 0.0101224134 -0.0313895177
v -0.0282378253 0.0143220313 -0.0353050089
v -0.0283376183 0.00966457766 -0.032043375
v -0.00679655001 0.00788697125 -0.0412423776
v -0.000268949982 0.0122327189 -0.0342210647
v -0.00521633029 0.00722935109 -0.0420371535
v -0.00817300938 0.00868384038 -0.0402300744
v -0.00932401977 0.00958473074 -0.039048658
v -0.0102043897 0.0105770099 -0.0377119975
v -0.0107866591 0.0116293891 -0.0362622148
v -0.0110160392 0.0127119189 -0.0347372073
v -0.0108608194 0.0137836594 -0.0331924074
v -0.0103736492 0.0148071387 -0.031686235
v -0.00956929941 0.0157501686 -0.0302659566
v -0.00850559957 0.0165978171 -0.0289582249
v -0.00720731961 0.0173219461 -0.0278054355
v -0.00570006017 0.0179057957 -0.0268338945
v -0.00400927989 0.0183103266 -0.0261016644
v -0.00219668006 0.0185298858 -0.0256225044
v -0.000329869974 0.0185983454 -0.0253541848
v 0.00155100995 0.0184488067 -0.0253958932
v 0.00338907004 0.0181351969 -0.0256758451
v 0.00512445997 0.017639957 -0.0262245749
v 0.00670826947 0.0169911662 -0.0270064167
v 0.00808907952 0.0162002575 -0.0280097642
v 0.00922967959 0.0152953476 -0.0291978732
v -0.00753246993 0.0219201029 -0.0182473843
v -0.00474075973 0.0227228356 -0.0170088126
v -0.00719560031 0.0216340752 -0.018660953
v -0.00777731976 0.0222250141 -0.0177863646
v -0.0079212999 0.0225373944 -0.0172888744
v -0.0079625994 0.0228720725 -0.0167867443
v -0.00789960008 0.0231269549 -0.0162423433
v -0.00773262978 0.0234501646 -0.0157583535
v -0.00746376952 0.0237499628 -0.0153059327
v -0.00710497936 0.0240168127 -0.0148971128
v -0.00667648949 0.0243396035 -0.0146223036
v -0.00618998986 0.0246455634 -0.0144313135
v -0.00564279966 0.0248287638 -0.014254433
v -0.00505716959 0.0249301531 -0.0141425029
v -0.00445532007 0.0249812045 -0.0141181329
v -0.0038540801 0.0249217731 -0.0141520228
v -0.00327092991 0.0248400943 -0.0142909324
v -0.00272689015 0.0246688725 -0.014493673
v -0.00223427988 0.0244754332 -0.0147877829
v -0.00181202986 0.0242280051 -0.0151441526
v -0.00147171004 0.0239438829 -0.0155562927
v -0.00122501003 0.0236196747 -0.0160044238
v -0.00108375994 0.0232288043 -0.0164447737
v -0.00104184996 0.0228322045 -0.0168989537
v -0.00110505999 0.0224898243 -0.0173940039
v -0.00126871001 0.0221649959 -0.0178778447
v -0.0015337799 0.0218558826 -0.0183255129
v -0.00188748993 0.0215895431 -0.0187383236
v -0.00232204003 0.0213665753 -0.0190956833
v -0.00282322988 0.0211859435 -0.019383313
v -0.00337486994 0.0210736447 -0.019605454
v -0.00396111002 0.0210226529 -0.0197463743
v -0.0044607101 0.0209467557 -0.0197479538
v -0.00516100973 0.0210121849 -0.0197154134
v -0.00574315991 0.0210827846 -0.0195642839
v -0.00628643995 0.021225236 -0.0193383935
v -0.00677612983 0.0214190143 -0.0190401746
v 0.0100779999 0.0142914483 -0.0305540859
v 0.0106099797 0.0132292185 -0.0320225062
v 0.0108109498 0.0121444088 -0.0335534071
v 0.0107031297 0.0110678488 -0.0351007551
v 0.0102325501 0.0100387098 -0.0366135175
v 0.00946023967 0.0090828398 -0.0380491851
v 0.00841950998 0.0082240406 -0.0393707171
v 0.00710660964 0.00750607084 -0.0405160988
v 0.00560015952 0.0069195409 -0.0414913688
v 0.00391050009 0.00651032122 -0.0422301349
v 0.0020985899 0.00628748101 -0.0427139496
v 0.00022058998 0.00623812144 -0.0429560414
v -0.00165624998 0.00639380177 -0.0429052172
v -0.00349366991 0.00671671172 -0.0426118766
v 0.00013683 0.00965835164 -0.0419483159
v 0.00022058998 0.00623812144 -0.0429560414
v 0.00152808987 0.00969493115 -0.0417689767
v 0.0020985899 0.00628748101 -0.0427139496
v 0.00391050009 0.00651032122 -0.0422301349
v 0.00287038996 0.00986004057 -0.0414105553
v 0.00560015952 0.0069195409 -0.0414913688
v 0.00412211986 0.010163171 -0.0408632579
v 0.00710660964 0.00750607084 -0.0405160988
v 0.00523812976 0.0105976906 -0.0401407675
v 0.00841950998 0.0082240406 -0.0393707171
v 0.0062107495 0.0111295705 -0.0392922357
v 0.00946023967 0.0090828398 -0.0380491851
v 0.00698172953 0.0117657902 -0.0383132068
v 0.0102325501 0.0100387098 -0.0366135175
v 0.00755386986 0.0124738894 -0.0372496475
v 0.0107031297 0.0110678488 -0.0351007551
v 0.00790247973 0.0132363089 -0.0361289868
v 0.0108109498 0.0121444088 -0.0335534071
v 0.00798234995 0.0140338597 -0.0349826738
v 0.0106099797 0.0132292185 -0.0320225062
v 0.00783346966 0.0148374995 -0.033848535
v 0.0074393698 0.0156244183 -0.032760724
v 0.0100779999 0.0142914483 -0.0305540859
v 0.00681092963 0.0163681276 -0.031756013
v 0.00922967959 0.0152953476 -0.0291978732
v 0.00596595975 0.0170384971 -0.0308758347
v 0.00808907952 0.0162002575 -0.0280097642
v 0.00494302996 0.017624418 -0.0301325441
v 0.00670826947 0.0169911662 -0.0270064167
v 0.00376971974 0.018105038 -0.0295533433
v 0.00512445997 0.017639957 -0.0262245749
v 0.00248409994 0.0184719287 -0.0291468135
v 0.00338907004 0.0181351969 -0.0256758451
v 0.00112243998 0.0187042564 -0.0289394246
v 0.00155100995 0.0184488067 -0.0253958932
v -0.000270959979 0.0188150484 -0.0289085457
v -0.000329869974 0.0185983454 -0.0253541848
v -0.00165391993 0.0187643267 -0.0291073141
v -0.00219668006 0.0185298858 -0.0256225044
v -0.00299671991 0.0186016881 -0.0294622841
v -0.00400927989 0.0183103266 -0.0261016644
v 0.00998429023 -0.0128778722 -0.0279207339
v -0.000275230006 -0.0123489901 -0.0342628132
v 0.0104869995 -0.0112524715 -0.0302147635
v 0.00711791962 -0.0169515524 -0.0248861824
v 0.00893642008 -0.0147407422 -0.0262911043
v 0.00268208003 -0.0199935837 -0.024000285
v 0.00516620977 -0.0185422832 -0.0243846433
v -0.00223463983 -0.0207881825 -0.0243078768
v 0.000557189982 -0.0205915748 -0.0240132454
v -0.00633580983 -0.0203479331 -0.0250759049
v -0.00449346984 -0.0206964415 -0.0246338434
v -0.00994911976 -0.0186201821 -0.0268554346
v -0.00817190018 -0.0195276929 -0.0257578843
v -0.0123676499 -0.0157971916 -0.0300886245
v -0.011228499 -0.0173243618 -0.0282257432
v -0.0131064905 -0.01377429 -0.0338373221
v -0.0128790904 -0.0147168308 -0.0319826829
v -0.0129936505 -0.0124159495 -0.0371650938
v -0.0131557696 -0.0131547105 -0.0353138333
v -0.0119823199 -0.0112484388 -0.0409378216
v -0.0126041099 -0.0117251488 -0.0391998807
v -0.0096808197 -0.0103831386 -0.0443470208
v -0.0110501098 -0.0108296477 -0.0427140548
v -0.00574637996 -0.00898862687 -0.0464062789
v -0.00809006952 -0.00981419711 -0.0453853634
v 0.00181508006 -0.00724327728 -0.045891991
v -0.00152269006 -0.00780718728 -0.0467371328
v 0.0102229398 -0.00836492016 -0.0359225631
v 0.0096214097 -0.00764172934 -0.0384565724
v 0.0110066701 0.020789245 -0.0201055221
v 0.00803463999 0.021248424 -0.0191110539
v 0.0111355698 0.020892074 -0.0195808336
v 0.0107582603 0.020478636 -0.0205565245
v 0.0104188798 0.0201696661 -0.0209458845
v 0.00999706984 0.0199351945 -0.0213049448
v 0.00950618926 0.0197162258 -0.0215750954
v 0.00896187034 0.0195614456 -0.0217800442
v 0.0083798999 0.0194824062 -0.0219132028
v 0.00781492982 0.0194313958 -0.0219397344
v 0.00718128029 0.0194791558 -0.0219021331
v 0.0066015101 0.0195523466 -0.0217567741
v 0.00606052997 0.0196874051 -0.0215301051
v 0.00557293976 0.0198786856 -0.0212331957
v 0.00515636988 0.020115627 -0.0208692534
v 0.00482241996 0.0204001552 -0.0204573051
v 0.00458172988 0.0206990743 -0.0199938733
v 0.00444315979 0.0210243646 -0.0195067543
v 0.00440794975 0.0213872748 -0.0190286542
v 0.00448173983 0.0217409538 -0.0185475235
v 0.00465670973 0.0220848333 -0.0180855837
v 0.00493359985 0.022384205 -0.0176426242
v 0.00529696979 0.0226277439 -0.0172291337
v 0.00573624019 0.0227816057 -0.0168471834
v 0.00624471018 0.0229571637 -0.0165776232
v 0.00679741008 0.0230455741 -0.0163642032
v 0.00734161958 0.0229296132 -0.0161381433
v 0.00792886969 0.0228445834 -0.0160426231
v 0.00852228981 0.022748374 -0.0160692348
v 0.0090960199 0.022615953 -0.016193693
v 0.00962847006 0.0224334642 -0.0164066828
v 0.0101054888 0.0222125229 -0.0166994944
v 0.0105085801 0.0219535445 -0.0170636342
v 0.0108282603 0.0216738927 -0.0174902638
v 0.0110517591 0.0213698234 -0.0179592444
v 0.0111735798 0.0210653127 -0.0184642337
v 0.0111907599 0.020814504 -0.0190102141
v -0.00424928963 0.0183019886 -0.0300047255
v -0.00570006017 0.0179057957 -0.0268338945
v -0.0236948598 0.00861367035 -0.0385066844
v -0.0232102983 0.0111769586 -0.0344808668
v -0.0228368901 0.00863348981 -0.038465058
v -0.0245476495 0.00866364975 -0.038411086
v -0.0253449604 0.00879171027 -0.0382077372
v -0.0261338204 0.00899542023 -0.0378579175
v -0.0268194787 0.00927282944 -0.0374199276
v -0.0274020992 0.00961775951 -0.0368912753
v -0.0278681889 0.00999385907 -0.0362750563
v -0.0282016788 0.0104123384 -0.0356034348
v -0.0283915903 0.0108683091 -0.0349004984
v -0.0284358189 0.0113369495 -0.0341825678
v -0.0283269081 0.0118152086 -0.0334775751
v -0.02807636 0.0122590582 -0.0327861872
v -0.0276828185 0.0126994888 -0.0321621563
v -0.0271664802 0.0130861375 -0.0315944853
v -0.0265364777 0.0134227881 -0.0311169644
v -0.0258141886 0.0136947286 -0.0307383761
v -0.02502474 0.0139228374 -0.0304903854
v -0.0241872184 0.0140283282 -0.0303327161
v -0.0233299583 0.0140803584 -0.0303130466
v -0.0224805586 0.013976218 -0.0303746964
v -0.0216601193 0.0138247673 -0.0305741653
v -0.0208962988 0.013600828 -0.0308968947
v -0.0202097502 0.0133041973 -0.0313195774
v -0.0196252596 0.0129571382 -0.0318447764
v -0.0191565696 0.0125773981 -0.0324569646
v -0.0188206695 0.0121519487 -0.0331238736
v -0.018628139 0.0117005387 -0.0338298759
v -0.0185841583 0.0112273488 -0.0345461562
v -0.0186941288 0.0107539596 -0.0352550381
v -0.0189455599 0.0103045799 -0.0359429652
v -0.0193397496 0.00988014932 -0.036577427
v -0.0198570397 0.00949228994 -0.0371432055
v -0.0204871595 0.00917796964 -0.0376346869
v -0.0212081913 0.00892226023 -0.0380255258
v -0.0219992306 0.00874228967 -0.038307508
v -0.0183505788 0.0164564565 -0.0265700363
v -0.0169961285 0.0189674464 -0.0225292933
v -0.0173294786 0.0164559462 -0.0266800851
v -0.0191928688 0.0165729072 -0.0263580747
v -0.0199783687 0.0167633067 -0.0260202244
v -0.0206865091 0.0170506159 -0.025592045
v -0.0212926697 0.0174004875 -0.0250657154
v -0.0217815805 0.0177688571 -0.024439766
v -0.0221363585 0.0182111364 -0.0237727954
v -0.0223472584 0.0186292163 -0.0230328428
v -0.0224078596 0.0191206266 -0.0223103748
v -0.022314569 0.0195597245 -0.0215600341
v -0.0220735911 0.0200321656 -0.020862194
v -0.0216852594 0.0204882546 -0.0202229247
v -0.0211676192 0.0208970138 -0.0196459945
v -0.0205343105 0.0212397143 -0.019146744
v -0.0198063999 0.0214859335 -0.0187255031
v -0.0190055706 0.0216799949 -0.0184289326
v -0.0181549098 0.0217834257 -0.018248094
v -0.0172822587 0.0218213752 -0.0181998738
v -0.016412409 0.0217754648 -0.0182833445
v -0.0155699691 0.021654704 -0.0184909941
v -0.0147838993 0.0214424147 -0.018814124
v -0.0140743395 0.0211613752 -0.0192448552
v -0.0134665892 0.0208246351 -0.0197789334
v -0.012976299 0.0204470045 -0.0204000846
v -0.0126222502 0.0200128742 -0.0210741947
v -0.0124140503 0.0195875953 -0.0218117631
v -0.0123547995 0.0191131164 -0.0225452338
v -0.0124524897 0.0186452462 -0.0232794346
v -0.0126943896 0.0182118648 -0.0240008652
v -0.0130836498 0.0177617158 -0.0246412446
v -0.0136001091 0.0173714471 -0.0252310345
v -0.0142326402 0.0170371173 -0.0257353346
v -0.0149598895 0.0167675554 -0.0261414863
v -0.0157598294 0.0165959165 -0.0264528852
v -0.016609339 0.0164516379 -0.0266083546
v -0.0132947303 0.00959464718 0.0105139527
v -0.0115087098 0.00835771913 0.00146162222
v -0.0133679491 0.00729491709 0.0100956718
v -0.0132132899 0.0119920269 0.0110121932
v -0.0130360601 0.0142609167 0.0112501542
v -0.0126687 0.016193847 0.0109690946
v -0.0121726096 0.0181179969 0.0101321854
v -0.0117968088 0.0198178677 0.00893375531
v -0.01144657 0.0208913366 0.00751884517
v -0.0111837303 0.021553608 0.00577377595
v -0.0111033199 0.0219595273 0.00380329586
v -0.0111366194 0.0219771392 0.00176838584
v -0.01130882 0.0218594913 -0.000320924102
v -0.0118545787 0.0208140804 -0.0021166543
v -0.0128698796 0.0191877606 -0.00369681484
v -0.0137107503 0.0177079805 -0.00456675504
v -0.0144422306 0.015968842 -0.00525460568
v -0.0149911903 0.0140911319 -0.00569541607
v -0.0155102704 0.0116551814 -0.00613810694
v -0.0156010306 0.00984219165 -0.00630349727
v -0.0156426709 0.00787125146 -0.00658664781
v -0.0157832205 0.0058276217 -0.00745048823
v -0.0153568396 0.00361536186 -0.00776847914
v -0.0148359705 0.00149376202 -0.0073913993
v -0.0135456389 -0.000585478331 -0.00625304987
v -0.0124466894 -0.00184497865 -0.0048078704
v -0.0112086292 -0.00315223908 -0.00279623075
v -0.0105526699 -0.00360053962 -0.000947150962
v -0.0101503097 -0.00371338032 0.000897939018
v -0.0101538599 -0.00350231052 0.00272885919
v -0.0111327693 -0.00296497089 0.0043303288
v -0.0117687704 -0.0019304317 0.00649865898
v -0.0119401002 -0.000147212218 0.00826326009
v -0.0129219787 0.00162864747 0.00899788036
v -0.0132190697 0.00374488745 0.00944073133
v -0.01331334 0.00565410701 0.00978230092
v -0.00536588999 0.0178694677 -0.0307244741
v -0.00720731961 0.0173219461 -0.0278054355
v -0.0122522097 0.0207924446 -0.025782045
v -0.0126729198 0.0203355752 -0.0264954848
v -0.0126943896 0.0182118648 -0.0240008652
v -0.0130836498 0.0177617158 -0.0246412446
v -0.0119895805 0.0212727368 -0.0250106527
v -0.0124524897 0.0186452462 -0.0232794346
v -0.0118842097 0.0217378875 -0.0241933928
v -0.0123547995 0.0191131164 -0.0225452338
v -0.0119484495 0.0222068063 -0.0233739648
v -0.0124140503 0.0195875953 -0.0218117631
v -0.0121710794 0.0226442558 -0.0225651539
v -0.0126222502 0.0200128742 -0.0210741947
v -0.0125528388 0.0230609349 -0.0218054944
v -0.012976299 0.0204470045 -0.0204000846
v -0.0130801499 0.0234225058 -0.0211068441
v -0.0134665892 0.0208246351 -0.0197789334
v -0.0137342494 0.0237271859 -0.0204942237
v -0.0140743395 0.0211613752 -0.0192448552
v -0.01449697 0.0239492355 -0.0199794742
v -0.0147838993 0.0214424147 -0.018814124
v -0.015342229 0.024103183 -0.0195830232
v -0.0155699691 0.021654704 -0.0184909941
v -0.0162481591 0.0241727248 -0.0193189522
v -0.016412409 0.0217754648 -0.0182833445
v -0.0171857085 0.0241684146 -0.0191921732
v -0.0172822587 0.0218213752 -0.0181998738
v -0.0181273986 0.0240808349 -0.0192119731
v -0.0181549098 0.0217834257 -0.018248094
v -0.0190449692 0.0239072941 -0.0193648628
v -0.0190055706 0.0216799949 -0.0184289326
v -0.0199089199 0.023646874 -0.0196492329
v -0.0198063999 0.0214859335 -0.0187255031
v -0.0206961799 0.0233287455 -0.0200674732
v -0.0205343105 0.0212397143 -0.019146744
v -0.0213809796 0.0229409057 -0.0205927728
v -0.0211676192 0.0208970138 -0.0196459945
v -0.0219415892 0.0225335659 -0.0212382632
v -0.0216852594 0.0204882546 -0.0202229247
v -0.0223616399 0.0220760669 -0.021953005
v -0.0220735911 0.0200321656 -0.020862194
v -0.0226217788 0.0216239361 -0.0227427126
v -0.022314569 0.0195597245 -0.0215600341
v -0.0227252003 0.0211688958 -0.0235656946
v -0.0224078596 0.0191206266 -0.0223103748
v -0.0226595495 0.0206969558 -0.0243824944
v -0.0223472584 0.0186292163 -0.0230328428
v -0.0224349182 0.0202583254 -0.0251900537
v -0.0221363585 0.0182111364 -0.0237727954
v -0.0220526289 0.0198433562 -0.0259488246
v -0.0217815805 0.0177688571 -0.024439766
v -0.021526929 0.019472297 -0.0266425054
v -0.0212926697 0.0174004875 -0.0250657154
v -0.0208739713 0.0191589965 -0.027251095
v -0.0206865091 0.0170506159 -0.025592045
v -0.0201104898 0.0188971777 -0.0277447948
v -0.0199783687 0.0167633067 -0.0260202244
v -0.0192645304 0.0187269264 -0.0281331154
v -0.0191928688 0.0165729072 -0.0263580747
v -0.0183577295 0.0186427275 -0.0283894843
v -0.0183505788 0.0164564565 -0.0265700363
v -0.0173240099 0.0186414963 -0.0285117744
v -0.0173294786 0.0164559462 -0.0266800851
v -0.0236323178 0.0100999405 -0.040025645
v -0.0245916191 0.0100392601 -0.0398266251
v -0.0236948598 0.00861367035 -0.0385066844
v -0.0245476495 0.00866364975 -0.038411086
v -0.0227090083 0.0101869903 -0.0400256375
v -0.0228368901 0.00863348981 -0.038465058
v -0.0218123589 0.0104068709 -0.0399312945
v -0.0219992306 0.00874228967 -0.038307508
v -0.0209673084 0.0107333506 -0.0397292458
v -0.0218123589 0.0104068709 -0.0399312945
v -0.0212081913 0.00892226023 -0.0380255258
v -0.0219992306 0.00874228967 -0.038307508
v -0.0201938786 0.0111277302 -0.0394026346
v -0.0204871595 0.00917796964 -0.0376346869
v -0.0195152499 0.0115903395 -0.0389726168
v -0.0198570397 0.00949228994 -0.0371432055
v -0.0189529192 0.0120810504 -0.0384203163
v -0.0193397496 0.00988014932 -0.036577427
v -0.0185225289 0.0126189291 -0.0377980437
v -0.0189455599 0.0103045799 -0.0359429652
v -0.0182461198 0.0131634387 -0.0370984154
v -0.0186941288 0.0107539596 -0.0352550381
v -0.0181240998 0.0137040797 -0.0363530666
v -0.0185841583 0.0112273488 -0.0345461562
v -0.01816874 0.0142631198 -0.0356123148
v -0.018628139 0.0117005387 -0.0338298759
v -0.0183763895 0.0147696082 -0.0348616054
v -0.0188206695 0.0121519487 -0.0331238736
v -0.0187394097 0.0152138992 -0.0341314372
v -0.0191565696 0.0125773981 -0.0324569646
v -0.0192451887 0.0156245685 -0.0334709766
v -0.0196252596 0.0129571382 -0.0318447764
v -0.0198755302 0.015953829 -0.032874673
v -0.0202097502 0.0133041973 -0.0313195774
v -0.0206145998 0.0161983793 -0.0323687748
v -0.0208962988 0.013600828 -0.0308968947
v -0.0214357208 0.0163655479 -0.0319698968
v -0.0216601193 0.0138247673 -0.0305741653
v -0.0223167986 0.0164288181 -0.031684506
v -0.0224805586 0.013976218 -0.0303746964
v -0.0232290998 0.0163963876 -0.0315158733
v -0.0233299583 0.0140803584 -0.0303130466
v -0.0241493788 0.0162778488 -0.0314850056
v -0.0241872184 0.0140283282 -0.0303327161
v -0.025048539 0.0160632982 -0.0315749341
v -0.02502474 0.0139228374 -0.0304903854
v -0.0259036589 0.0158172373 -0.0318339052
v -0.0258141886 0.0136947286 -0.0307383761
v -0.0266859997 0.015479388 -0.0322042327
v -0.0265364777 0.0134227881 -0.0311169644
v -0.0273696296 0.0150700989 -0.0326818448
v -0.0271664802 0.0130861375 -0.0315944853
v -0.0279307198 0.0146045094 -0.0332574172
v -0.0276828185 0.0126994888 -0.0321621563
v -0.0283589587 0.0140871292 -0.0338987335
v -0.02807636 0.0122590582 -0.0327861872
v -0.0283269081 0.0118152086 -0.0334775751
v -0.0286325999 0.0135338697 -0.0345921964
v -0.0284358189 0.0113369495 -0.0341825678
v -0.02875196 0.0129749888 -0.0353238846
v -0.0287039578 0.0124428798 -0.0360823054
v -0.0283915903 0.0108683091 -0.0349004984
v -0.0284977686 0.01192529 -0.0368244541
v -0.0282016788 0.0104123384 -0.0356034348
v -0.0281354096 0.0114493899 -0.0375341556
v -0.0278681889 0.00999385907 -0.0362750563
v -0.0276296809 0.0110219196 -0.0381848745
v -0.0274020992 0.00961775951 -0.0368912753
v -0.027043039 0.0107117008 -0.0387770468
v -0.0268194787 0.00927282944 -0.0374199276
v -0.0261338204 0.00899542023 -0.0378579175
v -0.0263326094 0.010379121 -0.0391871641
v -0.0255474709 0.01017788 -0.039553755
v -0.0253449604 0.00879171027 -0.0382077372
v 0.00287038996 0.00986004057 -0.0414105553
v 0.00292391004 0.0108688112 -0.0421536163
v 0.00152808987 0.00969493115 -0.0417689767
v 0.00159021001 0.0106861808 -0.0425140047
v 0.00412211986 0.010163171 -0.0408632579
v 0.00415679021 0.0111932205 -0.0416055366
v 0.00523812976 0.0105976906 -0.0401407675
v 0.00527509954 0.0116344698 -0.0409053235
v 0.0062107495 0.0111295705 -0.0392922357
v 0.00622486975 0.0121956314 -0.040053152
v 0.00698172953 0.0117657902 -0.0383132068
v 0.00698481966 0.0128512199 -0.0390859361
v 0.00755386986 0.0124738894 -0.0372496475
v 0.00752499979 0.0135833807 -0.0380307474
v 0.00790247973 0.0132363089 -0.0361289868
v 0.00785163976 0.0143644099 -0.0369253567
v 0.00798234995 0.0140338597 -0.0349826738
v 0.00792559981 0.0151778397 -0.0357956846
v 0.00775043014 0.0159953889 -0.0346805373
v 0.00783346966 0.0148374995 -0.033848535
v 0.00734253973 0.0167926584 -0.0336121834
v 0.0074393698 0.0156244183 -0.032760724
v 0.00670353975 0.0175436879 -0.0326265869
v 0.00681092963 0.0163681276 -0.031756013
v 0.00586431986 0.0182267289 -0.0317510317
v 0.00596595975 0.0170384971 -0.0308758347
v 0.00486099999 0.0188323678 -0.0309957234
v 0.00494302996 0.017624418 -0.0301325441
v 0.00370018976 0.0193251788 -0.0304090627
v 0.00376971974 0.018105038 -0.0295533433
v 0.00243217009 0.019710398 -0.0299797638
v 0.00248409994 0.0184719287 -0.0291468135
v 0.00108901993 0.0199707379 -0.0297289828
v 0.00112243998 0.0187042564 -0.0289394246
v -0.000293489982 0.0200892077 -0.029677395
v -0.000270959979 0.0188150484 -0.0289085457
v -0.00166522991 0.0200107867 -0.0298969543
v -0.00165391993 0.0187643267 -0.0291073141
v -0.00299149007 0.0198181073 -0.0302706047
v -0.00299671991 0.0186016881 -0.0294622841
v -0.00422876002 0.0194958066 -0.0308161437
v -0.00424928963 0.0183019886 -0.0300047255
v -0.00534187024 0.019049869 -0.0315223844
v -0.00536588999 0.0178694677 -0.0307244741
v -0.00628552958 0.0184874789 -0.0323757629
v -0.00632769987 0.0173330075 -0.0315784654
v -0.0071157096 0.0167050691 -0.0325472757
v -0.00706638955 0.017840169 -0.0333332856
v -0.00771157956 0.0160064583 -0.0335994469
v -0.00761493947 0.0171097181 -0.0343868165
v -0.00807247963 0.0152482493 -0.0347152274
v -0.00794008002 0.0163276794 -0.0354934775
v -0.00802582968 0.0155147599 -0.0366233769
v -0.00818747934 0.0144542692 -0.0358596554
v -0.00784986001 0.0146957998 -0.0377404278
v -0.00801755022 0.0136523197 -0.0369894058
v -0.00745054008 0.0138969107 -0.0388116538
v -0.00758619001 0.0128726996 -0.0380634258
v -0.00682479003 0.0131435101 -0.0398016537
v -0.00693398993 0.01213762 -0.0390536641
v -0.00599131966 0.0124570809 -0.0406823162
v -0.00608129986 0.0114702103 -0.0399288765
v -0.00497444998 0.0118588209 -0.0414263462
v -0.00506159011 0.0108798805 -0.0406787888
v -0.00381323975 0.0113629309 -0.0420172072
v -0.00389091996 0.0103926909 -0.0412675859
v -0.00256989989 0.0109737806 -0.042407357
v -0.00261476007 0.0100129405 -0.0416933644
v -0.00118412997 0.0107411512 -0.0426629976
v -0.00125356996 0.00977370152 -0.0419106457
v 0.000186919991 0.0106406215 -0.0426907362
v 0.00013683 0.00965835164 -0.0419483159
v 0.00152808987 0.00969493115 -0.0417689767
v 0.00159021001 0.0106861808 -0.0425140047
v -0.0132312905 0.0199154968 -0.0271330758
v -0.0136001091 0.0173714471 -0.0252310345
v -0.0139148105 0.0195283778 -0.0276601132
v -0.0142326402 0.0170371173 -0.0257353346
v -0.0147002302 0.0192014464 -0.028074373
v -0.0149598895 0.0167675554 -0.0261414863
v -0.0155635793 0.0189396573 -0.0283597657
v -0.0157598294 0.0165959165 -0.0264528852
v -0.0155635793 0.0189396573 -0.0283597657
v -0.0164780691 0.0187383669 -0.0284973128
v -0.0157598294 0.0165959165 -0.0264528852
v -0.016609339 0.0164516379 -0.0266083546
v -0.00441447971 0.0228474645 -0.0213786637
v -0.0051633697 0.0228587353 -0.0212991847
v -0.0044607101 0.0209467557 -0.0197479538
v -0.00516100973 0.0210121849 -0.0197154134
v -0.00825890992 0.0245576942 -0.0185765223
v -0.00831019972 0.0248811237 -0.017981232
v -0.0079212999 0.0225373944 -0.0172888744
v -0.0079625994 0.0228720725 -0.0167867443
v -0.00823944993 0.0252113557 -0.0173911925
v -0.00789960008 0.0231269549 -0.0162423433
v -0.00773262978 0.0234501646 -0.0157583535
v -0.00805652048 0.0255272545 -0.0168179838
v -0.00746376952 0.0237499628 -0.0153059327
v -0.00775714964 0.0258366938 -0.0162914438
v -0.00710497936 0.0240168127 -0.0148971128
v -0.0073579899 0.0261019027 -0.0158090335
v -0.00667648949 0.0243396035 -0.0146223036
v -0.0068697501 0.0263085742 -0.0153836332
v -0.00618998986 0.0246455634 -0.0144313135
v -0.00630622031 0.0264932423 -0.0150529224
v -0.00564279966 0.0248287638 -0.014254433
v -0.00568633946 0.0266122038 -0.0148023128
v -0.00505716959 0.0249301531 -0.0141425029
v -0.00502699008 0.0266758634 -0.0146513128
v -0.00445532007 0.0249812045 -0.0141181329
v -0.00434942963 0.0266890435 -0.0146037231
v -0.0038540801 0.0249217731 -0.0141520228
v -0.00367393997 0.0266536625 -0.0146693525
v -0.00327092991 0.0248400943 -0.0142909324
v -0.00302121998 0.0265766851 -0.0148413222
v -0.00272689015 0.0246688725 -0.014493673
v -0.00241157995 0.0264250155 -0.0151007421
v -0.00223427988 0.0244754332 -0.0147877829
v -0.00186134991 0.0262174145 -0.0154419434
v -0.00181202986 0.0242280051 -0.0151441526
v -0.00139038987 0.025963795 -0.0158616533
v -0.00147171004 0.0239438829 -0.0155562927
v -0.00101102993 0.0256879336 -0.0163542131
v -0.00122501003 0.0236196747 -0.0160044238
v -0.000736029935 0.0253943027 -0.0169024232
v -0.000574689999 0.0250819447 -0.0174844328
v -0.00108375994 0.0232288043 -0.0164447737
v -0.000525689975 0.0247934249 -0.0180978522
v -0.00104184996 0.0228322045 -0.0168989537
v -0.00110505999 0.0224898243 -0.0173940039
v -0.000597940001 0.024490043 -0.0187015635
v -0.00126871001 0.0221649959 -0.0178778447
v -0.000782949966 0.0241879742 -0.0192815727
v -0.00581372948 0.0229731762 -0.0211508324
v -0.00574315991 0.0210827846 -0.0195642839
v -0.00642249966 0.0231423453 -0.020902363
v -0.00628643995 0.021225236 -0.0193383935
v -0.0069666896 0.0233535151 -0.0205685136
v -0.00677612983 0.0214190143 -0.0190401746
v -0.00743635977 0.0236275846 -0.020165113
v -0.00719560031 0.0216340752 -0.018660953
v -0.00781692006 0.0239084546 -0.019677383
v -0.00753246993 0.0219201029 -0.0182473843
v -0.00809471961 0.0242207344 -0.0191422636
v -0.00777731976 0.0222250141 -0.0177863646
v -0.00108203001 0.0238975861 -0.0198178823
v -0.0015337799 0.0218558826 -0.0183255129
v -0.00148013991 0.0236399936 -0.020304463
v -0.00188748993 0.0215895431 -0.0187383236
v -0.00197011 0.0233907345 -0.0207027134
v -0.00232204003 0.0213665753 -0.0190956833
v -0.00253432011 0.0231949054 -0.0210270242
v -0.00282322988 0.0211859435 -0.019383313
v -0.00315557979 0.0230312945 -0.021248964
v -0.00337486994 0.0210736447 -0.019605454
v -0.00381545979 0.0229217654 -0.0213710734
v -0.00396111002 0.0210226529 -0.0197463743
v -0.00381545979 0.0229217654 -0.0213710734
v -0.00396111002 0.0210226529 -0.0197463743
v 0.0083798999 0.0194824062 -0.0219132028
v 0.00842345972 0.0212643154 -0.023750713
v 0.00781492982 0.0194313958 -0.0219397344
v 0.00774875982 0.0212700356 -0.0238267331
v 0.00707012974 0.0213190847 -0.0237535945
v 0.00718128029 0.0194791558 -0.0219021331
v 0.00641757017 0.021418155 -0.0235918125
v 0.00580878975 0.0215965852 -0.0233464947
v 0.0066015101 0.0195523466 -0.0217567741
v 0.00606052997 0.0196874051 -0.0215301051
v 0.00557293976 0.0198786856 -0.0212331957
v 0.00521971984 0.021833426 -0.0230054536
v 0.00479369983 0.0220456259 -0.0225709636
v 0.00515636988 0.020115627 -0.0208692534
v 0.00441834982 0.0223173242 -0.0220730934
v 0.00482241996 0.0204001552 -0.0204573051
v 0.00414624996 0.0226115344 -0.0215237527
v 0.00458172988 0.0206990743 -0.0199938733
v 0.00398690999 0.0229249746 -0.0209415139
v 0.00444315979 0.0210243646 -0.0195067543
v 0.00394087983 0.0232517141 -0.0203473245
v 0.00440794975 0.0213872748 -0.0190286542
v 0.00401458004 0.0235621554 -0.0197492737
v 0.00448173983 0.0217409538 -0.0185475235
v 0.00420055958 0.0238899547 -0.019182983
v 0.00465670973 0.0220848333 -0.0180855837
v 0.00449876022 0.0241612954 -0.0186346034
v 0.00493359985 0.022384205 -0.0176426242
v 0.00489648012 0.0244002056 -0.0181364333
v 0.00529696979 0.0226277439 -0.0172291337
v 0.0053838701 0.0246025036 -0.017707114
v 0.00573624019 0.0227816057 -0.0168471834
v 0.00594642991 0.0247687539 -0.017362493
v 0.00624471018 0.0229571637 -0.0165776232
v 0.00656643976 0.0248897327 -0.0171107229
v 0.00679741008 0.0230455741 -0.0163642032
v 0.00722665014 0.0249659036 -0.0169662021
v 0.00734161958 0.0229296132 -0.0161381433
v 0.00790474005 0.0249994648 -0.0169316631
v 0.00792886969 0.0228445834 -0.0160426231
v 0.00858069956 0.0249547538 -0.0169912826
v 0.00852228981 0.022748374 -0.0160692348
v 0.00923431944 0.0248575536 -0.0171522226
v 0.0090960199 0.022615953 -0.016193693
v 0.00984380953 0.0246931734 -0.0174051624
v 0.00962847006 0.0224334642 -0.0164066828
v 0.0103930999 0.0244877144 -0.0177500126
v 0.0101054888 0.0222125229 -0.0166994944
v 0.0108628701 0.024230785 -0.0181698343
v 0.0105085801 0.0219535445 -0.0170636342
v 0.0112406695 0.023934984 -0.0186527531
v 0.0108282603 0.0216738927 -0.0174902638
v 0.0115130497 0.0236085742 -0.0191841826
v 0.0110517591 0.0213698234 -0.0179592444
v 0.0111735798 0.0210653127 -0.0184642337
v 0.0116706388 0.0232817546 -0.0197598741
v 0.0111907599 0.020814504 -0.0190102141
v 0.0117146298 0.0229574664 -0.0203562429
v 0.0111355698 0.020892074 -0.0195808336
v 0.011638009 0.0226384048 -0.0209520044
v 0.0110066701 0.020789245 -0.0201055221
v 0.0114498604 0.0223294051 -0.0215279325
v 0.0107582603 0.020478636 -0.0205565245
v 0.0111501394 0.0220552947 -0.0220733021
v 0.0104188798 0.0201696661 -0.0209458845
v 0.01075246 0.0218121247 -0.0225686447
v 0.00999706984 0.0199351945 -0.0213049448
v 0.0102646798 0.0216060454 -0.0229951942
v 0.00950618926 0.0197162258 -0.0215750954
v 0.00970239006 0.0214360065 -0.0233371331
v 0.00950618926 0.0197162258 -0.0215750954
v 0.00970239006 0.0214360065 -0.0233371331
v 0.00896187034 0.0195614456 -0.0217800442
v 0.0090825893 0.0213202246 -0.0235919932
v -0.000293489982 0.0200892077 -0.029677395
v -0.00166522991 0.0200107867 -0.0298969543
v -0.000289060001 0.0205959962 -0.0293697343
v -0.00182683999 0.0205441569 -0.0295781531
v -0.00322162989 0.020330778 -0.030025283
v -0.00299149007 0.0198181073 -0.0302706047
v -0.00422876002 0.0194958066 -0.0308161437
v -0.00452593993 0.0200281263 -0.0305721836
v -0.00567494985 0.0195428087 -0.0314035624
v -0.00534187024 0.019049869 -0.0315223844
v -0.00628552958 0.0184874789 -0.0323757629
v -0.00660432968 0.0189470084 -0.0323336223
v -0.00706638955 0.017840169 -0.0333332856
v -0.00750751002 0.018324548 -0.0333216551
v -0.00808706973 0.0175633802 -0.0344572355
v -0.00761493947 0.0171097181 -0.0343868165
v -0.00838332996 0.016738389 -0.035640984
v -0.00794008002 0.0163276794 -0.0354934775
v -0.00848450977 0.0158744591 -0.0368782537
v -0.00802582968 0.0155147599 -0.0366233769
v -0.00830481946 0.0150132989 -0.0380848047
v -0.00784986001 0.0146957998 -0.0377404278
v -0.00789713021 0.0141624504 -0.0392427071
v -0.00745054008 0.0138969107 -0.0388116538
v -0.00733022951 0.0133584604 -0.0402992965
v -0.00682479003 0.0131435101 -0.0398016537
v -0.00646893028 0.0125868701 -0.0412607867
v -0.00599131966 0.0124570809 -0.0406823162
v -0.00538205029 0.0119682915 -0.0420109262
v -0.00497444998 0.0118588209 -0.0414263462
v -0.00422598002 0.0114166814 -0.0426445163
v -0.00381323975 0.0113629309 -0.0420172072
v -0.00281044981 0.0110208405 -0.0430511244
v -0.00256989989 0.0109737806 -0.042407357
v -0.00118412997 0.0107411512 -0.0426629976
v -0.00131888001 0.010696772 -0.043348466
v 0.000186919991 0.0106406215 -0.0426907362
v 0.000161529999 0.0105945007 -0.0433403635
v 0.00159021001 0.0106861808 -0.0425140047
v 0.0017162899 0.0106662814 -0.0430880086
v 0.00292391004 0.0108688112 -0.0421536163
v 0.00312653976 0.0108707019 -0.0426846639
v 0.00441535003 0.011188782 -0.0421505093
v 0.00415679021 0.0111932205 -0.0416055366
v 0.00564543996 0.0117036104 -0.0413417077
v 0.00527509954 0.0116344698 -0.0409053235
v 0.0066139102 0.0122969706 -0.0404619169
v 0.00622486975 0.0121956314 -0.040053152
v 0.00698481966 0.0128512199 -0.0390859361
v 0.0073923599 0.0129996402 -0.0394609275
v 0.0080273496 0.0138154598 -0.0383162052
v 0.00752499979 0.0135833807 -0.0380307474
v 0.00785163976 0.0143644099 -0.0369253567
v 0.00835463963 0.0146459702 -0.0371758153
v 0.00843463 0.0155257689 -0.0359574552
v 0.00792559981 0.0151778397 -0.0357956846
v 0.00824085996 0.016378969 -0.0348153666
v 0.00775043014 0.0159953889 -0.0346805373
v 0.00734253973 0.0167926584 -0.0336121834
v 0.0078573795 0.0172709596 -0.0336247562
v 0.00670353975 0.0175436879 -0.0326265869
v 0.00715541979 0.0180259472 -0.0326202724
v 0.00586431986 0.0182267289 -0.0317510317
v 0.00620769942 0.0187422886 -0.0316560032
v 0.0051519 0.0193642684 -0.0308365453
v 0.00486099999 0.0188323678 -0.0309957234
v 0.00395510998 0.0198850974 -0.0301846045
v 0.00370018976 0.0193251788 -0.0304090627
v 0.00261676009 0.0202647285 -0.0296998752
v 0.00243217009 0.019710398 -0.0299797638
v 0.00116452994 0.0204956182 -0.0294169039
v 0.00108901993 0.0199707379 -0.0297289828
v -0.0103166997 0.0147422106 -0.0384075267
v -0.00989762973 0.0137688708 -0.0397042856
v -0.0107959397 0.0144930296 -0.0383453665
v -0.0103702992 0.0134684103 -0.0396579654
v -0.0104230102 0.0157936594 -0.0369851957
v -0.0108874701 0.0156339897 -0.0369100529
v -0.0103409505 0.0168966094 -0.0353955656
v -0.0108090304 0.0167693404 -0.0352234944
v -0.00997821987 0.0178329477 -0.034003957
v -0.0104289996 0.0177401395 -0.0337877822
v -0.00916284975 0.0187538987 -0.0326377327
v -0.00955936033 0.0187410781 -0.0323961737
v -0.00812807959 0.0196189573 -0.0312249831
v -0.00853403937 0.0196200077 -0.0308321941
v 0.00925215986 0.0123925205 -0.0399255458
v 0.00996061042 0.0133696898 -0.0385484883
v 0.00967937987 0.0121022803 -0.0399226551
v 0.01040297 0.0131098201 -0.038486954
v 0.0083250301 0.0115056316 -0.0411846868
v 0.00871489942 0.0111566213 -0.041230955
v 0.00697781006 0.0107270416 -0.0423538358
v 0.00728245964 0.0103711516 -0.0425001876
v 0.00543694943 0.0101399119 -0.0432746271
v 0.00567315985 0.00980262136 -0.043475886
v 0.00382319978 0.00974371162 -0.0439588178
v 0.00399967004 0.00928283181 -0.0442176548
v 0.00215798989 0.00951104129 -0.0444386874
v 0.00225417991 0.00905688191 -0.0447046583
v -0.00908597 0.0128339108 -0.0409240353
v -0.00950262975 0.0125556205 -0.0409546871
v 0.000258309999 0.00938693146 -0.044746076
v 0.000267489988 0.0089423321 -0.0449811047
v -0.0078100902 0.0117638411 -0.0422742372
v -0.00813079998 0.0114300914 -0.0424048944
v -0.00168277987 0.00948294151 -0.0447713484
v -0.00177586998 0.00904303228 -0.0449816151
v -0.00658527948 0.010991611 -0.0431828469
v -0.00687543955 0.0106084417 -0.0433339262
v -0.00357051985 0.00981743152 -0.0444516476
v -0.00375521975 0.00937383145 -0.0446492967
v -0.00528072985 0.0103019119 -0.043920965
v -0.00553449988 0.00992647159 -0.0440381441
v 0.01036005 0.0143863388 -0.0371260269
v 0.0108184898 0.0141653099 -0.0369945726
v 0.0103956601 0.0153593899 -0.035833634
v 0.0108458493 0.0151688487 -0.0356929671
v 0.0101594599 0.0164685677 -0.0343397961
v 0.0106004793 0.0163400991 -0.0341180743
v 0.0095675895 0.0175741776 -0.0328653445
v 0.00996243022 0.0175177878 -0.0325947543
v 0.00878683943 0.018525648 -0.0315618353
v 0.00916154962 0.0184931373 -0.0312076348
v 0.00743887993 0.0194669373 -0.0303403031
v 0.00772248022 0.0195132481 -0.0299434945
v 0.00632339995 0.0200867974 -0.0294576028
v 0.00659248 0.0201129265 -0.0290402232
v 0.00482055964 0.0206936675 -0.0285382141
v 0.00501569966 0.0207224973 -0.0280565433
v 0.00317124976 0.021138819 -0.0277933533
v 0.00329232984 0.0211556869 -0.0272452942
v 0.00133667002 0.0214145779 -0.0274846235
v 0.00140278996 0.0214332954 -0.0268311126
v -0.000431279972 0.0215345172 -0.0268552022
v -0.00043136999 0.0214999671 -0.0274576934
v -0.00240741996 0.0213830658 -0.0278960428
v -0.00252220989 0.0214523672 -0.0273485033
v -0.00404884014 0.0211607164 -0.0284260641
v -0.00429253979 0.0212063082 -0.0279371756
v -0.00565232988 0.0207743984 -0.0291766841
v -0.00697495975 0.0202872275 -0.0300774632
v -0.00592081016 0.0208034555 -0.0287618153
v -0.00728766015 0.0203006273 -0.0296660738
v 0.00290726009 -0.00792488624 -0.0491913243
v 0.00339455996 -0.005533466 -0.052418334
v 0.00616108999 -0.00746916726 -0.0475749394
v 0.00764576951 -0.00437059656 -0.0508636397
v -0.00143258995 -0.00880386634 -0.0502357916
v -0.00173563999 -0.00659583552 -0.0538665409
v 0.000131580047 0.027141314 -0.0137160822
v 0.00361131015 0.027429424 -0.013028483
v 0.00487026339 0.0251208963 -0.0173397965
v -0.0136598898 0.0254207933 -0.0172462432
v -0.0109613705 0.025748615 -0.0167374933
v -0.0113033401 0.0247369235 -0.0187498432
v -0.00624920009 -0.00979278668 -0.0498091903
v -0.00691978959 -0.00709791503 -0.0546397698
v -0.0169941913 0.00520324908 -0.0473322035
v -0.0214715675 0.00590550695 -0.0461199529
v -0.0170472506 0.00869633117 -0.0432863063
v -0.0209358595 0.00883866134 -0.0427811867
v -0.0254039988 0.00831678172 -0.0428728066
v -0.0258796085 0.00674789203 -0.0447068755
v -0.0298016183 0.00893490103 -0.0413315794
v -0.0310736094 0.00773616116 -0.0426048169
v -0.0349628069 0.0104403803 -0.0381178977
v -0.0330018997 0.0111409098 -0.0376385458
v -0.0352197587 0.0138779781 -0.0330792777
v -0.0331019573 0.0139502982 -0.033528056
v -0.0319351181 0.0166740776 -0.0295611948
v -0.034057267 0.0169763176 -0.0285306546
v -0.0289015193 0.0197139953 -0.0252370036
v -0.0310923196 0.0203180656 -0.0236856734
v -0.0249838401 0.0231839844 -0.0198924237
v -0.0259743892 0.0211038559 -0.0234517529
v -0.00918987952 0.0270028115 -0.0142447624
v -0.0173541289 0.0255164139 -0.0166701028
v -0.00183235004 -0.00469767443 -0.0571586167
v -0.00743788993 -0.0054317044 -0.0582620181
v 0.00365299988 -0.00344570518 -0.0554105388
v -0.0117954295 -0.00711162503 -0.0546678585
v -0.0131617701 -0.00557616457 -0.0585125215
v -0.0168705992 -0.00677922498 -0.0540696624
v -0.0187458992 -0.00514616428 -0.0578206493
v -0.0221974701 -0.00604746561 -0.0528262721
v -0.024056999 -0.00411844509 -0.0563510183
v -0.0198376793 0.00920296111 -0.0424329576
v -0.0289200302 -0.00252371551 -0.0540854975
v -0.027535418 -0.00460601641 -0.0503708509
v -0.0331334285 -0.000454276273 -0.0510228575
v -0.0317081288 -0.00272688715 -0.0475324809
v -0.036697112 0.0021329328 -0.0473153772
v -0.0352312103 -0.000496108209 -0.0439455399
v -0.0393476188 0.00507169164 -0.0431037494
v -0.037783239 0.0020532306 -0.0401068473
v -0.0409980081 0.00830923028 -0.038379816
v -0.0393666774 0.0049077098 -0.0356040174
v -0.0414661206 0.0116252487 -0.033688598
v -0.0397754684 0.00794621831 -0.030978698
v -0.0397754684 0.00794621831 -0.030978698
v -0.0392423607 0.0108973279 -0.0269435652
v -0.0414661206 0.0116252487 -0.033688598
v -0.040821027 0.0148939876 -0.0291316749
v -0.0374547988 0.0137365559 -0.0228081067
v -0.0390700698 0.0180070057 -0.0246548735
v -0.0347116888 0.0161781754 -0.0194239238
v -0.0363188908 0.0208008252 -0.020650154
v -0.0305474997 0.0183484132 -0.0160789049
v -0.0326379389 0.0233252728 -0.0171099932
v -0.0282133687 0.0254209937 -0.0142008529
v -0.0257819593 0.0203935949 -0.0131540644
v -0.0232086387 0.0270060631 -0.0120217225
v -0.0214943495 0.0221385519 -0.0107874038
v -0.0179079603 0.0282530719 -0.0103487725
v -0.017119199 0.0241234828 -0.00841186292
v -0.0124424798 0.0292534108 -0.00911292206
v -0.0116129601 0.0268374398 -0.00527217263
v -0.00624759961 0.0299918207 -0.0079551212
v -0.00649425946 0.0294950298 -0.00397300207
v -0.00258574006 0.0301814808 -0.00785201163
v -0.00254956004 0.0303446399 -0.00333819165
v 0.00319516985 0.0300218614 -0.00786590142
v 0.00397791993 0.0297064399 -0.00336993176
v 0.00937435962 0.0278025395 -0.00524508253
v 0.00846620928 0.0290073907 -0.00894027169
v -0.00398897985 0.0121910735 0.0642869654
v -0.00087448 0.0150738326 0.0639761429
v -0.00401494978 0.0183798034 0.0637920399
v -0.000505489996 0.0176377722 0.0635388913
v 0.0141112991 0.0252564329 -0.00822232357
v 0.0179311894 0.0224371529 -0.0120339231
v 0.013398909 0.0272636314 -0.0114904522
v 0.0175345 0.024952343 -0.0148259036
v 0.0205469299 0.0199327344 -0.0160360655
v 0.020511739 0.0226003148 -0.0182666438
v 0.0228009 0.0168575439 -0.0204788941
v 0.023132218 0.019639336 -0.0224900323
v 0.00839333981 -0.00197004557 -0.0534695727
v -0.0184550788 -0.00419377436 -0.0574316803
v -0.0187458992 -0.00514616428 -0.0578206493
v -0.023604231 -0.00316080484 -0.0559761197
v -0.024056999 -0.00411844509 -0.0563510183
v -0.0326380469 0.000323723665 -0.0509503595
v -0.0284081288 -0.00161613546 -0.0537572917
v -0.0331334285 -0.000454276273 -0.0510228575
v -0.0289200302 -0.00252371551 -0.0540854975
v -0.036697112 0.0021329328 -0.0473153772
v -0.0360238291 0.00290143271 -0.047312311
v -0.0384957083 0.00577198152 -0.0432196169
v -0.0393476188 0.00507169164 -0.0431037494
v -0.040291708 0.00895371022 -0.0386022044
v -0.0409980081 0.00830923028 -0.038379816
v -0.0414661206 0.0116252487 -0.033688598
v -0.0407241806 0.0120157784 -0.0342058246
v -0.0400865898 0.0151392069 -0.0297301054
v -0.040821027 0.0148939876 -0.0291316749
v -0.0384551995 0.0182659265 -0.025216934
v -0.0390700698 0.0180070057 -0.0246548735
v -0.0359366983 0.0210215152 -0.0212303846
v -0.0363188908 0.0208008252 -0.020650154
v -0.0326379389 0.0233252728 -0.0171099932
v -0.0323545076 0.0234168648 -0.0178741526
v -0.0278826486 0.0254858735 -0.0149494127
v -0.0282133687 0.0254209937 -0.0142008529
v -0.0232086387 0.0270060631 -0.0120217225
v -0.0231704079 0.0268984826 -0.0129929327
v -0.0179079603 0.0282530719 -0.0103487725
v -0.0175517797 0.028107011 -0.0112928719
v -0.0120723797 0.0290120439 -0.00998824241
v -0.0124424798 0.0292534108 -0.00911292206
v -0.00618376955 0.0297498727 -0.00879538191
v -0.00624759961 0.0299918207 -0.0079551212
v -0.00258574006 0.0301814808 -0.00785201163
v -0.00266768993 0.029868661 -0.00863765216
v 0.00311185 0.0297142626 -0.00881881213
v 0.00319516985 0.0300218614 -0.00786590142
v 0.00820691977 0.0287754917 -0.0101056618
v 0.00846620928 0.0290073907 -0.00894027169
v 0.0128807789 0.0271403134 -0.0124682925
v 0.013398909 0.0272636314 -0.0114904522
v 0.01681008 0.0250084535 -0.0155788127
v 0.0175345 0.024952343 -0.0148259036
v 0.0197290294 0.0227684038 -0.018835993
v 0.020511739 0.0226003148 -0.0182666438
v 0.023132218 0.019639336 -0.0224900323
v 0.0223730486 0.0199076055 -0.022970604
v 0.0249450393 0.0164566075 -0.0268197556
v 0.0242995303 0.016814906 -0.0272774558
v 0.0119680595 0.0251868243 -0.0163375425
v 0.0136632593 0.0238065341 -0.0185799945
v 0.00917277951 0.026194623 -0.014880802
v 0.00580040971 0.0261622131 -0.0153235127
v -0.00330596999 0.0278283838 -0.0125042218
v -0.00642718002 0.0277159435 -0.0128043825
v -0.0211288501 0.0247641253 -0.0175623641
v -0.0095559191 -0.0103033473 -0.0487870602
v -0.0134314001 -0.0136911482 -0.0400827229
v -0.0137872295 -0.0143641392 -0.0381625222
v -0.0152358497 -0.013150969 -0.0399853324
v -0.0156223904 -0.01377898 -0.0378889404
v -0.0127944192 -0.0130769591 -0.0419547332
v -0.0146837896 -0.0124144077 -0.0423155423
v -0.01387819 -0.0115179178 -0.0449697928
v -0.0117416698 -0.0125051787 -0.0438035425
v -0.0102241505 -0.0119338472 -0.0455236616
v -0.0121696992 -0.0108988671 -0.0470302395
v -0.0138372695 -0.0150691695 -0.0362630154
v -0.0156305395 -0.0145659499 -0.035925463
v -0.0155303292 -0.0154232506 -0.0340206031
v -0.0139221698 -0.0157309808 -0.0347362762
v -0.0151941199 -0.0165059909 -0.032058683
v -0.0136071797 -0.0165489898 -0.0329134919
v -0.0148014994 -0.0175478322 -0.0301386854
v -0.0131828794 -0.0175617515 -0.0310631833
v -0.0136649795 -0.0192250721 -0.0278686951
v -0.0121761998 -0.018928561 -0.028976615
v -0.0107083498 -0.0202522223 -0.0273792649
v -0.0123059703 -0.020632124 -0.0262375269
v -0.0102197891 -0.0221866545 -0.0247422759
v -0.00883494969 -0.0213111829 -0.0262532142
v -0.00776979001 -0.023421894 -0.0236552756
v -0.00685008988 -0.0220997936 -0.0254807047
v -0.00463984022 -0.0227705714 -0.024885044
v -0.00510335015 -0.0242484933 -0.0227907961
v -0.00230634003 -0.024507673 -0.0223419378
v -0.00215033977 -0.0229916339 -0.0244650567
v 0.00150427991 -0.023939693 -0.022237406
v 0.00096357998 -0.0226861118 -0.0242175856
v 0.00329540996 -0.0219965624 -0.0242326151
v 0.00414083991 -0.0228867638 -0.022504455
v 0.00704539986 -0.020950963 -0.0232922957
v 0.00414083991 -0.0228867638 -0.022504455
v 0.00629086979 -0.0204829713 -0.0245439652
v 0.00329540996 -0.0219965624 -0.0242326151
v 0.0085067898 -0.0187094032 -0.0252466345
v 0.00929018017 -0.0189265022 -0.024101905
v 0.0113653298 -0.0161021729 -0.0260233531
v 0.0102540394 -0.0163159819 -0.0269924949
v 0.0124029499 -0.0139973321 -0.0280122422
v 0.0111555597 -0.0144675315 -0.0288980232
v 0.0130329495 -0.0119459816 -0.0307825743
v 0.0116014695 -0.0129618412 -0.0310272218
v 0.0116960388 -0.0115523909 -0.0335633637
v 0.0130310496 -0.0106583111 -0.0334473914
v 0.0127868699 -0.00912172937 -0.0369690607
v 0.0113636004 -0.0101553606 -0.0368151096
v 0.0124894697 -0.00797864938 -0.0397199526
v 0.0106414789 -0.00942746892 -0.0392683919
v -0.0104843695 -0.0215907239 -0.0234800654
v -0.00800166 -0.0226469744 -0.022304595
v -0.0128426095 -0.0195354026 -0.0250694432
v -0.0143444091 -0.0179325419 -0.0269523944
v -0.0154868197 -0.0162976007 -0.0292844555
v -0.00528737996 -0.0233519355 -0.0214622456
v -0.0025114899 -0.0235691033 -0.0209556248
v 0.00137972995 -0.0230016243 -0.0208332675
v 0.00408999994 -0.0221383626 -0.0211691357
v 0.00710474001 -0.0202086249 -0.0218002646
v 0.00408999994 -0.0221383626 -0.0211691357
v 0.00947227981 -0.0180326434 -0.0227514945
v 0.0116538797 -0.0153057826 -0.0243599232
v 0.0133016296 -0.0128010125 -0.0260569022
v -0.0163224805 -0.0149050821 -0.0310731328
v -0.0172438603 -0.0137475911 -0.0326059311
v -0.0187337101 -0.0122617007 -0.0349579039
v 0.0148180099 -0.0103801811 -0.0289827818
v 0.015935339 -0.0081282906 -0.0326618127
v 0.0167191792 -0.00606568025 -0.03611931
v 0.017033929 -0.00391664908 -0.0401162739
v 0.00261496985 -0.0089998667 -0.0475428389
v 0.00537963957 -0.00873447742 -0.0460266681
v -0.00129422999 -0.00966630687 -0.0486091737
v -0.00589550007 -0.0106850063 -0.0480938732
v -0.00860132929 -0.011421707 -0.0467936092
v -0.0240239892 -0.00865818803 -0.0429344908
v -0.00133229 -0.00944929682 -0.0478170614
v -0.00575896958 -0.0104998176 -0.0472904807
v -0.00129422999 -0.00966630687 -0.0486091737
v -0.00589550007 -0.0106850063 -0.0480938732
v 0.00261496985 -0.0089998667 -0.0475428389
v 0.00233115 -0.00884222751 -0.0467944914
v 0.00488817971 -0.00853590753 -0.045331052
v 0.00537963957 -0.00873447742 -0.0460266681
v 0.0100956997 -0.00915832979 -0.0390441703
v 0.0106414789 -0.00942746892 -0.0392683919
v 0.0108010601 -0.00985835999 -0.0365944308
v 0.0113636004 -0.0101553606 -0.0368151096
v 0.0111118192 -0.0110864214 -0.0333966419
v 0.0116960388 -0.0115523909 -0.0335633637
v 0.0116014695 -0.0129618412 -0.0310272218
v 0.0110323792 -0.0125278813 -0.0309444029
v 0.0106471796 -0.0141893315 -0.0287810639
v 0.0111555597 -0.0144675315 -0.0288980232
v 0.00966513995 -0.0158291126 -0.0269445428
v 0.0102540394 -0.0163159819 -0.0269924949
v 0.00780129014 -0.0180487732 -0.0254232448
v 0.0085067898 -0.0187094032 -0.0252466345
v 0.00574153988 -0.0197776732 -0.0247266457
v 0.00629086979 -0.0204829713 -0.0245439652
v 0.00293361 -0.0211111018 -0.0243513343
v 0.00329540996 -0.0219965624 -0.0242326151
v 0.00096357998 -0.0226861118 -0.0242175856
v 0.000828159973 -0.0217179833 -0.0243333245
v 0.00329540996 -0.0219965624 -0.0242326151
v 0.00293361 -0.0211111018 -0.0243513343
v -0.00215447997 -0.0220534419 -0.0245379455
v -0.00215033977 -0.0229916339 -0.0244650567
v -0.00463984022 -0.0227705714 -0.024885044
v -0.00454327976 -0.0218769022 -0.024881326
v -0.00660078973 -0.0213045019 -0.0253253841
v -0.00685008988 -0.0220997936 -0.0254807047
v -0.00883494969 -0.0213111829 -0.0262532142
v -0.00849047024 -0.0205655624 -0.0260567348
v -0.0103371292 -0.0194986222 -0.0272352953
v -0.0107083498 -0.0202522223 -0.0273792649
v -0.0116922995 -0.0181971618 -0.0286100742
v -0.0121761998 -0.018928561 -0.028976615
v -0.0131828794 -0.0175617515 -0.0310631833
v -0.0127494298 -0.0167646717 -0.0306643553
v -0.0132155698 -0.0158177806 -0.0325286654
v -0.0136071797 -0.0165489898 -0.0329134919
v -0.0133973397 -0.0149683311 -0.0343533422
v -0.0139221698 -0.0157309808 -0.0347362762
v -0.0138372695 -0.0150691695 -0.0362630154
v -0.0134811895 -0.01460438 -0.0360038841
v -0.0133469198 -0.0139314002 -0.0379010402
v -0.0137872295 -0.0143641392 -0.0381625222
v -0.0129763698 -0.0132866991 -0.0398080906
v -0.0134314001 -0.0136911482 -0.0400827229
v -0.0123560904 -0.0126922084 -0.0415552404
v -0.0127944192 -0.0130769591 -0.0419547332
v -0.0117416698 -0.0125051787 -0.0438035425
v -0.0113362391 -0.0121284877 -0.0433460209
v -0.0102241505 -0.0119338472 -0.0455236616
v -0.00984625984 -0.011593217 -0.0449967117
v -0.00830230024 -0.0111596581 -0.0461281046
v -0.00860132929 -0.011421707 -0.0467936092
v -0.0128790904 -0.0147168308 -0.0319826829
v -0.0131064905 -0.01377429 -0.0338373221
v -0.0123676499 -0.0157971916 -0.0300886245
v -0.0131557696 -0.0131547105 -0.0353138333
v -0.0129936505 -0.0124159495 -0.0371650938
v -0.0126041099 -0.0117251488 -0.0391998807
v -0.0119823199 -0.0112484388 -0.0409378216
v -0.0110501098 -0.0108296477 -0.0427140548
v -0.0096808197 -0.0103831386 -0.0443470208
v -0.00809006952 -0.00981419711 -0.0453853634
v -0.00574637996 -0.00898862687 -0.0464062789
v -0.00152269006 -0.00780718728 -0.0467371328
v 0.00181508006 -0.00724327728 -0.045891991
v 0.00440396974 -0.00716006815 -0.0445891191
v 0.0096214097 -0.00764172934 -0.0384565724
v 0.0102229398 -0.00836492016 -0.0359225631
v 0.0107050799 -0.00971708122 -0.032861362
v 0.0104869995 -0.0112524715 -0.0302147635
v 0.00998429023 -0.0128778722 -0.0279207339
v 0.00893642008 -0.0147407422 -0.0262911043
v 0.00711791962 -0.0169515524 -0.0248861824
v 0.00516620977 -0.0185422832 -0.0243846433
v 0.00268208003 -0.0199935837 -0.024000285
v 0.00268208003 -0.0199935837 -0.024000285
v 0.000557189982 -0.0205915748 -0.0240132454
v -0.00223463983 -0.0207881825 -0.0243078768
v -0.00449346984 -0.0206964415 -0.0246338434
v -0.00633580983 -0.0203479331 -0.0250759049
v -0.00817190018 -0.0195276929 -0.0257578843
v -0.00994911976 -0.0186201821 -0.0268554346
v -0.011228499 -0.0173243618 -0.0282257432
v -0.0198542792 -0.0113916699 -0.0367094607
v -0.0215801001 -0.01034707 -0.0389256915
v -0.0226955377 -0.00966165889 -0.0407496977
v 0.0144382203 -0.0100803333 -0.0225698826
v 0.0101701794 -0.0131811846 -0.0202106534
v 0.0077773598 -0.0142227844 -0.0192312543
v 0.00544627011 -0.0151027242 -0.0184509832
v 0.0023997 -0.0161543255 -0.0175433631
v 0.0023997 -0.0161543255 -0.0175433631
v -0.000254829996 -0.016944156 -0.0174153437
v -0.00334758987 -0.0171004449 -0.0177327049
v -0.00638600998 -0.0164505753 -0.0183011151
v -0.00909009948 -0.0159348235 -0.0193999341
v -0.0113773001 -0.0150931832 -0.0205599632
v -0.0143146701 -0.0137870735 -0.0227006916
v -0.0151019702 -0.015144033 -0.0255109336
v -0.0287768003 -0.00665338915 -0.0409033912
v -0.0240948107 -0.00935362938 -0.0378701936
v -0.0251840986 -0.00872082964 -0.0397901707
v -0.0187060498 -0.0123964007 -0.0315469723
v -0.0206645988 -0.0110906709 -0.0338683046
v -0.0242643002 -0.00921412095 -0.0345426525
v -0.0190782696 -0.0114889423 -0.0282807325
v -0.0166431498 -0.0139375618 -0.0278071631
v -0.0322304182 -0.00447199965 -0.0378990707
v -0.0344855301 -0.00200559061 -0.0345855323
v -0.0356048606 0.000679348313 -0.0310087388
v -0.0357249789 0.00360079722 -0.0271078283
v -0.0272689089 -0.00703343134 -0.031569982
v -0.0206560902 -0.00865928354 -0.0246138521
v -0.0153740197 -0.00989165456 -0.0200734929
v -0.0216480084 -0.0065741842 -0.0223960317
v -0.0289967284 -0.0048406922 -0.0288607603
v -0.0300386176 -0.00239247289 -0.026165039
v -0.0222199988 -0.00498506429 -0.0207214015
v -0.0308776088 0.0010596562 -0.0231608876
v -0.0227243211 -0.00292796489 -0.0186621201
v -0.01204162 -0.0125867737 -0.019430244
v -0.00957506988 -0.0135556345 -0.0183008927
v -0.00710376957 -0.0121178351 -0.0160556934
v -0.00350981997 -0.0149015358 -0.0165278132
v -0.000921889965 -0.014928886 -0.0162291846
v 0.000360289996 -0.012643296 -0.014833233
v 0.00533946976 -0.0133595653 -0.017355373
v 0.0070841494 -0.0124536845 -0.017534643
v 0.000360289996 -0.012643296 -0.014833233
v 0.00873904955 -0.0101490248 -0.0159615715
v 0.0146772889 -0.00686584492 -0.0178673621
v -0.0206039995 -0.00545030489 -0.0196897402
v -0.0200852994 -0.00685901421 -0.0210504029
v -0.0166078191 -0.00531466572 -0.0160499099
v -0.00922001991 -0.00789309582 -0.0134927419
v -0.00142620993 -0.00935960702 -0.0120843031
v 0.00873904955 -0.0101490248 -0.0159615715
v 0.00771046989 -0.00769023684 -0.0123630224
v 0.000360289996 -0.012643296 -0.014833233
v -0.00142620993 -0.00935960702 -0.0120843031
v 0.0146772889 -0.00686584492 -0.0178673621
v 0.0140749598 -0.00433936621 -0.0139037103
v -0.0173400901 0.0100322013 -0.00734065716
v -0.017484609 0.00799938219 -0.00770110795
v -0.0168170501 0.00993574222 -0.00685664744
v -0.0170433391 0.00782845179 -0.00727757741
v -0.0171065498 0.00561480198 -0.00769532833
v -0.0175639298 0.00568104241 -0.00809331831
v -0.0166261792 0.0118779911 -0.0064620367
v -0.0171249192 0.0120925717 -0.00693082671
v -0.0162374694 0.0142154905 -0.0059855463
v -0.0167449601 0.0143804223 -0.00639487603
v -0.0156381205 0.0162928212 -0.00546811549
v -0.0161891598 0.0166801099 -0.00577090512
v -0.0154194999 0.0185439898 -0.00489966492
v -0.0148650501 0.0181126607 -0.00470004489
v -0.0141218603 0.0196392416 -0.00373710444
v -0.0146784699 0.0202414907 -0.00405829461
v -0.0133423097 0.0212451598 -0.00209285423
v -0.0136846993 0.0218258097 -0.00245017414
v -0.0130383894 0.0228153804 -0.000551103828
v -0.0128584299 0.02215199 -0.000377304022
v -0.0127307493 0.022678589 0.00160347605
v -0.0126482295 0.0233485788 0.00157658615
v -0.0126647493 0.0226755486 0.00384315619
v -0.0125846192 0.0231946789 0.00402199635
v -0.0127037894 0.0223834183 0.00571888635
v -0.0126026589 0.0229176882 0.00596455588
v -0.0128979897 0.0216362568 0.0076105555
v -0.0128071792 0.0222081558 0.00799736605
v -0.0132092293 0.0206043174 0.00912079489
v -0.0131299095 0.0210849971 0.00971001581
v -0.0136357499 0.0186932562 0.0105120553
v -0.0136656901 0.0190719969 0.0111597846
v -0.01400558 0.0169368561 0.0113489943
v -0.0140478499 0.0172784967 0.0120960241
v -0.0144543899 0.0149265662 0.0125247634
v -0.0143673997 0.0147493161 0.0117992836
v -0.0148078799 0.012179526 0.0123497029
v -0.0146212094 0.0122072964 0.0115008527
v -0.0150085492 0.00952628678 0.0119890224
v -0.0147902798 0.0095369265 0.0109117122
v -0.0150814401 0.00727046719 0.0114270012
v -0.0148650296 0.00729163686 0.0105143013
v -0.0150477896 0.00539329676 0.0110913809
v -0.0147598693 0.00552741726 0.0100733615
v -0.0145926289 0.00357932755 0.00973804112
v -0.0149224196 0.00356990694 0.0107858712
v -0.0142751001 0.00127364738 0.00924873014
v -0.0145605803 0.00100566723 0.0100822796
v -0.0140466588 -0.0012604524 0.0089712093
v -0.0138209499 -0.000754202196 0.00824513918
v -0.0135121299 -0.00276432196 0.00729558915
v -0.0132619496 -0.00219971168 0.00669589906
v -0.0128439497 -0.00402409113 0.00502856899
v -0.0128184399 -0.0034930411 0.00456778891
v -0.0124973999 -0.00445534049 0.00321855858
v -0.0125493091 -0.00395702095 0.00308406899
v -0.0122194504 -0.00469677047 0.00135512861
v -0.0123739801 -0.00432388053 0.00128417881
v -0.01240726 -0.00426185951 -0.000661181151
v -0.012194789 -0.00460082973 -0.000685441205
v -0.01240726 -0.00426185951 -0.000661181151
v -0.0128201302 -0.00382235927 -0.00256506084
v -0.012194789 -0.00460082973 -0.000685441205
v -0.0125438701 -0.00424327904 -0.00285353113
v -0.0139016695 -0.00272639852 -0.00476524074
v -0.0137235401 -0.00307380853 -0.00511307073
v -0.0149137396 -0.00166213823 -0.00662366997
v -0.0149283297 -0.00127654834 -0.00616390013
v -0.0162986498 0.000739942079 -0.00760602978
v -0.0164171997 0.000589412113 -0.00801551978
v -0.0171374083 0.00322779204 -0.00802665862
v -0.0173892789 0.0031979421 -0.0084290291
v -0.0118545787 0.0208140804 -0.0021166543
v -0.01130882 0.0218594913 -0.000320924102
v -0.0128698796 0.0191877606 -0.00369681484
v -0.0137107503 0.0177079805 -0.00456675504
v -0.0144422306 0.015968842 -0.00525460568
v -0.0149911903 0.0140911319 -0.00569541607
v -0.0155102704 0.0116551814 -0.00613810694
v -0.0156010306 0.00984219165 -0.00630349727
v -0.0156426709 0.00787125146 -0.00658664781
v -0.0157832205 0.0058276217 -0.00745048823
v -0.0153568396 0.00361536186 -0.00776847914
v -0.0148359705 0.00149376202 -0.0073913993
v -0.0135456389 -0.000585478331 -0.00625304987
v -0.0124466894 -0.00184497865 -0.0048078704
v -0.0112086292 -0.00315223908 -0.00279623075
v -0.0105526699 -0.00360053962 -0.000947150962
v -0.0101503097 -0.00371338032 0.000897939018
v -0.0105526699 -0.00360053962 -0.000947150962
v -0.0101538599 -0.00350231052 0.00272885919
v -0.0111327693 -0.00296497089 0.0043303288
v -0.0117687704 -0.0019304317 0.00649865898
v -0.0119401002 -0.000147212218 0.00826326009
v -0.0129219787 0.00162864747 0.00899788036
v -0.0132190697 0.00374488745 0.00944073133
v -0.01331334 0.00565410701 0.00978230092
v -0.0133679491 0.00729491709 0.0100956718
v -0.0132947303 0.00959464718 0.0105139527
v -0.0132132899 0.0119920269 0.0110121932
v -0.0130360601 0.0142609167 0.0112501542
v -0.0126687 0.016193847 0.0109690946
v -0.0121726096 0.0181179969 0.0101321854
v -0.0117968088 0.0198178677 0.00893375531
v -0.01144657 0.0208913366 0.00751884517
v -0.0111837303 0.021553608 0.00577377595
v -0.0111033199 0.0219595273 0.00380329586
v -0.0111366194 0.0219771392 0.00176838584
v -0.0148697393 0.0219752319 -0.00547021363
v -0.0146784699 0.0202414907 -0.00405829461
v -0.0136921089 0.0231766712 -0.00423297362
v -0.0136846993 0.0218258097 -0.00245017414
v -0.0121173095 0.0246600605 -0.00134623343
v -0.0130383894 0.0228153804 -0.000551103828
v -0.0104424497 0.0267976806 -0.00170188271
v -0.00678684004 0.0292977805 -0.000973732079
v -0.0163827296 0.020005742 -0.00678771429
v -0.0154194999 0.0185439898 -0.00489966492
v -0.01765549 0.0176209307 -0.00793982476
v -0.0161891598 0.0166801099 -0.00577090512
v -0.0167449601 0.0143804223 -0.00639487603
v -0.0190491695 0.0149412525 -0.0094457359
v -0.0186083186 0.0200584219 -0.00890586452
v -0.0173261501 0.0213837422 -0.00797841403
v -0.0185890999 0.0100327923 -0.00935687693
v -0.0173400901 0.0100322013 -0.00734065716
v -0.0183844194 0.0121170623 -0.00893113623
v -0.0171249192 0.0120925717 -0.00693082671
v -0.017484609 0.00799938219 -0.00770110795
v -0.0196943283 0.00827225312 -0.0109185983
v -0.0175639298 0.00568104241 -0.00809331831
v -0.0196681395 0.00567678246 -0.0112707283
v -0.0173892789 0.0031979421 -0.0084290291
v -0.0194575097 0.00225958318 -0.0120105886
v -0.0164171997 0.000589412113 -0.00801551978
v -0.0176392198 -0.000561826919 -0.0114850999
v -0.0153361103 -0.00277354701 -0.0106429903
v -0.0149137396 -0.00166213823 -0.00662366997
v -0.0137235401 -0.00307380853 -0.00511307073
v -0.0111571206 -0.00527022784 -0.0084779612
v -0.00922001991 -0.00789309582 -0.0134927419
v -0.0166078191 -0.00531466572 -0.0160499099
v -0.0227243211 -0.00292796489 -0.0186621201
v -0.0225885604 0.0139060436 -0.012442016
v -0.0269628689 0.0115690637 -0.0156472164
v -0.0303152483 0.00838970521 -0.0186336279
v -0.0338151194 0.00715034579 -0.0219335779
v -0.0359594002 0.00654633635 -0.024731137
v -0.0357249789 0.00360079722 -0.0271078283
v -0.0308776088 0.0010596562 -0.0231608876
v -0.0218188502 0.00777611347 -0.0130389778
v -0.0250041597 0.00720913381 -0.0155410775
v -0.02121149 0.00500910334 -0.0130317086
v -0.0225423407 0.00196699391 -0.0151759493
v -0.00142620993 -0.00935960702 -0.0120843031
v -0.00171150989 -0.00710716778 -0.00764724198
v -0.00171150989 -0.00710716778 -0.00764724198
v 0.00669041974 -0.00596103798 -0.00764808126
v 0.0133089991 -0.00280810784 -0.00838390068
v 0.0186458398 0.00470659273 -0.0102771592
v 0.019205289 0.000954174514 -0.0169657802
v 0.018640399 0.0164641814 -0.00769618549
v 0.0201785397 0.0159174537 -0.012911905
v 0.0149985095 0.0225309107 -0.0038293039
v 0.0105282599 0.0267644489 -0.000533322771
v 0.00486474996 0.0295603291 0.00106133791
v -0.00256379996 0.0305468379 0.00181740819
v -0.0126482295 0.0233485788 0.00157658615
v -0.0117083704 0.0249769981 0.00189445676
v -0.0101637095 0.0268701589 0.00198635715
v -0.00694572972 0.0292833982 0.00215614792
v -0.00980859995 -0.00575561902 -0.00394861136
v -0.0125438701 -0.00424327904 -0.00285353113
v -0.012194789 -0.00460082973 -0.000685441205
v -0.00928281993 -0.00622287973 -0.000917111624
v -0.0122194504 -0.00469677047 0.00135512861
v -0.00930275023 -0.00649055048 0.00175946823
v -0.0124973999 -0.00445534049 0.00321855858
v -0.00925427955 -0.00673672113 0.00429000804
v -0.0128439497 -0.00402409113 0.00502856899
v -0.00942946039 -0.006809352 0.0070410278
v -0.0135121299 -0.00276432196 0.00729558915
v -0.00956131984 -0.00692856323 0.0125625981
v -0.00176702999 -0.0070907893 -0.00334906187
v 0.0055517694 -0.00624690927 -0.00258787167
v -0.00176702999 -0.0070907893 -0.00334906187
v 0.0119664595 -0.0034310896 -0.00207760091
v 0.0169691797 0.00264664051 -0.0021138992
v 0.0182353202 0.0129650109 -0.00145766652
v 0.0160885882 0.0198905894 0.000964625263
v 0.0128266793 0.024589198 0.00578114632
v 0.0060242801 0.0293222779 0.00642181743
v -0.00279852981 0.0308078975 0.00681664784
v -0.00728880987 0.0291472993 0.00602528724
v -0.0102061797 0.0267318268 0.00531628701
v -0.0115339896 0.0250291979 0.00496330645
v -0.0125846192 0.0231946789 0.00402199635
v -0.0135037899 -0.00227409316 0.0119299296
v -0.0140466588 -0.0012604524 0.0089712093
v -0.0109451097 0.0255183567 0.0106764262
v -0.0116325999 0.024710428 0.00697365648
v -0.0128071792 0.0222081558 0.00799736605
v -0.0126026589 0.0229176882 0.00596455588
v -0.0131299095 0.0210849971 0.00971001581
v -0.0136656901 0.0190719969 0.0111597846
v -0.01265625 0.0221638668 0.0112059055
v -0.0133129098 0.0200193359 0.0129097456
v -0.0131673198 0.0199125049 0.016347544
v -0.0140478499 0.0172784967 0.0120960241
v -0.0142766405 0.015257756 0.0145561233
v -0.0144543899 0.0149265662 0.0125247634
v -0.0146841705 0.0120954856 0.0145427328
v -0.0148078799 0.012179526 0.0123497029
v -0.0146861989 0.0100073955 0.0169310019
v -0.0150085492 0.00952628678 0.0119890224
v -0.0149274794 0.00687938602 0.0139039215
v -0.0150814401 0.00727046719 0.0114270012
v -0.0148915304 0.00502944659 0.0133149311
v -0.0150477896 0.00539329676 0.0110913809
v -0.0149224196 0.00356990694 0.0107858712
v -0.0144281005 0.00281478543 0.0170149196
v -0.01434136 0.00060912661 0.0126772292
v -0.0145605803 0.00100566723 0.0100822796
v -0.0129449796 -0.00243424508 0.0190759202
v -0.00948033947 -0.00676140554 0.020511549
v -0.00185099 -0.00765638996 0.000401017934
v -0.00773859024 -0.00724667088 0.00383681819
v -0.00773148984 -0.00708851047 0.00228847792
v -0.00227132998 -0.00871673169 0.00828020692
v -0.0024935999 -0.00916148362 0.0143369579
v -0.00269989995 -0.00924142566 0.0216519063
v 0.00493629975 -0.00701519062 0.00198728799
v -0.00185099 -0.00765638996 0.000401017934
v 0.00438646972 -0.00794167227 0.00924943733
v -0.00227132998 -0.00871673169 0.00828020692
v 0.00395498006 -0.00837620393 0.0155594978
v -0.0024935999 -0.00916148362 0.0143369579
v 0.00331457984 -0.00838963548 0.0225366182
v -0.00269989995 -0.00924142566 0.0216519063
v 0.0115368599 -0.00416367073 0.00311717861
v 0.0108025204 -0.0050516123 0.0100820181
v 0.0101557197 -0.00551216418 0.0163692482
v 0.0097090099 -0.0053050664 0.0231079482
v 0.01645354 0.00185805903 0.00367947043
v 0.0160456896 0.00135726739 0.00992420073
v 0.015680179 0.00123042566 0.0160691797
v 0.0151873892 0.00133498383 0.0226226397
v 0.0181154087 0.00982871916 0.00401451237
v 0.0178389996 0.00921897713 0.00927658254
v 0.017547179 0.00926299543 0.015204773
v 0.0172120407 0.00946925369 0.0217175304
v 0.017190069 0.0166024797 0.0039379944
v 0.0168336798 0.0172539276 0.0079475045
v 0.0165526997 0.0175343454 0.0139292144
v 0.0162653401 0.0178276338 0.020517503
v 0.0126657402 0.0247809555 0.0125802263
v 0.0124141891 0.0250643235 0.0193799261
v 0.00628675986 0.0294642955 0.0125133176
v 0.00603070948 0.0297531044 0.0187844584
v -0.00294263987 0.0311114662 0.0123965582
v -0.00314689986 0.0314053248 0.0183897066
v -0.00760195963 0.0290754071 0.0115209272
v -0.00788170006 0.0290156836 0.0172683377
v -0.0126053402 0.020619382 0.0248792339
v -0.0141507797 0.011345863 0.0256580108
v -0.00820504036 0.0289025016 0.0250634666
v -0.00331107993 0.0317931107 0.0253053393
v -0.0139970193 0.00408029268 0.0263265904
v -0.0126442695 -0.00161403732 0.0272969506
v -0.00957623962 -0.00602257781 0.0283518175
v -0.00295802997 -0.00880177829 0.0293907164
v 0.00278257998 -0.00794144779 0.0299157274
v -0.00295802997 -0.00880177829 0.0293907164
v 0.00939939916 -0.00466896802 0.0302962872
v 0.0146129197 0.0015956619 0.0297243003
v 0.0168407205 0.00967788202 0.0287748713
v 0.0160005987 0.0180939026 0.0276071552
v 0.0120978104 0.0254725016 0.0264373062
v 0.00573580014 0.0300927317 0.025626457
v 0.00234084995 -0.00694061984 0.0374679547
v 0.0019136999 -0.0052781021 0.0449598306
v -0.00319254003 -0.00767815981 0.0374967584
v -0.00348932995 -0.00590089193 0.044946479
v -0.00973485969 -0.00267449184 0.0441806384
v -0.0096121598 -0.00472992987 0.0364670778
v -0.00348932995 -0.00590089193 0.044946479
v -0.00319254003 -0.00767815981 0.0374967584
v 0.00113396998 -0.00212770422 0.052893299
v -0.00391570013 -0.00282785385 0.0526812665
v -0.00925953966 0.000219255892 0.0524665788
v -0.00391570013 -0.00282785385 0.0526812665
v 0.00850932021 -0.00218835201 0.0453382091
v 0.0089947097 -0.00366886998 0.0377426473
v 0.0135408696 0.00338697809 0.0449579367
v 0.0140250595 0.00221269996 0.0373024984
v 0.0164062399 0.0100251096 0.0364435603
v 0.0159784891 0.0107026577 0.0442489601
v 0.0156903602 0.0185886396 0.0352083457
v 0.0154147996 0.0190266273 0.0433850526
v 0.0117719397 0.0259416906 0.0339162457
v 0.0113722505 0.0263717172 0.0424177643
v -0.00396811962 0.0319298579 0.0420851682
v 0.00438937964 0.030769348 0.0422728368
v -0.00362009997 0.0320963585 0.0330078167
v 0.00522122951 0.0305285905 0.0332186192
v -0.00823867042 0.0288040282 0.0422246683
v -0.00825676043 0.0290005993 0.0331747461
v -0.0121780504 0.0209635219 0.0338087958
v -0.0117492601 0.0210367494 0.0426799861
v -0.0136424499 0.0123378802 0.0345139201
v -0.0131386006 0.0129632079 0.0432001536
v -0.0135557996 0.00528447036 0.0352055407
v -0.0130914105 0.0065393182 0.0435017775
v -0.0124481106 5.40903989e-05 0.0357325487
v -0.0121447798 0.00178980829 0.0436973986
v 0.00747229997 0.00048246583 0.0526707509
v 0.0119993305 0.00505605608 0.0524290627
v 0.0146534797 0.0117388358 0.0519705223
v 0.01420068 0.0193309552 0.0516786441
v 0.0101715196 0.0259117961 0.0513342055
v -0.0041249902 0.0301894537 0.0516522757
v 0.0034948301 0.029529405 0.0512219896
v -0.00783140957 0.0271228357 0.0516599937
v -0.0107150599 0.0204130048 0.0521190631
v -0.012030689 0.0134382061 0.052138213
v -0.0119766099 0.00775690559 0.0521197526
v -0.0111385593 0.00387136607 0.0522737104
v -0.00698832981 0.00242803459 0.0570345304
v -0.00722563034 0.00239881444 0.0575542382
v -0.00744409952 0.0024433746 0.0571939803
v -0.00693992944 0.001679595 0.0558218364
v -0.00738075003 0.00170538509 0.0557395224
v -0.00709276972 0.00136183513 0.0555793796
v -0.00541064003 0.00110250492 0.0562642704
v -0.0053857998 0.000727984956 0.0560365284
v -0.00513458997 0.000855394857 0.0563752691
v -0.00550111989 0.00181852434 0.0580016268
v -0.00543871988 0.00182928438 0.0575358575
v -0.00516934972 0.00151152438 0.0577925112
v -0.00709276972 0.00136183513 0.0555793796
v -0.0053857998 0.000727984956 0.0560365284
v -0.00550111989 0.00181852434 0.0580016268
v -0.00722563034 0.00239881444 0.0575542382
v -0.00504199974 0.000151504772 0.0566637405
v -0.00529428013 -2.59551457e-05 0.0563684776
v -0.00764764007 0.00110693494 0.0560078363
v -0.00750911981 0.000664885012 0.0557712579
v -0.00769643998 0.00227285449 0.057433237
v -0.00743381027 0.00231161442 0.0577649667
v -0.0054062698 0.00157156425 0.0584211689
v -0.00508362986 0.00127829433 0.0581868704
v -0.00772375986 0.000355665111 0.0553259254
v -0.00750911981 0.000664885012 0.0557712579
v -0.00813235994 0.00106855497 0.0557538609
v -0.00764764007 0.00110693494 0.0560078363
v -0.00504199974 0.000151504772 0.0566637405
v -0.00529428013 -2.59551457e-05 0.0563684776
v -0.00463411957 -0.000240875232 0.0566928908
v -0.00523843989 -0.000573895024 0.0559806077
v -0.00508362986 0.00127829433 0.0581868704
v -0.00474066986 0.00126745424 0.0584717583
v -0.0054062698 0.00157156425 0.0584211689
v -0.00529742986 0.00180365404 0.0588229415
v -0.00743381027 0.00231161442 0.0577649667
v -0.00760642998 0.00261808443 0.0580397777
v -0.00769643998 0.00227285449 0.057433237
v -0.00811261963 0.00250379457 0.0573801405
v -0.00529428013 -2.59551457e-05 0.0563684776
v -0.00750911981 0.000664885012 0.0557712579
v -0.00743381027 0.00231161442 0.0577649667
v -0.0054062698 0.00157156425 0.0584211689
v -0.00925953966 0.000219255892 0.0524665788
v -0.00391570013 -0.00282785385 0.0526812665
v -0.00744487997 0.00343237434 0.0584506178
v -0.00547730969 0.00247076403 0.0591604605
v -0.00809986982 0.00371466427 0.0584353591
v -0.0077253799 0.00389181435 0.0586077879
v -0.0047088 0.00226522385 0.0594815767
v -0.00521193026 0.00271994397 0.0594235182
v -0.00471128989 0.00411993348 0.0610221896
v -0.00532684987 0.00475653339 0.0612164302
v -0.00527011976 0.00427229382 0.0604466211
v -0.00557505013 0.0046192035 0.0606716921
v -0.00757250004 0.00593969373 0.0603926794
v -0.0080704093 0.00551428393 0.0596682705
v -0.00722843967 0.00550825398 0.0600447073
v -0.00768862013 0.0054338638 0.059513697
v -0.00722843967 0.00550825398 0.0600447073
v -0.00768862013 0.0054338638 0.059513697
v -0.00710880989 0.00554701388 0.0596250907
v -0.00733008981 0.00551802423 0.0592569016
v -0.00529215997 0.00446432379 0.0600518783
v -0.00527011976 0.00427229382 0.0604466211
v -0.00550127029 0.00482649369 0.0601557208
v -0.00557505013 0.0046192035 0.0606716921
v -0.00523974001 0.00344648391 0.0591817507
v -0.00541089009 0.00341642393 0.0588715421
v -0.00521193026 0.00271994397 0.0594235182
v -0.00547730969 0.00247076403 0.0591604605
v -0.00744487997 0.00343237434 0.0584506178
v -0.00694262004 0.00405508436 0.058314291
v -0.0077253799 0.00389181435 0.0586077879
v -0.00714044971 0.00433714424 0.0583463286
v -0.00550437951 0.00377645411 0.059019928
v -0.00685863011 0.0043298943 0.0585540023
v -0.00698752981 0.00534773421 0.0593351699
v -0.00553206028 0.00466307415 0.0598142197
v -0.00541089009 0.00341642393 0.0588715421
v -0.00694262004 0.00405508436 0.058314291
v -0.00550127029 0.00482649369 0.0601557208
v -0.00710880989 0.00554701388 0.0596250907
v -0.00547730969 0.00247076403 0.0591604605
v -0.00744487997 0.00343237434 0.0584506178
v -0.00722843967 0.00550825398 0.0600447073
v -0.00557505013 0.0046192035 0.0606716921
v -0.00909984019 0.00198034503 0.0553483559
v -0.00388909015 -0.000307405266 0.0568078606
v -0.00394731993 0.00163374419 0.0590518196
v -0.00393167976 0.00449591342 0.0614365389
v -0.00391303981 0.00600195352 0.0623069012
v -0.00831650011 0.00856344357 0.0605798312
v -0.00869910978 0.00628927432 0.0593312139
v -0.00893018022 0.00372702461 0.0573417703
v 0.000434760004 0.000569904687 0.0569744112
v -0.00388909015 -0.000307405266 0.0568078606
v 0.00113396998 -0.00212770422 0.052893299
v -0.00391570013 -0.00282785385 0.0526812665
v 0.00607488956 0.00306295475 0.0567781784
v 0.00747229997 0.00048246583 0.0526707509
v 0.0119993305 0.00505605608 0.0524290627
v 0.0099502597 0.00695745477 0.0565647911
v 0.0146534797 0.0117388358 0.0519705223
v 0.01224388 0.0127415049 0.0562712026
v 0.01420068 0.0193309552 0.0516786441
v 0.0117009301 0.0191644149 0.0560372263
v 0.0101715196 0.0259117961 0.0513342055
v 0.00862388965 0.0237195453 0.0561009262
v 0.0027787101 0.0267393139 0.0566716452
v 0.0034948301 0.029529405 0.0512219896
v -0.00423123967 0.0273989733 0.0570774152
v -0.0041249902 0.0301894537 0.0516522757
v -0.0070123896 0.0247061826 0.0567620947
v -0.00423123967 0.0273989733 0.0570774152
v -0.00783140957 0.0271228357 0.0516599937
v -0.0041249902 0.0301894537 0.0516522757
v -0.00935112964 0.0198840645 0.0566092448
v -0.0107150599 0.0204130048 0.0521190631
v -0.012030689 0.0134382061 0.052138213
v -0.0106930304 0.0133975043 0.0566409341
v -0.0105159404 0.00828688465 0.0567071572
v -0.0119766099 0.00775690559 0.0521197526
v -0.0111385593 0.00387136607 0.0522737104
v -0.0099504292 0.00556440478 0.0567158513
v -0.00973127969 0.00275457501 0.0549423963
v -0.00953001995 0.00451605449 0.0568874416
v -0.00880671944 0.0131001943 0.0605190432
v -0.00769688003 0.018826284 0.0604337616
v -0.0061571002 0.0218974916 0.0604745432
v -0.00409090007 0.023021553 0.0614392223
v -0.00409090007 0.023021553 0.0614392223
v 0.00186387997 0.0222984426 0.0609667622
v 0.00611225003 0.0206213246 0.0599583443
v 0.00772099011 0.0178828227 0.0599367555
v 0.00823052973 0.0135088532 0.0600536316
v 0.00640196959 0.0101398635 0.06058517
v 0.00410027988 0.00794668347 0.0609757177
v -6.24999984e-06 0.00629843369 0.0617831441
v -0.0021275701 0.00186224404 0.0591352773
v -0.00394731993 0.00163374419 0.0590518196
v -0.00224693003 0.00396818381 0.0609131615
v -0.00393167976 0.00449591342 0.0614365389
v -0.00391303981 0.00600195352 0.0623069012
v -0.0059882896 0.0101239829 0.0629984838
v -0.00396854989 0.00916293229 0.06367519
v -0.00624541985 0.0126136725 0.0632439662
v -0.00573270954 0.0182544923 0.062883762
v -0.00500617968 0.0202944409 0.0625429506
v -0.00405128999 0.0207427832 0.0628111344
v -0.00401494978 0.0183798034 0.0637920399
v -0.00398897985 0.0121910735 0.0642869654
v -0.00396854989 0.00916293229 0.06367519
v -0.000342279993 0.00915251281 0.0630749489
v 0.00303054973 0.0104282927 0.0622569351
v 0.00431187963 0.0118673128 0.0620366739
v 0.00517724967 0.0142242631 0.0618252643
v 0.00558901019 0.017099513 0.0613843509
v 0.00434901984 0.0190455823 0.0614975742
v 0.00143085001 0.0198795125 0.0623030939
v -0.00405128999 0.0207427832 0.0628111344
v 0.000698190008 0.014802653 0.0635447691
v 0.00102461001 0.0176273527 0.0631125617
v 0.000175010005 0.011925643 0.0635392847
v -0.00632769987 0.0173330075 -0.0315784654
v -0.00850559957 0.0165978171 -0.0289582249
v -0.0071157096 0.0167050691 -0.0325472757
v -0.00956929941 0.0157501686 -0.0302659566
v -0.0103736492 0.0148071387 -0.031686235
v -0.00771157956 0.0160064583 -0.0335994469
v -0.0108608194 0.0137836594 -0.0331924074
v -0.00807247963 0.0152482493 -0.0347152274
v -0.0110160392 0.0127119189 -0.0347372073
v -0.00818747934 0.0144542692 -0.0358596554
v -0.00801755022 0.0136523197 -0.0369894058
v -0.0107866591 0.0116293891 -0.0362622148
v -0.00758619001 0.0128726996 -0.0380634258
v -0.0102043897 0.0105770099 -0.0377119975
v -0.00693398993 0.01213762 -0.0390536641
v -0.00932401977 0.00958473074 -0.039048658
v -0.00817300938 0.00868384038 -0.0402300744
v -0.00608129986 0.0114702103 -0.0399288765
v -0.00679655001 0.00788697125 -0.0412423776
v -0.00506159011 0.0108798805 -0.0406787888
v -0.00521633029 0.00722935109 -0.0420371535
v -0.00389091996 0.0103926909 -0.0412675859
v -0.00349366991 0.00671671172 -0.0426118766
v -0.00261476007 0.0100129405 -0.0416933644
v -0.00165624998 0.00639380177 -0.0429052172
v -0.00125356996 0.00977370152 -0.0419106457
v -0.0130481692 0.00413057306 -0.0487069663
v -0.00755680958 -0.00449071434 -0.0578588595
v -0.00215010997 -0.00381618444 -0.0568671162
v -0.00743788993 -0.0054317044 -0.0582620181
v -0.00183235004 -0.00469767443 -0.0571586167
v -0.0131382197 -0.00465575442 -0.0580846009
v -0.00943560991 0.00322065349 -0.049732606
v -0.00583235966 0.00271808331 -0.0502059303
v -0.0131617701 -0.00557616457 -0.0585125215
v -0.00240033004 0.00258413351 -0.0501886413
v 0.00106245 0.00253386346 -0.0499780767
v 0.00337539986 -0.00256080516 -0.0551045171
v 0.00365299988 -0.00344570518 -0.0554105388
v 0.00798875932 -0.00122798561 -0.0532572422
v 0.00465153018 0.00279308318 -0.0493178509
v 0.00839333981 -0.00197004557 -0.0534695727
v 0.0142223407 0.0222554543 -0.0212869938
v 0.0147715602 0.0195540464 -0.025800614
v 0.0171056595 0.0167413471 -0.0296058945
v 0.0131688798 0.00564489184 -0.0449013173
v 0.0155942794 0.00698521162 -0.0428687353
v 0.0177869201 0.0027256228 -0.0474611886
v 0.0210803598 0.004756552 -0.0444150368
v 0.0116110398 0.000125583792 -0.0513645298
v 0.00801599026 0.00352304278 -0.0481028212
v 0.0183094498 0.0020885628 -0.0475941779
v 0.0217623301 0.0041798617 -0.0444695603
v 0.0120886303 -0.000624676159 -0.0516203383
v 0.0151797403 0.000682473358 -0.0498218088
v 0.0146683501 0.00134489329 -0.0495719086
v 0.0179341696 -0.00030861794 -0.0448723399
v 0.0214954801 0.00184312118 -0.041751496
v 0.0209545102 -0.000799099813 -0.0378527681
v 0.0217623301 0.0041798617 -0.0444695603
v 0.0183094498 0.0020885628 -0.0475941779
v 0.0111172795 -0.00323625658 -0.0492376992
v 0.0120886303 -0.000624676159 -0.0516203383
v 0.0151797403 0.000682473358 -0.0498218088
v 0.0145812593 -0.00187329739 -0.0471973424
v 0.00852319971 -0.00718338716 -0.0459730905
v 0.0115354098 -0.00739313831 -0.0422209596
v 0.0101704998 -0.00723598781 -0.0442024638
v 0.00977968983 -0.00900854926 -0.0412042016
v 0.00723815942 -0.00867113764 -0.0445318096
v 0.00850140955 -0.00871611808 -0.0432268107
v 0.00682487013 -0.00860096824 -0.0439126403
v 0.00488817971 -0.00853590753 -0.045331052
v 0.00723815942 -0.00867113764 -0.0445318096
v 0.00537963957 -0.00873447742 -0.0460266681
v 0.0092458101 -0.00882555843 -0.0408644514
v 0.00977968983 -0.00900854926 -0.0412042016
v 0.0100956997 -0.00915832979 -0.0390441703
v 0.0106414789 -0.00942746892 -0.0392683919
v 0.00797017943 -0.0086297185 -0.0426810407
v 0.00850140955 -0.00871611808 -0.0432268107
v 0.00630431995 -0.00739714831 -0.0432715101
v 0.00440396974 -0.00716006815 -0.0445891191
v 0.00630431995 -0.00739714831 -0.0432715101
v 0.00440396974 -0.00716006815 -0.0445891191
v 0.00878702942 -0.00753549897 -0.0401813632
v 0.0096214097 -0.00764172934 -0.0384565724
v 0.0107050799 -0.00971708122 -0.032861362
v 0.00756940013 -0.00736627856 -0.0420288426
v 0.00878702942 -0.00753549897 -0.0401813632
v 0.00756940013 -0.00736627856 -0.0420288426
v 0.0107235704 0.0045029325 -0.0466178047
v 0.0235059094 0.00683774092 -0.0412806776
v 0.017414581 0.00848661059 -0.0406558156
v 0.0241317283 0.00642675102 -0.0410983955
v 0.0237069298 0.0040443504 -0.0387178276
v 0.0241317283 0.00642675102 -0.0410983955
v 0.0247753002 0.00580027928 -0.0362466782
v 0.0252499692 0.0081700907 -0.0384509765
v 0.024688419 0.00866109054 -0.0386488265
v 0.0183448903 0.0101574697 -0.0383379767
v 0.0252499692 0.0081700907 -0.0384509765
v 0.0183199886 0.0119570488 -0.0359990863
v 0.0253239609 0.0102260993 -0.0364160361
v 0.0253455304 0.0134398483 -0.0319337846
v 0.0177825503 0.0151740882 -0.0316913832
v 0.0258207507 0.00976799937 -0.0362455856
v 0.02597275 0.0130124186 -0.0316451157
v 0.0260508694 0.0116324878 -0.0336537367
v 0.0254361499 0.0120536785 -0.0338785877
v 0.0205888785 -0.00265999082 -0.0341528289
v 0.0200142898 -0.00427834174 -0.0295986601
v 0.0230822098 0.0014685394 -0.0352446507
v 0.0225151889 -0.000346961396 -0.0319722184
v 0.025316719 0.00731482947 -0.0340904276
v 0.0258207507 0.00976799937 -0.0362455856
v 0.025520239 0.00898240799 -0.0316612957
v 0.0260508694 0.0116324878 -0.0336537367
v 0.0255125593 0.0103624673 -0.0297389357
v 0.02597275 0.0130124186 -0.0316451157
v 0.024585221 0.00657297741 -0.0268720278
v 0.0246337298 0.00540465758 -0.0290601779
v 0.0245629679 0.0137359362 -0.0250860043
v 0.0249450393 0.0164566075 -0.0268197556
v 0.0255125593 0.0103624673 -0.0297389357
v 0.02597275 0.0130124186 -0.0316451157
v 0.0219994392 0.00604580506 -0.0199321082
v 0.023030838 0.00264842642 -0.0241347395
v 0.0234095901 0.00926896598 -0.0223049571
v 0.024585221 0.00657297741 -0.0268720278
v 0.0215512794 0.0114942434 -0.0169485665
v 0.0240318384 0.00302689872 -0.032941769
v 0.0244074706 0.00405302835 -0.0313632887
v 0.02365488 0.00193453811 -0.0302359084
v 0.0196501985 -0.00247688428 -0.0208004086
v 0.0196501985 -0.00247688428 -0.0208004086
v 0.0228152703 0.000854436979 -0.0261059084
v 0.023030838 0.00264842642 -0.0241347395
v 0.0174125899 -0.00731246333 -0.025257053
v 0.0214092582 -0.00231753237 -0.0279680292
v 0.0181883797 0.0135803491 -0.0338265263
v 0.00614247005 0.0212716787 -0.0244041736
v 0.00676700287 0.0208881583 -0.0250497572
v 0.0053916988 0.021483968 -0.0241118612
v 0.00422934303 0.0215141838 -0.0242383329
v 0.0078119128 0.0210376206 -0.0245861057
v 0.00867991149 0.0201521921 -0.0260517245
v 0.00857999176 0.021034929 -0.0244835298
v 0.00176981196 0.0218348567 -0.0239317209
v 0.00414886419 0.0220619 -0.0232034043
v 0.00372902793 0.022406057 -0.0226247325
v 0.012206424 0.0222454725 -0.0217261124
v 0.0118360268 0.0218923823 -0.0224207171
v 0.01243944 0.0229933689 -0.020321702
v 0.0123871779 0.0233764385 -0.019638588
v 0.0122205596 0.0237465403 -0.0189845163
v 0.0118728466 0.0241102123 -0.0183688375
v 0.0114692897 0.0244626842 -0.0177980428
v 0.0109382439 0.0247605601 -0.017322379
v 0.0103105139 0.0250515722 -0.0168773818
v 0.00951653626 0.025300416 -0.0165329936
v 0.00868963357 0.025431317 -0.0163833431
v 0.00791661628 0.0255180045 -0.0163059818
v 0.00712589733 0.0255116026 -0.0164010847
v 0.00631754147 0.0254498429 -0.0165771178
v 0.00554967113 0.0253363651 -0.016874992
v 0.0113238199 0.0215752913 -0.0230737401
v 0.0123796808 0.0225924105 -0.021057894
v 0.00479369983 0.0220456259 -0.0225709636
v 0.00521971984 0.021833426 -0.0230054536
v 0.00431422982 0.0221118263 -0.0230881252
v 0.00486222003 0.0217966575 -0.0236061939
v 0.00472838571 0.0217316885 -0.0237497722
v 0.00391375972 0.0224426151 -0.0225348245
v 0.00441834982 0.0223173242 -0.0220730934
v 0.00341232284 0.0227593485 -0.0219755316
v 0.00360830012 0.0227841272 -0.0219075321
v 0.00414624996 0.0226115344 -0.0215237527
v 0.00316238636 0.023154013 -0.0212540657
v 0.00337018981 0.0231607148 -0.0212231235
v 0.00398690999 0.0229249746 -0.0209415139
v 0.00316569628 0.0235550105 -0.0204975076
v 0.00337437005 0.0235391743 -0.0205076534
v 0.00394087983 0.0232517141 -0.0203473245
v 0.00329439295 0.0239445806 -0.0197364437
v 0.00349963992 0.0239153334 -0.0197743933
v 0.00401458004 0.0235621554 -0.0197492737
v 0.00350871193 0.0242559645 -0.0191237526
v 0.00370469969 0.0242152955 -0.0191839943
v 0.00420055958 0.0238899547 -0.019182983
v 0.00383509975 0.0245997657 -0.0184451536
v 0.00401751976 0.0245460061 -0.0185335436
v 0.00449876022 0.0241612954 -0.0186346034
v 0.00434713019 0.0249009609 -0.0177991621
v 0.00450554024 0.0248302437 -0.0179163523
v 0.00489648012 0.0244002056 -0.0181364333
v 0.00500527024 0.0250383532 -0.0174743932
v 0.0053838701 0.0246025036 -0.017707114
v 0.00565257994 0.025244045 -0.0170309029
v 0.00594642991 0.0247687539 -0.017362493
v 0.00791367982 0.025420564 -0.0164880125
v 0.00790474005 0.0249994648 -0.0169316631
v 0.00716032973 0.025412713 -0.016579502
v 0.00722665014 0.0249659036 -0.0169662021
v 0.00656643976 0.0248897327 -0.0171107229
v 0.00638003973 0.025352544 -0.016749012
v 0.00865216926 0.025339064 -0.0165623824
v 0.00858069956 0.0249547538 -0.0169912826
v 0.0107989702 0.0247010244 -0.0174591531
v 0.0103930999 0.0244877144 -0.0177500126
v 0.0101960097 0.0249803634 -0.0170328624
v 0.00984380953 0.0246931734 -0.0174051624
v 0.00944469962 0.0252157346 -0.0167063034
v 0.00923431944 0.0248575536 -0.0171522226
v 0.0113071799 0.0244179658 -0.0179152628
v 0.0108628701 0.024230785 -0.0181698343
v 0.0116945896 0.024078864 -0.0184628638
v 0.0112406695 0.023934984 -0.0186527531
v 0.0120276492 0.0237308233 -0.0190530728
v 0.0115130497 0.0236085742 -0.0191841826
v 0.0121856499 0.0233786066 -0.0196729947
v 0.0116706388 0.0232817546 -0.0197598741
v 0.0122360894 0.0230106859 -0.0203307638
v 0.0117146298 0.0229574664 -0.0203562429
v 0.0121785896 0.0226246957 -0.0210409439
v 0.011638009 0.0226384048 -0.0209520044
v 0.0120138293 0.0222952443 -0.0216763034
v 0.0114498604 0.0223294051 -0.0215279325
v 0.01166056 0.0219590761 -0.0223392636
v 0.0111501394 0.0220552947 -0.0220733021
v 0.0111729996 0.0216592053 -0.0229620633
v 0.01075246 0.0218121247 -0.0225686447
v 0.0107243545 0.0213635459 -0.0235464646
v 0.0106057497 0.0214585054 -0.023409115
v 0.0102646798 0.0216060454 -0.0229951942
v 0.0100440104 0.0212134914 -0.0239303148
v 0.00994468946 0.0213128262 -0.0237806047
v 0.00970239006 0.0214360065 -0.0233371331
v 0.00931721274 0.0210798225 -0.0242947451
v 0.00924326014 0.0211824262 -0.0241293943
v 0.0090825893 0.0213202246 -0.0235919932
v 0.00854285993 0.0211353777 -0.0243079643
v 0.00842345972 0.0212643154 -0.023750713
v 0.00780285988 0.0211366071 -0.0244061033
v 0.00774875982 0.0212700356 -0.0238267331
v 0.00696267514 0.0211058455 -0.0245976261
v 0.0069954698 0.0211981563 -0.0244153756
v 0.00707012974 0.0213190847 -0.0237535945
v 0.00621676957 0.0213558758 -0.0242307743
v 0.00641757017 0.021418155 -0.0235918125
v 0.00580878975 0.0215965852 -0.0233464947
v 0.00549252983 0.0215609063 -0.0239485724
v 0.001714424 0.0217014393 -0.0243781654
v -0.000714833965 0.0218363209 -0.0243246515
v -0.000746337755 0.0219729905 -0.0238784195
v -0.00531480834 0.0215420883 -0.0250815468
v -0.00723223668 0.0211001872 -0.0259011331
v -0.00296041369 0.021794864 -0.0245236621
v 0.00409361441 0.0213901672 -0.0246730855
v 0.00653642043 0.0207914294 -0.0254514962
v 0.0083988104 0.0200733222 -0.0264202805
v 0.00994292833 0.0192348808 -0.0275716432
v 0.0115316166 0.0180490263 -0.0291918095
v 0.0126681468 0.0168775514 -0.0307197991
v 0.0133651383 0.0154129224 -0.0327072586
v 0.0135477623 0.0141684729 -0.0344143286
v 0.0134781608 0.0128071955 -0.0362406301
v 0.0129983602 0.0113674272 -0.0382069915
v 0.0120246047 0.010209803 -0.0398703674
v 0.0109323924 0.00907506511 -0.0414492016
v 0.00942632835 0.0079808239 -0.0430063398
v 0.00763841067 0.00710473887 -0.0442776512
v 0.00552528305 0.00644746337 -0.0453258102
v 0.00299421605 0.00603276752 -0.04610982
v 0.000507895311 0.0059772375 -0.0464203044
v -0.00215335353 0.00612796834 -0.0464526547
v -0.00484705437 0.00649504021 -0.046182545
v -0.00731793465 0.00714737003 -0.0454984735
v -0.00911534857 0.00794306106 -0.0445933842
v -0.0108212866 0.00901891338 -0.0433166599
v -0.0125001213 0.0103392163 -0.0416438179
v -0.0136318989 0.0118582551 -0.0396756572
v -0.01416054 0.0131714148 -0.0378898757
v -0.0142168188 0.014549374 -0.0359782612
v -0.0139887445 0.0159694383 -0.0339360492
v -0.0133206313 0.0172179297 -0.0320861778
v -0.0124351345 0.0183818943 -0.030305172
v -0.011119063 0.0194616525 -0.0286076277
v -0.00926179904 0.0203914846 -0.0271161256
v -0.00303714885 0.0219317348 -0.0240811945
v -0.00217336393 0.0230694081 -0.0218309307
v -0.0014279976 0.0232911 -0.021366603
v -0.00362839247 0.0228389524 -0.0223523485
v -0.00446142955 0.0228248299 -0.0224296818
v -0.00547699677 0.0216729633 -0.0246607361
v -0.00604735827 0.023020035 -0.0220895106
v -0.00679321215 0.0231661017 -0.0218378672
v -0.0074519245 0.0212200129 -0.025502961
v -0.0115553448 0.0208005249 -0.0260888841
v -0.00955732167 0.0204853189 -0.0267651808
v -0.01200194 0.0202949306 -0.0269462337
v -0.0114818746 0.019520661 -0.028316608
v -0.0128375823 0.0184063806 -0.0300642594
v -0.0133853769 0.0194465184 -0.0282793794
v -0.0142870648 0.0190660863 -0.0288097807
v -0.0146726817 0.0144723834 -0.035903029
v -0.0146165714 0.0130573352 -0.0378775822
v -0.0171975885 0.0138552855 -0.0365451947
v -0.017314529 0.0132127104 -0.0374273958
v -0.0092019299 0.0230091963 -0.0221694739
v -0.0144374566 0.0159286612 -0.0338031868
v -0.0162029807 0.0165525781 -0.0326741629
v -0.0137470476 0.0172130663 -0.0318920641
v -0.0111693991 0.00875764205 -0.0434916704
v -0.0128917079 0.0101155332 -0.0417783457
v -0.00940921064 0.00764806422 -0.0448107736
v -0.00498536695 0.00614018729 -0.0464594348
v -0.00220369152 0.00575656861 -0.0467342533
v -0.00754612964 0.00682096388 -0.0457524713
v 0.000534509018 0.00560183867 -0.0466983899
v 0.0030973095 0.00566033356 -0.0463770799
v 0.00572999939 0.00609680651 -0.0455584696
v 0.0113022514 0.00880663562 -0.0415524593
v 0.00975467078 0.00768106985 -0.0431559922
v 0.0137999309 0.0153396683 -0.0325473506
v 0.013078643 0.0168571759 -0.0304888181
v 0.0119064217 0.0180647134 -0.0289088495
v 0.00791280903 0.00677679417 -0.044470476
v 0.0124193477 0.00996723727 -0.0399338241
v 0.0134210354 0.0111613898 -0.0382251821
v 0.01391833 0.0126576018 -0.03618205
v 0.013987001 0.0140668116 -0.0342901311
v 0.010278835 0.0192771217 -0.0272451159
v -0.0140699744 0.0116954189 -0.0397299385
v 0.000148497842 0.0245066615 -0.0188956865
v 0.000234032283 0.0248668857 -0.018179654
v -7.08856678e-05 0.0241774969 -0.0195441442
v -0.000404677528 0.0238436031 -0.0202160097
v 0.000200731287 0.0252585532 -0.0174105174
v -0.01087543 0.0244153138 -0.0194051535
v -0.009015752 0.024731317 -0.0188004327
v -0.00903366692 0.0251128797 -0.0180503193
v -0.000819381676 0.0235437136 -0.02081903
v -0.00753032323 0.0234453437 -0.021311519
v -0.0104762698 0.0240868645 -0.0200519143
v -0.00883487985 0.0243866794 -0.0194893842
v -1.14137156e-05 0.0255945556 -0.0167425113
v -0.000323138724 0.025924171 -0.0161168878
v -0.00077098608 0.0262608924 -0.0154734202
v -0.00135635701 0.0265416469 -0.0149471363
v -0.00204037107 0.0267675297 -0.0145316154
v -0.00275773718 0.0269330033 -0.0142326264
v -0.00352786528 0.0270254352 -0.014082391
v 0.000131580047 0.027141314 -0.0137160822
v -0.00135635701 0.0265416469 -0.0149471363
v -0.00204037107 0.0267675297 -0.0145316154
v -0.00434315577 0.0270811543 -0.0139967447
v -0.00514074508 0.0270566568 -0.0140888292
v -0.00587431947 0.0269466528 -0.0143154871
v -0.00659956085 0.0268295521 -0.014573375
v -0.00725156302 0.026615836 -0.0150190688
v -0.00783387106 0.0263867699 -0.0154958678
v -0.00833696313 0.0261146339 -0.0160264377
v -0.00871528685 0.0257980384 -0.0166665358
v -0.00887014251 0.0254511619 -0.0173569756
v -0.00999966916 0.0237217639 -0.0207654733
v -0.00847800821 0.0240503101 -0.0201330958
v -0.00957117043 0.0233675746 -0.021470045
v -0.00802279357 0.0237191822 -0.0207836974
v -0.00291802431 0.0229046367 -0.0221916059
v -0.00539123919 0.0228833188 -0.022325653
v -0.00743635977 0.0236275846 -0.020165113
v -0.0069666896 0.0233535151 -0.0205685136
v -0.00785067026 0.0237757954 -0.0206731941
v -0.00738037983 0.0235146639 -0.0211766038
v -0.00642249966 0.0231423453 -0.020902363
v -0.00668565976 0.0232508855 -0.0216737122
v -0.00581372948 0.0229731762 -0.0211508324
v -0.00602994021 0.0231198057 -0.0218953037
v -0.0051633697 0.0228587353 -0.0212991847
v -0.00533657009 0.0229778554 -0.0221409736
v -0.00445686001 0.0229259752 -0.0222411224
v -0.00441447971 0.0228474645 -0.0213786637
v -0.00381545979 0.0229217654 -0.0213710734
v -0.00366250984 0.0229324162 -0.0221679428
v -0.00299357995 0.0229971244 -0.0220160441
v -0.00315557979 0.0230312945 -0.021248964
v -0.00829267036 0.0240977051 -0.0200414928
v -0.00781692006 0.0239084546 -0.019677383
v -0.0086354604 0.0244205944 -0.0194259425
v -0.00809471961 0.0242207344 -0.0191422636
v -0.00880836975 0.024744566 -0.0187773023
v -0.00825890992 0.0245576942 -0.0185765223
v -0.00882523973 0.0251060046 -0.0180687427
v -0.00831019972 0.0248811237 -0.017981232
v -0.00867183041 0.025422954 -0.0174157235
v -0.00823944993 0.0252113557 -0.0173911925
v -0.00851847976 0.0257651031 -0.0167280925
v -0.00805652048 0.0255272545 -0.0168179838
v -0.00816636998 0.0260622042 -0.0161287826
v -0.00775714964 0.0258366938 -0.0162914438
v -0.00768594025 0.0263237343 -0.0156239033
v -0.0073579899 0.0261019027 -0.0158090335
v -0.00712055014 0.0265435226 -0.0151594322
v -0.0068697501 0.0263085742 -0.0153836332
v -0.00649806019 0.0267468637 -0.0147345125
v -0.00630622031 0.0264932423 -0.0150529224
v -0.00580387004 0.0268596319 -0.0144861529
v -0.00568633946 0.0266122038 -0.0148023128
v -0.0050951899 0.0269671326 -0.0142678034
v -0.00502699008 0.0266758634 -0.0146513128
v -0.00434387987 0.0269883648 -0.014179853
v -0.00434942963 0.0266890435 -0.0146037231
v -0.00356314983 0.0269345624 -0.0142614527
v -0.00367393997 0.0266536625 -0.0146693525
v -0.00282484991 0.0268465934 -0.0144055525
v -0.00302121998 0.0265766851 -0.0148413222
v -0.00214257999 0.0266892949 -0.0146900129
v -0.00241157995 0.0264250155 -0.0151007421
v -0.00148809992 0.0264725744 -0.015087522
v -0.00186134991 0.0262174145 -0.0154419434
v -0.000932589988 0.0262053427 -0.0155870723
v -0.00139038987 0.025963795 -0.0158616533
v -0.000504349999 0.0258833325 -0.0162029532
v -0.00101102993 0.0256879336 -0.0163542131
v -0.000204089985 0.0255660329 -0.0168058729
v -0.000736029935 0.0253943027 -0.0169024232
v -2.49000004e-06 0.0252490631 -0.0174418732
v -0.000574689999 0.0250819447 -0.0174844328
v 2.92799996e-05 0.0248746437 -0.0181757834
v -0.000525689975 0.0247934249 -0.0180978522
v -5.27000011e-05 0.0245309541 -0.0188623135
v -0.000597940001 0.024490043 -0.0187015635
v -0.000262960006 0.0242150441 -0.0194830438
v -0.000782949966 0.0241879742 -0.0192815727
v -0.000586329959 0.0238929557 -0.0201335019
v -0.00108203001 0.0238975861 -0.0198178823
v -0.000980909914 0.0236073043 -0.0207070645
v -0.00148013991 0.0236399936 -0.020304463
v -0.00155982003 0.0233689548 -0.0212267835
v -0.00197011 0.0233907345 -0.0207027134
v -0.00228164997 0.0231528638 -0.0216724736
v -0.00253432011 0.0231949054 -0.0210270242
v -0.011843903 0.0233011006 -0.0215174512
v -0.0125060063 0.023725314 -0.020652394
v -0.0114134829 0.0228708297 -0.0223413384
v -0.0111534763 0.0223570547 -0.0233118567
v -0.0132106328 0.0240574868 -0.0199688254
v -0.0213298388 0.0178710172 -0.0298663162
v -0.0204956569 0.0188020712 -0.0284556156
v -0.0203913897 0.0177402484 -0.0302432653
v -0.0195877906 0.0186271447 -0.0288822973
v -0.0193924103 0.0175753281 -0.0306498044
v -0.018519219 0.0184821342 -0.0292933496
v -0.018443469 0.0174227478 -0.0310308346
v -0.0173553731 0.0184835684 -0.0294353149
v -0.0222931094 0.0179881179 -0.0295079246
v -0.0213903468 0.019058859 -0.02786357
v -0.0231837705 0.0180982765 -0.0291736636
v -0.0221930817 0.0194085686 -0.0271506108
v -0.0176366791 0.0172851971 -0.0313663846
v -0.0163401496 0.018561604 -0.029437401
v -0.0141758043 0.0243438963 -0.0193508593
v -0.0151950885 0.0245245224 -0.0188968265
v -0.0161771681 0.0245811468 -0.0186626882
v -0.0171589125 0.0246155107 -0.018477478
v -0.0182763394 0.0245260832 -0.0184751832
v -0.0193330701 0.0243354434 -0.0186914569
v -0.020330321 0.024056708 -0.0190607263
v -0.0212290417 0.0237665583 -0.0194634079
v -0.021954136 0.0233620627 -0.0200939991
v -0.0227626823 0.022827575 -0.0209373975
v -0.0232018866 0.022314193 -0.0218120455
v -0.0234477557 0.0217958265 -0.0227094178
v -0.0235356931 0.0212969936 -0.0235903727
v -0.0231664255 0.0202452013 -0.0255217796
v -0.023418894 0.0207854408 -0.0245267898
v -0.0227310788 0.0198231839 -0.0263396038
v -0.0112162 0.0213403844 -0.0251464451
v -0.0110912789 0.0218419926 -0.0242677775
v -0.0126681961 0.0198346954 -0.0276736489
v -0.0152507788 0.0187762067 -0.0292090518
v -0.0147002302 0.0192014464 -0.028074373
v -0.0139148105 0.0195283778 -0.0276601132
v -0.0144215701 0.0191727674 -0.0286157936
v -0.0135526396 0.0195400865 -0.0281058032
v -0.0132312905 0.0199154968 -0.0271330758
v -0.0128609799 0.0199129059 -0.0275222233
v -0.0126729198 0.0203355752 -0.0264954848
v -0.0122230994 0.0203559881 -0.0268278738
v -0.0117944703 0.0208391747 -0.0260062627
v -0.0122522097 0.0207924446 -0.025782045
v -0.0119895805 0.0212727368 -0.0250106527
v -0.0114658996 0.0213625852 -0.0250968838
v -0.01534543 0.0188995771 -0.028999873
v -0.0155635793 0.0189396573 -0.0283597657
v -0.0163807198 0.0186966978 -0.0292162156
v -0.0164780691 0.0187383669 -0.0284973128
v -0.0173467994 0.0186204076 -0.0292116447
v -0.0173240099 0.0186414963 -0.0285117744
v -0.01845631 0.0186198767 -0.0290775845
v -0.0183577295 0.0186427275 -0.0283894843
v -0.0194795989 0.0187582264 -0.0286797346
v -0.0192645304 0.0187269264 -0.0281331154
v -0.0203600898 0.0189289359 -0.0282671028
v -0.0201104898 0.0188971777 -0.0277447948
v -0.0212226696 0.0191742573 -0.0276981652
v -0.0208739713 0.0191589965 -0.027251095
v -0.0219868887 0.019508587 -0.0270207435
v -0.021526929 0.019472297 -0.0266425054
v -0.0225025192 0.0199044157 -0.0262444655
v -0.0220526289 0.0198433562 -0.0259488246
v -0.0229222886 0.020306337 -0.0254591928
v -0.0224349182 0.0202583254 -0.0251900537
v -0.0231633801 0.0208262047 -0.024500953
v -0.0226595495 0.0206969558 -0.0243824944
v -0.0232766885 0.0213204853 -0.0235997139
v -0.0227252003 0.0211688958 -0.0235656946
v -0.0231944099 0.0217944836 -0.0227552836
v -0.0226217788 0.0216239361 -0.0227427126
v -0.022958491 0.0222931563 -0.0218930538
v -0.0223616399 0.0220760669 -0.021953005
v -0.0225440599 0.0227797759 -0.0210636234
v -0.0219415892 0.0225335659 -0.0212382632
v -0.0217615291 0.0232934447 -0.0202527934
v -0.0213809796 0.0229409057 -0.0205927728
v -0.0210722703 0.023678295 -0.0196500729
v -0.0206961799 0.0233287455 -0.0200674732
v -0.0202165004 0.0239596251 -0.0192670124
v -0.0199089199 0.023646874 -0.0196492329
v -0.0192473792 0.0242294832 -0.0189067526
v -0.0190449692 0.0239072941 -0.0193648628
v -0.0182391498 0.0244122235 -0.0187004422
v -0.0181273986 0.0240808349 -0.0192119731
v -0.0171776991 0.0244996449 -0.0187040241
v -0.0171857085 0.0241684146 -0.0191921732
v -0.0162293687 0.0244651339 -0.0188821321
v -0.0162481591 0.0241727248 -0.0193189522
v -0.0152800297 0.0244140341 -0.019110403
v -0.015342229 0.024103183 -0.0195830232
v -0.0143043194 0.0242422834 -0.0195455821
v -0.01449697 0.0239492355 -0.0199794742
v -0.0133782299 0.0239662452 -0.0201375532
v -0.0137342494 0.0237271859 -0.0204942237
v -0.0127042895 0.0236481242 -0.0207912039
v -0.0130801499 0.0234225058 -0.0211068441
v -0.0120650893 0.0232401343 -0.021627785
v -0.0125528388 0.0230609349 -0.0218054944
v -0.0116545297 0.022828015 -0.0224130036
v -0.0121710794 0.0226442558 -0.0225651539
v -0.0114057893 0.022336506 -0.0233425028
v -0.0119484495 0.0222068063 -0.0233739648
v -0.0113467705 0.0218433468 -0.0242588536
v -0.0118842097 0.0217378875 -0.0241933928
v -0.0192313772 0.0164300663 -0.0324844041
v -0.018532211 0.0160635873 -0.0331378648
v -0.0200792495 0.0167526726 -0.0318528145
v -0.0211048666 0.0169377076 -0.0314133867
v -0.0221375506 0.0170507347 -0.0310612815
v -0.0232434664 0.0170376291 -0.0308749257
v -0.0242946111 0.0169257344 -0.0308373022
v -0.0179653168 0.0155858088 -0.033926032
v -0.0253594648 0.0167429102 -0.0309288811
v -0.0263263602 0.0164173646 -0.0312417478
v -0.0272432491 0.0160222586 -0.0316715756
v -0.0280904286 0.0155612587 -0.0322236153
v -0.0292322636 0.0144421204 -0.0336999407
v -0.0287306514 0.0150336805 -0.0329116878
v -0.0295738745 0.0138397356 -0.0345288292
v -0.0297054388 0.0131864326 -0.0354624579
v -0.0296421871 0.012606001 -0.036327761
v -0.0293834414 0.011998601 -0.0372450059
v -0.028414432 0.0109825602 -0.0388776295
v -0.0289788432 0.0114709465 -0.0380800112
v -0.0277560446 0.0105607486 -0.039578245
v -0.0268406179 0.0102268388 -0.0401864583
v -0.0260016844 0.0100332328 -0.0405757549
v -0.0247893073 0.00990918074 -0.040902746
v -0.0225019455 0.0100569006 -0.0410366553
v -0.02364848 0.00991566745 -0.0410780768
v -0.0215688944 0.0102769228 -0.0408588173
v -0.0205727406 0.0105466952 -0.0406262846
v -0.0196386538 0.0109561278 -0.0402093128
v -0.0173131302 0.0144779033 -0.0356452575
v -0.0175242405 0.0150884763 -0.0347305607
v -0.0176073946 0.012586724 -0.0382596109
v -0.0180694666 0.0120162771 -0.0389883002
v -0.0188005678 0.0114659019 -0.0396383597
v -0.0241493788 0.0162778488 -0.0314850056
v -0.025048539 0.0160632982 -0.0315749341
v -0.0242671203 0.016773167 -0.0310857046
v -0.0252745375 0.0165993674 -0.0311729863
v -0.0232594106 0.0168823683 -0.0311226967
v -0.0232290998 0.0163963876 -0.0315158733
v -0.0222052783 0.0168963978 -0.0313007861
v -0.0223167986 0.0164288181 -0.031684506
v -0.0212131087 0.0167868483 -0.0316379137
v -0.0214357208 0.0163655479 -0.0319698968
v -0.02618891 0.0162906582 -0.0314679139
v -0.0259036589 0.0158172373 -0.0318339052
v -0.0270721093 0.0159125786 -0.0318838129
v -0.0266859997 0.015479388 -0.0322042327
v -0.0273696296 0.0150700989 -0.0326818448
v -0.0278775189 0.0154755286 -0.0324092838
v -0.028481409 0.0149752484 -0.033060163
v -0.0279307198 0.0146045094 -0.0332574172
v -0.0289613008 0.0144072489 -0.0338146164
v -0.0283589587 0.0140871292 -0.0338987335
v -0.029284209 0.0138352588 -0.0346040465
v -0.0286325999 0.0135338697 -0.0345921964
v -0.0194298588 0.0163036281 -0.0326551751
v -0.0198755302 0.015953829 -0.032874673
v -0.0202361476 0.0166085188 -0.0320582569
v -0.0206145998 0.0161983793 -0.0323687748
v -0.0192313772 0.0164300663 -0.0324844041
v -0.0202361476 0.0166085188 -0.0320582569
v -0.0200792495 0.0167526726 -0.0318528145
v -0.0187632591 0.015954129 -0.0332778128
v -0.0192451887 0.0156245685 -0.0334709766
v -0.0182206705 0.0154959679 -0.0340322363
v -0.0187394097 0.0152138992 -0.0341314372
v -0.0178017784 0.0150249191 -0.0347964761
v -0.0183763895 0.0147696082 -0.0348616054
v -0.0176003501 0.0144412995 -0.0356714351
v -0.01816874 0.0142631198 -0.0356123148
v -0.0174918901 0.0138417096 -0.0365352333
v -0.0181240998 0.0137040797 -0.0363530666
v -0.01760065 0.0132330989 -0.0373742657
v -0.0182461198 0.0131634387 -0.0370984154
v -0.0178797487 0.01263953 -0.0381674062
v -0.0185225289 0.0126189291 -0.0377980437
v -0.0183136705 0.0121083802 -0.038853575
v -0.0189529192 0.0120810504 -0.0384203163
v -0.0190112703 0.0115858804 -0.0394706956
v -0.0195152499 0.0115903395 -0.0389726168
v -0.0198174492 0.0110965106 -0.0400168568
v -0.0201938786 0.0111277302 -0.0394026346
v -0.0207010098 0.0107077003 -0.0404070587
v -0.0209673084 0.0107333506 -0.0397292458
v -0.0216616597 0.0104506106 -0.040624869
v -0.0218123589 0.0104068709 -0.0399312945
v -0.02256063 0.0102289401 -0.0407920192
v -0.0227090083 0.0101869903 -0.0400256375
v -0.0236452296 0.0100976702 -0.0408335636
v -0.0236323178 0.0100999405 -0.040025645
v -0.0247297678 0.0100987411 -0.0406658771
v -0.0245916191 0.0100392601 -0.0398266251
v -0.0258916486 0.0102163503 -0.0403531651
v -0.0255474709 0.01017788 -0.039553755
v -0.0266816709 0.0103949099 -0.0399883771
v -0.0263326094 0.010379121 -0.0391871641
v -0.027548369 0.0107119506 -0.0394185455
v -0.027043039 0.0107117008 -0.0387770468
v -0.0281681288 0.0111088103 -0.0387531377
v -0.0276296809 0.0110219196 -0.0381848745
v -0.0287104379 0.0115763703 -0.037986525
v -0.0281354096 0.0114493899 -0.0375341556
v -0.0290976893 0.0120828503 -0.0371903074
v -0.0284977686 0.01192529 -0.0368244541
v -0.0293458384 0.0126613094 -0.0363117162
v -0.0287039578 0.0124428798 -0.0360823054
v -0.0294080209 0.0132116193 -0.035489008
v -0.02875196 0.0129749888 -0.0353238846
v -0.0109450907 -0.00321021206 0.00241589968
v -0.0114885572 -0.00255284576 0.00470208234
v -0.0136721973 -0.00320084669 0.00197004324
v -0.0142552731 -0.00262531204 0.00426358364
v -0.01531008 -0.00139966812 0.00644369999
v -0.0121378354 -0.00117517227 0.00679644196
v -0.0163444079 0.000114602936 0.00771611619
v -0.01531008 -0.00139966812 0.00644369999
v -0.0124801111 0.000574292103 0.00805539328
v -0.0121378354 -0.00117517227 0.00679644196
v -0.0127679076 0.00309547949 0.00905479225
v -0.0175912198 0.00291449623 0.00857748551
v -0.0104937463 -0.0032978102 -0.000383998024
v -0.0135431129 -0.00324532573 -0.000319147428
v -0.013764124 -0.00306804681 -0.00145923536
v -0.0108066909 -0.00296559851 -0.0020552715
v -0.0141904374 -0.00272554045 -0.00264511272
v -0.0114288763 -0.00251283768 -0.00325923707
v -0.0121026168 -0.00190718387 -0.0043483296
v -0.0146410084 -0.00224691327 -0.00372328416
v -0.015224289 -0.00156924225 -0.00477942793
v -0.0127805391 -0.00115325835 -0.00530671488
v -0.0135524167 -0.000177111677 -0.00619357658
v -0.0159159778 -0.00077676221 -0.00566014999
v -0.0166431355 0.000174039267 -0.00642284131
v -0.0143180973 0.000911621437 -0.0068825114
v -0.0174349979 0.00127040392 -0.007024339
v -0.0150406026 0.00212487335 -0.00737003211
v -0.0179898408 0.00217469313 -0.00733884521
v -0.0155681106 0.00331463884 -0.00759441838
v -0.0159830431 0.00442422595 -0.00761080385
v -0.0187090225 0.00335083578 -0.00753401394
v -0.0162831452 0.00571010954 -0.00744074273
v -0.019194095 0.00464594712 -0.00751156784
v -0.019746856 0.00670725394 -0.00715210315
v -0.0163864255 0.00781593792 -0.00706637896
v -0.0162109387 0.00962636221 -0.00666719347
v -0.0200800401 0.00831844321 -0.00683996644
v -0.0204293086 0.0105395513 -0.00639201044
v -0.0206634063 0.0138462648 -0.00570818872
v -0.0160992868 0.011729447 -0.00623055978
v -0.0160992868 0.011729447 -0.00623055978
v -0.0206634063 0.0138462648 -0.00570818872
v -0.0152789781 0.0148371036 -0.0056037888
v -0.020605162 0.0157712354 -0.00519431691
v -0.0145648217 0.0166544586 -0.0051003909
v -0.0126039448 0.0199413142 -0.00314962861
v -0.0139026034 0.0180766403 -0.00447608452
v -0.0197420959 0.0181360716 -0.00335516666
v -0.0203083762 0.0169823225 -0.00448770842
v -0.0189793327 0.019038033 -0.00211909448
v -0.0117793132 0.0210952849 -0.00175062124
v -0.018236428 0.0197424208 -0.000786620463
v -0.0113322684 0.0217368216 -0.000342149255
v -0.018236428 0.0197424208 -0.000786620463
v -0.0174268336 0.0203271638 0.00145700448
v -0.0113322684 0.0217368216 -0.000342149255
v -0.010919915 0.0221307532 0.00153708082
v -0.0170442364 0.0202462822 0.00386260175
v -0.0110466155 0.0218828061 0.00435826956
v -0.0172714036 0.0191196571 0.00652363389
v -0.0113921849 0.0207784928 0.00735094901
v -0.0178480346 0.0173777677 0.0084502848
v -0.0120928075 0.0183199286 0.00965604783
v -0.0185073412 0.0154614136 0.00969949816
v -0.012787693 0.0157842322 0.0106318815
v -0.0190696757 0.013258367 0.0102927754
v -0.013106435 0.0131841367 0.0107848902
v -0.0192202113 0.0109525995 0.00996990636
v -0.0131870284 0.0108458239 0.0104899563
v -0.0188431679 0.00783955573 0.00941535662
v -0.013338996 0.00811903934 0.00997319205
v -0.0183074828 0.00527678714 0.00898026488
v -0.0133346605 0.00576681168 0.00950672737
v -0.0204293086 0.0105395513 -0.00639201044
v -0.0160992868 0.011729447 -0.00623055978
v -0.0145099178 -0.00259126997 0.00193257612
v -0.0142831825 -0.00278613796 -0.000180382421
v -0.0136721973 -0.00320084669 0.00197004324
v -0.0135431129 -0.00324532573 -0.000319147428
v -0.0150737446 -0.00210952542 0.00385635949
v -0.0142552731 -0.00262531204 0.00426358364
v -0.01531008 -0.00139966812 0.00644369999
v -0.0160933939 -0.000901852983 0.00567161198
v -0.0163444079 0.000114602936 0.00771611619
v -0.0170218706 0.000523832565 0.0068413344
v -0.0175912198 0.00291449623 0.00857748551
v -0.0180825572 0.0030148574 0.00760704907
v -0.0183074828 0.00527678714 0.00898026488
v -0.0187651647 0.00526890574 0.00807794294
v -0.0188431679 0.00783955573 0.00941535662
v -0.0192838293 0.00792267786 0.00848705494
v -0.0192202113 0.0109525995 0.00996990636
v -0.0195736659 0.0109312975 0.0090003727
v -0.01957178 0.0130351591 0.00928985022
v -0.0190696757 0.013258367 0.0102927754
v -0.0185073412 0.0154614136 0.00969949816
v -0.0192800795 0.0149020813 0.00863147849
v -0.0189306991 0.0163282479 0.00725866189
v -0.0178480346 0.0173777677 0.0084502848
v -0.0172714036 0.0191196571 0.00652363389
v -0.0187136166 0.0173909968 0.00543524277
v -0.0187976877 0.0180566957 0.0030235676
v -0.0170442364 0.0202462822 0.00386260175
v -0.0174268336 0.0203271638 0.00145700448
v -0.0191024736 0.0182425937 0.00119736176
v -0.018236428 0.0197424208 -0.000786620463
v -0.0195793753 0.0182347539 -0.000634335101
v -0.0200517477 0.0177968158 -0.00191210026
v -0.0189793327 0.019038033 -0.00211909448
v -0.0208773836 0.016268343 -0.00384922023
v -0.0205044789 0.0171524076 -0.00298541412
v -0.0203083762 0.0169823225 -0.00448770842
v -0.0197420959 0.0181360716 -0.00335516666
v -0.0211045349 0.0152351968 -0.00444391793
v -0.020605162 0.0157712354 -0.00519431691
v -0.013764124 -0.00306804681 -0.00145923536
v -0.014401175 -0.00266070659 -0.0012840959
v -0.0141904374 -0.00272554045 -0.00264511272
v -0.0146704328 -0.00239426551 -0.00231027891
v -0.0151060766 -0.00197483249 -0.00336609385
v -0.0146410084 -0.00224691327 -0.00372328416
v -0.015224289 -0.00156924225 -0.00477942793
v -0.0156973113 -0.00136927019 -0.00431813697
v -0.0159159778 -0.00077676221 -0.00566014999
v -0.0163677664 -0.000614583875 -0.00507856768
v -0.0171202688 0.000322238062 -0.00571570948
v -0.0166431355 0.000174039267 -0.00642284131
v -0.0174349979 0.00127040392 -0.007024339
v -0.0179038943 0.00132501622 -0.0063379985
v -0.0179898408 0.00217469313 -0.00733884521
v -0.0184275574 0.00211759351 -0.00661184382
v -0.0187090225 0.00335083578 -0.00753401394
v -0.019042431 0.00328163981 -0.00672839326
v -0.019194095 0.00464594712 -0.00751156784
v -0.0195703631 0.00441600463 -0.00677857599
v -0.0201959011 0.00634993218 -0.00648896003
v -0.019746856 0.00670725394 -0.00715210315
v -0.0200800401 0.00831844321 -0.00683996644
v -0.0205892799 0.00799117811 -0.00616323776
v -0.020933986 0.010226939 -0.00562878562
v -0.0212342651 0.0135829114 -0.00504213325
v -0.0204293086 0.0105395513 -0.00639201044
v -0.0206634063 0.0138462648 -0.00570818872
v -0.0196486236 0.0161079283 -0.000422731921
v -0.0199505373 0.0161266808 -0.00144174089
v -0.0201974877 0.0158404685 -0.00217060238
v -0.020436322 0.015447044 -0.00284095032
v -0.0206219975 0.014698304 -0.00340135994
v -0.0206903606 0.0134647482 -0.00382997703
v -0.0203868438 0.0103310278 -0.00427385984
v -0.0199658899 0.00794169556 -0.0046916303
v -0.0193156149 0.0159634487 0.00102134015
v -0.0190634929 0.0157105216 0.00263285721
v -0.0189660172 0.0152666982 0.00434724703
v -0.0190173464 0.0146329967 0.00574167095
v -0.0191187132 0.0138292772 0.00668621488
v -0.0192352027 0.0127736564 0.00719951416
v -0.01917059 0.0106980113 0.00685118756
v -0.0189089316 0.00821030031 0.00643395583
v -0.0184095498 0.00577926988 0.00602342242
v -0.0177778996 0.00364414915 0.00554633048
v -0.0169614781 0.00156168014 0.00492141365
v -0.0163495953 0.00020921043 0.00463115076
v -0.0160961842 0.000166705039 0.00326317375
v -0.015911587 7.63539802e-05 0.00179314017
v -0.0157823823 -0.000116983468 0.000441222276
v -0.0158103722 -0.00014185621 -0.000649250509
v -0.0159485187 -4.87948765e-05 -0.00161318156
v -0.0161942069 0.000169489072 -0.00252583343
v -0.0165361801 0.000504902462 -0.00337681471
v -0.0195223966 0.00619887404 -0.00499590772
v -0.0190125264 0.00453347776 -0.005313909
v -0.0185861753 0.00341446241 -0.00545998453
v -0.0182305033 0.00267353103 -0.00541631829
v -0.0179036188 0.00219741507 -0.00513218613
v -0.0174403496 0.00157129382 -0.00467523032
v -0.016950748 0.000933907406 -0.00409230275
v -0.0200395978 0.0139952587 -0.00188992328
v -0.0198819322 0.0106322077 -0.002667714
v -0.0194278018 0.00811994572 -0.00309354609
v -0.0189888413 0.00610478563 -0.0034931471
v -0.0184173283 0.00412054297 -0.0040475521
v -0.0181704019 0.00305887622 -0.00470330783
v -0.017821487 0.00263608241 -0.004220541
v -0.0175289882 0.00233214216 -0.00367328549
v -0.0196710597 0.0137510682 -0.000610401179
v -0.0193743315 0.013541265 0.000750001905
v -0.0191377772 0.0132486378 0.0023284141
v -0.0190314145 0.012990878 0.0039058182
v -0.0190717392 0.0127915319 0.00544954372
v -0.018963508 0.0106449398 0.00513798678
v -0.0187193484 0.00832272045 0.00475083957
v -0.0182227448 0.00608592199 0.00437631163
v -0.017634129 0.00394501866 0.00398393213
v -0.0168602267 0.00189048629 0.00347872799
v -0.0168121299 0.00203953295 0.00215511032
v -0.0167699139 0.00199747815 0.000825953874
v -0.0167812603 0.00191444857 -0.000291697639
v -0.0168525243 0.00187075832 -0.0012444008
v -0.0172717689 0.00214408331 -0.00299318638
v -0.0170128119 0.00194216589 -0.002139181
v -0.018934135 0.0106769372 0.00354149636
v -0.0186664019 0.00835175749 0.00317275242
v -0.0181700107 0.00613613271 0.00282537962
v -0.0175429263 0.00403451859 0.00251011505
v -0.0182316607 0.00575816639 -0.000364216992
v -0.0181772023 0.00606260033 0.00128738331
v -0.0188091624 0.00827998669 2.74783027e-05
v -0.0186952581 0.00834973515 0.0016130109
v -0.0177895641 0.00392883728 -0.00177265457
v -0.0176373744 0.0039354366 -0.000927492402
v -0.0179797585 0.00386939673 -0.00281118813
v -0.0178233161 0.00309630649 -0.00346062466
v -0.0175800103 0.00402221941 -0.000122389908
v -0.0175067322 0.00402250963 0.00110674564
v -0.0179966703 0.00323763692 -0.0039077129
v -0.0184902095 0.00570762328 -0.00194856483
v -0.0190897506 0.00825095399 -0.00154138879
v -0.0195108509 0.0108042862 -0.00114396383
v -0.0191714506 0.0108172522 0.000402747564
v -0.0190061747 0.0107514616 0.00196469471
v -0.0180954184 0.00479910091 -0.00156018286
v -0.017969833 0.00479915451 -0.000957425946
v -0.00447035674 0.0248253994 -0.0181658157
v -0.00768683199 0.024845776 -0.0181836694
v -0.00762625877 0.0251021464 -0.0176757325
v -0.00749044959 0.0253485045 -0.0171805067
v -0.00725095812 0.0255833145 -0.0167075114
v -0.00691161398 0.0257847097 -0.0163046057
v -0.00653197709 0.0259590974 -0.0159472169
v -0.00605345611 0.0261076191 -0.0156404988
v -0.00556197111 0.0262030288 -0.0154409083
v -0.00500837807 0.0262642934 -0.0153053776
v -0.00443495158 0.0262816445 -0.0152543097
v -0.00387770776 0.0262524251 -0.0152956237
v -0.00330839399 0.0261768696 -0.0154261074
v -0.00277968589 0.0260608168 -0.0156347141
v -0.00232786778 0.025901578 -0.0159369317
v -0.00194624905 0.0257135368 -0.0162971474
v -0.00161513034 0.0254994593 -0.0167043053
v -0.00137267355 0.0252677947 -0.0171487678
v -0.00126143638 0.0250207892 -0.0176393489
v -0.00121825282 0.0247586176 -0.0181550058
v -0.00129362289 0.0245053555 -0.0186572955
v -0.001429745 0.0242537243 -0.019156769
v -0.00165525917 0.0240251862 -0.0196118961
v -0.00195860211 0.0238216567 -0.0200205257
v -0.00239210669 0.0236521649 -0.020375498
v -0.00285688881 0.0235165189 -0.0206600771
v -0.00335127953 0.0234162666 -0.0208759522
v -0.00389693025 0.0233462124 -0.0210318492
v -0.00445524696 0.0233331906 -0.0210786372
v -0.00503035728 0.0233752361 -0.0210187588
v -0.00556165818 0.0234586039 -0.0208733249
v -0.0060558999 0.0235677761 -0.0206740804
v -0.00652616564 0.0237131917 -0.0204011387
v -0.00693876389 0.0238907545 -0.020057336
v -0.0072775865 0.0241201158 -0.0196127045
v -0.00751318876 0.0243463797 -0.0191675573
v -0.00766607467 0.0245957221 -0.0186736062
v -0.00767233316 0.0241475755 -0.0191400252
v -0.00782355014 0.0244093921 -0.0186218845
v -0.00742339436 0.0238996258 -0.0196262198
v -0.00787253026 0.0246772741 -0.018087291
v -0.00781843904 0.0249432008 -0.0175522132
v -0.00766303483 0.0251993458 -0.0170324529
v -0.00741087738 0.0254382022 -0.0165432675
v -0.00706892554 0.0256524766 -0.0160994346
v -0.00664702896 0.025835811 -0.0157142688
v -0.00615797285 0.0259825467 -0.0153995244
v -0.00561537687 0.0260876088 -0.0151660149
v -0.00503676478 0.0261480836 -0.0150202915
v -0.00443922821 0.0261617834 -0.0149675051
v -0.00384184066 0.0261278261 -0.0150101818
v -0.00326339249 0.0260473619 -0.0151468445
v -0.00272170547 0.0259231835 -0.0153726737
v -0.00223357324 0.0257592732 -0.0156803518
v -0.0018134946 0.0255609053 -0.0160599042
v -0.00147459749 0.0253340994 -0.0164999217
v -0.00122603122 0.0250860473 -0.0169863242
v -0.00107527617 0.0248241722 -0.0175046101
v -0.00102629606 0.0245562936 -0.0180391827
v -0.00108031277 0.0242903732 -0.0185742416
v -0.00123564247 0.0240342392 -0.0190939863
v -0.00148696546 0.0237952285 -0.0195834829
v -0.00182875339 0.0235808209 -0.0200275484
v -0.00225066487 0.0233975885 -0.0204125296
v -0.00386168901 0.0230859156 -0.0211052736
v -0.00328261498 0.0231458569 -0.0209606206
v -0.00274031702 0.0232511454 -0.0207266872
v -0.0044480795 0.0230717932 -0.0211584395
v -0.00505613629 0.0231064104 -0.021114921
v -0.00563474838 0.0231865992 -0.0209788335
v -0.00617674831 0.0233104422 -0.0207537008
v -0.00666456763 0.023474595 -0.0204455174
v -0.00708540622 0.0236726013 -0.0200666665
v -0.00505613629 0.0231064104 -0.021114921
v -0.00502439681 0.0191322517 -0.0183495789
v -0.00563474838 0.0231865992 -0.0209788335
v -0.00561491493 0.019209817 -0.0182388041
v -0.00617674831 0.0233104422 -0.0207537008
v -0.00615950767 0.0193426265 -0.0180491486
v -0.00666456763 0.023474595 -0.0204455174
v -0.00663267914 0.0195594408 -0.0177394895
v -0.00708540622 0.0236726013 -0.0200666665
v -0.00710599963 0.0197762593 -0.0174298567
v -0.00742339436 0.0238996258 -0.0196262198
v -0.00740584079 0.0200726704 -0.0170065377
v -0.00767233316 0.0241475755 -0.0191400252
v -0.00766822044 0.020385787 -0.0165593608
v -0.00782355014 0.0244093921 -0.0186218845
v -0.00786428992 0.0207079074 -0.0160993252
v -0.00787253026 0.0246772741 -0.018087291
v -0.00786382798 0.0210553212 -0.0156031667
v -0.00781843904 0.0249432008 -0.0175522132
v -0.00786338095 0.0214027351 -0.0151070083
v -0.00766303483 0.0251993458 -0.0170324529
v -0.00768401567 0.0217269997 -0.0146439104
v -0.00741087738 0.0254382022 -0.0165432675
v -0.00742080156 0.02203989 -0.0141970405
v -0.00706892554 0.0256524766 -0.0160994346
v -0.00713408832 0.0223424789 -0.0137649149
v -0.00664702896 0.025835811 -0.0157142688
v -0.00666029099 0.0225588959 -0.0134558394
v -0.00615797285 0.0259825467 -0.0153995244
v -0.00618650857 0.0227753021 -0.0131467792
v -0.00561537687 0.0260876088 -0.0151660149
v -0.00564924721 0.0229168341 -0.0129446506
v -0.00503676478 0.0261480836 -0.0150202915
v -0.00505858008 0.0229938854 -0.0128346099
v -0.00443922821 0.0261617834 -0.0149675051
v -0.00446791295 0.0230709179 -0.0127245799
v -0.00384184066 0.0261278261 -0.0150101818
v -0.0038769478 0.0229985349 -0.0128279697
v -0.00326339249 0.0260473619 -0.0151468445
v -0.00328642968 0.0229209694 -0.0129387447
v -0.00272170547 0.0259231835 -0.0153726737
v -0.00274183694 0.0227881381 -0.0131284312
v -0.00223357324 0.0257592732 -0.0156803518
v -0.00226851646 0.0225713348 -0.0134380748
v -0.0018134946 0.0255609053 -0.0160599042
v -0.00179534499 0.0223545239 -0.0137477128
v -0.00147459749 0.0253340994 -0.0164999217
v -0.00149535481 0.0220581018 -0.0141710475
v -0.00122603122 0.0250860473 -0.0169863242
v -0.00123290066 0.0217449742 -0.0146182401
v -0.00107527617 0.0248241722 -0.0175046101
v -0.00103683118 0.0214228321 -0.0150783068
v -0.00102629606 0.0245562936 -0.0180391827
v -0.00103727821 0.0210754182 -0.0155744653
v -0.00108031277 0.0242903732 -0.0185742416
v -0.00103774015 0.0207280044 -0.0160706238
v -0.00123564247 0.0240342392 -0.0190939863
v -0.00121749286 0.0204037726 -0.0165336748
v -0.00148696546 0.0237952285 -0.0195834829
v -0.00148070697 0.0200908747 -0.0169805393
v -0.00182875339 0.0235808209 -0.0200275484
v -0.0017672563 0.0197883044 -0.0174126546
v -0.00225066487 0.0233975885 -0.0204125296
v -0.00224120263 0.0195718982 -0.0177217146
v -0.00274031702 0.0232511454 -0.0207266872
v -0.00271498505 0.0193554845 -0.0180307693
v -0.00328261498 0.0231458569 -0.0209606206
v -0.00325224642 0.0192139524 -0.0182328981
v -0.00386168901 0.0230859156 -0.0211052736
v -0.00384276453 0.0191369012 -0.0183429386
v -0.00443206076 0.0190600327 -0.0184527344
v -0.0044480795 0.0230717932 -0.0211584395
v -0.0044480795 0.0230717932 -0.0211584395
v -0.00443206076 0.0190600327 -0.0184527344
v 0.00768313371 0.0174987987 -0.0207568822
v 0.00709582306 0.0175756529 -0.020647123
v 0.00771492487 0.0213364507 -0.0233445637
v 0.00711682299 0.0213852787 -0.0233152801
v 0.00771492487 0.0213364507 -0.0233445637
v 0.00830801483 0.0213395168 -0.0232783475
v 0.00768313371 0.0174987987 -0.0207568822
v 0.00827783067 0.0175706095 -0.0206543257
v 0.00653813826 0.0214818993 -0.0231954251
v 0.00650545117 0.0176532182 -0.0205363483
v 0.00596786477 0.0177949035 -0.0203340007
v 0.00599539746 0.0216246171 -0.0229865824
v 0.00549462298 0.0180117144 -0.0200243626
v 0.00550558558 0.0218087774 -0.0226955749
v 0.00502137654 0.0182285034 -0.0197147558
v 0.00508322241 0.0220282593 -0.022332297
v 0.00473439228 0.0185311504 -0.019282531
v 0.00474138232 0.0222763026 -0.0219078484
v 0.00447201263 0.0188442451 -0.0188353853
v 0.0044897506 0.0225451863 -0.0214356134
v 0.0042923782 0.0191687723 -0.0183719124
v 0.00433644745 0.0228268037 -0.0209297773
v 0.00429283129 0.0195161642 -0.0178757853
v 0.00428577419 0.0231124884 -0.0204058799
v 0.00429328205 0.0198635561 -0.0173796582
v 0.00433798321 0.0233937406 -0.0198797168
v 0.00448920019 0.0201859283 -0.016919263
v 0.00449224235 0.023662057 -0.0193670823
v 0.00475239754 0.0204988042 -0.0164724298
v 0.00474281283 0.0239097249 -0.0188828554
v 0.00505268108 0.0207955326 -0.0160486577
v 0.00508259749 0.0241293908 -0.0184413311
v 0.0055264947 0.0210119278 -0.0157396132
v 0.00550247636 0.0243141303 -0.0180563343
v 0.00600029947 0.0212283119 -0.0154305848
v 0.0059894463 0.0244585627 -0.0177391153
v 0.00654534344 0.0213611982 -0.0152408196
v 0.00652897358 0.0245583828 -0.0174991413
v 0.00713592023 0.0214382416 -0.015130774
v 0.00710527413 0.0246100828 -0.017344549
v 0.00772746047 0.0215102494 -0.0150279361
v 0.00770071475 0.0246118987 -0.0172803683
v 0.0083180042 0.0214331981 -0.0151379768
v 0.00829693303 0.0245636238 -0.017308875
v 0.00890838634 0.0213556438 -0.0152487358
v 0.00887548923 0.0244667872 -0.0174290677
v 0.00944602955 0.0212139257 -0.0154511303
v 0.00941844005 0.0243243283 -0.01763744
v 0.0099090673 0.0241406843 -0.0179274114
v 0.00991928112 0.0209971258 -0.0157607527
v 0.0103322696 0.0239215549 -0.0182899585
v 0.0103925224 0.0207803257 -0.0160703754
v 0.010673685 0.0236734111 -0.0187145928
v 0.0106795784 0.0204776679 -0.0165026156
v 0.0109256459 0.0234045321 -0.0191868308
v 0.0109419627 0.0201645622 -0.0169497769
v 0.011077146 0.0231228197 -0.019693043
v 0.0111216446 0.0198400023 -0.0174132965
v 0.0111278631 0.0228371983 -0.0202167753
v 0.0111211967 0.0194925993 -0.0179094395
v 0.0110748382 0.0225560721 -0.0207428168
v 0.0111207385 0.0191452149 -0.0184055721
v 0.0109207528 0.0222877731 -0.0212553941
v 0.0109243868 0.0188228934 -0.0188658626
v 0.0106686493 0.0220405385 -0.0217389925
v 0.0106611913 0.0185100251 -0.0193127011
v 0.0103303427 0.0218203684 -0.0221813049
v 0.0103609841 0.0182133185 -0.019736442
v 0.00990962051 0.021636112 -0.0225654526
v 0.00988718029 0.0179969233 -0.0200454864
v 0.00942312181 0.0214914447 -0.0228830656
v 0.00941337552 0.0177805391 -0.0203545152
v 0.00888417196 0.0213911774 -0.0231238213
v 0.00886841305 0.0176476606 -0.0205442853
v 0.0109207528 0.0222877731 -0.0212553941
v 0.0107518481 0.0224586714 -0.0212574254
v 0.0110748382 0.0225560721 -0.0207428168
v 0.0109018702 0.0227205905 -0.0207583566
v 0.0106686493 0.0220405385 -0.0217389925
v 0.010489855 0.0222232426 -0.0217256799
v 0.0103303427 0.0218203684 -0.0221813049
v 0.0101565551 0.0220226846 -0.0221408375
v 0.00990962051 0.021636112 -0.0225654526
v 0.00979508366 0.0218509909 -0.022506469
v 0.0111278631 0.0228371983 -0.0202167753
v 0.0109377569 0.0229752221 -0.0202902061
v 0.0109225651 0.0232468282 -0.0197937056
v 0.011077146 0.0231228197 -0.019693043
v 0.0107638165 0.0235253742 -0.019313218
v 0.0109256459 0.0234045321 -0.0191868308
v 0.0105445096 0.0237778008 -0.0188832466
v 0.010673685 0.0236734111 -0.0187145928
v 0.0102263261 0.0240210137 -0.0184853595
v 0.0103322696 0.0239215549 -0.0182899585
v 0.00982066151 0.0242285763 -0.0181684771
v 0.0099090673 0.0241406843 -0.0179274114
v 0.00941844005 0.0243243283 -0.01763744
v 0.00936725549 0.024423421 -0.0178673481
v 0.00881379563 0.0245709745 -0.0176717171
v 0.00887548923 0.0244667872 -0.0174290677
v 0.00827046856 0.0246696441 -0.0175563238
v 0.00829693303 0.0245636238 -0.017308875
v 0.00770071475 0.0246118987 -0.0172803683
v 0.00768916123 0.0247078151 -0.017562631
v 0.00717268931 0.0247114149 -0.0176139562
v 0.00710527413 0.0246100828 -0.017344549
v 0.00652897358 0.0245583828 -0.0174991413
v 0.00659938343 0.024660578 -0.0177735994
v 0.00608311174 0.0245705568 -0.0179941237
v 0.0059894463 0.0244585627 -0.0177391153
v 0.00564720621 0.0244397429 -0.018285928
v 0.00550247636 0.0243141303 -0.0180563343
v 0.00526094437 0.0242704923 -0.0186443292
v 0.00508259749 0.0241293908 -0.0184413311
v 0.0049256417 0.0240635472 -0.0190658417
v 0.00474281283 0.0239097249 -0.0188828554
v 0.00465709204 0.0238350818 -0.0195154549
v 0.00449224235 0.023662057 -0.0193670823
v 0.00433798321 0.0233937406 -0.0198797168
v 0.0045283339 0.0235769928 -0.0200179972
v 0.00428577419 0.0231124884 -0.0204058799
v 0.00446442375 0.0233209614 -0.0205004188
v 0.00433644745 0.0228268037 -0.0209297773
v 0.00453246338 0.0230466809 -0.0210098088
v 0.00467425119 0.0227801519 -0.0214885824
v 0.0044897506 0.0225451863 -0.0214356134
v 0.00492281886 0.0225208241 -0.0219411039
v 0.00474138232 0.0222763026 -0.0219078484
v 0.00508322241 0.0220282593 -0.022332297
v 0.00525223743 0.0222850153 -0.0223376557
v 0.00564419245 0.0220772088 -0.0226705033
v 0.00550558558 0.0218087774 -0.0226955749
v 0.00608758908 0.0219046841 -0.0229294227
v 0.00599539746 0.0216246171 -0.0229865824
v 0.00662950985 0.0217526388 -0.02313532
v 0.00653813826 0.0214818993 -0.0231954251
v 0.00713425642 0.0216526328 -0.0232466109
v 0.00711682299 0.0213852787 -0.0233152801
v 0.00771492487 0.0213364507 -0.0233445637
v 0.00773184747 0.0215994935 -0.0232627004
v 0.00827377755 0.0215882275 -0.0232049599
v 0.00830801483 0.0213395168 -0.0232783475
v 0.00888417196 0.0213911774 -0.0231238213
v 0.00881227013 0.0216426709 -0.0230302386
v 0.00942312181 0.0214914447 -0.0228830656
v 0.00932005886 0.021729086 -0.0227989002
v 0.00762584666 0.0231439317 -0.0204795181
v -0.00171892159 -0.0265467522 -0.0328484369
v 0.000242445167 -0.0262277239 -0.0324722944
v -0.00202315813 -0.0255408239 -0.0302244006
v -4.12976733e-05 -0.02531104 -0.0299132644
v -0.00202315813 -0.0255408239 -0.0302244006
v -0.00399973383 -0.0254302157 -0.030624434
v -0.00171892159 -0.0265467522 -0.0328484369
v -0.00343175395 -0.0264965047 -0.0331572353
v -0.0001089406 -0.00948503136 -0.0471695565
v 7.90536342e-06 -0.0101264669 -0.047419952
v -0.00194476359 -0.00987169562 -0.0474267129
v -0.00186387054 -0.0104909381 -0.0476874092
v 0.00196601613 -0.00917759574 -0.0464910989
v 0.00209361198 -0.0098607591 -0.0467315542
v 0.00904665887 -0.0184833372 -0.0300593646
v 0.00811993144 -0.0197302359 -0.0296165844
v 0.00919821672 -0.0191597047 -0.0315369564
v 0.00821378734 -0.020433792 -0.0313671125
v 0.00509513821 -0.023510141 -0.0313638707
v 0.00714820391 -0.0216195054 -0.0311785991
v 0.00474620331 -0.0229633892 -0.0292379184
v 0.00696678134 -0.0209979457 -0.0293123273
v 0.00785090867 -0.00940093076 -0.042249953
v 0.00779058924 -0.010209109 -0.0426655221
v 0.00676418748 -0.00913728398 -0.0434163944
v 0.00672108168 -0.00987507139 -0.0437845757
v 0.00447310461 -0.00900840342 -0.0451952946
v 0.0044639064 -0.00969766092 -0.0454983572
v 0.0103841396 -0.0151828038 -0.0324732228
v 0.0103378203 -0.0160216866 -0.0335961856
v 0.0104460623 -0.0128616836 -0.0353770795
v 0.0103433514 -0.0137479395 -0.0362187332
v -0.00392510882 -0.0104268402 -0.0473188333
v -0.00382819166 -0.0110716386 -0.0475999362
v -0.00645871647 -0.01133096 -0.046664779
v -0.00630215649 -0.0120621067 -0.0470146306
v -0.00785799976 -0.0119343687 -0.0460465197
v -0.00772522436 -0.0127216758 -0.0464247996
v -0.00915304199 -0.0126121334 -0.0452485681
v -0.00901164021 -0.0134403471 -0.0456813102
v -0.0110160829 -0.021740667 -0.0334125618
v -0.0108341211 -0.0230375339 -0.035286361
v -0.0092746634 -0.0233086544 -0.0324150374
v -0.00911066029 -0.0243697235 -0.0345700021
v -0.0122997472 -0.019920027 -0.035421369
v -0.0121666333 -0.0210521185 -0.0371375942
v -0.0124975108 -0.0189263696 -0.0367892632
v -0.0124208638 -0.0168681851 -0.0394319219
v -0.0123020262 -0.0200309574 -0.038081597
v -0.0121864127 -0.0179937281 -0.0404682341
v -0.0109028528 -0.0150813827 -0.0438505942
v -0.0115221972 -0.0160075917 -0.0427856835
v -0.0111075873 -0.014163479 -0.0432076893
v -0.0117435455 -0.015020381 -0.0420077838
v 0.00965401623 -0.0106151513 -0.0391561796
v 0.00968426652 -0.00542337837 -0.034879267
v 0.0102058984 -0.0116421539 -0.0372356437
v 0.0102072908 -0.0060044639 -0.0324500871
v 0.0103834532 -0.00726463977 -0.0301702195
v 0.0101204012 -0.00952419929 -0.0267758454
v 0.009683704 -0.0108393202 -0.0254667391
v 0.00906471722 -0.012035493 -0.0244282378
v 0.010190458 -0.0162651719 -0.0315054993
v 0.00974030513 -0.0173492847 -0.0307173041
v 0.00591223687 -0.0154962136 -0.0224303648
v 0.00718338462 -0.0143795522 -0.0229017211
v 0.00365118496 -0.0169225265 -0.0220550681
v 0.00195143581 -0.0246095362 -0.0294784517
v 0.00107815675 -0.0178210524 -0.0219568102
v -0.000712671259 -0.0179810493 -0.0219212745
v -0.00275427336 -0.0180456574 -0.0220833122
v -0.00444283476 -0.0180784642 -0.0224491337
v -0.00275427336 -0.0180456574 -0.0220833122
v -0.00653071376 -0.0247978883 -0.0314122582
v -0.00694202865 -0.017941916 -0.0234595665
v -0.00798809063 -0.024135747 -0.0319347692
v -0.00949902553 -0.0169670618 -0.0249609274
v -0.00828535017 -0.0175414931 -0.0241534645
v -0.0111230947 -0.0155611729 -0.0263337357
v -0.0123935891 -0.0138145614 -0.028473538
v -0.0128432745 -0.0128680358 -0.0304467896
v -0.01295227 -0.0111863147 -0.0341121328
v -0.0127491849 -0.0104841826 -0.0357670139
v -0.0123637766 -0.00990639999 -0.0373680049
v -0.0121677779 -0.0159169136 -0.0407324593
v -0.0102462294 -0.0133538645 -0.0443033071
v -0.00978653878 -0.00815057099 -0.0414870681
v -0.0109028053 -0.00871478664 -0.0402803746
v -0.00836423878 -0.00751548096 -0.042495805
v -0.00675901864 -0.00705975825 -0.0433483276
v -0.00435257424 -0.00645444294 -0.0441153369
v -0.00221409788 -0.00580367583 -0.0442448402
v -0.00194476359 -0.00987169562 -0.0474267129
v -0.000619019265 -0.00544587114 -0.0440476891
v 0.0013243854 -0.00513996604 -0.0434868422
v -0.00221409788 -0.00580367583 -0.0442448402
v 0.00436194893 -0.00480368036 -0.0419160228
v 0.00650809752 -0.0047170934 -0.0401712494
v 0.00871319789 -0.00491386815 -0.0371818114
v 0.00883081928 -0.00983328362 -0.0408407745
v 0.00773085561 -0.0047745943 -0.0387620448
v 0.00215308182 -0.0254706888 -0.0319982804
v -0.00186387054 -0.0104909381 -0.0476874092
v 0.00878636818 -0.0107823953 -0.0412753883
v 0.0100674629 -0.0126254039 -0.0379957836
v 0.0095000267 -0.0115130031 -0.0398484928
v 0.00983675011 -0.0180720477 -0.0321269462
v 0.0102306837 -0.0169889964 -0.0327529807
v -0.00605916977 -0.0258721752 -0.0337413917
v -0.00762484549 -0.0252115269 -0.0341739899
v -0.0119405454 -0.0169809551 -0.0416453563
v -0.0100676343 -0.0142255147 -0.0448302746
v 0.00824265461 -0.0131122583 -0.0235009967
v -0.0117609305 -0.00934325116 -0.0389034033
v 0.00221218099 -0.0249547268 -0.0327967985
v 0.00215308182 -0.0254706888 -0.0319982804
v 0.00025002152 -0.0257488592 -0.0333450051
v 0.000242445167 -0.0262277239 -0.0324722944
v -0.00363764982 -0.0120025622 -0.0473331267
v -0.00382819166 -0.0110716386 -0.0475999362
v -0.00187449926 -0.0114286821 -0.0474649578
v -0.00186387054 -0.0104909381 -0.0476874092
v -0.00181787007 -0.0132845927 -0.0453052405
v 4.36812625e-05 -0.0128985234 -0.0449892427
v 5.08427593e-06 -0.0109871811 -0.0472189756
v -0.00175763131 -0.0164499817 -0.0419488996
v -0.0017894482 -0.0149060523 -0.0435356829
v 2.24024061e-05 -0.0160803988 -0.0416124898
v 2.54333008e-05 -0.0145363718 -0.0432040892
v 6.1518549e-05 -0.017566118 -0.0401489117
v -0.00166430231 -0.0179310143 -0.0404840191
v 0.000166426296 -0.0204979481 -0.0374828977
v -0.00154240604 -0.020832 -0.0378379289
v 0.000118773576 -0.0190306447 -0.0387778755
v -0.00158180948 -0.0193709758 -0.03912881
v -0.00169033522 -0.0261807638 -0.0337166164
v -0.0015917205 -0.0241354199 -0.035199938
v 0.000258463318 -0.0237583513 -0.0348064839
v -0.00336662051 -0.0241388741 -0.0355547033
v -0.0033045481 -0.0261041306 -0.0340418665
v -0.00318420399 -0.0209975594 -0.0381101525
v -0.00322016468 -0.0196128414 -0.0393488633
v -0.0033668445 -0.0182395681 -0.040652929
v -0.00358199584 -0.0168169749 -0.0420945625
v -0.00359710678 -0.0153120245 -0.0436496547
v -0.00363095035 -0.0137822727 -0.0453101254
v 0.00196409691 -0.0125965979 -0.0443437636
v 0.00206607208 -0.0107124131 -0.0464638351
v 0.00183753425 -0.0142049571 -0.0426385657
v 0.00177391223 -0.0171515698 -0.0396711683
v 0.00183438358 -0.0185716623 -0.0382948996
v 0.0019017267 -0.0199773171 -0.0370075117
v 0.00216719392 -0.023024623 -0.0343227855
v 0.00489074225 -0.0231658771 -0.032181007
v 0.00509513821 -0.023510141 -0.0313638707
v 0.0094013596 -0.0131698664 -0.0382426307
v 0.00895987451 -0.012390192 -0.0396455719
v 0.0100674629 -0.0126254039 -0.0379957836
v 0.0095000267 -0.0115130031 -0.0398484928
v 0.00967548322 -0.0142541545 -0.0365920888
v 0.0103433514 -0.0137479395 -0.0362187332
v 0.00434338301 -0.0105697432 -0.0452654633
v 0.00388297322 -0.0124061784 -0.043405081
v 0.00648542866 -0.0106801538 -0.0436815555
v 0.00559873087 -0.0123962231 -0.0422553526
v 0.00359606976 -0.0139274092 -0.0418711418
v 0.0034429573 -0.0166907661 -0.0390544408
v 0.003499527 -0.0180243924 -0.0377171282
v 0.00359791983 -0.0193230833 -0.0364548576
v 0.00419009663 -0.0218774618 -0.0338031214
v 0.00519991387 -0.0137254008 -0.0409872382
v 0.00346509926 -0.0153330906 -0.040436716
v 0.00505392533 -0.0149753028 -0.0396890402
v 0.00503524765 -0.0162194866 -0.038365786
v 0.00519221788 -0.0186314247 -0.0358470861
v 0.00508251181 -0.0174495049 -0.0370689863
v 0.00590998633 -0.0206803083 -0.0334153109
v 0.0069425581 -0.0213995339 -0.0319175867
v 0.00880759675 -0.0192444656 -0.0322267097
v 0.00926419254 -0.0182332443 -0.0327587355
v 0.00919821672 -0.0191597047 -0.0315369564
v 0.00983675011 -0.0180720477 -0.0321269462
v 0.00754236197 -0.0111360478 -0.0423731704
v 0.00678979373 -0.0125668051 -0.0411682558
v 0.00848028157 -0.0116188419 -0.0410393872
v 0.00748938555 -0.0127169871 -0.0404303886
v 0.00767026888 -0.0132556127 -0.0396142597
v 0.00788605679 -0.0140667854 -0.038423831
v 0.00804230664 -0.0151394875 -0.0369982015
v 0.00975582097 -0.0163557498 -0.0341029397
v 0.0081186723 -0.0164814566 -0.0354360372
v 0.00786074623 -0.0191197847 -0.033130786
v 0.00796554983 -0.0184637771 -0.0336383832
v 0.00786525663 -0.0203208095 -0.0320619011
v 0.0070901392 -0.0197520998 -0.0332238991
v 0.00654117577 -0.0135501243 -0.0401683451
v 0.00650821673 -0.0145851988 -0.0389724649
v 0.00654678326 -0.0157131854 -0.0376596054
v 0.00380412326 -0.0206038047 -0.0351741721
v 0.00542206736 -0.0197267125 -0.034658719
v 0.00201855297 -0.0214326837 -0.0356971166
v 0.000216285291 -0.0220486974 -0.0361737082
v -0.00154907943 -0.0223935379 -0.0365499405
v -0.00325463759 -0.022475682 -0.0368739597
v 0.00678457739 -0.0189838094 -0.0341778885
v 0.00809780136 -0.0175455519 -0.0343871477
v 0.00666871527 -0.0180145808 -0.0351851506
v 0.00660366053 -0.016910298 -0.0363319739
v -0.00343175395 -0.0264965047 -0.0331572353
v -0.00605916977 -0.0258721752 -0.0337413917
v -0.00591037283 -0.0254845569 -0.0345935145
v -0.00876432378 -0.024221884 -0.0353504922
v -0.00733198645 -0.0248961672 -0.0349773359
v -0.00911066029 -0.0243697235 -0.0345700021
v -0.00762484549 -0.0252115269 -0.0341739899
v -0.00528530125 -0.0237893606 -0.0359644999
v -0.00876852963 -0.0221696582 -0.0371400249
v -0.00693435641 -0.023192829 -0.0364180998
v -0.0103627583 -0.0158358982 -0.043877074
v -0.0109028528 -0.0150813827 -0.0438505942
v -0.00959824584 -0.0150563201 -0.044751787
v -0.0100676343 -0.0142255147 -0.0448302746
v -0.00543770287 -0.0143912383 -0.0450346992
v -0.00589089841 -0.0129044931 -0.0467794321
v -0.00679608341 -0.014890348 -0.0446980483
v -0.00730992295 -0.0135753038 -0.0462280665
v -0.00804612599 -0.0157803123 -0.043850963
v -0.00764246425 -0.0152400145 -0.0444181918
v -0.00867454521 -0.014278426 -0.0455579097
v -0.00909853913 -0.0172963485 -0.042222912
v -0.0108544445 -0.0167479338 -0.04284137
v -0.00859014504 -0.0165003059 -0.0430933684
v -0.0113070104 -0.0186117831 -0.0406101518
v -0.00958469324 -0.0191312659 -0.0401332404
v -0.0114113046 -0.0206175779 -0.038242401
v -0.00944323558 -0.0205388432 -0.0386311538
v -0.011200428 -0.0217095974 -0.0371768602
v -0.00489608292 -0.0223078844 -0.0371888564
v -0.00469571119 -0.0210025838 -0.0383082766
v -0.00472700596 -0.0197765855 -0.039427351
v -0.00498712994 -0.0185498636 -0.0406344851
v -0.00559073454 -0.0172061084 -0.0420662702
v -0.00537300576 -0.0156923605 -0.0436154846
v -0.00685725687 -0.0158122603 -0.0437020883
v -0.00725329854 -0.019208876 -0.0401283539
v -0.00703961356 -0.0200407678 -0.0392928031
v -0.00828878395 -0.0192597326 -0.0400659439
v -0.00806782208 -0.0202804455 -0.039019176
v -0.007217512 -0.0168055077 -0.0426635145
v -0.00783525966 -0.0176603258 -0.0417817318
v -0.0067787692 -0.0181048602 -0.0412558078
v -0.00625503529 -0.0189484823 -0.0403554377
v -0.00742814038 -0.0185784081 -0.040790109
v -0.00596497068 -0.0208996547 -0.0384688064
v -0.0059974906 -0.0199186816 -0.0393889986
v -0.00750032905 -0.0212800904 -0.0380824169
v -0.00632583583 -0.0219230497 -0.0375441499
v -0.00171892159 -0.0265467522 -0.0328484369
v 7.90536342e-06 -0.0101264669 -0.047419952
v 0.00209361198 -0.0098607591 -0.0467315542
v 0.00177185109 -0.0157069064 -0.0411042252
v 0.00821378734 -0.020433792 -0.0313671125
v 0.00714820391 -0.0216195054 -0.0311785991
v 0.00672108168 -0.00987507139 -0.0437845757
v 0.00779058924 -0.010209109 -0.0426655221
v 0.00878636818 -0.0107823953 -0.0412753883
v 0.0044639064 -0.00969766092 -0.0454983572
v 0.0103378203 -0.0160216866 -0.0335961856
v 0.0102306837 -0.0169889964 -0.0327529807
v 0.00969452877 -0.017240086 -0.0333091018
v -0.00630215649 -0.0120621067 -0.0470146306
v -0.00901164021 -0.0134403471 -0.0456813102
v -0.00772522436 -0.0127216758 -0.0464247996
v -0.0104374886 -0.0230790263 -0.0360337022
v -0.0108341211 -0.0230375339 -0.035286361
v -0.0121666333 -0.0210521185 -0.0371375942
v -0.0123020262 -0.0200309574 -0.038081597
v -0.0121864127 -0.0179937281 -0.0404682341
v -0.0112009812 -0.0176778817 -0.0417397968
v -0.0119405454 -0.0169809551 -0.0416453563
v -0.0115221972 -0.0160075917 -0.0427856835
v -0.00945903733 -0.0181409593 -0.0412688548
v -0.00825099926 -0.0184113293 -0.0409758105
v -0.00683581317 -0.0207420974 -0.0386172937
v -3.98635848e-06 0.00712039527 -0.0411352077
v 0.0015109044 0.00720140112 -0.0410195193
v 1.39296053e-05 0.00302446721 -0.0410032756
v 0.00193446991 0.00312927311 -0.0408535971
v 0.000580612628 0.0151439584 -0.0405321355
v 0.000536631618 0.0151085632 -0.0404339465
v -9.93257709e-05 0.0151079608 -0.0405835455
v -9.65154177e-05 0.0150805175 -0.040474
v -0.000728096929 0.0151166433 -0.040422407
v -0.000773485866 0.0151463935 -0.0405286448
v -0.000956022704 0.0144894279 -0.041539749
v -0.00109756703 0.0144505775 -0.04248241
v -0.000100454687 0.0144410361 -0.0416088596
v -0.000100489851 0.0143951388 -0.0425615848
v 0.00089292851 0.0144399056 -0.0424976511
v 0.00075487938 0.0144793649 -0.0415541204
v -0.00109756703 0.0144505775 -0.04248241
v -0.00115005486 0.015161537 -0.0434218085
v -0.000100489851 0.0143951388 -0.0425615848
v -0.000100861784 0.0151044592 -0.0435033112
v 0.000968289329 0.0151541471 -0.0434323624
v 0.00089292851 0.0144399056 -0.0424976511
v -9.98765172e-05 0.0177000224 -0.0416760234
v 0.000442414283 0.0177278523 -0.0416362781
v -0.000101857782 0.0172311472 -0.043043811
v 0.000679238525 0.0172653115 -0.0429950193
v -0.000884939393 0.0172746661 -0.0429816595
v -0.000640724902 0.0177319794 -0.041630384
v -0.000100004669 0.0162879402 -0.0436926876
v 0.000867357361 0.0163326012 -0.043628905
v -0.00106835365 0.0163416428 -0.0436159922
v 0.00298153865 0.00743220723 -0.0406898937
v 0.00378084881 0.00342152698 -0.0404362149
v 0.00435998198 0.00780594558 -0.0401561395
v 0.00551120751 0.00389253068 -0.0397635513
v 0.00560513977 0.00831064563 -0.0394353525
v 0.00707341637 0.00452805195 -0.0388559321
v 0.00667878147 0.00893159114 -0.0385485496
v 0.00841875561 0.00531009946 -0.0377390515
v 0.00754586188 0.00965088534 -0.0375212901
v 0.0095044896 0.00621508949 -0.0364465906
v 0.00818079896 0.0104459493 -0.03638582
v 0.0102986712 0.00721480697 -0.0350188448
v 0.00856586453 0.0112920918 -0.0351773859
v 0.0107783889 0.00827840741 -0.0334998483
v 0.00868917909 0.012163727 -0.033932577
v 0.0109304236 0.00937358699 -0.0319357846
v 0.00854921807 0.0130345618 -0.0326888949
v 0.0107506849 0.0104673391 -0.0303737433
v 0.00814797357 0.0138782045 -0.0314840471
v 0.0102425767 0.0115265849 -0.028860966
v 0.00749835465 0.014669278 -0.0303542599
v 0.00942204427 0.0125192854 -0.0274432576
v 0.00661727414 0.0153829677 -0.0293350207
v 0.00831221044 0.0134146009 -0.0261646135
v 0.00553205004 0.0159971611 -0.0284578608
v 0.00694666384 0.0141849695 -0.025064412
v 0.00427777041 0.0164943286 -0.0277478313
v 0.00536787044 0.0148069139 -0.0241761825
v 0.00289236056 0.0168594704 -0.0272263545
v 0.00362542621 0.0152630549 -0.0235247289
v 0.00141735794 0.0170808812 -0.0269101467
v 0.0017716866 0.0155396332 -0.02312975
v -0.000102232691 0.0171523891 -0.0268080065
v -0.000137540701 0.0156278164 -0.0230038112
v -0.00141338108 0.0152579779 -0.0403692986
v -0.00133918284 0.0152152291 -0.0402816116
v -0.00200073724 0.0154357876 -0.0401153598
v -0.00191112747 0.0153731031 -0.0400561441
v -0.00253975624 0.0156725413 -0.0397772402
v -0.00242678402 0.0155853975 -0.0397529559
v -0.00299839978 0.0159613448 -0.0393647856
v -0.00287050009 0.0158458231 -0.0393810293
v -0.00335879088 0.016289662 -0.0388958996
v -0.00322878105 0.0161464044 -0.0389517544
v -0.00360116712 0.0166489769 -0.0383827444
v -0.00349042658 0.0164781841 -0.0384779234
v -0.00372036453 0.0170290683 -0.0378399171
v -0.00364771835 0.0168309702 -0.0379740922
v -0.00372449378 0.0174154962 -0.0372880404
v -0.00369584071 0.0171940628 -0.0374555418
v -0.0033933185 0.018129003 -0.0362690461
v -0.00361263263 0.0177905438 -0.0367524164
v -0.00346184243 0.0179070408 -0.0364373028
v -0.00363317714 0.0175564246 -0.036938035
v -0.00309362402 0.01842597 -0.0358449329
v -0.00318702939 0.0182353067 -0.03596849
v -0.00272875302 0.0186843443 -0.0354759358
v -0.00281685824 0.0185311572 -0.0355459713
v -0.00229569664 0.0189093662 -0.0351545709
v -0.0023627854 0.0187856565 -0.0351825083
v -0.00181997055 0.0190919291 -0.0348938439
v -0.00183860294 0.0189910782 -0.0348891355
v -0.00126555201 0.0192257647 -0.0347027067
v -0.00126018526 0.0191411765 -0.0346747727
v -0.000645124877 0.0192314056 -0.0345459121
v -0.000662360166 0.019318982 -0.0345695784
v 1.00243087e-05 0.0193514636 -0.0345231898
v -1.20794766e-05 0.01925904 -0.034506446
v 0.000678070297 0.0193059906 -0.034588132
v 0.000619671133 0.0192229897 -0.0345579442
v 0.0012764734 0.019203376 -0.0347346811
v 0.00123097294 0.0191246958 -0.0346983095
v 0.0018178313 0.0190543962 -0.0349474464
v 0.00180319487 0.0189669886 -0.034923539
v 0.00231900206 0.0187546845 -0.035226741
v 0.00229460839 0.0188621924 -0.0352219422
v 0.00276271347 0.0184942319 -0.0355987191
v 0.00270792958 0.0186234878 -0.0355628479
v 0.00312079419 0.018193526 -0.0360281591
v 0.00304634077 0.0183725879 -0.0359211705
v 0.00338248257 0.0178617676 -0.0365019596
v 0.00332773686 0.0180713816 -0.036351338
v 0.00353944045 0.0175089228 -0.0370058747
v 0.00351768732 0.0177402033 -0.0368243101
v 0.00358760357 0.0171458441 -0.0375244053
v 0.00361773721 0.0173693629 -0.0373539255
v 0.00352491857 0.016783478 -0.0380419182
v 0.00359723088 0.0169795675 -0.0379106115
v 0.00335343834 0.0164328629 -0.0385426489
v 0.00345220324 0.016603302 -0.038447975
v 0.003078382 0.0161046782 -0.0390113457
v 0.00319549791 0.0162502659 -0.0389521631
v 0.00270816311 0.0158088479 -0.0394338354
v 0.00283044321 0.0159251656 -0.0394164549
v 0.00225401158 0.0155544127 -0.0397972069
v 0.0023626613 0.0156409774 -0.0398223181
v 0.00172987639 0.0153489729 -0.0400906056
v 0.00181482127 0.0154110473 -0.0401506926
v 0.00115153519 0.015198929 -0.0403048906
v 0.00122503343 0.0152432226 -0.0403903713
v -0.00217496161 0.015322618 -0.0431917479
v -0.00206062314 0.0146026652 -0.0422652062
v -0.00313458196 0.015583555 -0.0428191039
v -0.00296279415 0.0148490417 -0.0419133437
v -0.00400118809 0.0159358015 -0.0423160433
v -0.00377600174 0.0151816911 -0.0414382707
v -0.00474789133 0.0163687806 -0.0416976714
v -0.0044768001 0.0155902609 -0.040854772
v -0.0053523872 0.0168697088 -0.0409822712
v -0.00504311081 0.0160622267 -0.0401807344
v -0.00579472072 0.0174238393 -0.0401909031
v -0.00545769185 0.0165836537 -0.0394360588
v -0.00606401451 0.0180134528 -0.039348847
v -0.00570791215 0.0171383945 -0.0386438061
v -0.00615029316 0.0186213578 -0.0384806679
v -0.00578649528 0.017709976 -0.0378275023
v -0.00605102535 0.0192285758 -0.0376134699
v -0.00569121819 0.0182806879 -0.0370124405
v -0.0057706451 0.0198166306 -0.03677364
v -0.0054243803 0.0188329085 -0.0362237871
v -0.0053155995 0.0203675103 -0.0359869014
v -0.00499494048 0.019350312 -0.0354848577
v -0.00470109936 0.0208644321 -0.0352772229
v -0.00441587437 0.0198171314 -0.0348181698
v -0.00394614693 0.0212928106 -0.0346654345
v -0.00370253553 0.0202186714 -0.0342447108
v -0.00307140825 0.0216384684 -0.0341717835
v -0.00287966733 0.0205432204 -0.0337812063
v -0.00210644957 0.0218936675 -0.033807321
v -0.00197054865 0.0207809432 -0.0334417028
v -0.00107822649 0.0220475343 -0.0335875633
v -0.0010032272 0.0209241601 -0.0332371676
v -1.84416767e-05 0.022096847 -0.0335171374
v -7.01069803e-06 0.0209694023 -0.0331725549
v -1.84416767e-05 0.022096847 -0.0335171374
v -7.01069803e-06 0.0209694023 -0.0331725549
v 0.00104022562 0.0220401281 -0.0335981535
v 0.000987773179 0.020914751 -0.0332506052
v 0.00206493842 0.0218786634 -0.0338287492
v 0.00195085048 0.020762142 -0.0334685536
v 0.00302511919 0.0216181356 -0.0342008089
v 0.00285311695 0.0205158478 -0.0338202986
v 0.00389195443 0.0212660557 -0.0347036314
v 0.00366589543 0.0201829077 -0.0342957866
v 0.00463768234 0.0208326503 -0.0353226121
v 0.00436701532 0.0197744757 -0.0348790885
v 0.00524210464 0.0203316601 -0.0360381008
v 0.00493298052 0.0193021563 -0.0355536312
v 0.00568430871 0.01977741 -0.0368296398
v 0.00534707541 0.0187806588 -0.0362984074
v 0.00595381251 0.0191877748 -0.0376717398
v 0.00559745776 0.0182258486 -0.0370907593
v 0.00604020106 0.0185797718 -0.0385400459
v 0.00567667466 0.0176542692 -0.0379070601
v 0.00594164338 0.017972651 -0.0394071051
v 0.00558103528 0.0170838115 -0.0387217587
v 0.00566010457 0.0173847584 -0.0402467165
v 0.00531345373 0.0165317865 -0.0395101329
v 0.0052058408 0.0168340538 -0.0410332048
v 0.00488514407 0.0160140326 -0.0402495628
v 0.0045912955 0.0163372827 -0.0417426682
v 0.00430505257 0.0155475903 -0.040915712
v 0.00383628369 0.0159089986 -0.0423543089
v 0.00359184737 0.0151459392 -0.0414893297
v 0.00296242232 0.0155624358 -0.0428492523
v 0.00276874541 0.0148215835 -0.0419525581
v 0.00199685339 0.0153080737 -0.0432125192
v 0.00185988483 0.0145836033 -0.0422924293
v 0.00185988483 0.0145836033 -0.0422924293
v 0.00158657483 0.01460187 -0.0413791843
v 0.00276874541 0.0148215835 -0.0419525581
v 0.00236716634 0.0148063515 -0.0410871542
v 0.00359184737 0.0151459392 -0.0414893297
v 0.00307505135 0.015084544 -0.0406898537
v 0.00430505257 0.0155475903 -0.040915712
v 0.00368832587 0.0154293675 -0.0401973943
v 0.00488514407 0.0160140326 -0.0402495628
v 0.00418704748 0.0158295955 -0.0396258089
v 0.00531345373 0.0165317865 -0.0395101329
v 0.00455641001 0.0162738136 -0.0389913992
v 0.00558103528 0.0170838115 -0.0387217587
v 0.00478575705 0.0167484241 -0.0383135651
v 0.00567667466 0.0176542692 -0.0379070601
v 0.00486704335 0.0172387931 -0.0376132644
v 0.00559745776 0.0182258486 -0.0370907593
v 0.00480045797 0.0177296637 -0.036912228
v 0.00534707541 0.0187806588 -0.0362984074
v 0.00458746403 0.0182066352 -0.0362310219
v 0.00493298052 0.0193021563 -0.0355536312
v 0.00423196563 0.0186549217 -0.035590802
v 0.00436701532 0.0197744757 -0.0348790885
v 0.00374729862 0.0190616011 -0.0350100225
v 0.00366589543 0.0201829077 -0.0342957866
v 0.00314510334 0.0194126931 -0.0345085911
v 0.00285311695 0.0205158478 -0.0338202986
v 0.00244653574 0.0196985561 -0.0341003556
v 0.00195085048 0.020762142 -0.0334685536
v 0.00167238887 0.0199105771 -0.033797558
v 0.000987773179 0.020914751 -0.0332506052
v 0.000845400675 0.0200417294 -0.0336102334
v -7.01069803e-06 0.0209694023 -0.0331725549
v -9.42587849e-06 0.0200890705 -0.0335426428
v -0.0010032272 0.0209241601 -0.0332371676
v -0.000865263923 0.0200510114 -0.0335969774
v -0.00197054865 0.0207809432 -0.0334417028
v -0.00169651024 0.0199284823 -0.0337719672
v -0.00287966733 0.0205432204 -0.0337812063
v -0.00247797719 0.0197252701 -0.0340621846
v -0.00370253553 0.0202186714 -0.0342447108
v -0.00318537699 0.0194465856 -0.0344602071
v -0.00441587437 0.0198171314 -0.0348181698
v -0.00379817467 0.0191014474 -0.0349530965
v -0.00499494048 0.019350312 -0.0354848577
v -0.00429676985 0.0187005395 -0.0355256724
v -0.0054243803 0.0188329085 -0.0362237871
v -0.00466674333 0.0182562519 -0.0361601813
v -0.00569121819 0.0182806879 -0.0370124405
v -0.00489495276 0.0177815853 -0.0368380761
v -0.00578649528 0.017709976 -0.0378275023
v -0.0049783038 0.0172914733 -0.0375380292
v -0.00570791215 0.0171383945 -0.0386438061
v -0.00491194706 0.0168002619 -0.0382395524
v -0.00545769185 0.0165836537 -0.0394360588
v -0.00469718454 0.0163235366 -0.0389203874
v -0.00504311081 0.0160622267 -0.0401807344
v -0.00434289454 0.0158753393 -0.0395604606
v -0.0044768001 0.0155902609 -0.040854772
v -0.00385792716 0.0154694436 -0.0401401403
v -0.00377600174 0.0151816911 -0.0414382707
v -0.00325523363 0.0151187148 -0.0406410529
v -0.00296279415 0.0148490417 -0.0419133437
v -0.00255717267 0.0148325351 -0.0410497601
v -0.00206062314 0.0146026652 -0.0422652062
v -0.00178302766 0.0146202727 -0.0413529026
v 0.00143915589 0.0173772605 -0.0428351394
v 0.00180695229 0.0164719389 -0.0434299099
v 0.00215383037 0.0175625402 -0.0425705323
v 0.00268984307 0.0167026991 -0.0431003499
v 0.00280043599 0.0178166528 -0.0422076216
v 0.00348923681 0.0170181627 -0.0426498208
v 0.00336100813 0.0181312095 -0.0417583356
v 0.00418345444 0.0174088417 -0.0420918729
v 0.00381783 0.0184969953 -0.0412359909
v 0.0047477386 0.0178627082 -0.0414436837
v 0.0041573667 0.018902672 -0.040656624
v 0.00516521465 0.0183656513 -0.0407254059
v 0.00436789729 0.019336276 -0.0400373208
v 0.00542338844 0.0189023966 -0.0399588535
v 0.00444277981 0.0197845069 -0.0393971801
v 0.00551446434 0.0194571746 -0.0391665996
v 0.00438319193 0.0202333744 -0.0387561823
v 0.00544033991 0.0200134466 -0.0383721082
v 0.00418827543 0.0206692827 -0.0381336402
v 0.00519534107 0.0205527912 -0.0376018436
v 0.00386515842 0.0210788805 -0.0375486214
v 0.00479217991 0.0210595313 -0.0368781431
v 0.00342201698 0.0214499933 -0.0370186169
v 0.00424272288 0.0215189224 -0.0362220641
v 0.00287411921 0.0217719899 -0.0365588097
v 0.00355833047 0.0219147455 -0.0356567695
v 0.00223786943 0.0220339859 -0.0361846402
v 0.00276897196 0.0222380168 -0.0351950899
v 0.00153002434 0.0222274484 -0.0359082949
v 0.00189438579 0.0224777203 -0.0348527575
v 0.00077453733 0.0223484925 -0.035735426
v 0.000958470977 0.0226261989 -0.0346407078
v -6.76453101e-06 0.0223920146 -0.0356732698
v -9.3466042e-06 0.0226788813 -0.0345654696
v -0.000789231039 0.0223571643 -0.0357230933
v -0.000978215947 0.022635498 -0.0346274273
v -0.00154878618 0.0222455999 -0.0358824239
v -0.00191769353 0.0224973077 -0.0348247837
v -0.00226336718 0.0220605189 -0.0361467472
v -0.00280065532 0.0222659963 -0.035155131
v -0.00291045662 0.0218071874 -0.0365084904
v -0.00359903811 0.0219493104 -0.0356074056
v -0.00347181316 0.0214931821 -0.0369569368
v -0.00429369928 0.021559045 -0.036164763
v -0.00392735936 0.0211271621 -0.0374797201
v -0.00485737808 0.0211052329 -0.0368128744
v -0.0042660092 0.0207214535 -0.0380590806
v -0.0052723838 0.0206018058 -0.0375318434
v -0.00447498308 0.0202878592 -0.0386783179
v -0.00553379999 0.0200654676 -0.0382978144
v -0.00455428101 0.0198400064 -0.0393179706
v -0.00562661653 0.0195099618 -0.0390911596
v -0.00449424749 0.0193910255 -0.0399591823
v -0.00555172423 0.0189538513 -0.0398853684
v -0.00429989351 0.0189549752 -0.0405818752
v -0.00530683994 0.0184145997 -0.0406555003
v -0.00397690758 0.0185449492 -0.0411674536
v -0.00490358332 0.01790771 -0.0413794144
v -0.00353303668 0.0181739954 -0.041697283
v -0.00435299845 0.0174484856 -0.0420352554
v -0.00298410398 0.0178524324 -0.0421565229
v -0.0036694908 0.017052389 -0.0426009406
v -0.00234710448 0.0175908744 -0.0425300668
v -0.00287974579 0.0167287523 -0.043063142
v -0.00164012425 0.0173960971 -0.042808186
v -0.00200299011 0.0164905659 -0.0434033078
v -0.00116559141 0.0178149457 -0.0415118957
v -0.00165845396 0.0179471157 -0.0413231372
v -0.00210118294 0.0181285718 -0.0410639909
v -0.00248083356 0.0183521728 -0.0407446552
v -0.00278647896 0.018610437 -0.0403758153
v -0.00300978427 0.018895059 -0.0399693327
v -0.00314150099 0.0191979042 -0.0395368246
v -0.00317827938 0.0195093358 -0.0390920538
v -0.00312290434 0.0198198881 -0.0386485386
v -0.0029747556 0.0201202002 -0.0382196482
v -0.00273427251 0.020400179 -0.0378197966
v -0.00241323933 0.0206522884 -0.0374597468
v -0.00202647201 0.0208719512 -0.0371460874
v -0.00157660246 0.0210474149 -0.0368954471
v -0.00107744697 0.0211718094 -0.0367177932
v -0.000550152035 0.0212492896 -0.0366071399
v -7.85887187e-06 0.0212751249 -0.0365702432
v 0.000533322222 0.0212429467 -0.0366161985
v 0.00105766917 0.0211591567 -0.0367358632
v 0.00154608721 0.0210217078 -0.0369321606
v 0.00198422908 0.0208365254 -0.0371966289
v 0.0023669207 0.0206144468 -0.0375137903
v 0.0026801622 0.0203592774 -0.0378782621
v 0.0029055404 0.0200752144 -0.0382838946
v 0.00303514232 0.0197721096 -0.0387167735
v 0.00306989416 0.0194605904 -0.0391616694
v 0.00301414728 0.0191500605 -0.0396051525
v 0.00286782021 0.0188494098 -0.0400345266
v 0.00263338792 0.0185677237 -0.0404368164
v 0.0023166691 0.0183139092 -0.0407993014
v 0.00192562572 0.0180968882 -0.0411092397
v 0.00147178886 0.017924742 -0.0413550903
v 0.000971064845 0.0178024992 -0.0415296712
v -0.00287974579 0.0167287523 -0.043063142
v -0.00200299011 0.0164905659 -0.0434033078
v -0.0036694908 0.017052389 -0.0426009406
v -0.00435299845 0.0174484856 -0.0420352554
v -0.00490358332 0.01790771 -0.0413794144
v -0.00530683994 0.0184145997 -0.0406555003
v -0.00555172423 0.0189538513 -0.0398853684
v -0.00562661653 0.0195099618 -0.0390911596
v -0.00553379999 0.0200654676 -0.0382978144
v -0.0052723838 0.0206018058 -0.0375318434
v -0.00485737808 0.0211052329 -0.0368128744
v -0.00429369928 0.021559045 -0.036164763
v -0.00359903811 0.0219493104 -0.0356074056
v -0.00280065532 0.0222659963 -0.035155131
v -0.00191769353 0.0224973077 -0.0348247837
v -0.000978215947 0.022635498 -0.0346274273
v -9.3466042e-06 0.0226788813 -0.0345654696
v 0.000958470977 0.0226261989 -0.0346407078
v -9.3466042e-06 0.0226788813 -0.0345654696
v 0.00189438579 0.0224777203 -0.0348527575
v 0.00276897196 0.0222380168 -0.0351950899
v 0.00355833047 0.0219147455 -0.0356567695
v 0.00424272288 0.0215189224 -0.0362220641
v 0.00479217991 0.0210595313 -0.0368781431
v 0.00519534107 0.0205527912 -0.0376018436
v 0.00544033991 0.0200134466 -0.0383721082
v 0.00551446434 0.0194571746 -0.0391665996
v 0.00542338844 0.0189023966 -0.0399588535
v 0.00516521465 0.0183656513 -0.0407254059
v 0.0047477386 0.0178627082 -0.0414436837
v 0.00418345444 0.0174088417 -0.0420918729
v 0.00348923681 0.0170181627 -0.0426498208
v 0.00268984307 0.0167026991 -0.0431003499
v 0.00180695229 0.0164719389 -0.0434299099
v 0.000867357361 0.0163326012 -0.043628905
v -0.000100004669 0.0162879402 -0.0436926876
v -0.00106835365 0.0163416428 -0.0436159922
v -1.92523003e-05 0.0191777958 -0.0389710039
v 1.46251914e-05 -0.0020158789 -0.0386304166
v 0.00209411979 -0.00190464569 -0.038471559
v -0.000131085515 0.0116730739 -0.0190805482
v 0.00194286101 0.011578113 -0.0192161665
v 0.00395635096 0.011277519 -0.0196454598
v 0.00584830251 0.0107810074 -0.0203545524
v 0.0075601195 0.0101027706 -0.0213231758
v 0.0090397168 0.00926380205 -0.0225213482
v 0.0102440165 0.00829068054 -0.023911111
v 0.0111356257 0.00721241979 -0.0254510283
v 0.0116855903 0.00606146938 -0.0270947573
v 0.0118769929 0.00487305341 -0.0287919928
v 0.0117123025 0.00368344834 -0.0304909264
v 0.0111883068 0.00252856847 -0.0321402673
v 0.0103205293 0.00144396909 -0.0336892371
v 0.00913920347 0.000461576813 -0.03509224
v 0.0076778885 -0.000387973966 -0.0363055253
v 0.0059815119 -0.00107893129 -0.0372923155
v 0.00410069712 -0.00158922104 -0.0380210855
v -0.000668721157 0.0126781498 -0.0388023782
v -0.000649384223 0.012764964 -0.0387912231
v -2.20274924e-05 0.0126507088 -0.0388415681
v -2.27445362e-05 0.0127369973 -0.0388311637
v 0.000615408644 0.0127725259 -0.0387804236
v 0.000614743505 0.0126874382 -0.038789113
v 0.00105603097 0.0103320008 -0.040152778
v 0.0015109044 0.00720140112 -0.0410195193
v -1.486361e-05 0.010274046 -0.0402355527
v -3.98635848e-06 0.00712039527 -0.0411352077
v -0.00152710197 0.00719046637 -0.0410351357
v -0.00109745376 0.0103230244 -0.0401655977
v -3.98635848e-06 0.00712039527 -0.0411352077
v -1.486361e-05 0.010274046 -0.0402355527
v 1.39296053e-05 0.00302446721 -0.0410032756
v -0.00188170432 0.00311062314 -0.040880232
v -3.98635848e-06 0.00712039527 -0.0411352077
v -0.00152710197 0.00719046637 -0.0410351357
v -0.000102232691 0.0171523891 -0.0268080065
v -0.00162060978 0.0170732041 -0.026921127
v -0.000137540701 0.0156278164 -0.0230038112
v -0.00204457273 0.0155253278 -0.0231501803
v -0.00309145916 0.0168429703 -0.0272499027
v -0.00389120565 0.0152336824 -0.0235666935
v -0.00446920376 0.0164683696 -0.027784921
v -0.00562020298 0.0147610649 -0.0242416618
v -0.00571235642 0.0159620184 -0.0285080662
v -0.00717999926 0.0141235137 -0.0251521801
v -0.00678428169 0.0153401977 -0.0293961027
v -0.00852359738 0.0133404871 -0.026270459
v -0.00765208714 0.0146211053 -0.0304230578
v -0.00960972719 0.012435567 -0.02756282
v -0.00828960445 0.0138266846 -0.0315576253
v -0.0104075242 0.0114367854 -0.0289892292
v -0.00867663324 0.0129808337 -0.0327656429
v -0.0108915325 0.0103738098 -0.0305073171
v -0.00880289078 0.0121093033 -0.0340103023
v -0.0110444548 0.00927874576 -0.032071232
v -0.00866073556 0.0112385667 -0.035253844
v -0.0108615393 0.00818521376 -0.033632959
v -0.00825693086 0.0103953012 -0.0364581532
v -0.0103505608 0.00712636619 -0.0351451352
v -0.00760449376 0.00960491343 -0.0375869448
v -0.00952710118 0.00613448535 -0.0365617053
v -0.00672347518 0.00889114484 -0.038606313
v -0.00841686223 0.00523929065 -0.037840177
v -0.00563992979 0.00827585382 -0.0394850566
v -0.00705387117 0.00446738624 -0.0389425718
v -0.00438678265 0.00777773103 -0.0401964341
v -0.00547697069 0.00384384192 -0.0398330861
v -0.00300219539 0.00741152468 -0.0407194315
v -0.00373581401 0.00338614727 -0.0404867262
v 0.00298153865 0.00743220723 -0.0406898937
v 0.00209860201 0.0104954654 -0.0399193327
v 0.00435998198 0.00780594558 -0.0401561395
v 0.00307585462 0.0107603289 -0.039541068
v 0.00560513977 0.00831064563 -0.0394353525
v 0.00395822292 0.0111183584 -0.039029755
v 0.00471939053 0.0115584738 -0.038401211
v 0.00667878147 0.00893159114 -0.0385485496
v 0.00754586188 0.00965088534 -0.0375212901
v 0.00533446763 0.0120682442 -0.0376731632
v 0.00818079896 0.0104459493 -0.03638582
v 0.00578367198 0.0126321341 -0.0368678637
v 0.00856586453 0.0112920918 -0.0351773859
v 0.00605645636 0.0132319911 -0.0360111784
v 0.00868917909 0.012163727 -0.033932577
v 0.00614392245 0.0138499133 -0.0351286868
v 0.00854921807 0.0130345618 -0.0326888949
v 0.00604495034 0.014467255 -0.0342470371
v 0.00814797357 0.0138782045 -0.0314840471
v 0.00576100359 0.0150654261 -0.0333927594
v 0.00530013535 0.0156261299 -0.0325919778
v 0.00749835465 0.014669278 -0.0303542599
v 0.00661727414 0.0153829677 -0.0293350207
v 0.00467469916 0.0161317375 -0.0318698946
v 0.00553205004 0.0159971611 -0.0284578608
v 0.00390509586 0.016566965 -0.0312483378
v 0.00427777041 0.0164943286 -0.0277478313
v 0.00301575172 0.0169192531 -0.0307452177
v 0.00289236056 0.0168594704 -0.0272263545
v 0.00203351141 0.0171779308 -0.0303757873
v 0.00141735794 0.0170808812 -0.0269101467
v 0.000987860491 0.01733484 -0.0301516976
v -0.000102232691 0.0171523891 -0.0268080065
v -8.92949101e-05 0.0173858711 -0.0300787981
v -8.92949101e-05 0.0173858711 -0.0300787981
v -0.00116572971 0.0173301436 -0.0301583982
v -0.000102232691 0.0171523891 -0.0268080065
v -0.00162060978 0.0170732041 -0.026921127
v -0.00309145916 0.0168429703 -0.0272499027
v -0.00220838073 0.0171667633 -0.0303917297
v -0.00446920376 0.0164683696 -0.027784921
v -0.0031846927 0.0169008786 -0.0307714463
v -0.00571235642 0.0159620184 -0.0285080662
v -0.00406499859 0.0165411513 -0.0312851905
v -0.00678428169 0.0153401977 -0.0293961027
v -0.0048244046 0.0160999842 -0.0319152561
v -0.00765208714 0.0146211053 -0.0304230578
v -0.00544028264 0.0155905176 -0.0326428504
v -0.00828960445 0.0138266846 -0.0315576253
v -0.00589299202 0.0150275453 -0.0334468459
v -0.00867663324 0.0129808337 -0.0327656429
v -0.00616832729 0.0144280566 -0.0343030183
v -0.00880289078 0.0121093033 -0.0340103023
v -0.00625668513 0.013810217 -0.035185379
v -0.00866073556 0.0112385667 -0.035253844
v -0.00615601055 0.0131929705 -0.0360668862
v -0.00825693086 0.0103953012 -0.0364581532
v -0.00586864445 0.0125953197 -0.0369204208
v -0.00760449376 0.00960491343 -0.0375869448
v -0.00540530682 0.0120352229 -0.037720329
v -0.00672347518 0.00889114484 -0.038606313
v -0.00477961032 0.0115297134 -0.0384422785
v -0.00563992979 0.00827585382 -0.0394850566
v -0.00401169294 0.0110934268 -0.0390653676
v -0.00438678265 0.00777773103 -0.0401964341
v -0.00312471134 0.0107391581 -0.0395713031
v -0.00300219539 0.00741152468 -0.0407194315
v -0.00214320654 0.0104796694 -0.0399418982
v 0.00123640231 0.0127847591 -0.0386501242
v 0.00122690736 0.0128703511 -0.0386407146
v 0.00181890186 0.0129423841 -0.0384250122
v 0.0017994385 0.0130276064 -0.0384161305
v 0.00234217872 0.0131579035 -0.0381172377
v 0.00231547235 0.0132395718 -0.0381134122
v 0.00279381033 0.0134214092 -0.0377409123
v 0.00275957328 0.0134996758 -0.0377419449
v 0.00315877679 0.0137258809 -0.0373060618
v 0.00311838393 0.0138000317 -0.0373129919
v 0.0034263276 0.0140620185 -0.0368260071
v 0.00338077056 0.0141316052 -0.0368394554
v 0.00358877657 0.0144196053 -0.0363153392
v 0.0035387252 0.014484278 -0.036335786
v 0.00363907102 0.0147879665 -0.035789245
v 0.0035875272 0.0148473471 -0.0358172691
v 0.00358059397 0.0151559234 -0.0352637476
v 0.00352564338 0.0152097613 -0.0352996876
v 0.00340923294 0.0155121357 -0.0347550233
v 0.00335488073 0.015560449 -0.0347988531
v 0.00313390954 0.0158461697 -0.0342779728
v 0.00308078527 0.0158888186 -0.0343298924
v 0.00275997166 0.0161470928 -0.0338482096
v 0.00271136989 0.0161848817 -0.03390707
v 0.0022994529 0.0164054789 -0.0334791958
v 0.00225781789 0.0164396332 -0.0335432469
v 0.00176825817 0.0166145693 -0.0331805834
v 0.00173411309 0.0166454159 -0.0332493584
v 0.00118201785 0.0167676804 -0.0329619179
v 0.00115605944 0.0167959331 -0.0330343975
v 0.000558396918 0.0168603187 -0.0328296166
v 0.000541178568 0.0168865329 -0.0329050074
v -8.38637352e-05 0.0168892768 -0.0327882601
v -9.17947254e-05 0.0169145647 -0.0328649737
v -8.38637352e-05 0.0168892768 -0.0327882601
v -9.17947254e-05 0.0169145647 -0.0328649737
v -0.000725282414 0.0168555495 -0.0328364278
v -0.000723633741 0.0168790447 -0.0329157017
v -0.00134665961 0.0167581688 -0.032975502
v -0.00133507012 0.0167810977 -0.0330555846
v -0.00192762609 0.0165985647 -0.0332034599
v -0.00190761802 0.0166238231 -0.0332801961
v -0.00245239493 0.0163842371 -0.0335095517
v -0.00242380379 0.0164118695 -0.0335828976
v -0.00290400977 0.0161207244 -0.0338858677
v -0.00286805863 0.0161517965 -0.0339543207
v -0.00326990127 0.0158165684 -0.0343202479
v -0.00322668301 0.0158513819 -0.0343833576
v -0.00353778107 0.0154805323 -0.0348001577
v -0.00348898163 0.0155198254 -0.0348568697
v -0.0037004326 0.0151229909 -0.0353107801
v -0.00364691252 0.0151671601 -0.0353605285
v -0.00375071983 0.0147546415 -0.0358368575
v -0.00369578833 0.0148041049 -0.0358790255
v -0.00368877873 0.0143868539 -0.0363620937
v -0.0036337541 0.0144417116 -0.0363965967
v -0.0035149646 0.0140310332 -0.0368702782
v -0.00346314651 0.0140909591 -0.0368975041
v -0.00323739275 0.0136975804 -0.0373464986
v -0.00318889134 0.0137625811 -0.037366477
v -0.00286303996 0.013396787 -0.037776057
v -0.00281944987 0.0134664752 -0.0377893604
v -0.00240588654 0.0131363994 -0.0381479488
v -0.00236571301 0.0132118156 -0.0381530523
v -0.00187758205 0.0129249131 -0.0384499634
v -0.00184206723 0.0130061755 -0.0384467565
v -0.00129256246 0.0127704351 -0.0386706006
v -0.00126421801 0.0128555595 -0.0386618392
v 0.000614743505 0.0126874382 -0.038789113
v -2.20274924e-05 0.0126507088 -0.0388415681
v 0.00172987639 0.0153489729 -0.0400906056
v 0.00225401158 0.0155544127 -0.0397972069
v -2.20274924e-05 0.0126507088 -0.0388415681
v -0.000668721157 0.0126781498 -0.0388023782
v -0.00129256246 0.0127704351 -0.0386706006
v -0.00187758205 0.0129249131 -0.0384499634
v -0.00240588654 0.0131363994 -0.0381479488
v -0.00286303996 0.013396787 -0.037776057
v -0.00323739275 0.0136975804 -0.0373464986
v -0.0035149646 0.0140310332 -0.0368702782
v -0.00368877873 0.0143868539 -0.0363620937
v -0.00375071983 0.0147546415 -0.0358368575
v -0.0037004326 0.0151229909 -0.0353107801
v -0.00353778107 0.0154805323 -0.0348001577
v -0.00326990127 0.0158165684 -0.0343202479
v -0.00290400977 0.0161207244 -0.0338858677
v -0.00245239493 0.0163842371 -0.0335095517
v -0.00192762609 0.0165985647 -0.0332034599
v -0.00134665961 0.0167581688 -0.032975502
v -0.000725282414 0.0168555495 -0.0328364278
v -8.38637352e-05 0.0168892768 -0.0327882601
v -8.38637352e-05 0.0168892768 -0.0327882601
v 0.000558396918 0.0168603187 -0.0328296166
v 0.00118201785 0.0167676804 -0.0329619179
v 0.00176825817 0.0166145693 -0.0331805834
v 0.0022994529 0.0164054789 -0.0334791958
v 0.00275997166 0.0161470928 -0.0338482096
v 0.00313390954 0.0158461697 -0.0342779728
v 0.00340923294 0.0155121357 -0.0347550233
v 0.00358059397 0.0151559234 -0.0352637476
v 0.00363907102 0.0147879665 -0.035789245
v 0.00358877657 0.0144196053 -0.0363153392
v 0.0034263276 0.0140620185 -0.0368260071
v 0.00315877679 0.0137258809 -0.0373060618
v 0.00279381033 0.0134214092 -0.0377409123
v 0.00234217872 0.0131579035 -0.0381172377
v 0.00181890186 0.0129423841 -0.0384250122
v 0.00123640231 0.0127847591 -0.0386501242
v 0.00270816311 0.0158088479 -0.0394338354
v 0.003078382 0.0161046782 -0.0390113457
v 0.00335343834 0.0164328629 -0.0385426489
v 0.00352491857 0.016783478 -0.0380419182
v 0.00358760357 0.0171458441 -0.0375244053
v 0.00353944045 0.0175089228 -0.0370058747
v 0.00338248257 0.0178617676 -0.0365019596
v 0.00312079419 0.018193526 -0.0360281591
v 0.00276271347 0.0184942319 -0.0355987191
v 0.00231900206 0.0187546845 -0.035226741
v 0.00180319487 0.0189669886 -0.034923539
v 0.00123097294 0.0191246958 -0.0346983095
v 0.000619671133 0.0192229897 -0.0345579442
v -1.20794766e-05 0.01925904 -0.034506446
v -1.20794766e-05 0.01925904 -0.034506446
v -0.000645124877 0.0192314056 -0.0345459121
v -0.00126018526 0.0191411765 -0.0346747727
v -0.00183860294 0.0189910782 -0.0348891355
v -0.0023627854 0.0187856565 -0.0351825083
v -0.00281685824 0.0185311572 -0.0355459713
v -0.00318702939 0.0182353067 -0.03596849
v -0.00346184243 0.0179070408 -0.0364373028
v -0.00363317714 0.0175564246 -0.036938035
v -0.00369584071 0.0171940628 -0.0374555418
v -0.00364771835 0.0168309702 -0.0379740922
v -0.00349042658 0.0164781841 -0.0384779234
v -0.00322878105 0.0161464044 -0.0389517544
v -0.00287050009 0.0158458231 -0.0393810293
v -0.00242678402 0.0155853975 -0.0397529559
v -0.00191112747 0.0153731031 -0.0400561441
v -0.00133918284 0.0152152291 -0.0402816116
v -0.000728096929 0.0151166433 -0.040422407
v -9.65154177e-05 0.0150805175 -0.040474
v 0.000536631618 0.0151085632 -0.0404339465
v 0.00115153519 0.015198929 -0.0403048906
v -0.00205120072 -0.00191945328 -0.0384927064
v 1.46251914e-05 -0.0020158789 -0.0386304166
v -0.00406476948 -0.00161891475 -0.0380634925
v -0.00595656363 -0.00112218793 -0.0373540925
v -0.00766956806 -0.000444916951 -0.0363868484
v -0.0091497805 0.00039374822 -0.0351891093
v -0.0103540039 0.0013669755 -0.0337991955
v -0.0112447068 0.00244550066 -0.0322589005
v -0.0117934514 0.00359658997 -0.0306149731
v -0.0119861215 0.00478483607 -0.0289179803
v -0.0118187135 0.00597441121 -0.0272190894
v -0.0112970825 0.00712965754 -0.0255692251
v -0.0104306405 0.0082146255 -0.0240197289
v -0.00924830418 0.0091965696 -0.0226173661
v -0.00778748514 0.0100463041 -0.0214038184
v -0.00609010225 0.0107364265 -0.0204182205
v -0.00420957059 0.0112470619 -0.019688957
v -0.00220283982 0.0115623119 -0.019238733
v -0.000137540701 0.0156278164 -0.0230038112
v -0.00220283982 0.0115623119 -0.019238733
v -0.000131085515 0.0116730739 -0.0190805482
v -0.00818563439 -0.0572881674 -0.0330814599
v -0.000551625504 -0.0580189409 -0.0325458325
v -0.00877856277 -0.0662126542 -0.0402497923
v -0.000574800943 -0.0670559512 -0.0396607106
v 0.00712001789 -0.0576428523 -0.0328311516
v 0.00767578604 -0.0665552294 -0.0400095913
v 0.014621105 -0.0561680224 -0.0338480526
v 0.0157599449 -0.0650157639 -0.0410729194
v 0.0216738507 -0.0536716772 -0.0355987577
v 0.023352528 -0.0623170541 -0.0429594005
v 0.0280814543 -0.0502162346 -0.0380332767
v 0.0302112568 -0.0585434041 -0.0456166441
v 0.0280814543 -0.0502162346 -0.0380332767
v 0.0336976983 -0.0459094628 -0.0410678133
v 0.0302112568 -0.0585434041 -0.0456166441
v 0.0362193286 -0.0538862832 -0.0488837412
v 0.038281858 -0.0408478245 -0.0446028351
v 0.0411312841 -0.0484396591 -0.052701553
v 0.0417465195 -0.0352270619 -0.0485423979
v 0.0449148566 -0.0424092627 -0.0569097806
v 0.043961715 -0.0292008182 -0.0527896797
v 0.0472015738 -0.0359000439 -0.0614798782
v 0.0448542386 -0.022923328 -0.0571858271
v 0.0481518544 -0.0291622591 -0.0662021971
v 0.0444221869 -0.0166234544 -0.0616060744
v 0.0477063358 -0.0223836075 -0.0709406432
v 0.042656403 -0.0104807123 -0.0659304133
v 0.0457137302 -0.0157982814 -0.0755601661
v 0.0395894237 -0.00466616563 -0.0699922493
v 0.042474784 -0.00953922092 -0.0799341814
v 0.0353545956 0.000600482944 -0.0736675599
v 0.0378802493 -0.00391062197 -0.0838884996
v 0.0300594326 0.00518353803 -0.0768871751
v 0.032169342 0.000989115553 -0.0873276706
v 0.0238722805 0.00895442923 -0.0795331641
v 0.0255235471 0.0050374336 -0.0901607031
v 0.0169893838 0.011789865 -0.0815197202
v 0.0181280505 0.00808457377 -0.0922902299
v 0.00959770195 0.0136001211 -0.0827873697
v 0.010188913 0.0100438354 -0.0936562975
v 0.00201638089 0.0143211801 -0.0832951026
v 0.00200857874 0.0107462199 -0.094175171
v -0.0057690856 0.0139556139 -0.0830476985
v -0.00630908972 0.010389746 -0.0938987884
v -0.0132713504 0.0124895105 -0.0820163703
v -0.0143766208 0.00882869269 -0.0928025082
v -0.0203456115 0.00998239207 -0.0802728381
v -0.0219262503 0.00604713197 -0.0908667187
v -0.0267862119 0.00651263882 -0.0778149329
v -0.0288878437 0.00237191066 -0.0882803147
v -0.0267862119 0.00651263882 -0.0778149329
v -0.0323652439 0.00217873083 -0.0747779718
v -0.0288878437 0.00237191066 -0.0882803147
v -0.0348860919 -0.00229315509 -0.0850124933
v -0.0369485095 -0.00289183011 -0.0712241734
v -0.0397443771 -0.00778430547 -0.0811791936
v -0.0404499434 -0.00854710258 -0.0672904843
v -0.0434873961 -0.0138310268 -0.076931412
v -0.0425947569 -0.0146121722 -0.0630149021
v -0.0458238199 -0.0203478277 -0.0723687208
v -0.0434854887 -0.0208845507 -0.0586062669
v -0.0467981324 -0.0270865441 -0.067646168
v -0.0430139899 -0.0271766496 -0.0541893169
v -0.0463164523 -0.0338518012 -0.062905786
v -0.0412187576 -0.0333184686 -0.0498919421
v -0.0443067141 -0.0404354113 -0.0583002711
v -0.0381569266 -0.0390954402 -0.0458203211
v -0.0410810076 -0.0466783543 -0.0539135475
v -0.0339120291 -0.0443485967 -0.0421495234
v -0.0364834219 -0.0523159639 -0.04996559
v -0.0286087599 -0.0489266409 -0.038945341
v -0.0307547189 -0.057223374 -0.0465394467
v -0.0224411581 -0.0526618302 -0.0363046
v -0.0241493024 -0.0612974719 -0.0436784034
v -0.0155735398 -0.0554935764 -0.0343432159
v -0.0167106334 -0.064265439 -0.0416116179
v -0.00830372795 -0.0553483592 -0.0296081415
v -0.0157414917 -0.0535309022 -0.0308807376
v 0.0100675579 0.0181372061 -0.0805011837
v 0.0104332538 0.019551853 -0.0820537934
v 0.00206258171 0.0189016173 -0.0810522877
v 0.00206546648 0.0203279491 -0.0825972213
v 0.0178633109 0.0162304451 -0.0791668476
v 0.0185604654 0.017555485 -0.0806559226
v 0.0251322165 0.0132480639 -0.0770837343
v 0.0261508562 0.0144526339 -0.0784832846
v 0.0316704921 0.00928340294 -0.0743061593
v 0.03297529 0.0103204376 -0.0755898919
v 0.0372631438 0.00443507535 -0.0709273481
v 0.0388022996 0.00527046948 -0.0720538462
v 0.0417341217 -0.00112887758 -0.0670404612
v 0.0435300432 -0.000503284585 -0.068011046
v 0.0449399538 -0.00725124313 -0.0627603597
v 0.046859283 -0.00688180936 -0.0635447584
v 0.0468243025 -0.0137386243 -0.0582326848
v 0.0488201529 -0.0136378889 -0.0588140815
v 0.0473175049 -0.0203928657 -0.0535809969
v 0.049328573 -0.0205733398 -0.0539578531
v 0.046367988 -0.0270159878 -0.0489532681
v 0.0483419038 -0.0274734213 -0.0491263678
v 0.0440539904 -0.033406217 -0.0444972261
v 0.0459229276 -0.0341244711 -0.0444692563
v 0.0404465087 -0.0393780616 -0.0403270135
v 0.0421775803 -0.0403497232 -0.0401102685
v 0.0355754085 -0.044710181 -0.0365981332
v 0.0371096805 -0.0459208981 -0.0362092929
v 0.0296686925 -0.0492970108 -0.0333972492
v 0.0309465211 -0.050699567 -0.0328632583
v 0.0228922274 -0.0529807475 -0.0308332652
v 0.0238787066 -0.0545471546 -0.0301691505
v 0.0296686925 -0.0492970108 -0.0333972492
v 0.0309465211 -0.050699567 -0.0328632583
v 0.0154216951 -0.0556040889 -0.0290007581
v 0.0160816759 -0.0572617456 -0.028268375
v 0.00751101458 -0.0571671572 -0.0279212579
v 0.0078451205 -0.0589028929 -0.0271192095
v -0.000598899089 -0.0575639574 -0.0276466309
v -0.000608042465 -0.0592788155 -0.0268560085
v -0.00867219921 -0.0567788726 -0.0281837101
v -0.00902357046 -0.0585117102 -0.027393091
v -0.0164629463 -0.0548767808 -0.0295120754
v -0.0171418954 -0.0565340384 -0.0287779207
v -0.0237394329 -0.0519112769 -0.0315894969
v -0.0247347821 -0.0534410332 -0.0309436645
v -0.0302559268 -0.047935536 -0.0343602274
v -0.031556014 -0.0493202101 -0.0338290936
v -0.0358532704 -0.0431012608 -0.0377445021
v -0.0374020748 -0.0442839711 -0.0373555034
v -0.0403275676 -0.037535903 -0.0416249872
v -0.0420431904 -0.0384751849 -0.0414228561
v -0.0435574315 -0.0314191989 -0.0459028936
v -0.0454338081 -0.0321081823 -0.0458810757
v -0.0454396047 -0.02492522 -0.0504230595
v -0.0474025346 -0.0253512321 -0.0506123395
v -0.0459500104 -0.0182744328 -0.0550810104
v -0.0479624942 -0.0184200588 -0.0554655955
v -0.0449830629 -0.0116548024 -0.0597134432
v -0.0469664745 -0.0115242262 -0.0602941057
v -0.0426697135 -0.00525635539 -0.0641649252
v -0.0445769876 -0.00486206393 -0.0649589982
v -0.0390542969 0.000716636711 -0.0683355455
v -0.0407819748 0.00133925329 -0.0693011811
v -0.0341970809 0.00607084165 -0.0720641051
v -0.0357337557 0.00692583412 -0.0732129441
v -0.0282919109 0.0106384667 -0.0752687458
v -0.0295597836 0.0116919275 -0.0765502187
v -0.0214916598 0.0142947895 -0.0778227346
v -0.0224807728 0.0155183372 -0.0792294975
v -0.0282919109 0.0106384667 -0.0752687458
v -0.0295597836 0.0116919275 -0.0765502187
v -0.0140343094 0.0169391269 -0.0796612343
v -0.0147012705 0.0182801879 -0.0811633419
v -0.00612802012 0.0184965433 -0.0807505339
v -0.0064535141 0.0199169867 -0.0823094626
v -0.00578292366 0.0164616522 -0.0798899905
v 0.00206546648 0.0168763986 -0.0801804215
v 0.0243721567 -0.0558406288 -0.03048516
v 0.0263926126 -0.0628588167 -0.0343168864
v 0.0315712914 -0.051912412 -0.0332691597
v 0.0341438092 -0.0585931382 -0.0373912883
v 0.0315712914 -0.051912412 -0.0332691597
v 0.0341438092 -0.0585931382 -0.0373912883
v 0.0378512964 -0.0470370239 -0.036693746
v 0.040917892 -0.0533085419 -0.0411172123
v 0.043031577 -0.0413490355 -0.0406596113
v 0.0465608574 -0.0471414489 -0.0453471642
v 0.0468524173 -0.0349943978 -0.0451059578
v 0.0506352969 -0.0402725616 -0.0502097973
v 0.0492994674 -0.0282186179 -0.0498796982
v 0.053245239 -0.0329529701 -0.0553916548
v 0.0502845384 -0.0211874403 -0.0548196498
v 0.0542384312 -0.0253538169 -0.060748544
v 0.0497616567 -0.0141226097 -0.0597800459
v 0.0537683479 -0.0176638499 -0.0660491431
v 0.0477587506 -0.00724235605 -0.0646071023
v 0.051647298 -0.0102094404 -0.0712285435
v 0.0443266667 -0.000771011272 -0.069170281
v 0.0477296039 -0.00336048073 -0.0762105082
v 0.0395399071 0.00514427848 -0.0732810061
v 0.0427079014 0.00318074833 -0.0806145977
v 0.0335911177 0.0102884215 -0.0768843217
v 0.0361896902 0.0086428527 -0.0845342036
v 0.0266344249 0.0145001128 -0.0798329135
v 0.0286569204 0.0131629997 -0.0877257372
v 0.0188980475 0.0176641991 -0.0820473556
v 0.0203162376 0.016640428 -0.0901049107
v 0.0106151197 0.0197280625 -0.0834649187
v 0.0113691809 0.0189404913 -0.091626259
v 0.00207247608 0.0204982549 -0.0840223311
v 0.00208634976 0.0196842087 -0.092236842
v -0.00660848618 0.0200593452 -0.0837288331
v -0.0072794864 0.0191360426 -0.0919044745
v -0.0150179099 0.0183997979 -0.0825567014
v -0.016371632 0.017342292 -0.0906321787
v -0.0229465477 0.015591566 -0.0805677237
v -0.0249525066 0.0144415984 -0.0883650288
v -0.030162314 0.0116823687 -0.0778484082
v -0.0326968394 0.0100564596 -0.085532398
v -0.030162314 0.0116823687 -0.0778484082
v -0.0326968394 0.0100564596 -0.085532398
v -0.0364602283 0.00682552472 -0.0744433281
v -0.0395554341 0.00487256091 -0.0818133693
v -0.0416167453 0.00113901939 -0.0704456211
v -0.0451325588 -0.00128165102 -0.0774855195
v -0.0454598591 -0.00520929829 -0.0660321506
v -0.0491987988 -0.00822073562 -0.0727495766
v -0.0479074083 -0.0119869917 -0.0612670391
v -0.0518738553 -0.0155132637 -0.0675833128
v -0.0489408113 -0.0190044483 -0.0563223058
v -0.0530154407 -0.0230762536 -0.0622029938
v -0.0483694449 -0.0260761122 -0.0513690447
v -0.0523305126 -0.0307676781 -0.0569037934
v -0.0463561602 -0.0329679658 -0.0465457901
v -0.0501449555 -0.0382146559 -0.0516853564
v -0.0429128259 -0.0394574783 -0.0419799453
v -0.0463561602 -0.0329679658 -0.0465457901
v -0.0429128259 -0.0394574783 -0.0419799453
v -0.0464956276 -0.0452136116 -0.0466761388
v -0.0381657034 -0.0453848001 -0.0378388614
v -0.0413359068 -0.0516183548 -0.0421912109
v -0.0322004519 -0.0505200181 -0.0342322041
v -0.0347996503 -0.057167109 -0.0384060574
v -0.0252426341 -0.0547222584 -0.0312822214
v -0.0272600166 -0.0617006406 -0.0352539581
v -0.0175017156 -0.0578808613 -0.0290537325
v -0.0189252272 -0.0651353599 -0.0327788085
v -0.00921006221 -0.0599005683 -0.0276540496
v -0.0099623967 -0.0673358016 -0.0311802057
v -0.000620046863 -0.0606804345 -0.0270669567
v -0.000646792643 -0.0681409984 -0.0306927305
v 0.00800713059 -0.060290776 -0.0274009881
v 0.00869881641 -0.0677119153 -0.0309679375
v 0.016416911 -0.0586139818 -0.0285430069
v 0.0177851096 -0.0658707288 -0.0322841992
v 0.0187104605 -0.0714206192 -0.0357691836
v 0.0276908297 -0.0682088931 -0.0380236959
v -0.0286527053 -0.0670923428 -0.0387891676
v -0.0198926926 -0.0707062094 -0.0361845212
v -0.0104528805 -0.0729970688 -0.0345753701
v -0.000656791904 -0.0738387815 -0.0340541312
v 0.00917467102 -0.0733835813 -0.0343222402
v 0.035893783 -0.0637602389 -0.0411129162
v 0.035893783 -0.0637602389 -0.0411129162
v 0.0430606082 -0.0582072813 -0.0449616979
v 0.0488585643 -0.0517109481 -0.049555644
v 0.0531421639 -0.0444958991 -0.0546502386
v 0.05603569 -0.0367692949 -0.0599695606
v 0.0569580458 -0.0288012956 -0.0656701612
v 0.0564508028 -0.0207230597 -0.0712528341
v 0.0541952513 -0.0129356327 -0.0766934024
v 0.050085105 -0.00571387871 -0.0818932787
v 0.0447594076 0.0010911993 -0.0865542988
v 0.0379698947 0.00692042134 -0.0906445742
v 0.0300723072 0.0117199708 -0.0939936101
v 0.0212719142 0.0152980887 -0.0964989422
v 0.0118445875 0.017585496 -0.098097754
v 0.00208614813 0.0185421402 -0.098731794
v -0.00775728701 0.017989345 -0.0983685622
v -0.0172947124 0.0160333835 -0.0970348932
v -0.0364443585 0.00541379479 -0.0999460251
v -0.0344608687 0.00833758259 -0.0916530886
v -0.0278207008 0.0101120467 -0.103235719
v -0.0261653885 0.0130181626 -0.0947340829
v -0.0183462519 0.0135344577 -0.105632115
v -0.0344608687 0.00833758259 -0.0916530886
v -0.041570548 0.00277711435 -0.0877646396
v -0.04740116 -0.00370353289 -0.0832259083
v -0.0518527217 -0.0108268974 -0.0781730734
v -0.0545767583 -0.018548277 -0.0727815443
v -0.0556250364 -0.026559697 -0.0672024437
v -0.0550663732 -0.0345842182 -0.0615336473
v -0.0527647771 -0.0424122665 -0.0560408965
v -0.0488128662 -0.0497716488 -0.0508907344
v -0.0433679968 -0.0564851898 -0.0462020267
v -0.0365821458 -0.0623264515 -0.0421067591
v -0.0385480113 -0.0691340975 -0.0477470154
v -0.0302020442 -0.0741688913 -0.0442216722
v -0.0483694449 -0.0260761122 -0.0513690447
v -0.0489408113 -0.0190044483 -0.0563223058
v -0.0479074083 -0.0119869917 -0.0612670391
v -0.0454598591 -0.00520929829 -0.0660321506
v -0.0416167453 0.00113901939 -0.0704456211
v -0.0364602283 0.00682552472 -0.0744433281
v -0.030162314 0.0116823687 -0.0778484082
v -0.030162314 0.0116823687 -0.0778484082
v -0.0229465477 0.015591566 -0.0805677237
v -0.0150179099 0.0183997979 -0.0825567014
v -0.00660848618 0.0200593452 -0.0837288331
v 0.00207247608 0.0204982549 -0.0840223311
v 0.0106151197 0.0197280625 -0.0834649187
v 0.0188980475 0.0176641991 -0.0820473556
v 0.0266344249 0.0145001128 -0.0798329135
v 0.0335911177 0.0102884215 -0.0768843217
v 0.0395399071 0.00514427848 -0.0732810061
v 0.0443266667 -0.000771011272 -0.069170281
v 0.0477587506 -0.00724235605 -0.0646071023
v 0.0497616567 -0.0141226097 -0.0597800459
v 0.0502845384 -0.0211874403 -0.0548196498
v 0.0492994674 -0.0282186179 -0.0498796982
v 0.0468524173 -0.0349943978 -0.0451059578
v 0.043031577 -0.0413490355 -0.0406596113
v 0.0378512964 -0.0470370239 -0.036693746
v 0.0315712914 -0.051912412 -0.0332691597
v 0.0315712914 -0.051912412 -0.0332691597
v 0.0243721567 -0.0558406288 -0.03048516
v 0.016416911 -0.0586139818 -0.0285430069
v 0.00800713059 -0.060290776 -0.0274009881
v -0.000620046863 -0.0606804345 -0.0270669567
v -0.00921006221 -0.0599005683 -0.0276540496
v -0.0175017156 -0.0578808613 -0.0290537325
v -0.0252426341 -0.0547222584 -0.0312822214
v -0.0322004519 -0.0505200181 -0.0342322041
v -0.0381657034 -0.0453848001 -0.0378388614
v -0.0226822086 -0.0506982853 -0.0328641557
v -0.028877601 -0.0468895382 -0.0355310671
v 0.0209974851 0.00873370659 -0.1047577
v 0.0296385381 0.00521682263 -0.10231057
v 0.0202479921 0.00754729159 -0.102875117
v 0.0285967253 0.00414834876 -0.100495154
v 0.0374597162 0.000521109446 -0.0990155222
v 0.0388077162 0.00191018724 -0.0999718651
v 0.0306664072 0.0067643248 -0.103370766
v 0.044212874 -0.00524005115 -0.0949998174
v 0.0458746701 -0.00406224603 -0.0957899256
v 0.0496551506 -0.0118547847 -0.0903826148
v 0.0516078174 -0.0109038433 -0.0909993914
v 0.0536114872 -0.0191676399 -0.0852922358
v 0.0557928458 -0.0184938148 -0.0856848403
v 0.0559525676 -0.0269121233 -0.0798774529
v 0.0582686998 -0.0265511693 -0.0800430244
v 0.0565943904 -0.0348946428 -0.0743088566
v 0.0589648411 -0.0348683714 -0.0742192614
v 0.0555195995 -0.0428401202 -0.0687605126
v 0.0578638054 -0.0431459986 -0.0684232089
v 0.0527653508 -0.050504528 -0.0634032455
v 0.0549939349 -0.051137876 -0.0628272406
v 0.0484309755 -0.0576603289 -0.0583995526
v 0.0504874401 -0.0586020345 -0.0576007847
v 0.0426464453 -0.0641233708 -0.0539046372
v 0.0444688015 -0.0653513603 -0.0528748596
v 0.0355926119 -0.0696460244 -0.0500468957
v 0.0371323377 -0.0711243667 -0.0488325601
v 0.0274714269 -0.0740581035 -0.046960374
v 0.0355926119 -0.0696460244 -0.0500468957
v 0.0286742207 -0.075730034 -0.0456076397
v 0.0371323377 -0.0711243667 -0.0488325601
v 0.0185544584 -0.0772972873 -0.044710484
v 0.019388523 -0.0791257162 -0.0432299593
v 0.00906948093 -0.0791884527 -0.0433903243
v 0.00949464738 -0.0811184101 -0.0418346611
v -0.000675472023 -0.0798108706 -0.0430025634
v -0.000679696794 -0.0817310636 -0.0414056769
v -0.0103860665 -0.0788433788 -0.04363162
v -0.0108304499 -0.080772367 -0.0420769629
v -0.0197461694 -0.0765474844 -0.0452368929
v -0.0206052959 -0.078370322 -0.0437588916
v -0.0284884628 -0.0729747093 -0.0477346184
v -0.0297314823 -0.0746392223 -0.0463714337
v -0.0363179781 -0.0682176287 -0.0510516343
v -0.0378942862 -0.0696890744 -0.0498375618
v -0.0430225357 -0.0624157588 -0.0551025929
v -0.0448917001 -0.0636551152 -0.0540625822
v -0.0484009534 -0.0557466263 -0.0597564945
v -0.0504873246 -0.0566983032 -0.0589337906
v -0.0523179248 -0.0484135044 -0.064877127
v -0.0545840822 -0.0490503725 -0.0642889251
v -0.0546327978 -0.0406476357 -0.0703177803
v -0.0569945909 -0.0409402205 -0.0699677102
v -0.0552334972 -0.0326553409 -0.0758955953
v -0.0576261505 -0.0326016601 -0.0758064285
v -0.0541309714 -0.0246995819 -0.0814498378
v -0.056492079 -0.0243040659 -0.0816164619
v -0.0513616167 -0.0170226162 -0.0868083034
v -0.0536005758 -0.0162956822 -0.0872239881
v -0.0469145589 -0.0099107811 -0.0917588636
v -0.0488764569 -0.0089341926 -0.0923785546
v -0.0410912707 -0.00348382966 -0.0962471357
v -0.0427639745 -0.0022459609 -0.0970617011
v -0.0340099894 0.00201581642 -0.100079126
v -0.0353766233 0.00347858033 -0.101070065
v -0.0340099894 0.00201581642 -0.100079126
v -0.0353766233 0.00347858033 -0.101070065
v -0.0258759484 0.00637632407 -0.1031274
v -0.02689825 0.00798484692 -0.104225384
v -0.0169937126 0.00956089497 -0.105348172
v -0.0176690295 0.0112682035 -0.106524413
v -0.00758522004 0.011411373 -0.106648592
v -0.00792540517 0.0132168082 -0.10788884
v 0.00206366531 0.0119564117 -0.107049933
v 0.00206546416 0.0137594035 -0.108268769
v -0.00723571284 0.010070051 -0.104641571
v -0.0163024701 0.00831930775 -0.103415688
v -0.0163024701 0.00831930775 -0.103415688
v -0.00723571284 0.010070051 -0.104641571
v -0.0248297695 0.00524414518 -0.101262438
v -0.0248297695 0.00524414518 -0.101262438
v -0.0326078795 0.00103571737 -0.0983156673
v -0.0326078795 0.00103571737 -0.0983156673
v -0.0326078795 0.00103571737 -0.0983156673
v -0.0393758379 -0.00421314052 -0.0946403803
v -0.0326078795 0.00103571737 -0.0983156673
v -0.0393758379 -0.00421314052 -0.0946403803
v -0.0448932238 -0.0103627897 -0.090334353
v -0.0448932238 -0.0103627897 -0.090334353
v -0.0490405634 -0.017193782 -0.08555129
v -0.0490405634 -0.017193782 -0.08555129
v -0.0516798012 -0.0245108787 -0.0804277622
v -0.0516798012 -0.0245108787 -0.0804277622
v -0.052755814 -0.0320953037 -0.0751170948
v -0.052755814 -0.0320953037 -0.0751170948
v -0.0521912389 -0.0397120008 -0.0697838303
v -0.0521912389 -0.0397120008 -0.0697838303
v -0.0499752052 -0.0471244273 -0.0645935975
v -0.0499752052 -0.0471244273 -0.0645935975
v -0.0462490842 -0.0541194572 -0.0596956287
v -0.0462490842 -0.0541194572 -0.0596956287
v -0.0410940163 -0.0604757732 -0.0552448918
v -0.0410940163 -0.0604757732 -0.0552448918
v -0.0346899219 -0.0660252941 -0.0513590785
v -0.0346899219 -0.0660252941 -0.0513590785
v -0.0272038449 -0.0705689257 -0.0481776413
v -0.0272038449 -0.0705689257 -0.0481776413
v -0.0188572109 -0.0739694569 -0.0457965202
v -0.0188572109 -0.0739694569 -0.0457965202
v -0.00992702506 -0.0761437015 -0.0442740989
v -0.00992702506 -0.0761437015 -0.0442740989
v -0.000673303613 -0.0770770883 -0.043620535
v -0.000673303613 -0.0770770883 -0.043620535
v 0.00862521585 -0.0764905563 -0.0440312288
v 0.00862521585 -0.0764905563 -0.0440312288
v 0.0176869575 -0.0747204141 -0.0452706947
v 0.0176869575 -0.0747204141 -0.0452706947
v 0.0262266528 -0.0716670276 -0.0474086973
v 0.0262266528 -0.0716670276 -0.0474086973
v 0.0340021327 -0.0674591491 -0.0503550832
v 0.0340021327 -0.0674591491 -0.0503550832
v 0.0340021327 -0.0674591491 -0.0503550832
v 0.0407655723 -0.062204362 -0.0540345219
v 0.0407655723 -0.062204362 -0.0540345219
v 0.0340021327 -0.0674591491 -0.0503550832
v 0.0463072211 -0.0560660937 -0.0583325802
v 0.0463072211 -0.0560660937 -0.0583325802
v 0.0504651256 -0.0492351808 -0.0631156332
v 0.0504651256 -0.0492351808 -0.0631156332
v 0.0530965403 -0.0419171686 -0.0682397564
v 0.0530965403 -0.0419171686 -0.0682397564
v 0.0541417673 -0.0343295539 -0.0735527027
v 0.0541417673 -0.0343295539 -0.0735527027
v 0.053557355 -0.0267133519 -0.0788855751
v 0.053557355 -0.0267133519 -0.0788855751
v 0.0513642095 -0.0192979562 -0.084077887
v 0.0513642095 -0.0192979562 -0.084077887
v 0.0476519018 -0.0122970871 -0.0889799445
v 0.0476519018 -0.0122970871 -0.0889799445
v 0.0425173938 -0.00592370214 -0.0934426786
v 0.0425173938 -0.00592370214 -0.0934426786
v 0.0360877998 -0.000396111412 -0.0973131362
v 0.0360877998 -0.000396111412 -0.0973131362
v 0.0285967253 0.00414834876 -0.100495154
v 0.0202479921 0.00754729159 -0.102875117
v 0.0217342749 0.0103816616 -0.105903651
v 0.0113106249 0.00969651019 -0.104380015
v 0.0117190359 0.0109807719 -0.106325107
v 0.0113106249 0.00969651019 -0.104380015
v 0.0123489089 0.0144288577 -0.107693638
v 0.0123752784 0.015135712 -0.106753379
v 0.0223051254 0.0120484453 -0.106026902
v 0.0223141853 0.0127486014 -0.105081908
v 0.0121203419 0.0127138682 -0.107536678
v 0.0315920264 0.00899225108 -0.102451631
v 0.0315952115 0.0082866711 -0.103392836
v 0.0399327464 0.00396122289 -0.0989289241
v 0.0399514772 0.0032576597 -0.0998715323
v 0.0470979698 -0.00218871345 -0.0946226411
v 0.0471230671 -0.00289021042 -0.0955667052
v 0.0528503396 -0.00924627025 -0.0896808905
v 0.0528687276 -0.00997204254 -0.0906079569
v 0.0570016094 -0.0169976949 -0.0842532888
v 0.0570266694 -0.0177682543 -0.0851489949
v 0.0594126098 -0.0251590295 -0.0785386653
v 0.0594658665 -0.0260400708 -0.0793570112
v 0.0600947179 -0.0336384442 -0.0726013745
v 0.0601213835 -0.0345356621 -0.0734083388
v 0.0589668639 -0.042088425 -0.0666845843
v 0.0589572899 -0.0429929176 -0.0674865094
v 0.0560746379 -0.0502229146 -0.0609888124
v 0.0560238622 -0.0511270993 -0.0617908986
v 0.0515037514 -0.0578321268 -0.0556607888
v 0.0514209718 -0.058680846 -0.0565017123
v 0.0453626998 -0.0646831393 -0.0508636075
v 0.0453341268 -0.0654913561 -0.0517329456
v 0.0378665552 -0.0705672275 -0.0467435824
v 0.0378394313 -0.0713354857 -0.0476408452
v 0.0378665552 -0.0705672275 -0.0467435824
v 0.0292422287 -0.0752749292 -0.0434471622
v 0.0378394313 -0.0713354857 -0.0476408452
v 0.0292403605 -0.076036646 -0.0443490599
v 0.0197870824 -0.0786859791 -0.0410587212
v 0.0197828282 -0.0794260114 -0.0419758026
v 0.0097076986 -0.0807050509 -0.039644953
v 0.00970458984 -0.0814319553 -0.0405712267
v -0.00065433979 -0.0812493563 -0.0392638811
v -0.000655072916 -0.08198824 -0.0401817122
v -0.0109775346 -0.0810478133 -0.0408402511
v -0.0109726526 -0.0803180068 -0.039915964
v -0.0209403224 -0.0786808034 -0.0424976025
v -0.020920543 -0.0779217976 -0.041593861
v -0.0301737208 -0.0749389835 -0.0451176963
v -0.0302020442 -0.0741688913 -0.0442216722
v -0.0385147072 -0.0699465652 -0.0486133771
v -0.0385480113 -0.0691340975 -0.0477470154
v -0.0456625745 -0.0638143298 -0.0529072111
v -0.0457121655 -0.0629768331 -0.052058375
v -0.0514009073 -0.056816645 -0.0578070389
v -0.0514532477 -0.0559029577 -0.0570116066
v -0.055566594 -0.0490693152 -0.0632317734
v -0.0556050092 -0.0481544151 -0.0624371356
v -0.0580441654 -0.0408371061 -0.0689960237
v -0.0580498092 -0.0399046408 -0.0682137398
v -0.0587550737 -0.0323473047 -0.074940642
v -0.0586993024 -0.0314182194 -0.0741559368
v -0.0576307662 -0.0238882746 -0.080863714
v -0.0575592034 -0.0229911404 -0.0800566364
v -0.0547450632 -0.0157158015 -0.0865861822
v -0.0546681955 -0.014879705 -0.0857363201
v -0.0501819998 -0.0080813721 -0.0919318175
v -0.0500855632 -0.00730006334 -0.0910436382
v -0.0440462492 -0.00122625254 -0.0967318202
v -0.0439392477 -0.000456696178 -0.0958354117
v -0.036558073 0.00465042826 -0.100846713
v -0.0364443585 0.00541379479 -0.0999460251
v -0.036558073 0.00465042826 -0.100846713
v -0.0364443585 0.00541379479 -0.0999460251
v -0.027931327 0.00938100734 -0.104159143
v -0.0278207008 0.0101120467 -0.103235719
v -0.0184262842 0.0128078584 -0.106558603
v -0.0183462519 0.0135344577 -0.105632115
v -0.00833467487 0.0148229295 -0.10796957
v -0.00828491151 0.0155253084 -0.107026123
v -0.0133354282 0.0149890086 -0.0788588579
v -0.00578292366 0.0164616522 -0.0798899905
v -0.0204513352 0.0124804313 -0.0771023118
v -0.0269576646 0.00900835739 -0.0746711641
v -0.0325846076 0.00464142899 -0.0716134104
v -0.0269576646 0.00900835739 -0.0746711641
v -0.0372362882 -0.000448886358 -0.068049136
v -0.0406575389 -0.00617285074 -0.0640411761
v -0.0428864285 -0.0122678001 -0.05977345
v -0.0438234694 -0.0185914393 -0.0553455936
v -0.0433663912 -0.0249478804 -0.0508947692
v -0.0415695943 -0.0311375831 -0.0465606961
v -0.0385111608 -0.0369848558 -0.0424663722
v -0.0342094041 -0.0422731203 -0.0387635152
v -0.000592073193 -0.0561398002 -0.0290539463
v 0.00715358229 -0.0557227117 -0.0293460173
v 0.0147175686 -0.0542612872 -0.0303692942
v 0.021842422 -0.0517389031 -0.0321354852
v 0.0283093452 -0.0482472609 -0.0345803574
v 0.0339461528 -0.043875276 -0.0376416745
v 0.0283093452 -0.0482472609 -0.0345803574
v 0.0386099629 -0.0388043756 -0.0411923317
v 0.0420749262 -0.0331133316 -0.0451772405
v 0.0442815758 -0.0270159681 -0.049446657
v 0.0451939777 -0.0206948323 -0.0538727831
v 0.0447202288 -0.0143421867 -0.05832095
v 0.042921029 -0.00815436796 -0.0626537039
v 0.039844092 -0.00230827047 -0.0667471595
v 0.0356481932 0.00303136582 -0.0704860101
v 0.0303050615 0.00765332315 -0.073722337
v 0.0240661614 0.0114441605 -0.0763767305
v 0.0171346664 0.0142987128 -0.0783754579
v 0.00968758576 0.016111459 -0.0796448055
v -0.00828491151 0.0155253084 -0.107026123
v -0.0133354282 0.0149890086 -0.0788588579
v -0.0204513352 0.0124804313 -0.0771023118
v -0.0269576646 0.00900835739 -0.0746711641
v -0.0364443585 0.00541379479 -0.0999460251
v -0.0439392477 -0.000456696178 -0.0958354117
v -0.0325846076 0.00464142899 -0.0716134104
v -0.0269576646 0.00900835739 -0.0746711641
v -0.0500855632 -0.00730006334 -0.0910436382
v -0.0372362882 -0.000448886358 -0.068049136
v -0.0546681955 -0.014879705 -0.0857363201
v -0.0406575389 -0.00617285074 -0.0640411761
v -0.0575592034 -0.0229911404 -0.0800566364
v -0.0428864285 -0.0122678001 -0.05977345
v -0.0586993024 -0.0314182194 -0.0741559368
v -0.0438234694 -0.0185914393 -0.0553455936
v -0.0580498092 -0.0399046408 -0.0682137398
v -0.0433663912 -0.0249478804 -0.0508947692
v -0.0556050092 -0.0481544151 -0.0624371356
v -0.0415695943 -0.0311375831 -0.0465606961
v -0.0514532477 -0.0559029577 -0.0570116066
v -0.0385111608 -0.0369848558 -0.0424663722
v -0.0457121655 -0.0629768331 -0.052058375
v -0.0342094041 -0.0422731203 -0.0387635152
v -0.028877601 -0.0468895382 -0.0355310671
v -0.0226822086 -0.0506982853 -0.0328641557
v -0.020920543 -0.0779217976 -0.041593861
v -0.0157414917 -0.0535309022 -0.0308807376
v -0.0109726526 -0.0803180068 -0.039915964
v -0.00830372795 -0.0553483592 -0.0296081415
v -0.00065433979 -0.0812493563 -0.0392638811
v -0.000592073193 -0.0561398002 -0.0290539463
v 0.0097076986 -0.0807050509 -0.039644953
v 0.00715358229 -0.0557227117 -0.0293460173
v 0.0197870824 -0.0786859791 -0.0410587212
v 0.0147175686 -0.0542612872 -0.0303692942
v 0.0292422287 -0.0752749292 -0.0434471622
v 0.021842422 -0.0517389031 -0.0321354852
v 0.0378665552 -0.0705672275 -0.0467435824
v 0.0283093452 -0.0482472609 -0.0345803574
v 0.0378665552 -0.0705672275 -0.0467435824
v 0.0453626998 -0.0646831393 -0.0508636075
v 0.0339461528 -0.043875276 -0.0376416745
v 0.0283093452 -0.0482472609 -0.0345803574
v 0.0515037514 -0.0578321268 -0.0556607888
v 0.0386099629 -0.0388043756 -0.0411923317
v 0.0560746379 -0.0502229146 -0.0609888124
v 0.0420749262 -0.0331133316 -0.0451772405
v 0.0589668639 -0.042088425 -0.0666845843
v 0.0442815758 -0.0270159681 -0.049446657
v 0.0600947179 -0.0336384442 -0.0726013745
v 0.0451939777 -0.0206948323 -0.0538727831
v 0.0594126098 -0.0251590295 -0.0785386653
v 0.0447202288 -0.0143421867 -0.05832095
v 0.0570016094 -0.0169976949 -0.0842532888
v 0.042921029 -0.00815436796 -0.0626537039
v 0.0528503396 -0.00924627025 -0.0896808905
v 0.039844092 -0.00230827047 -0.0667471595
v 0.0470979698 -0.00218871345 -0.0946226411
v 0.0356481932 0.00303136582 -0.0704860101
v 0.0399327464 0.00396122289 -0.0989289241
v 0.0303050615 0.00765332315 -0.073722337
v 0.0315920264 0.00899225108 -0.102451631
v 0.0240661614 0.0114441605 -0.0763767305
v 0.0223141853 0.0127486014 -0.105081908
v 0.0171346664 0.0142987128 -0.0783754579
v 0.0123752784 0.015135712 -0.106753379
v 0.00968758576 0.016111459 -0.0796448055
v 0.00206546648 0.0168763986 -0.0801804215
v 0.00206546416 0.0106419324 -0.105042052
v 0.00206546416 0.0106419324 -0.105042052
v 0.00206546416 0.0153692112 -0.10835208
v 0.00206546648 0.0160763078 -0.107411937
v 0.00206546648 0.0160763078 -0.107411937
vt 0.65753901 0.104384005
vt 0.592804015 0.0745630264
vt 0.599489033 0.0631110072
vt 0.588783979 0.0857999921
vt 0.585992992 0.0976840258
vt 0.585193992 0.110401988
vt 0.586620033 0.123183012
vt 0.590581 0.135535002
vt 0.59662497 0.14676702
vt 0.603978992 0.156551003
vt 0.615000963 0.165973008
vt 0.626471996 0.172482014
vt 0.638218999 0.176265001
vt 0.651099026 0.179578006
vt 0.662858009 0.179409027
vt 0.675563991 0.177832961
vt 0.688724041 0.173797965
vt 0.699715018 0.167446971
vt 0.710741997 0.159238994
vt 0.719968975 0.149379015
vt 0.725947976 0.138742983
vt 0.730242014 0.126631021
vt 0.731974006 0.11393702
vt 0.731925964 0.101871967
vt 0.729566038 0.0890309811
vt 0.726445019 0.0764629841
vt 0.720768988 0.0644429922
vt 0.712966979 0.0545070171
vt 0.703031003 0.0462030172
vt 0.692231953 0.0399439931
vt 0.680592 0.0360490084
vt 0.66712898 0.0342130065
vt 0.654254973 0.033912003
vt 0.641855001 0.0351449847
vt 0.629269004 0.0396069884
vt 0.618203998 0.04558599
vt 0.60849303 0.0532749891
vt 0.573550999 0.0816460252
vt 0.578875959 0.06674999
vt 0.587158024 0.0528659821
vt 0.597826004 0.0406799912
vt 0.610358 0.0307300091
vt 0.571143031 0.0968819857
vt 0.571370006 0.112209976
vt 0.574099004 0.127552986
vt 0.579430997 0.142226994
vt 0.587158024 0.155366004
vt 0.595596015 0.165924013
vt 0.608479023 0.176949978
vt 0.621720016 0.184849977
vt 0.636012018 0.190149009
vt 0.650860012 0.192947984
vt 0.66582799 0.192947984
vt 0.680601001 0.191002011
vt 0.694929957 0.186496019
vt 0.708332002 0.179518998
vt 0.720358014 0.170266032
vt 0.730652988 0.159057975
vt 0.738901973 0.146216035
vt 0.744825959 0.132066011
vt 0.748176992 0.116937995
vt 0.748862028 0.101620018
vt 0.747099042 0.0864139795
vt 0.742766976 0.0714920163
vt 0.735620975 0.0574079752
vt 0.725872993 0.0449320078
vt 0.714075029 0.0344830155
vt 0.700610995 0.0261600018
vt 0.686163008 0.0203509927
vt 0.671006024 0.0170260072
vt 0.655304968 0.0162889957
vt 0.639587998 0.018328011
vt 0.624430001 0.0232080221
vt 0.568163991 0.326159
vt 0.568163991 0.32880801
vt 0.550529957 0.326159
vt 0.550529957 0.32880801
vt 0.568163991 0.331436992
vt 0.550529957 0.331436992
vt 0.568163991 0.334086001
vt 0.550529957 0.334086001
vt 0.568163991 0.336709976
vt 0.550529957 0.336709976
vt 0.568163991 0.339357972
vt 0.550529957 0.339357972
vt 0.568163991 0.341992021
vt 0.550529957 0.341992021
vt 0.568163991 0.34464097
vt 0.550529957 0.34464097
vt 0.568163991 0.347289979
vt 0.550529957 0.347289979
vt 0.568163991 0.349936008
vt 0.550529957 0.349936008
vt 0.568163991 0.352586031
vt 0.550529957 0.352586031
vt 0.568163991 0.355216026
vt 0.550529957 0.355216026
vt 0.568163991 0.357864976
vt 0.550529957 0.357864976
vt 0.568163991 0.360490978
vt 0.550529957 0.360490978
vt 0.568163991 0.363139987
vt 0.550529957 0.363139987
vt 0.568163991 0.365777016
vt 0.550529957 0.365777016
vt 0.568163991 0.368425965
vt 0.550529957 0.368425965
vt 0.568163991 0.371075034
vt 0.550529957 0.371075034
vt 0.568163991 0.373721957
vt 0.550529957 0.373721957
vt 0.568163991 0.37637198
vt 0.550529957 0.37637198
vt 0.568163991 0.379001021
vt 0.550529957 0.379001021
vt 0.568163991 0.381649971
vt 0.550529957 0.381649971
vt 0.568163991 0.384276032
vt 0.550529957 0.384276032
vt 0.568163991 0.386925995
vt 0.550529957 0.386925995
vt 0.568163991 0.389560997
vt 0.550529957 0.389560997
vt 0.568163991 0.39221102
vt 0.550529957 0.39221102
vt 0.568163991 0.299736023
vt 0.550529957 0.299736023
vt 0.568163991 0.297087014
vt 0.550529957 0.297087014
vt 0.568163991 0.302381992
vt 0.550529957 0.302381992
vt 0.568163991 0.305031002
vt 0.550529957 0.305031002
vt 0.568163991 0.307659984
vt 0.550529957 0.307659984
vt 0.568163991 0.310310006
vt 0.550529957 0.310310006
vt 0.568163991 0.312934995
vt 0.550529957 0.312934995
vt 0.568163991 0.315585017
vt 0.550529957 0.315585017
vt 0.568163991 0.318220019
vt 0.550529957 0.318220019
vt 0.568163991 0.320868969
vt 0.550529957 0.320868969
vt 0.568163991 0.323307991
vt 0.550529957 0.323307991
vt 0.844112039 0.176913977
vt 0.902233958 0.215160012
vt 0.894192994 0.224829018
vt 0.884720027 0.232666016
vt 0.874592006 0.238862991
vt 0.86285305 0.243041992
vt 0.850583017 0.246173978
vt 0.837783992 0.24734199
vt 0.825805008 0.246161997
vt 0.813269019 0.242322981
vt 0.802644014 0.235599995
vt 0.792409003 0.226307988
vt 0.784449041 0.216423988
vt 0.778221011 0.206094027
vt 0.773922026 0.194036007
vt 0.77144599 0.182085991
vt 0.771012008 0.168734014
vt 0.772912025 0.157319009
vt 0.778416991 0.14506501
vt 0.784788013 0.133933008
vt 0.794135034 0.123528004
vt 0.803144991 0.116379976
vt 0.814949989 0.110087991
vt 0.826929986 0.106270015
vt 0.838262975 0.104117036
vt 0.85037595 0.104808986
vt 0.862083018 0.106967986
vt 0.873821974 0.111714005
vt 0.884073019 0.118125975
vt 0.893486023 0.125797033
vt 0.901125968 0.134167016
vt 0.907200992 0.144169986
vt 0.911190033 0.155503988
vt 0.913504958 0.168380976
vt 0.913313985 0.179969013
vt 0.91206795 0.19274497
vt 0.908187032 0.20539701
vt 0.895392954 0.102223992
vt 0.882555008 0.0948320031
vt 0.867971003 0.0892310143
vt 0.852437973 0.0865989923
vt 0.836384952 0.0869950056
vt 0.821871996 0.0899050236
vt 0.807392001 0.0952910185
vt 0.794068992 0.103107989
vt 0.782289028 0.113098979
vt 0.772401989 0.125021994
vt 0.764715016 0.138553977
vt 0.759508967 0.152894974
vt 0.756868005 0.167778969
vt 0.756664038 0.182907999
vt 0.758812964 0.197943985
vt 0.763348997 0.212428987
vt 0.770597994 0.226198018
vt 0.780399024 0.23834902
vt 0.792366982 0.248378992
vt 0.805875003 0.256078005
vt 0.820450008 0.261271
vt 0.835688949 0.26394999
vt 0.851155937 0.263782024
vt 0.866530955 0.261371017
vt 0.881273031 0.256202996
vt 0.89487803 0.248401999
vt 0.90693301 0.238290012
vt 0.917026937 0.22607702
vt 0.924549043 0.212458014
vt 0.929605007 0.197943985
vt 0.932195008 0.182751
vt 0.932246983 0.167313993
vt 0.929791033 0.151979983
vt 0.924520969 0.137405992
vt 0.916776001 0.124137998
vt 0.906980932 0.112058997
vt 0.36729899 0.706064999
vt 0.36729899 0.703418016
vt 0.385812998 0.706064999
vt 0.385812998 0.703418016
vt 0.36729899 0.700783968
vt 0.385812998 0.700783968
vt 0.36729899 0.698136985
vt 0.385812998 0.698136985
vt 0.36729899 0.695514023
vt 0.385812998 0.695514023
vt 0.36729899 0.692866027
vt 0.385812998 0.692866027
vt 0.36729899 0.690241992
vt 0.385812998 0.690241992
vt 0.36729899 0.68759501
vt 0.385812998 0.68759501
vt 0.36729899 0.684950948
vt 0.385812998 0.684950948
vt 0.36729899 0.682304978
vt 0.385812998 0.682304978
vt 0.36729899 0.679657996
vt 0.385812998 0.679657996
vt 0.36729899 0.772072017
vt 0.385812998 0.772072017
vt 0.36729899 0.774703979
vt 0.385812998 0.774703979
vt 0.36729899 0.769424975
vt 0.385812998 0.769424975
vt 0.36729899 0.766802013
vt 0.385812998 0.766802013
vt 0.36729899 0.764154971
vt 0.385812998 0.764154971
vt 0.36729899 0.761527002
vt 0.385812998 0.761527002
vt 0.36729899 0.75887996
vt 0.385812998 0.75887996
vt 0.36729899 0.756235957
vt 0.385812998 0.756235957
vt 0.36729899 0.753589034
vt 0.385812998 0.753589034
vt 0.36729899 0.750925004
vt 0.385812998 0.750925004
vt 0.36729899 0.748305976
vt 0.385812998 0.748305976
vt 0.36729899 0.745706022
vt 0.385812998 0.745706022
vt 0.36729899 0.743063986
vt 0.385812998 0.743063986
vt 0.36729899 0.740388989
vt 0.385812998 0.740388989
vt 0.36729899 0.737708032
vt 0.385812998 0.737708032
vt 0.36729899 0.735117018
vt 0.385812998 0.735117018
vt 0.36729899 0.732473016
vt 0.385812998 0.732473016
vt 0.36729899 0.729825974
vt 0.385812998 0.729825974
vt 0.36729899 0.727180004
vt 0.385812998 0.727180004
vt 0.36729899 0.724546015
vt 0.385812998 0.724546015
vt 0.36729899 0.721901
vt 0.385812998 0.721901
vt 0.36729899 0.719277978
vt 0.385812998 0.719277978
vt 0.36729899 0.716630995
vt 0.385812998 0.716630995
vt 0.36729899 0.71400398
vt 0.385812998 0.71400398
vt 0.36729899 0.711356997
vt 0.385812998 0.711356997
vt 0.36729899 0.708716035
vt 0.385812998 0.708716035
vt 0.442732006 0.973967016
vt 0.43967101 0.941697001
vt 0.436921 0.973967016
vt 0.448451012 0.972958028
vt 0.45391801 0.971059024
vt 0.458988011 0.968240976
vt 0.46349901 0.96459502
vt 0.467231005 0.960151017
vt 0.469985008 0.955034018
vt 0.471780986 0.949513018
vt 0.472561002 0.943759978
vt 0.472425014 0.937951028
vt 0.471350014 0.932259023
vt 0.46935001 0.926805019
vt 0.46637401 0.921814978
vt 0.462556005 0.917429984
vt 0.458164006 0.913625002
vt 0.453099012 0.910772979
vt 0.447658002 0.908739984
vt 0.44194001 0.907719016
vt 0.436145008 0.907673001
vt 0.430433005 0.908644974
vt 0.424980015 0.910583019
vt 0.0529580005 0.969336987
vt 0.0516490005 0.971265018
vt 0.0533000007 0.969623983
vt 0.0525740013 0.969114006
vt 0.0521560013 0.968958974
vt 0.0517180003 0.968881011
vt 0.0512720011 0.968877017
vt 0.0508340001 0.968953013
vt 0.0504150018 0.969105005
vt 0.050028 0.969326973
vt 0.0496900007 0.969614029
vt 0.0494010001 0.969955027
vt 0.0491750017 0.97033602
vt 0.0490190014 0.970754027
vt 0.0489349999 0.971192002
vt 0.0489349999 0.971637011
vt 0.0490080006 0.972077012
vt 0.0491599999 0.972495019
vt 0.0493800007 0.972882986
vt 0.0496629998 0.973227024
vt 0.0500040017 0.973514974
vt 0.0503880009 0.973739028
vt 0.0508080013 0.97388798
vt 0.0512470007 0.973966002
vt 0.0516920015 0.973967016
vt 0.0521310009 0.973891973
vt 0.0525510013 0.973742008
vt 0.0529390015 0.973522007
vt 0.0532820001 0.973236978
vt 0.0535690002 0.972898006
vt 0.0537960008 0.97251302
vt 0.0539500006 0.972096026
vt 0.0540210009 0.971731007
vt 0.0540320016 0.971212029
vt 0.0539570004 0.970772028
vt 0.0538050011 0.970354021
vt 0.0535850003 0.969967008
vt 0.419954985 0.913513005
vt 0.415538013 0.917298019
vt 0.411870003 0.921805024
vt 0.408984005 0.926855028
vt 0.407130986 0.932370007
vt 0.406235009 0.938121021
vt 0.406282008 0.943938017
vt 0.407411009 0.949630022
vt 0.409402013 0.955093026
vt 0.412362009 0.960102022
vt 0.416168004 0.964501023
vt 0.420643985 0.968240976
vt 0.425716013 0.971058011
vt 0.43118301 0.973047018
vt 0.0225569997 0.961946011
vt 0.0243439991 0.960030973
vt 0.0218010005 0.961310029
vt 0.0232289992 0.959101021
vt 0.0219810009 0.95837301
vt 0.0209500007 0.960811019
vt 0.0206250008 0.957879007
vt 0.0200210009 0.960470021
vt 0.0192070007 0.957637012
vt 0.0190450009 0.960303009
vt 0.0177720003 0.957616985
vt 0.0180539992 0.960286021
vt 0.0163550004 0.957854986
vt 0.0170750003 0.96045202
vt 0.0149940001 0.958319008
vt 0.0161320008 0.960771024
vt 0.0137290005 0.958998024
vt 0.0152519997 0.961241007
vt 0.0126090003 0.959896028
vt 0.0144769996 0.961865008
vt 0.0116490005 0.960964024
vt 0.0138100004 0.962603986
vt 0.0132830003 0.963446975
vt 0.0108829997 0.962181985
vt 0.0129079996 0.964370012
vt 0.0103420001 0.96351701
vt 0.0127090001 0.965336025
vt 0.0100490004 0.964923024
vt 0.0126759997 0.966323018
vt 0.00999899954 0.966364026
vt 0.0128180003 0.967297971
vt 0.0102040004 0.967795014
vt 0.0131209996 0.968231022
vt 0.0106530003 0.969178021
vt 0.0135890003 0.969080985
vt 0.0113540003 0.970465004
vt 0.0142080002 0.969825029
vt 0.0122950003 0.971611023
vt 0.0149830002 0.970426977
vt 0.0134469997 0.97252202
vt 0.0158450007 0.970916986
vt 0.014711 0.973240972
vt 0.212015003 0.909794986
vt 0.21728 0.91890502
vt 0.214413002 0.909255028
vt 0.207967997 0.912768006
vt 0.209992006 0.910908997
vt 0.205991 0.91702503
vt 0.206889004 0.914692998
vt 0.206038997 0.921320975
vt 0.205797002 0.91891098
vt 0.206992999 0.924794972
vt 0.206421003 0.92324698
vt 0.209294006 0.927779019
vt 0.207987994 0.926322997
vt 0.213094994 0.929664016
vt 0.210971996 0.928792
vt 0.216781005 0.930149019
vt 0.214987993 0.930019975
vt 0.219857007 0.929977
vt 0.218151003 0.930154026
vt 0.223240003 0.929068029
vt 0.221698001 0.929614007
vt 0.226251006 0.927079976
vt 0.224802002 0.928263009
vt 0.228278995 0.923631012
vt 0.227235004 0.925693989
vt 0.228319004 0.916912973
vt 0.228860006 0.919874012
vt 0.219927996 0.909371972
vt 0.222183004 0.909929991
vt 0.0650020018 0.968952
vt 0.0652059987 0.971288025
vt 0.0654039979 0.96895802
vt 0.0645660013 0.969024003
vt 0.0641489998 0.969169974
vt 0.0637639984 0.969385028
vt 0.0634239987 0.969667017
vt 0.0631370023 0.970000982
vt 0.0629130006 0.970381975
vt 0.0627660006 0.970772028
vt 0.0626799986 0.971230984
vt 0.0626790002 0.971673012
vt 0.0627560019 0.972108006
vt 0.0629049987 0.97252202
vt 0.0631270036 0.972904027
vt 0.0634120032 0.973241985
vt 0.0637490004 0.973526001
vt 0.0641340017 0.973743021
vt 0.0645480007 0.973894
vt 0.0649840012 0.973967016
vt 0.0654250011 0.973966002
vt 0.065857999 0.973882973
vt 0.066271998 0.973729014
vt 0.0666510016 0.973504007
vt 0.066986002 0.973213971
vt 0.0672629997 0.972873986
vt 0.0674870014 0.972495019
vt 0.0676430017 0.972082019
vt 0.0677179992 0.971647024
vt 0.0677170008 0.971207023
vt 0.0676380023 0.970772028
vt 0.0674839988 0.970359027
vt 0.0672589988 0.969977975
vt 0.0669720024 0.96964401
vt 0.0666299984 0.969362974
vt 0.0662439987 0.96914798
vt 0.0658250004 0.969008982
vt 0.0167779997 0.971251011
vt 0.0160729997 0.973728001
vt 0.145769 0.984305978
vt 0.148796007 0.986136019
vt 0.146175995 0.983820975
vt 0.145456001 0.984857023
vt 0.145244002 0.985432029
vt 0.145132005 0.986077011
vt 0.145134002 0.986710012
vt 0.145245999 0.987331986
vt 0.145465001 0.98792702
vt 0.145784006 0.988474011
vt 0.146191999 0.988955975
vt 0.146678001 0.989363015
vt 0.147229001 0.989677012
vt 0.147823006 0.989893019
vt 0.148448005 0.99000001
vt 0.149081007 0.99000001
vt 0.149702996 0.989888012
vt 0.150297001 0.989669025
vt 0.150845006 0.989350021
vt 0.151326999 0.988942027
vt 0.151733994 0.988457024
vt 0.152045995 0.987905979
vt 0.152263001 0.987312019
vt 0.152370006 0.986688018
vt 0.152370006 0.98605603
vt 0.152255997 0.985432029
vt 0.152041003 0.984838009
vt 0.151722997 0.984287977
vt 0.151315004 0.983805001
vt 0.150829002 0.98339802
vt 0.150278002 0.983084977
vt 0.149682 0.982869029
vt 0.149057999 0.982764006
vt 0.148424998 0.982765019
vt 0.147801995 0.982878029
vt 0.147209004 0.983096004
vt 0.14666 0.983412027
vt 0.188494995 0.921118021
vt 0.190295994 0.924287021
vt 0.189209998 0.920871019
vt 0.187933996 0.921437025
vt 0.187438995 0.921853006
vt 0.187022001 0.922344983
vt 0.186699003 0.922904015
vt 0.186476007 0.923509002
vt 0.186361 0.92414403
vt 0.186359003 0.924789011
vt 0.186468005 0.92542398
vt 0.186685994 0.92602998
vt 0.187005997 0.926593006
vt 0.187423006 0.927087009
vt 0.187915996 0.927501023
vt 0.188475996 0.92782402
vt 0.189081997 0.928044975
vt 0.189716995 0.928160012
vt 0.190364003 0.928160012
vt 0.190999001 0.928049982
vt 0.191605002 0.927829981
vt 0.192166001 0.927510977
vt 0.192662001 0.927097023
vt 0.193078995 0.926603973
vt 0.193404004 0.926047027
vt 0.193627998 0.925441027
vt 0.193742007 0.924803972
vt 0.193743005 0.924157977
vt 0.193633005 0.923524022
vt 0.193409994 0.922917008
vt 0.193092003 0.922357023
vt 0.192674994 0.921863973
vt 0.192182004 0.921449006
vt 0.191624001 0.921126008
vt 0.191018 0.920903027
vt 0.190383002 0.920789003
vt 0.189738005 0.920786977
vt 0.239245996 0.929387987
vt 0.245765001 0.927020013
vt 0.239172995 0.927685022
vt 0.239254996 0.93117702
vt 0.239429995 0.932838023
vt 0.239951998 0.934194028
vt 0.240880996 0.935464025
vt 0.242008001 0.936518013
vt 0.243198007 0.937089026
vt 0.244553998 0.93731302
vt 0.246022001 0.937321007
vt 0.247480005 0.937044024
vt 0.248964995 0.936671972
vt 0.250149012 0.935644984
vt 0.251222014 0.934185028
vt 0.251821011 0.932923973
vt 0.252231985 0.931518018
vt 0.252411008 0.930067003
vt 0.252514005 0.928224027
vt 0.252393007 0.926900983
vt 0.252328008 0.925450027
vt 0.252691001 0.923865974
vt 0.252485007 0.922217011
vt 0.251823008 0.920737982
vt 0.250405014 0.919368029
vt 0.248964995 0.918645024
vt 0.247121006 0.917957008
vt 0.245655 0.917887986
vt 0.244286001 0.918066025
vt 0.243011996 0.918493986
vt 0.241806 0.919250011
vt 0.240382001 0.920372009
vt 0.239417002 0.921931982
vt 0.239038005 0.92346102
vt 0.23906 0.925054014
vt 0.239133999 0.926468015
vt 0.0177590009 0.971413016
vt 0.0174969994 0.973963976
vt 0.568708003 0.935029984
vt 0.571506977 0.935029984
vt 0.568708003 0.926558971
vt 0.571506977 0.926558971
vt 0.565904975 0.935029984
vt 0.565904975 0.926558971
vt 0.56310302 0.935029984
vt 0.56310302 0.926558971
vt 0.560298979 0.935029984
vt 0.560298979 0.926558971
vt 0.557496011 0.935029984
vt 0.557496011 0.926558971
vt 0.554691017 0.935029984
vt 0.554691017 0.926558971
vt 0.551886022 0.935029984
vt 0.551886022 0.926558971
vt 0.549081028 0.935029984
vt 0.549081028 0.926558971
vt 0.546276987 0.935029984
vt 0.546276987 0.926558971
vt 0.543474019 0.935029984
vt 0.543474019 0.926558971
vt 0.540672004 0.935029984
vt 0.540672004 0.926558971
vt 0.537871003 0.935029984
vt 0.537871003 0.926558971
vt 0.535070002 0.935029984
vt 0.535070002 0.926558971
vt 0.532266021 0.935029984
vt 0.532266021 0.926558971
vt 0.52946502 0.935029984
vt 0.52946502 0.926558971
vt 0.526660025 0.935029984
vt 0.526660025 0.926558971
vt 0.523855984 0.935029984
vt 0.523855984 0.926558971
vt 0.521053016 0.935029984
vt 0.521053016 0.926558971
vt 0.518248022 0.935029984
vt 0.518248022 0.926558971
vt 0.515443027 0.935029984
vt 0.515443027 0.926558971
vt 0.51264298 0.935029984
vt 0.51264298 0.926558971
vt 0.509841025 0.935029984
vt 0.509841025 0.926558971
vt 0.507040024 0.935029984
vt 0.507040024 0.926558971
vt 0.504239023 0.935029984
vt 0.504239023 0.926558971
vt 0.501437008 0.935029984
vt 0.501437008 0.926558971
vt 0.498634011 0.935029984
vt 0.498634011 0.926558971
vt 0.495831013 0.935029984
vt 0.495831013 0.926558971
vt 0.493028015 0.935029984
vt 0.493028015 0.926558971
vt 0.490224004 0.935029984
vt 0.490224004 0.926558971
vt 0.487044007 0.935029984
vt 0.487044007 0.926558971
vt 0.490978986 0.0491250157
vt 0.490978986 0.0519570112
vt 0.498643011 0.0491250157
vt 0.498643011 0.0519570112
vt 0.490978986 0.0463789701
vt 0.498643011 0.0463789701
vt 0.490978986 0.0436320305
vt 0.498643011 0.0436320305
vt 0.490978986 0.139810979
vt 0.490978986 0.142558992
vt 0.498643011 0.139810979
vt 0.498643011 0.142558992
vt 0.490978986 0.137066007
vt 0.498643011 0.137066007
vt 0.490978986 0.134320974
vt 0.498643011 0.134320974
vt 0.490978986 0.131573021
vt 0.498643011 0.131573021
vt 0.490978986 0.128823996
vt 0.498643011 0.128823996
vt 0.490978986 0.126075983
vt 0.498643011 0.126075983
vt 0.490978986 0.123327017
vt 0.498643011 0.123327017
vt 0.490978986 0.120576978
vt 0.498643011 0.120576978
vt 0.490978986 0.117826998
vt 0.498643011 0.117826998
vt 0.490978986 0.115078986
vt 0.498643011 0.115078986
vt 0.490978986 0.112331986
vt 0.498643011 0.112331986
vt 0.490978986 0.109584987
vt 0.498643011 0.109584987
vt 0.490978986 0.106836021
vt 0.498643011 0.106836021
vt 0.490978986 0.104089022
vt 0.498643011 0.104089022
vt 0.490978986 0.101342976
vt 0.498643011 0.101342976
vt 0.490978986 0.0985980034
vt 0.498643011 0.0985980034
vt 0.490978986 0.0958499908
vt 0.498643011 0.0958499908
vt 0.490978986 0.0931019783
vt 0.498643011 0.0931019783
vt 0.490978986 0.0903589725
vt 0.498643011 0.0903589725
vt 0.490978986 0.0876089931
vt 0.498643011 0.0876089931
vt 0.490978986 0.0848590136
vt 0.498643011 0.0848590136
vt 0.490978986 0.082111001
vt 0.498643011 0.082111001
vt 0.490978986 0.0793629885
vt 0.498643011 0.0793629885
vt 0.498643011 0.0766140223
vt 0.490978986 0.0766140223
vt 0.498643011 0.073867023
vt 0.490978986 0.073867023
vt 0.490978986 0.0711209774
vt 0.498643011 0.0711209774
vt 0.490978986 0.0683739781
vt 0.498643011 0.0683739781
vt 0.490978986 0.0656269789
vt 0.498643011 0.0656269789
vt 0.490978986 0.0628799796
vt 0.498643011 0.0628799796
vt 0.490978986 0.0601919889
vt 0.498643011 0.0601919889
vt 0.498643011 0.0575090051
vt 0.490978986 0.0575090051
vt 0.490978986 0.0547789931
vt 0.498643011 0.0547789931
vt 0.160132006 0.704096019
vt 0.160132006 0.708283007
vt 0.164424002 0.704096019
vt 0.164424002 0.708283007
vt 0.155846998 0.704096019
vt 0.155846998 0.708283007
vt 0.151556998 0.704096019
vt 0.151556998 0.708283007
vt 0.147268996 0.704096019
vt 0.147268996 0.708283007
vt 0.142976001 0.704096019
vt 0.142976001 0.708283007
vt 0.138680995 0.704096019
vt 0.138680995 0.708283007
vt 0.134388998 0.704096019
vt 0.134388998 0.708283007
vt 0.130097002 0.704096019
vt 0.130097002 0.708283007
vt 0.125805005 0.708283007
vt 0.125805005 0.704096019
vt 0.121509999 0.708283007
vt 0.121509999 0.704096019
vt 0.117215998 0.708283007
vt 0.117215998 0.704096019
vt 0.112937003 0.708283007
vt 0.112937003 0.704096019
vt 0.108649999 0.708283007
vt 0.108649999 0.704096019
vt 0.104369 0.708283007
vt 0.104369 0.704096019
vt 0.100079 0.708283007
vt 0.100079 0.704096019
vt 0.0957939997 0.708283007
vt 0.0957939997 0.704096019
vt 0.0915040001 0.708283007
vt 0.0915040001 0.704096019
vt 0.0872170031 0.708283007
vt 0.0872170031 0.704096019
vt 0.0829290003 0.708283007
vt 0.0829290003 0.704096019
vt 0.0786430016 0.708283007
vt 0.0786430016 0.704096019
vt 0.074357003 0.708283007
vt 0.074357003 0.704096019
vt 0.0700739995 0.708283007
vt 0.0700739995 0.704096019
vt 0.0657820031 0.704096019
vt 0.0657820031 0.708283007
vt 0.0614910014 0.704096019
vt 0.0614910014 0.708283007
vt 0.0572020002 0.704096019
vt 0.0572020002 0.708283007
vt 0.0529100001 0.708283007
vt 0.0529100001 0.704096019
vt 0.048618 0.708283007
vt 0.048618 0.704096019
vt 0.0443280004 0.708283007
vt 0.0443280004 0.704096019
vt 0.0400430001 0.708283007
vt 0.0400430001 0.704096019
vt 0.0357620008 0.708283007
vt 0.0357620008 0.704096019
vt 0.0314700007 0.708283007
vt 0.0314700007 0.704096019
vt 0.0271780007 0.708283007
vt 0.0271780007 0.704096019
vt 0.0229390003 0.708283007
vt 0.0229390003 0.704096019
vt 0.018592 0.708283007
vt 0.018592 0.704096019
vt 0.0143330004 0.708283007
vt 0.0143330004 0.704096019
vt 0.00999899954 0.704096019
vt 0.00999899954 0.708283007
vt 0.574310005 0.935029984
vt 0.574310005 0.926558971
vt 0.577111006 0.935029984
vt 0.577111006 0.926558971
vt 0.57991302 0.935029984
vt 0.57991302 0.926558971
vt 0.582714975 0.935029984
vt 0.582714975 0.926558971
vt 0.481817007 0.935029984
vt 0.484620005 0.935029984
vt 0.481817007 0.926558971
vt 0.484620005 0.926558971
vt 0.516174018 0.44651103
vt 0.516174018 0.448750973
vt 0.523162007 0.44651103
vt 0.523162007 0.448750973
vt 0.516174018 0.462556005
vt 0.516174018 0.464531004
vt 0.523162007 0.462556005
vt 0.523162007 0.464531004
vt 0.516174018 0.466506004
vt 0.523162007 0.466506004
vt 0.523162007 0.468481004
vt 0.516174018 0.468481004
vt 0.523162007 0.470458984
vt 0.516174018 0.470458984
vt 0.523162007 0.472436011
vt 0.516174018 0.472436011
vt 0.523162007 0.474408984
vt 0.516174018 0.474408984
vt 0.523162007 0.476384044
vt 0.516174018 0.476384044
vt 0.523162007 0.478356004
vt 0.516174018 0.478356004
vt 0.523162007 0.480331004
vt 0.516174018 0.480331004
vt 0.523162007 0.482303977
vt 0.516174018 0.482303977
vt 0.523162007 0.484279037
vt 0.516174018 0.484279037
vt 0.523162007 0.486253977
vt 0.516174018 0.486253977
vt 0.523162007 0.488231003
vt 0.516174018 0.488231003
vt 0.523162007 0.490206003
vt 0.516174018 0.490206003
vt 0.523162007 0.492184043
vt 0.516174018 0.492184043
vt 0.523162007 0.494158983
vt 0.516174018 0.494158983
vt 0.523162007 0.49613601
vt 0.516174018 0.49613601
vt 0.516174018 0.498113036
vt 0.523162007 0.498113036
vt 0.516174018 0.500087023
vt 0.523162007 0.500087023
vt 0.523162007 0.502062023
vt 0.516174018 0.502062023
vt 0.523162007 0.504037976
vt 0.516174018 0.504037976
vt 0.516174018 0.450724006
vt 0.523162007 0.450724006
vt 0.516174018 0.452699006
vt 0.523162007 0.452699006
vt 0.516174018 0.454663038
vt 0.523162007 0.454663038
vt 0.516174018 0.456634045
vt 0.523162007 0.456634045
vt 0.516174018 0.458608985
vt 0.523162007 0.458608985
vt 0.516174018 0.460582972
vt 0.523162007 0.460582972
vt 0.516174018 0.506012976
vt 0.523162007 0.506012976
vt 0.516174018 0.507990003
vt 0.523162007 0.507990003
vt 0.516174018 0.509962976
vt 0.523162007 0.509962976
vt 0.516174018 0.511940002
vt 0.523162007 0.511940002
vt 0.516174018 0.513916016
vt 0.523162007 0.513916016
vt 0.516174018 0.515891016
vt 0.523162007 0.515891016
vt 0.516174018 0.44480598
vt 0.523162007 0.44480598
vt 0.0253829993 0.982644975
vt 0.0253829993 0.99000001
vt 0.0272959992 0.982644975
vt 0.0272959992 0.99000001
vt 0.0293220002 0.99000001
vt 0.0293220002 0.982644975
vt 0.0312880017 0.99000001
vt 0.0332540013 0.99000001
vt 0.0312880017 0.982644975
vt 0.0332540013 0.982644975
vt 0.0352820009 0.982644975
vt 0.0352820009 0.99000001
vt 0.0371930003 0.99000001
vt 0.0371930003 0.982644975
vt 0.0391580015 0.99000001
vt 0.0391580015 0.982644975
vt 0.0411240011 0.99000001
vt 0.0411240011 0.982644975
vt 0.0430900007 0.99000001
vt 0.0430900007 0.982644975
vt 0.0450539999 0.99000001
vt 0.0450539999 0.982644975
vt 0.0470170006 0.99000001
vt 0.0470170006 0.982644975
vt 0.0489830002 0.99000001
vt 0.0489830002 0.982644975
vt 0.0509510003 0.99000001
vt 0.0509510003 0.982644975
vt 0.0529169999 0.99000001
vt 0.0529169999 0.982644975
vt 0.0548840016 0.99000001
vt 0.0548840016 0.982644975
vt 0.0568500012 0.99000001
vt 0.0568500012 0.982644975
vt 0.0588110015 0.99000001
vt 0.0588110015 0.982644975
vt 0.0607750006 0.99000001
vt 0.0607750006 0.982644975
vt 0.0627389997 0.99000001
vt 0.0627389997 0.982644975
vt 0.0647049993 0.99000001
vt 0.0647049993 0.982644975
vt 0.0666709989 0.99000001
vt 0.0666709989 0.982644975
vt 0.0686360002 0.99000001
vt 0.0686360002 0.982644975
vt 0.0706019998 0.99000001
vt 0.0706019998 0.982644975
vt 0.0725700036 0.99000001
vt 0.0725700036 0.982644975
vt 0.0745370016 0.99000001
vt 0.0745370016 0.982644975
vt 0.0765030012 0.99000001
vt 0.0765030012 0.982644975
vt 0.0784690008 0.982644975
vt 0.0784690008 0.99000001
vt 0.0804350004 0.982644975
vt 0.0804350004 0.99000001
vt 0.0823649988 0.982644975
vt 0.0823649988 0.99000001
vt 0.0842510015 0.982644975
vt 0.0842510015 0.99000001
vt 0.0862170011 0.982644975
vt 0.0862170011 0.99000001
vt 0.0881830007 0.982644975
vt 0.0881830007 0.99000001
vt 0.0901480019 0.982644975
vt 0.0901480019 0.99000001
vt 0.0921130031 0.982644975
vt 0.0921130031 0.99000001
vt 0.0214520004 0.982644975
vt 0.0214520004 0.99000001
vt 0.0234169997 0.982644975
vt 0.0234169997 0.99000001
vt 0.703499973 0.894266009
vt 0.707333028 0.893247008
vt 0.702817976 0.892652988
vt 0.707122028 0.891366005
vt 0.711350024 0.891053975
vt 0.711250007 0.892854989
vt 0.715139985 0.893139005
vt 0.715469003 0.891236007
vt 0.719531 0.892557025
vt 0.718876004 0.894210994
vt 0.722344995 0.895999014
vt 0.723122001 0.894542992
vt 0.725537002 0.898279011
vt 0.726719022 0.896753013
vt 0.729646981 0.899868011
vt 0.728205025 0.901169002
vt 0.731885016 0.903494
vt 0.730346978 0.904498994
vt 0.733676016 0.907517016
vt 0.731908977 0.908165991
vt 0.734700978 0.911763012
vt 0.732793987 0.912083983
vt 0.735092998 0.91612798
vt 0.73309499 0.916113973
vt 0.734975994 0.920369983
vt 0.732789993 0.920145988
vt 0.733995974 0.924688995
vt 0.731823027 0.924067974
vt 0.732163012 0.928557992
vt 0.730184972 0.927763999
vt 0.73001498 0.932143986
vt 0.728016973 0.931155026
vt 0.726879001 0.935293972
vt 0.725327015 0.933982015
vt 0.722145975 0.936542988
vt 0.723405004 0.938180029
vt 0.718675971 0.938324988
vt 0.719542027 0.940038025
vt 0.714837015 0.939466
vt 0.715143979 0.94116801
vt 0.710937977 0.939917982
vt 0.710924983 0.941587985
vt 0.706848025 0.941390991
vt 0.707059026 0.939633012
vt 0.702556014 0.940186977
vt 0.703292012 0.938665986
vt 0.698876977 0.938390017
vt 0.699783027 0.936971009
vt 0.696637988 0.934647024
vt 0.695545018 0.935926974
vt 0.692407012 0.932792008
vt 0.693944991 0.931793988
vt 0.691772997 0.928507984
vt 0.690104008 0.929310024
vt 0.688376009 0.925298989
vt 0.690208972 0.924862981
vt 0.687461019 0.921208978
vt 0.689328015 0.920966983
vt 0.689061999 0.916952014
vt 0.686990976 0.916731
vt 0.689508021 0.912926018
vt 0.68758899 0.912536025
vt 0.69056201 0.908993006
vt 0.688879013 0.908206999
vt 0.690595984 0.904202998
vt 0.692147017 0.905228972
vt 0.692861021 0.900547981
vt 0.694338977 0.90180397
vt 0.69572401 0.897312999
vt 0.697003007 0.898743987
vt 0.699169993 0.894620001
vt 0.700114012 0.896176994
vt 0.740706027 0.910754979
vt 0.741261005 0.915609002
vt 0.742260993 0.910463989
vt 0.742886007 0.915475011
vt 0.739170015 0.905824006
vt 0.740535975 0.905372024
vt 0.736980975 0.900620997
vt 0.738259017 0.899870992
vt 0.734305978 0.896423995
vt 0.735449016 0.895534992
vt 0.73041302 0.892785013
vt 0.731280029 0.89180702
vt 0.725920975 0.889343023
vt 0.726696014 0.887923002
vt 0.691188991 0.939939976
vt 0.687529027 0.936097026
vt 0.690129995 0.940944016
vt 0.686326981 0.936945021
vt 0.695290983 0.94313401
vt 0.694419026 0.944326997
vt 0.700420022 0.945473015
vt 0.699917972 0.946750998
vt 0.705744028 0.946705997
vt 0.705483973 0.947959006
vt 0.71092701 0.947003007
vt 0.710952997 0.948589981
vt 0.715951025 0.946502984
vt 0.716207027 0.947999001
vt 0.740701973 0.920664012
vt 0.742156029 0.920751989
vt 0.721386015 0.945188999
vt 0.721862018 0.946536005
vt 0.739136994 0.926764011
vt 0.740427017 0.927290022
vt 0.726530015 0.942852974
vt 0.727286994 0.944042981
vt 0.737178981 0.931367993
vt 0.738452971 0.932089984
vt 0.731063008 0.93945998
vt 0.732101977 0.940541983
vt 0.734831989 0.935573995
vt 0.735980988 0.936293006
vt 0.684655011 0.931759
vt 0.683290005 0.932403982
vt 0.682931006 0.927389979
vt 0.68156898 0.927932978
vt 0.68167001 0.922062993
vt 0.680211008 0.922299981
vt 0.681387007 0.916405976
vt 0.679991007 0.91634798
vt 0.681802988 0.911171973
vt 0.680343986 0.910847008
vt 0.683809996 0.905498028
vt 0.682556987 0.904839993
vt 0.685599029 0.901317
vt 0.684354007 0.900592029
vt 0.688345015 0.896583974
vt 0.687210977 0.895573974
vt 0.691718996 0.892274976
vt 0.690690994 0.890982985
vt 0.696171999 0.889011979
vt 0.695179999 0.887372017
vt 0.700061977 0.885125995
vt 0.700738013 0.886736989
vt 0.706542015 0.885582983
vt 0.706273019 0.883984029
vt 0.711571991 0.885205984
vt 0.711745977 0.883635998
vt 0.716798007 0.885661006
vt 0.721436024 0.886973977
vt 0.717133999 0.884287
vt 0.721921027 0.88558197
vt 0.681765974 0.346135974
vt 0.675832987 0.357097983
vt 0.692439973 0.349694967
vt 0.688549995 0.363826036
vt 0.669789016 0.338927031
vt 0.661239982 0.348878026
vt 0.682674766 0.846544087
vt 0.672231019 0.848604977
vt 0.674341261 0.863334894
vt 0.725043297 0.841333628
vt 0.716944695 0.842659175
vt 0.720371008 0.848460019
vt 0.659443974 0.327839017
vt 0.647509992 0.340201974
vt 0.773136973 0.938116014
vt 0.781399012 0.925715029
vt 0.768236995 0.924084008
vt 0.778339386 0.918346465
vt 0.791040242 0.914259553
vt 0.79509598 0.920340002
vt 0.801320791 0.904791951
vt 0.806819022 0.908150971
vt 0.811776996 0.889374971
vt 0.80541873 0.889356017
vt 0.80586803 0.872189999
vt 0.800315201 0.875426829
vt 0.791937768 0.863291979
vt 0.796728015 0.858155012
vt 0.777800798 0.851931095
vt 0.782127023 0.845035017
vt 0.760052204 0.838488698
vt 0.767235875 0.848865151
vt 0.708938122 0.837026536
vt 0.734615684 0.835722566
vt 0.653991997 0.358056009
vt 0.638796985 0.34899801
vt 0.669938028 0.366688967
vt 0.635474026 0.331171036
vt 0.624441981 0.338854015
vt 0.623642981 0.320721984
vt 0.611455977 0.327407002
vt 0.611760974 0.308627009
vt 0.599597991 0.31487596
vt 0.774778008 0.918232977
vt 0.58910203 0.301095963
vt 0.600687027 0.293676972
vt 0.580330014 0.286041975
vt 0.592144012 0.27947104
vt 0.572822988 0.269677043
vt 0.58543402 0.26396203
vt 0.567173004 0.252382994
vt 0.580515027 0.24851799
vt 0.56358403 0.233955979
vt 0.577796996 0.231617987
vt 0.561767995 0.216067016
vt 0.576874018 0.214532971
vt 0.351054013 0.976082981
vt 0.337072015 0.969784975
vt 0.345598012 0.99000001
vt 0.329470009 0.982343972
vt 0.32356599 0.961019993
vt 0.314314008 0.972841978
vt 0.312157005 0.951179028
vt 0.300810009 0.961587012
vt 0.301167995 0.937677026
vt 0.289085001 0.949069023
vt 0.278914005 0.935850024
vt 0.290325999 0.923147023
vt 0.269701004 0.922559023
vt 0.280079007 0.91050297
vt 0.259757012 0.910435021
vt 0.267399013 0.899031997
vt 0.246932 0.901777029
vt 0.248319998 0.887534976
vt 0.229402006 0.897575021
vt 0.229523003 0.884974003
vt 0.218572006 0.898328006
vt 0.216289997 0.884433985
vt 0.201214999 0.900860012
vt 0.195928007 0.887529016
vt 0.179076999 0.896151006
vt 0.185957 0.907069981
vt 0.135969996 0.0806739926
vt 0.145997003 0.0722280145
vt 0.138063997 0.0598890185
vt 0.148212999 0.0643240213
vt 0.164102003 0.90803498
vt 0.152333006 0.922523975
vt 0.172177002 0.917815983
vt 0.161531001 0.930455029
vt 0.144333005 0.936931014
vt 0.153310001 0.944091976
vt 0.135516003 0.952058971
vt 0.144595996 0.959290028
vt 0.684542 0.374233961
vt 0.793866992 0.975071013
vt 0.795920014 0.977478981
vt 0.806015015 0.964241028
vt 0.808559 0.966383994
vt 0.823918998 0.937050998
vt 0.816169024 0.951288998
vt 0.826434016 0.938111007
vt 0.818836987 0.953112006
vt 0.831140995 0.921500027
vt 0.828171015 0.920924008
vt 0.829370975 0.904362977
vt 0.832656026 0.904254019
vt 0.828086019 0.886892974
vt 0.830960989 0.886484981
vt 0.825855017 0.869982004
vt 0.823423982 0.871595979
vt 0.815729976 0.857146025
vt 0.817793012 0.85510999
vt 0.805234015 0.843684971
vt 0.806980014 0.841786981
vt 0.792985976 0.832991004
vt 0.794016004 0.831101
vt 0.778967023 0.823019028
vt 0.778593004 0.825420976
vt 0.762284994 0.820285022
vt 0.762668014 0.817888975
vt 0.745715976 0.815880001
vt 0.746532023 0.818661988
vt 0.728596985 0.816039026
vt 0.728586972 0.819058001
vt 0.711569011 0.820860982
vt 0.711594999 0.817954004
vt 0.693684995 0.823858023
vt 0.692876995 0.82139802
vt 0.682530999 0.82526499
vt 0.683736026 0.827476978
vt 0.668114007 0.834914029
vt 0.666706979 0.832301974
vt 0.655937016 0.845257998
vt 0.653774023 0.842383981
vt 0.646408021 0.858578026
vt 0.643755019 0.856613994
vt 0.639729023 0.873386979
vt 0.636771023 0.872456014
vt 0.635885 0.88756299
vt 0.632984996 0.887331009
vt 0.631217003 0.904601991
vt 0.633984983 0.904448986
vt 0.631844997 0.921639979
vt 0.634389997 0.921325028
vt 0.653870821 0.869447827
vt 0.652044892 0.878669143
vt 0.659546018 0.861290932
vt 0.669211745 0.858308077
vt 0.690550923 0.838702023
vt 0.699506462 0.835877419
vt 0.746324182 0.834815502
vt 0.653478026 0.318884969
vt 0.661186993 0.288522005
vt 0.664022028 0.282867014
vt 0.656377971 0.285257995
vt 0.659402013 0.279033005
vt 0.659193993 0.294610977
vt 0.653324008 0.292451024
vt 0.65020901 0.300978005
vt 0.658264995 0.301383018
vt 0.658667028 0.308673978
vt 0.650487006 0.309469998
vt 0.667647004 0.277925014
vt 0.663423002 0.273880005
vt 0.667847991 0.269235969
vt 0.670677006 0.273983955
vt 0.673313975 0.265130043
vt 0.675373971 0.270283997
vt 0.678812027 0.261479974
vt 0.680755019 0.266880035
vt 0.687304974 0.258524001
vt 0.688414991 0.264150977
vt 0.696349978 0.263027012
vt 0.69460398 0.256999016
vt 0.703319013 0.256213009
vt 0.704337001 0.262775004
vt 0.711867988 0.25562501
vt 0.711980999 0.262919009
vt 0.720220029 0.262425005
vt 0.720175982 0.254642963
vt 0.728192985 0.253612041
vt 0.729005992 0.261393011
vt 0.739180028 0.251706004
vt 0.739450991 0.25918299
vt 0.747251987 0.257230043
vt 0.747592986 0.250169039
vt 0.749468029 0.284641981
vt 0.747413993 0.273956001
vt 0.744895995 0.285576999
vt 0.741128981 0.275862992
vt 0.747129977 0.294535995
vt 0.751379013 0.293839991
vt 0.751670003 0.305832028
vt 0.74713999 0.305108011
vt 0.749749005 0.314954996
vt 0.745050013 0.313392043
vt 0.744988024 0.324607015
vt 0.741324008 0.320572972
vt 0.735794008 0.327612996
vt 0.738894999 0.33146596
vt 0.730306029 0.339820027
vt 0.727638006 0.335098982
vt 0.723441005 0.346096039
vt 0.720502019 0.339357018
vt 0.702961028 0.251958966
vt 0.711245 0.250905037
vt 0.692874014 0.252053976
vt 0.684670985 0.25385201
vt 0.67604202 0.257037997
vt 0.719456971 0.249880016
vt 0.727403998 0.248659968
vt 0.738560975 0.246568978
vt 0.746924996 0.24496901
vt 0.754469991 0.284083962
vt 0.752204001 0.273236036
vt 0.756341994 0.293990016
vt 0.757449985 0.305514991
vt 0.757317007 0.316055
vt 0.669131994 0.259656012
vt 0.662976027 0.262012959
vt 0.653973997 0.265929997
vt 0.75356102 0.328096032
vt 0.747099996 0.340278983
vt 0.740733027 0.351260006
vt 0.732437015 0.362558961
vt 0.684652984 0.340732992
vt 0.694063008 0.343289971
vt 0.673560977 0.334675014
vt 0.663911998 0.32375598
vt 0.660085976 0.315059006
vt 0.625289023 0.279671013
vt 0.480991006 0.985696018
vt 0.495083004 0.985696018
vt 0.480991006 0.98279202
vt 0.495083004 0.98279202
vt 0.469090015 0.98279202
vt 0.469090015 0.985696018
vt 0.460110009 0.985696018
vt 0.460110009 0.98279202
vt 0.434596002 0.985696018
vt 0.434596002 0.98279202
vt 0.425853014 0.985696018
vt 0.425853014 0.98279202
vt 0.414714009 0.985696018
vt 0.414714009 0.98279202
vt 0.405939013 0.98279202
vt 0.405939013 0.985696018
vt 0.397291005 0.985696018
vt 0.397291005 0.98279202
vt 0.388870001 0.985696018
vt 0.388870001 0.98279202
vt 0.378645986 0.985696018
vt 0.378645986 0.98279202
vt 0.370112002 0.985696018
vt 0.370112002 0.98279202
vt 0.360428005 0.985696018
vt 0.360428005 0.98279202
vt 0.61372298 0.98279202
vt 0.61372298 0.985696018
vt 0.620693028 0.98279202
vt 0.620693028 0.985696018
vt 0.604475975 0.985696018
vt 0.604475975 0.98279202
vt 0.597015023 0.98279202
vt 0.597015023 0.985696018
vt 0.590313971 0.985696018
vt 0.590313971 0.98279202
vt 0.583585978 0.98279202
vt 0.583585978 0.985696018
vt 0.576186001 0.985696018
vt 0.576186001 0.98279202
vt 0.568865001 0.985696018
vt 0.568865001 0.98279202
vt 0.560527027 0.98279202
vt 0.560527027 0.985696018
vt 0.553825021 0.985696018
vt 0.553825021 0.98279202
vt 0.547523022 0.985696018
vt 0.547523022 0.98279202
vt 0.542375982 0.98279202
vt 0.542375982 0.985696018
vt 0.536201 0.985696018
vt 0.536201 0.98279202
vt 0.529690027 0.985696018
vt 0.529690027 0.98279202
vt 0.523877025 0.985696018
vt 0.523877025 0.98279202
vt 0.517162979 0.98279202
vt 0.517162979 0.985696018
vt 0.509940028 0.98279202
vt 0.509940028 0.985696018
vt 0.503759027 0.985696018
vt 0.503759027 0.98279202
vt 0.553825021 0.99000001
vt 0.547523022 0.99000001
vt 0.560527027 0.99000001
vt 0.542375982 0.99000001
vt 0.536201 0.99000001
vt 0.529690027 0.99000001
vt 0.523877025 0.99000001
vt 0.517162979 0.99000001
vt 0.509940028 0.99000001
vt 0.503759027 0.99000001
vt 0.495083004 0.99000001
vt 0.480991006 0.99000001
vt 0.469090015 0.99000001
vt 0.460110009 0.99000001
vt 0.434596002 0.99000001
vt 0.425853014 0.99000001
vt 0.414714009 0.99000001
vt 0.405939013 0.99000001
vt 0.397291005 0.99000001
vt 0.388870001 0.99000001
vt 0.378645986 0.99000001
vt 0.370112002 0.99000001
vt 0.360428005 0.99000001
vt 0.620693028 0.99000001
vt 0.61372298 0.99000001
vt 0.604475975 0.99000001
vt 0.597015023 0.99000001
vt 0.590313971 0.99000001
vt 0.583585978 0.99000001
vt 0.576186001 0.99000001
vt 0.568865001 0.99000001
vt 0.647666991 0.269037962
vt 0.639020026 0.272556007
vt 0.632872999 0.275838971
vt 0.771309018 0.318590999
vt 0.771896005 0.300579011
vt 0.772879004 0.291866004
vt 0.773661017 0.283756018
vt 0.774572015 0.273419023
vt 0.739273012 0.222801983
vt 0.731073976 0.225557983
vt 0.721557021 0.227643013
vt 0.711697996 0.228381991
vt 0.702713013 0.230609
vt 0.694414973 0.232187033
vt 0.682689011 0.235381007
vt 0.679723978 0.245160997
vt 0.614166975 0.267181993
vt 0.633067012 0.265946031
vt 0.626998007 0.269575
vt 0.658840001 0.256229043
vt 0.649141014 0.259763956
vt 0.636959016 0.25642097
vt 0.660813987 0.245527029
vt 0.671090007 0.248915017
vt 0.606931984 0.253708005
vt 0.602185011 0.240377009
vt 0.599633992 0.22667402
vt 0.599088013 0.21180898
vt 0.630456984 0.243342996
vt 0.657351017 0.230401993
vt 0.677492023 0.221310973
vt 0.654470026 0.220743001
vt 0.626362979 0.23209703
vt 0.623395979 0.220851004
vt 0.652698994 0.213544965
vt 0.619724989 0.207045019
vt 0.650906026 0.20459497
vt 0.690515995 0.22458303
vt 0.699490011 0.223299026
vt 0.70658797 0.214304984
vt 0.719703972 0.220301032
vt 0.727777004 0.218721986
vt 0.730252981 0.209967017
vt 0.779913008 0.284857988
vt 0.780672014 0.29095304
vt 0.789137006 0.270120025
vt 0.788335025 0.297312021
vt 0.788909972 0.318943977
vt 0.65852499 0.211979032
vt 0.660284996 0.218039036
vt 0.672370017 0.202834964
vt 0.69778502 0.200435996
vt 0.722868979 0.197670996
vt 0.0387400016 0.942466021
vt 0.0401660018 0.927522004
vt 0.0142559996 0.935204029
vt 0.0112370001 0.921880007
vt 0.058995001 0.945729971
vt 0.0626839995 0.931935012
vt 0.188244 0.689960003
vt 0.194624007 0.689960003
vt 0.188244 0.687767029
vt 0.194624007 0.687767029
vt 0.201535001 0.687767029
vt 0.201535001 0.689960003
vt 0.182218999 0.687767029
vt 0.182218999 0.689960003
vt 0.174805 0.687767029
vt 0.174805 0.689960003
vt 0.168033004 0.687767029
vt 0.168033004 0.689960003
vt 0.161604002 0.689960003
vt 0.161604002 0.687767029
vt 0.155631006 0.687767029
vt 0.155631006 0.689960003
vt 0.148167998 0.687767029
vt 0.148167998 0.689960003
vt 0.141788006 0.689960003
vt 0.141788006 0.687767029
vt 0.135369003 0.687767029
vt 0.135369003 0.689960003
vt 0.128544003 0.687767029
vt 0.128544003 0.689960003
vt 0.122629002 0.687767029
vt 0.122629002 0.689960003
vt 0.116438001 0.687767029
vt 0.116438001 0.689960003
vt 0.110659003 0.687767029
vt 0.110659003 0.689960003
vt 0.103463002 0.687767029
vt 0.103463002 0.689960003
vt 0.097240001 0.687767029
vt 0.097240001 0.689960003
vt 0.0904389992 0.689960003
vt 0.0904389992 0.687767029
vt 0.0826710016 0.689960003
vt 0.0826710016 0.687767029
vt 0.0745930001 0.689960003
vt 0.0745930001 0.687767029
vt 0.0675709993 0.689960003
vt 0.0675709993 0.687767029
vt 0.0620750003 0.689960003
vt 0.0620750003 0.687767029
vt 0.0561680011 0.687767029
vt 0.0561680011 0.689960003
vt 0.0488450006 0.687767029
vt 0.0488450006 0.689960003
vt 0.0417300016 0.689960003
vt 0.0417300016 0.687767029
vt 0.0347199999 0.689960003
vt 0.0347199999 0.687767029
vt 0.0269399993 0.689960003
vt 0.0269399993 0.687767029
vt 0.0216140002 0.689960003
vt 0.0216140002 0.687767029
vt 0.0159559995 0.689960003
vt 0.0159559995 0.687767029
vt 0.00999899954 0.687767029
vt 0.00999899954 0.689960003
vt 0.246884003 0.687767029
vt 0.240620002 0.687767029
vt 0.246884003 0.689960003
vt 0.240620002 0.689960003
vt 0.232344002 0.687767029
vt 0.232344002 0.689960003
vt 0.225403994 0.689960003
vt 0.225403994 0.687767029
vt 0.216721997 0.687767029
vt 0.216721997 0.689960003
vt 0.208847001 0.687767029
vt 0.208847001 0.689960003
vt 0.148167998 0.682861984
vt 0.141788006 0.682861984
vt 0.155631006 0.682861984
vt 0.161604002 0.682861984
vt 0.168033004 0.682861984
vt 0.174805 0.682861984
vt 0.182218999 0.682861984
vt 0.188244 0.682861984
vt 0.194624007 0.682861984
vt 0.201535001 0.682861984
vt 0.208847001 0.682861984
vt 0.216721997 0.682861984
vt 0.225403994 0.682861984
vt 0.232344002 0.682861984
vt 0.240620002 0.682861984
vt 0.246884003 0.682861984
vt 0.0159559995 0.682861984
vt 0.00999899954 0.682861984
vt 0.0216140002 0.682861984
vt 0.0269399993 0.682861984
vt 0.0347199999 0.682861984
vt 0.0417300016 0.682861984
vt 0.0488450006 0.682861984
vt 0.0561680011 0.682861984
vt 0.0620750003 0.682861984
vt 0.0675709993 0.682861984
vt 0.0745930001 0.682861984
vt 0.0826710016 0.682861984
vt 0.0904389992 0.682861984
vt 0.097240001 0.682861984
vt 0.103463002 0.682861984
vt 0.110659003 0.682861984
vt 0.116438001 0.682861984
vt 0.122629002 0.682861984
vt 0.128544003 0.682861984
vt 0.135369003 0.682861984
vt 0.267643005 0.885912001
vt 0.271223009 0.880164027
vt 0.260780007 0.882084012
vt 0.263476014 0.875822008
vt 0.252119005 0.87342
vt 0.257955998 0.869930983
vt 0.243575007 0.875778019
vt 0.229256004 0.875190973
vt 0.276926011 0.88934499
vt 0.278726995 0.881861985
vt 0.286651999 0.891885996
vt 0.286695987 0.883590996
vt 0.295255005 0.883871973
vt 0.297872007 0.895299971
vt 0.281260014 0.898308992
vt 0.275180995 0.895337999
vt 0.312204987 0.889380991
vt 0.310169995 0.882623971
vt 0.305528998 0.890092015
vt 0.303204 0.883404016
vt 0.317104995 0.881707013
vt 0.319471002 0.893158019
vt 0.32506901 0.880379021
vt 0.328260005 0.891327977
vt 0.333638996 0.878135026
vt 0.339605004 0.889285028
vt 0.342002988 0.872780025
vt 0.348535001 0.882161975
vt 0.356175989 0.874234974
vt 0.348271996 0.864610016
vt 0.351146996 0.857429981
vt 0.365388006 0.860239029
vt 0.381998003 0.86836201
vt 0.368577003 0.887754023
vt 0.361180007 0.905596018
vt 0.306091994 0.90803498
vt 0.317925006 0.921847999
vt 0.331115991 0.932106972
vt 0.339533001 0.944930017
vt 0.345288992 0.954089999
vt 0.356741011 0.954891026
vt 0.357560009 0.934373975
vt 0.323936999 0.901548982
vt 0.329443008 0.913053989
vt 0.332022995 0.897696972
vt 0.343308985 0.902206004
vt 0.399028003 0.852011025
vt 0.386927009 0.840619981
vt 0.0149529995 0.907503009
vt 0.0410550013 0.911303997
vt 0.0648149997 0.914296985
vt 0.0950630009 0.919717014
vt 0.0853710026 0.941114008
vt 0.132146001 0.91011399
vt 0.131340995 0.92731899
vt 0.153167993 0.895218015
vt 0.171350002 0.882305026
vt 0.190611005 0.87419498
vt 0.213909999 0.86846
vt 0.254188001 0.863048017
vt 0.248327002 0.863152981
vt 0.240613997 0.863942027
vt 0.228018001 0.865050018
vt 0.361084998 0.846300006
vt 0.351476997 0.848546982
vt 0.349034011 0.841558993
vt 0.357989013 0.837264001
vt 0.345867008 0.83543098
vt 0.354445994 0.829795003
vt 0.342112988 0.830205023
vt 0.351621985 0.822535992
vt 0.338117003 0.825241029
vt 0.348129004 0.814894974
vt 0.331497014 0.819774985
vt 0.342464 0.799354017
vt 0.380831003 0.831623018
vt 0.038798999 0.895429015
vt 0.0156159997 0.896377027
vt 0.0613709986 0.894629002
vt 0.0869259983 0.894545019
vt 0.119744003 0.890942991
vt 0.142006993 0.881214976
vt 0.158371001 0.863979995
vt 0.184212998 0.858030021
vt 0.211605996 0.852513015
vt 0.227035999 0.852486014
vt 0.239189997 0.853025973
vt 0.246085003 0.853263974
vt 0.252900988 0.85491401
vt 0.325668991 0.806681991
vt 0.325152993 0.816141009
vt 0.241105005 0.835335016
vt 0.246037006 0.846496999
vt 0.253849 0.840970993
vt 0.252599001 0.848246992
vt 0.256457001 0.834397972
vt 0.261696994 0.828070998
vt 0.252047986 0.830780983
vt 0.257445008 0.823853016
vt 0.255528003 0.813212991
vt 0.26672101 0.823512018
vt 0.271079004 0.814411998
vt 0.273698986 0.819990993
vt 0.280405998 0.811589003
vt 0.282081991 0.817883015
vt 0.284884006 0.802775979
vt 0.290273011 0.816604018
vt 0.296573997 0.808866024
vt 0.297446012 0.816284001
vt 0.302500993 0.809005976
vt 0.303288996 0.81565702
vt 0.309013009 0.815024972
vt 0.306208998 0.796486974
vt 0.316325009 0.807099998
vt 0.317274988 0.814884007
vt 0.320630997 0.785871983
vt 0.335438997 0.776750028
vt 0.376367986 0.824009001
vt 0.356532007 0.821838021
vt 0.35827899 0.82614702
vt 0.367098004 0.803264022
vt 0.361972004 0.787487984
vt 0.355017006 0.766947985
vt 0.0363110006 0.881353974
vt 0.0145469997 0.886269987
vt 0.0335280001 0.859329998
vt 0.0127870003 0.862124026
vt 0.031355001 0.840104997
vt 0.0112920003 0.844232976
vt 0.0291080009 0.818708003
vt 0.00999899954 0.821129978
vt 0.0590369999 0.878395021
vt 0.0553350002 0.857097983
vt 0.0524079986 0.837957025
vt 0.0511040017 0.817466974
vt 0.08354 0.876585007
vt 0.0808970034 0.857371986
vt 0.0790809989 0.838522017
vt 0.0774509981 0.818488002
vt 0.109022997 0.874356985
vt 0.105949 0.858079016
vt 0.104525998 0.839721024
vt 0.103161 0.81962198
vt 0.130233005 0.872768998
vt 0.131384 0.860026002
vt 0.130475998 0.841305017
vt 0.129058003 0.820774019
vt 0.156250998 0.842390001
vt 0.154312 0.821081996
vt 0.180592999 0.839066029
vt 0.178504005 0.819356024
vt 0.209193006 0.834860981
vt 0.206722006 0.816006005
vt 0.225560993 0.83496201
vt 0.223517001 0.816681027
vt 0.248170003 0.787306011
vt 0.275126994 0.777997017
vt 0.220521003 0.792411983
vt 0.203573003 0.794574022
vt 0.296009988 0.770255983
vt 0.312498003 0.762627006
vt 0.327347994 0.754786015
vt 0.346980006 0.744386971
vt 0.0285030007 0.795849979
vt 0.0104050003 0.795605004
vt 0.0511539988 0.795571029
vt 0.0759809986 0.796827972
vt 0.101504996 0.797951996
vt 0.127251998 0.798830986
vt 0.152591005 0.799084008
vt 0.176256999 0.798035026
vt 0.029476 0.772391021
vt 0.0317940004 0.748911023
vt 0.0123450002 0.770434022
vt 0.0152470004 0.746483982
vt 0.306432009 0.711275995
vt 0.317806989 0.732303977
vt 0.325664014 0.701443017
vt 0.337199003 0.722118974
vt 0.035259001 0.72280401
vt 0.0195310004 0.721072018
vt 0.293015987 0.688292027
vt 0.310575008 0.680370986
vt 0.053842999 0.74929899
vt 0.0519890003 0.772769988
vt 0.0763840005 0.750136971
vt 0.0753730014 0.773671985
vt 0.100041002 0.774474978
vt 0.0995860025 0.75059998
vt 0.125968993 0.775352001
vt 0.124574997 0.750293016
vt 0.150941998 0.775861025
vt 0.149284005 0.749638975
vt 0.196869001 0.743548989
vt 0.172832996 0.746192992
vt 0.200417995 0.770994008
vt 0.174412996 0.774425983
vt 0.211484998 0.740474999
vt 0.216269001 0.767700016
vt 0.241734996 0.760448992
vt 0.235705003 0.733952999
vt 0.266633004 0.752224982
vt 0.259207994 0.726727009
vt 0.286731988 0.744892001
vt 0.277747989 0.721059978
vt 0.302060992 0.739135981
vt 0.291851014 0.716787994
vt 0.0568160005 0.725560009
vt 0.0774459988 0.726310015
vt 0.0996410027 0.727038026
vt 0.124714002 0.724807024
vt 0.147120997 0.722064018
vt 0.194105998 0.714030027
vt 0.170295 0.717414021
vt 0.207038999 0.711574018
vt 0.230464995 0.706085026
vt 0.251652986 0.700460017
vt 0.268774986 0.695913017
vt 0.280716002 0.692206979
vt 0.338999987 0.689558983
vt 0.33989501 0.691213012
vt 0.340407014 0.690034986
vt 0.339199007 0.685082018
vt 0.340517014 0.685316026
vt 0.340086013 0.683955014
vt 0.334012002 0.685002029
vt 0.333496004 0.683703005
vt 0.332850009 0.684871972
vt 0.332874 0.69084698
vt 0.333595008 0.689565003
vt 0.33206901 0.689557016
vt 0.339531004 0.683803022
vt 0.33375001 0.683668017
vt 0.33338201 0.690997005
vt 0.339154005 0.691313028
vt 0.330653012 0.68413502
vt 0.331063986 0.682874978
vt 0.342581004 0.684786975
vt 0.342680007 0.683103025
vt 0.341441005 0.690603971
vt 0.340721011 0.691770017
vt 0.331472009 0.691518009
vt 0.330749005 0.690144002
vt 0.495577008 0.597648025
vt 0.497103006 0.596674979
vt 0.495673001 0.594878018
vt 0.497346014 0.595179021
vt 0.504778981 0.599933028
vt 0.503525972 0.600444973
vt 0.505635023 0.601440012
vt 0.502632022 0.60234803
vt 0.508103013 0.595107019
vt 0.509477019 0.595175028
vt 0.507884026 0.593611002
vt 0.508966029 0.592589021
vt 0.501721025 0.590345025
vt 0.501922011 0.588989973
vt 0.500406027 0.590506017
vt 0.499395013 0.58941102
vt 0.332511008 0.681427002
vt 0.33989501 0.68125701
vt 0.339457005 0.692215979
vt 0.332502007 0.692251027
vt 0.485505015 0.599357009
vt 0.497393012 0.614377022
vt 0.503291011 0.58653301
vt 0.509324014 0.590233982
vt 0.501653016 0.585165024
vt 0.503022015 0.584873974
vt 0.511762977 0.591198027
vt 0.510528982 0.58950001
vt 0.515160024 0.584330022
vt 0.514256001 0.581704974
vt 0.512682974 0.584101021
vt 0.51256597 0.582511008
vt 0.507036984 0.577672005
vt 0.504499018 0.579186022
vt 0.507341027 0.579611003
vt 0.505361021 0.580128014
vt 0.258406013 0.989723027
vt 0.259532005 0.987833977
vt 0.257726014 0.988554001
vt 0.258287013 0.987410009
vt 0.250755012 0.987266004
vt 0.249510005 0.987793982
vt 0.251549006 0.988323987
vt 0.250081986 0.989296019
vt 0.250277013 0.983213007
vt 0.251017004 0.98241502
vt 0.248199001 0.982137024
vt 0.248445004 0.980768979
vt 0.258552015 0.980479002
vt 0.256713003 0.982294023
vt 0.259532005 0.98202002
vt 0.257389009 0.983084977
vt 0.251643002 0.983506978
vt 0.256383985 0.983482003
vt 0.25711301 0.987469018
vt 0.251958013 0.987200022
vt 0.251125008 0.982380986
vt 0.256529003 0.982334971
vt 0.251724005 0.988358021
vt 0.257398009 0.988573015
vt 0.249934003 0.979560018
vt 0.257034004 0.979883015
vt 0.257263005 0.98991698
vt 0.251154006 0.99000001
vt 0.492615014 0.591866016
vt 0.507600009 0.602639019
vt 0.512642026 0.594443023
vt 0.517939985 0.583588004
vt 0.519631982 0.577920973
vt 0.505203009 0.569621027
vt 0.502223015 0.576843023
vt 0.497456014 0.585358977
vt 0.157793999 0.122413993
vt 0.145971 0.12866497
vt 0.165634006 0.13558197
vt 0.151456997 0.142558992
vt 0.174162 0.112281024
vt 0.184338003 0.123860002
vt 0.197679996 0.107666969
vt 0.185416996 0.0997279882
vt 0.207449004 0.0866900086
vt 0.194343001 0.0831090212
vt 0.207337007 0.0604299903
vt 0.192809001 0.062852025
vt 0.198473006 0.0387179852
vt 0.186085999 0.047285974
vt 0.171287 0.0349789858
vt 0.180739999 0.0219990015
vt 0.151456997 0.0250170231
vt 0.160657004 0.00999897718
vt 0.491019011 0.519325018
vt 0.497393012 0.509136021
vt 0.478632987 0.510874987
vt 0.483215004 0.498663008
vt 0.488119006 0.536068022
vt 0.474947006 0.534904003
vt 0.474952012 0.55736202
vt 0.489266008 0.55637902
vt 0.491086006 0.572238028
vt 0.477153003 0.575227976
vt 0.480473012 0.587391019
vt 0.493499011 0.579918027
vt 0.490217 0.589550018
vt 0.495050013 0.583032012
vt 0.504342973 0.555980027
vt 0.504230022 0.537774026
vt 0.504786015 0.529214025
vt 0.510397017 0.523271024
vt 0.142993003 0.0433290005
vt 0.159851 0.051214993
vt 0.172280997 0.0570909977
vt 0.175762996 0.065994978
vt 0.176285997 0.0791450143
vt 0.169897005 0.0888000131
vt 0.162789002 0.0952990055
vt 0.150094002 0.100534022
vt 0.147734001 0.117380023
vt 0.142627001 0.119768977
vt 0.144984007 0.109373987
vt 0.139375001 0.108262002
vt 0.138104007 0.102495015
vt 0.515356004 0.563979983
vt 0.521453977 0.566650987
vt 0.513804972 0.556800008
vt 0.512090027 0.538904011
vt 0.511977017 0.532172978
vt 0.514464021 0.529940009
vt 0.517829001 0.53727001
vt 0.521691024 0.556593001
vt 0.136222005 0.0911170244
vt 0.147572994 0.0909720063
vt 0.158326 0.0872399807
vt 0.162374005 0.0829979777
vt 0.165518001 0.0761920214
vt 0.167804003 0.0677750111
vt 0.164745003 0.0614179969
vt 0.155843005 0.0577409863
vt 0.140091002 0.0513110161
vt 0.150886998 0.0734490156
vt 0.153060004 0.0647860169
vt 0.148783997 0.0822319984
vt 0.0187500007 0.971414983
vt 0.0189360008 0.973967016
vt 0.0197330005 0.971261024
vt 0.0203569997 0.973739982
vt 0.0217250008 0.973295987
vt 0.0206790008 0.970960021
vt 0.0229969993 0.972625971
vt 0.0215600003 0.970502019
vt 0.0241369996 0.971749008
vt 0.0223500002 0.969901025
vt 0.0230080001 0.969163001
vt 0.0250879992 0.970668972
vt 0.0235159993 0.968316972
vt 0.0258259997 0.969434023
vt 0.0238739997 0.967401028
vt 0.0263429992 0.968087971
vt 0.0266200006 0.96667397
vt 0.0240659993 0.966440976
vt 0.0266590007 0.965228021
vt 0.0241010003 0.965462029
vt 0.0264379997 0.96379298
vt 0.0239579994 0.964492023
vt 0.0259789992 0.96241498
vt 0.0236549992 0.963562012
vt 0.025262 0.961152017
vt 0.0231740009 0.962706983
vt 0.765277028 0.948192
vt 0.764431 0.989102006
vt 0.748136997 0.99209702
vt 0.765217006 0.992048025
vt 0.748171985 0.995001972
vt 0.780131996 0.983404994
vt 0.756901026 0.956148028
vt 0.747757971 0.962228
vt 0.781372011 0.986141026
vt 0.738363981 0.966436028
vt 0.728623986 0.970108986
vt 0.730377018 0.992558002
vt 0.730477989 0.995450974
vt 0.714963019 0.991587996
vt 0.717890024 0.972392976
vt 0.714486003 0.994123995
vt 0.653828979 0.887953401
vt 0.65803349 0.903124452
vt 0.656696022 0.918839991
vt 0.688251972 0.967508018
vt 0.678780973 0.963402987
vt 0.679605007 0.983162999
vt 0.66633302 0.976589978
vt 0.702202022 0.989292026
vt 0.706938028 0.972362995
vt 0.678529024 0.985378981
vt 0.664674997 0.978641987
vt 0.701532006 0.991952002
vt 0.690328002 0.989166021
vt 0.691173971 0.986720979
vt 0.724119008 0.37917304
vt 0.739169002 0.384518027
vt 0.746371984 0.37192297
vt 0.73428899 0.394412994
vt 0.719264984 0.389276028
vt 0.699653983 0.369111001
vt 0.696662009 0.380002975
vt 0.707405984 0.384824038
vt 0.711654007 0.374229014
vt 0.701075017 0.351469994
vt 0.715807021 0.34978801
vt 0.708505988 0.351128995
vt 0.714285016 0.341951013
vt 0.701399982 0.343968987
vt 0.707022011 0.343777001
vt 0.369444996 0.722814023
vt 0.37637499 0.724618018
vt 0.370157003 0.720712006
vt 0.377065003 0.722128987
vt 0.357740998 0.721633971
vt 0.357859999 0.719680011
vt 0.351659 0.721400976
vt 0.351500005 0.719498992
vt 0.364416987 0.722195983
vt 0.364903986 0.719968975
vt 0.368611008 0.727069974
vt 0.375129014 0.729306996
vt 0.226134002 0.913010001
vt 0.227275997 0.914645016
vt 0.356885999 0.726104021
vt 0.351213992 0.726395011
vt 0.217040002 0.908990979
vt 0.225143 0.911864996
vt 0.223605007 0.910745978
vt 0.363420993 0.726476014
vt 0.697385013 0.970507026
vt 0.655385017 0.968742013
vt 0.670749009 0.957920015
vt 0.65346998 0.969953001
vt 0.752022028 0.388282001
vt 0.748503029 0.398101985
vt 0.761702001 0.390393019
vt 0.758863986 0.400045991
vt 0.648535013 0.961045027
vt 0.665023029 0.950917006
vt 0.646655977 0.962334991
vt 0.66188997 0.942597985
vt 0.643760979 0.954042971
vt 0.637687981 0.938506007
vt 0.657600999 0.926896989
vt 0.642054975 0.955190003
vt 0.635442019 0.939360976
vt 0.63795203 0.946371019
vt 0.640026987 0.945363998
vt 0.753928006 0.361729026
vt 0.763758004 0.350620031
vt 0.757955015 0.376307964
vt 0.764146984 0.366582036
vt 0.769886017 0.391775012
vt 0.767425001 0.401645005
vt 0.778935015 0.392874002
vt 0.777287006 0.403100014
vt 0.786175013 0.393777013
vt 0.784788013 0.403882027
vt 0.788420975 0.378841043
vt 0.780816019 0.37906003
vt 0.126367003 0.966700971
vt 0.134367004 0.972149014
vt 0.116617002 0.980982006
vt 0.124398999 0.986763
vt 0.102691002 0.950397015
vt 0.0939880013 0.964222014
vt 0.112924002 0.957947016
vt 0.105613001 0.972334981
vt 0.118456997 0.940514028
vt 0.766771972 0.377965987
vt 0.772598028 0.378695011
vt 0.772445977 0.370994985
vt 0.0772309974 0.954191029
vt 0.789727986 0.341309011
vt 0.781684995 0.361415029
vt 0.789716005 0.363148987
vt 0.769635975 0.333512008
vt 0.771622002 0.354743004
vt 0.659328997 0.93482703
vt 0.679347396 0.887103558
vt 0.678519368 0.889940798
vt 0.680970728 0.885192454
vt 0.684293866 0.884037495
vt 0.675097167 0.889936566
vt 0.674710453 0.895691395
vt 0.672897637 0.890648007
vt 0.69062376 0.879903436
vt 0.683171153 0.880693018
vt 0.683603168 0.878318369
vt 0.659788728 0.886814177
vt 0.661621749 0.888557076
vt 0.657487571 0.882656097
vt 0.656817496 0.880412221
vt 0.656487346 0.878120601
vt 0.6566872 0.875728428
vt 0.657087207 0.873396456
vt 0.657947063 0.871213377
vt 0.659088314 0.868994355
vt 0.660787165 0.866879284
vt 0.662833571 0.865335107
vt 0.66481787 0.864084125
vt 0.667068779 0.863337755
vt 0.669474244 0.86284709
vt 0.671916842 0.862766385
vt 0.663785696 0.889956355
vt 0.658527136 0.884922266
vt 0.680562019 0.879898012
vt 0.679974973 0.881779015
vt 0.682569027 0.880544007
vt 0.681737006 0.882888019
vt 0.682288647 0.883160472
vt 0.682977974 0.87827301
vt 0.680957973 0.87786299
vt 0.68370223 0.875889599
vt 0.683067024 0.875908971
vt 0.681044996 0.875813007
vt 0.683530331 0.873333991
vt 0.682927012 0.873484015
vt 0.680817008 0.873821974
vt 0.682644963 0.870981216
vt 0.682089984 0.871254981
vt 0.680271983 0.871936977
vt 0.681421757 0.86877656
vt 0.680903971 0.869129002
vt 0.679399014 0.870208025
vt 0.680139422 0.867136598
vt 0.679678023 0.867546022
vt 0.67829901 0.868628979
vt 0.678464592 0.865439832
vt 0.678076982 0.865907013
vt 0.676901996 0.867331028
vt 0.676318526 0.864108443
vt 0.67602998 0.864633024
vt 0.675296009 0.866322994
vt 0.674151003 0.863911986
vt 0.673515022 0.865643024
vt 0.671845019 0.863381028
vt 0.671616971 0.865292013
vt 0.665068984 0.864645004
vt 0.665812016 0.86630398
vt 0.667213976 0.86393398
vt 0.667707026 0.865629017
vt 0.669660985 0.865284026
vt 0.669533014 0.863458991
vt 0.663172007 0.865842998
vt 0.664048016 0.867331028
vt 0.658501029 0.871465027
vt 0.660027981 0.872002006
vt 0.659601986 0.869333982
vt 0.661110997 0.870221972
vt 0.661211014 0.867323995
vt 0.662459016 0.868642986
vt 0.657678008 0.873556972
vt 0.659256995 0.873938024
vt 0.657292008 0.875801027
vt 0.658810973 0.875967026
vt 0.657097995 0.878095984
vt 0.658719003 0.878030002
vt 0.657410026 0.880271018
vt 0.658976018 0.880065978
vt 0.658052981 0.882432997
vt 0.659555018 0.882013977
vt 0.659051001 0.884616971
vt 0.660461009 0.883807003
vt 0.660247028 0.886415005
vt 0.661647022 0.885401011
vt 0.66198802 0.888076007
vt 0.663079977 0.886736989
vt 0.664047003 0.889403999
vt 0.664713025 0.887768984
vt 0.665960193 0.890642524
vt 0.666100025 0.890048981
vt 0.666510999 0.888453007
vt 0.668257058 0.890918076
vt 0.668321013 0.890304029
vt 0.668428004 0.888768971
vt 0.670671642 0.891055167
vt 0.670643985 0.89042902
vt 0.670404017 0.888737023
vt 0.67276001 0.890051007
vt 0.672370017 0.88836199
vt 0.674879014 0.889364004
vt 0.674269974 0.887696981
vt 0.677391589 0.888807952
vt 0.677058995 0.888288975
vt 0.675987005 0.886587977
vt 0.678911984 0.886668026
vt 0.67751497 0.885232985
vt 0.678825974 0.883647978
vt 0.680482984 0.884813011
vt 0.6913082 0.881140471
vt 0.697933257 0.877874017
vt 0.697479308 0.876549721
vt 0.711538196 0.874607027
vt 0.717922449 0.874989808
vt 0.704339147 0.875704587
vt 0.68521446 0.885110617
vt 0.679677486 0.890769958
vt 0.675961733 0.896350741
vt 0.673305094 0.902131557
vt 0.671145201 0.909554243
vt 0.670061052 0.916224778
vt 0.670762002 0.923915386
vt 0.672501266 0.930063009
vt 0.675120652 0.936395347
vt 0.679080546 0.942713201
vt 0.683985293 0.947344482
vt 0.68915236 0.951588511
vt 0.695451736 0.955219626
vt 0.702144206 0.957510054
vt 0.709404349 0.958515525
vt 0.717417419 0.958004892
vt 0.724625945 0.955881894
vt 0.731898785 0.952573776
vt 0.738815904 0.948184609
vt 0.744546235 0.942686856
vt 0.748128891 0.937242329
vt 0.750935256 0.9306283
vt 0.753177464 0.92277956
vt 0.753605127 0.914557993
vt 0.75269407 0.907731593
vt 0.750358462 0.901041269
vt 0.747068226 0.894298851
vt 0.742812872 0.888751447
vt 0.738048315 0.883719683
vt 0.732225597 0.879475713
vt 0.72514081 0.87661171
vt 0.704022348 0.874327183
vt 0.698745549 0.868499279
vt 0.696114063 0.868015885
vt 0.703431368 0.868277133
vt 0.70582819 0.867492795
vt 0.711502492 0.873192549
vt 0.709846973 0.864565015
vt 0.711620152 0.86291939
vt 0.718086243 0.873586595
vt 0.730310321 0.871056557
vt 0.725586832 0.87527734
vt 0.732659876 0.8733325
vt 0.732950807 0.878266335
vt 0.738960862 0.88264662
vt 0.738231659 0.876280904
vt 0.741433144 0.877162099
vt 0.751652062 0.900476217
vt 0.75406009 0.907381773
vt 0.759572268 0.900215626
vt 0.761038423 0.903162181
vt 0.718720019 0.861250997
vt 0.748260736 0.893541873
vt 0.751743019 0.888033986
vt 0.743858695 0.887815416
vt 0.752268374 0.93107754
vt 0.754564166 0.923023224
vt 0.749369979 0.937908232
vt 0.73971349 0.949275255
vt 0.732562363 0.953814983
vt 0.745655358 0.943565786
vt 0.725065351 0.957216501
vt 0.717620432 0.959400833
vt 0.709266126 0.959914029
vt 0.688340962 0.952739418
vt 0.694831908 0.956486106
vt 0.669374466 0.924170554
vt 0.668643713 0.916193783
vt 0.669754922 0.909303367
vt 0.701746404 0.95886308
vt 0.683038116 0.948385358
vt 0.677984476 0.943609834
vt 0.673863947 0.937033951
vt 0.671152413 0.930462539
vt 0.671963573 0.901701093
vt 0.755004704 0.914469182
vt 0.6889112 0.862447977
vt 0.687866509 0.860353887
vt 0.690241873 0.864180982
vt 0.691921949 0.865825951
vt 0.687069356 0.857954979
vt 0.719987988 0.850917995
vt 0.71410948 0.851077259
vt 0.713244796 0.848761559
vt 0.693763375 0.867128074
vt 0.713032722 0.86044997
vt 0.719673991 0.85333699
vt 0.714447081 0.853381515
vt 0.686865449 0.855672419
vt 0.686958075 0.853384912
vt 0.687397242 0.850882113
vt 0.688345194 0.848565042
vt 0.689696431 0.846465051
vt 0.691289783 0.844682872
vt 0.693216145 0.843288243
vt 0.682674766 0.846544087
vt 0.688345194 0.848565042
vt 0.689696431 0.846465051
vt 0.695345104 0.842038035
vt 0.697645843 0.841336727
vt 0.699954629 0.841146767
vt 0.70226872 0.841049671
vt 0.704623759 0.841615081
vt 0.706816792 0.84236598
vt 0.708858907 0.843404651
vt 0.71068728 0.844918132
vt 0.711957693 0.846845329
vt 0.719226003 0.856055975
vt 0.714245319 0.855762601
vt 0.718892992 0.858690023
vt 0.713769138 0.858269215
vt 0.701256931 0.868661225
vt 0.708287597 0.866063356
vt 0.711291015 0.85741502
vt 0.71044898 0.859194994
vt 0.713158011 0.858116984
vt 0.712450981 0.860198021
vt 0.70934701 0.860823989
vt 0.711107016 0.862523019
vt 0.70796299 0.862272024
vt 0.709553003 0.863986015
vt 0.706359982 0.863479972
vt 0.707898021 0.865556002
vt 0.705569029 0.866907001
vt 0.704424977 0.864602983
vt 0.702780008 0.865307987
vt 0.703287005 0.867667019
vt 0.70123899 0.868026018
vt 0.700814009 0.865736008
vt 0.71362102 0.855682015
vt 0.711766005 0.855503976
vt 0.713818014 0.853402019
vt 0.71191901 0.853550017
vt 0.71350801 0.851230025
vt 0.711727023 0.851607978
vt 0.712692022 0.849043012
vt 0.711157024 0.849736989
vt 0.711484015 0.847243011
vt 0.710269988 0.847986996
vt 0.710224986 0.845328987
vt 0.709102988 0.84641403
vt 0.708521008 0.843912005
vt 0.707652986 0.845091999
vt 0.706574023 0.842925012
vt 0.705964983 0.844066024
vt 0.704446971 0.842197001
vt 0.704105973 0.843364
vt 0.702201009 0.84166199
vt 0.702143013 0.842994988
vt 0.699985027 0.841751993
vt 0.700128973 0.842985988
vt 0.697755992 0.841935992
vt 0.698131979 0.843331993
vt 0.695587993 0.842598021
vt 0.696210027 0.844011009
vt 0.69354701 0.843796015
vt 0.694428027 0.845021009
vt 0.691699028 0.84513402
vt 0.692831993 0.846310973
vt 0.690182984 0.84683001
vt 0.691483974 0.847859979
vt 0.688887 0.848841012
vt 0.690414011 0.849609017
vt 0.68798703 0.851042986
vt 0.689664006 0.851512015
vt 0.687563002 0.85343802
vt 0.689238012 0.853501976
vt 0.687466025 0.855639994
vt 0.689146996 0.855517983
vt 0.687651992 0.857807994
vt 0.689399004 0.857502997
vt 0.688413024 0.860099971
vt 0.689942002 0.859408021
vt 0.689413011 0.862106025
vt 0.690811992 0.861160994
vt 0.690687001 0.863765001
vt 0.691959977 0.862708986
vt 0.692314029 0.865355015
vt 0.693379998 0.863973975
vt 0.694060028 0.86658901
vt 0.695019007 0.864943027
vt 0.696286023 0.867424011
vt 0.696857989 0.865539014
vt 0.698836029 0.867877007
vt 0.698814988 0.865818977
vt 0.725263238 0.856396854
vt 0.726047039 0.853027165
vt 0.725084603 0.859421432
vt 0.725580096 0.862724483
vt 0.727163076 0.850171328
vt 0.762310982 0.873802006
vt 0.758148134 0.870065749
vt 0.760205984 0.875940979
vt 0.756207645 0.872349083
vt 0.757981002 0.878261983
vt 0.753788292 0.874720454
vt 0.755847991 0.880437016
vt 0.750762343 0.876324117
vt 0.764512002 0.871706009
vt 0.759857357 0.867286384
vt 0.766543984 0.869771004
vt 0.761171579 0.86420238
vt 0.75404799 0.882314026
vt 0.747961223 0.877281666
vt 0.729075193 0.847243786
vt 0.731345534 0.844789326
vt 0.733790159 0.843069136
vt 0.736288905 0.841501474
vt 0.739412665 0.840399921
vt 0.742636323 0.840043247
vt 0.745887935 0.840244532
vt 0.748908699 0.840653539
vt 0.751720905 0.841958463
vt 0.755034328 0.843872607
vt 0.757345617 0.846221805
vt 0.759145737 0.848836899
vt 0.760483384 0.851558268
vt 0.761847377 0.858063221
vt 0.761317253 0.854648948
vt 0.761650443 0.861090779
vt 0.728140295 0.868419528
vt 0.726634204 0.865775704
vt 0.735464513 0.875011384
vt 0.744627535 0.877546966
vt 0.741903007 0.874615014
vt 0.739166975 0.873982012
vt 0.741568983 0.876396
vt 0.738484979 0.875545025
vt 0.73654598 0.872910023
vt 0.735813975 0.874329984
vt 0.734142005 0.871390998
vt 0.733133018 0.872717023
vt 0.730880022 0.870536029
vt 0.732006013 0.869509995
vt 0.730220973 0.867300987
vt 0.728779018 0.867995977
vt 0.744629979 0.876761019
vt 0.744675994 0.874758005
vt 0.747790992 0.876519024
vt 0.747384012 0.87440002
vt 0.750447989 0.875608027
vt 0.749679983 0.873674989
vt 0.753332019 0.874082029
vt 0.752305984 0.872294009
vt 0.755644023 0.871802986
vt 0.754405022 0.870577991
vt 0.757525027 0.869589984
vt 0.756197989 0.868498981
vt 0.759176016 0.866916001
vt 0.757673979 0.866158009
vt 0.760424018 0.863978982
vt 0.758701026 0.863569975
vt 0.760882974 0.861000001
vt 0.759284973 0.860831022
vt 0.761076987 0.858093977
vt 0.759416997 0.858030975
vt 0.760560989 0.854807019
vt 0.759041011 0.855250001
vt 0.759759009 0.851827979
vt 0.75822401 0.852563024
vt 0.758485019 0.849222004
vt 0.756924987 0.850071013
vt 0.756754994 0.846706986
vt 0.75523001 0.847828984
vt 0.754568994 0.844476998
vt 0.75317502 0.84591198
vt 0.751370013 0.842640996
vt 0.750810981 0.844394028
vt 0.748695016 0.841391981
vt 0.748232007 0.843300998
vt 0.745817006 0.840996981
vt 0.745500028 0.842692018
vt 0.742658019 0.84079802
vt 0.742708981 0.842562973
vt 0.739584029 0.841135979
vt 0.739947021 0.842939019
vt 0.736618996 0.842182994
vt 0.737298012 0.843796015
vt 0.734206021 0.843695998
vt 0.734844983 0.845120013
vt 0.731845021 0.845355988
vt 0.732648015 0.846841991
vt 0.729672015 0.847703993
vt 0.730786026 0.848928988
vt 0.727836013 0.850511014
vt 0.729291975 0.851298988
vt 0.726768017 0.853244007
vt 0.728233993 0.853893995
vt 0.726011992 0.85650003
vt 0.727636993 0.856630981
vt 0.725843012 0.859386027
vt 0.727532983 0.859423995
vt 0.726315975 0.862549007
vt 0.727937996 0.862183988
vt 0.727333009 0.865471005
vt 0.728845 0.864834011
vt 0.75996387 0.884434581
vt 0.758878171 0.887301028
vt 0.76148963 0.881519496
vt 0.763746321 0.879049599
vt 0.766141832 0.876884639
vt 0.768974781 0.875221133
vt 0.771867275 0.874134481
vt 0.758337319 0.890513778
vt 0.774965167 0.873454571
vt 0.778084099 0.873620629
vt 0.781210303 0.874231577
vt 0.784289896 0.875314295
vt 0.789395392 0.879238725
vt 0.78696686 0.877033412
vt 0.791430116 0.881730974
vt 0.793015599 0.884771168
vt 0.793964565 0.887750387
vt 0.794445455 0.891111016
vt 0.79388845 0.897551894
vt 0.79441154 0.894320369
vt 0.792976618 0.90056777
vt 0.791226566 0.903529882
vt 0.7894063 0.905687988
vt 0.786461771 0.90802151
vt 0.780219197 0.910728872
vt 0.783488572 0.909725785
vt 0.777376056 0.911055624
vt 0.774289548 0.911221147
vt 0.771121919 0.910675347
vt 0.758740544 0.897005379
vt 0.75814867 0.893666387
vt 0.762930095 0.905778527
vt 0.765152276 0.907888889
vt 0.768034935 0.909478962
vt 0.772547007 0.876833975
vt 0.775182009 0.876416981
vt 0.772117019 0.874965012
vt 0.775039971 0.874327004
vt 0.769348979 0.876007974
vt 0.770027995 0.877732992
vt 0.766647995 0.877593994
vt 0.76769799 0.879083991
vt 0.764346004 0.879674017
vt 0.765617013 0.880834997
vt 0.777984023 0.874484003
vt 0.777849019 0.876443982
vt 0.780988991 0.875075996
vt 0.780480981 0.876973987
vt 0.782985985 0.877978027
vt 0.783913016 0.876106024
vt 0.786439002 0.877735972
vt 0.785279989 0.879431009
vt 0.788762987 0.87984997
vt 0.787295997 0.881268024
vt 0.790691018 0.882224977
vt 0.788945973 0.883449972
vt 0.760742009 0.884801984
vt 0.762466013 0.885335982
vt 0.762198985 0.882036984
vt 0.763863027 0.882946014
vt 0.75996387 0.884434581
vt 0.762198985 0.882036984
vt 0.76148963 0.881519496
vt 0.759709001 0.887539029
vt 0.761492014 0.887947977
vt 0.759194016 0.890618026
vt 0.760972977 0.890706003
vt 0.759015024 0.893617988
vt 0.760892987 0.893530011
vt 0.759581983 0.896813989
vt 0.761295021 0.896329999
vt 0.760393023 0.899896979
vt 0.762179017 0.898998022
vt 0.761774004 0.90269798
vt 0.763469994 0.901466012
vt 0.763576984 0.905183017
vt 0.765154004 0.903653026
vt 0.765654027 0.907163024
vt 0.76718998 0.905463994
vt 0.768387973 0.908675015
vt 0.769469976 0.906877995
vt 0.771348 0.90982002
vt 0.771956027 0.907773972
vt 0.774336994 0.910329998
vt 0.774550021 0.908182979
vt 0.77730298 0.910152018
vt 0.777180016 0.908056021
vt 0.780043006 0.909842014
vt 0.77977401 0.90753597
vt 0.783133984 0.908895016
vt 0.782271028 0.906661987
vt 0.785951018 0.907257974
vt 0.784618974 0.905104995
vt 0.788775027 0.905023992
vt 0.786867976 0.903276026
vt 0.790494025 0.902997017
vt 0.788528025 0.90130198
vt 0.792155027 0.90020299
vt 0.789968014 0.899155974
vt 0.793009996 0.897347987
vt 0.790772021 0.896664977
vt 0.793513 0.894239008
vt 0.79132098 0.893975019
vt 0.793546975 0.891169012
vt 0.791408002 0.891225994
vt 0.793089986 0.887952983
vt 0.791034997 0.888499975
vt 0.792194009 0.885116994
vt 0.790205002 0.885883987
vt 0.270401001 0.130761981
vt 0.263058007 0.130761981
vt 0.270401001 0.142558992
vt 0.263058007 0.142558992
vt 0.255070984 0.142558992
vt 0.255070984 0.130761981
vt 0.475531995 0.142558992
vt 0.482264996 0.142558992
vt 0.475531995 0.125406981
vt 0.482264996 0.125406981
vt 0.466517001 0.125406981
vt 0.466517001 0.142558992
vt 0.278127998 0.130761981
vt 0.278127998 0.142558992
vt 0.282506019 0.142558992
vt 0.282506019 0.130761981
vt 0.286624998 0.142558992
vt 0.286624998 0.130761981
vt 0.290660024 0.130761981
vt 0.290660024 0.142558992
vt 0.294844985 0.142558992
vt 0.294844985 0.130761981
vt 0.299212992 0.130761981
vt 0.299212992 0.142558992
vt 0.303608 0.142558992
vt 0.303608 0.130761981
vt 0.308087021 0.142558992
vt 0.308087021 0.130761981
vt 0.311741978 0.142558992
vt 0.311741978 0.130761981
vt 0.315622985 0.130761981
vt 0.315622985 0.142558992
vt 0.319711 0.130761981
vt 0.319711 0.142558992
vt 0.326195985 0.142558992
vt 0.326195985 0.130761981
vt 0.331521988 0.130761981
vt 0.331521988 0.142558992
vt 0.33821398 0.142558992
vt 0.348242998 0.142558992
vt 0.33821398 0.130761981
vt 0.33821398 0.130761981
vt 0.348242998 0.142558992
vt 0.348242998 0.130761981
vt 0.354282022 0.142558992
vt 0.354282022 0.130761981
vt 0.365525991 0.130761981
vt 0.35898301 0.130761981
vt 0.365525991 0.142558992
vt 0.35898301 0.142558992
vt 0.371100992 0.142558992
vt 0.371100992 0.130761981
vt 0.376058012 0.142558992
vt 0.376058012 0.130761981
vt 0.385621995 0.142558992
vt 0.392362982 0.142558992
vt 0.385621995 0.125406981
vt 0.392362982 0.125406981
vt 0.40040502 0.142558992
vt 0.40040502 0.125406981
vt 0.409720033 0.142558992
vt 0.409720033 0.125406981
vt 0.419027984 0.142558992
vt 0.419027984 0.125406981
vt 0.426936001 0.142558992
vt 0.426936001 0.125406981
vt 0.434522986 0.142558992
vt 0.434522986 0.125406981
vt 0.441677988 0.142558992
vt 0.441677988 0.125406981
vt 0.450774997 0.142558992
vt 0.450774997 0.125406981
vt 0.458479971 0.142558992
vt 0.458479971 0.125406981
vt 0.33821398 0.142558992
vt 0.33821398 0.130761981
vt 0.236419991 0.954945028
vt 0.238474995 0.961187005
vt 0.239554003 0.95421505
vt 0.2412 0.961088955
vt 0.233188987 0.949500978
vt 0.235875994 0.947655976
vt 0.229806006 0.941851974
vt 0.227527007 0.944830954
vt 0.223514989 0.93900305
vt 0.221852005 0.94224298
vt 0.213744 0.938055933
vt 0.21340701 0.941412032
vt 0.206046 0.938162029
vt 0.206168994 0.941280007
vt 0.197889999 0.938308001
vt 0.197908998 0.941498995
vt 0.188044995 0.938424051
vt 0.188629001 0.941555977
vt 0.182241008 0.941816032
vt 0.180807993 0.938620985
vt 0.174099997 0.941511035
vt 0.176981002 0.944787979
vt 0.173273996 0.949640989
vt 0.168493003 0.946221948
vt 0.163727999 0.952813983
vt 0.170865998 0.955678046
vt 0.169978008 0.963353992
vt 0.161164999 0.961295009
vt 0.162024006 0.968716025
vt 0.170343012 0.969100952
vt 0.165197 0.97559005
vt 0.171379 0.974859953
vt 0.173420995 0.978712976
vt 0.168467999 0.979620993
vt 0.179095998 0.984142959
vt 0.175978005 0.981809974
vt 0.176641002 0.98656702
vt 0.172300994 0.983330965
vt 0.182436004 0.985553026
vt 0.180807993 0.988332987
vt 0.241036013 0.964696944
vt 0.238645002 0.964630008
vt 0.240146995 0.968608022
vt 0.238182008 0.967971981
vt 0.237097993 0.971553981
vt 0.238935009 0.972299039
vt 0.237039983 0.976116002
vt 0.235252008 0.974991977
vt 0.234517992 0.979520023
vt 0.232792988 0.977966011
vt 0.229660004 0.980701923
vt 0.231472 0.982695997
vt 0.227825001 0.985512018
vt 0.226309001 0.983420014
vt 0.224822 0.987223029
vt 0.223692998 0.984853983
vt 0.220717996 0.98863095
vt 0.219903007 0.986059964
vt 0.216526002 0.989576936
vt 0.216262981 0.986961007
vt 0.210097998 0.987267971
vt 0.209829003 0.989962041
vt 0.204628006 0.99000001
vt 0.204934016 0.987215996
vt 0.197914004 0.986800015
vt 0.187586993 0.986600995
vt 0.197497994 0.989759982
vt 0.187001005 0.98934406
vt 0.177756011 0.973057985
vt 0.178219989 0.97627002
vt 0.179468006 0.978425026
vt 0.180993989 0.980365992
vt 0.183541998 0.981795967
vt 0.187489003 0.98250705
vt 0.197159991 0.98230499
vt 0.204629004 0.982273996
vt 0.17746 0.968492985
vt 0.177398995 0.963430941
vt 0.177919999 0.958016038
vt 0.179156005 0.953487039
vt 0.181137994 0.950238943
vt 0.184068993 0.948126972
vt 0.190514997 0.948083997
vt 0.198286995 0.948013961
vt 0.206001997 0.947912991
vt 0.212985009 0.948125005
vt 0.22009699 0.948746979
vt 0.224753007 0.948728025
vt 0.225994989 0.952836037
vt 0.227334008 0.957201004
vt 0.228812993 0.961155951
vt 0.229508013 0.964442015
vt 0.229665995 0.967448056
vt 0.229302004 0.970409989
vt 0.22848101 0.973298073
vt 0.210171998 0.98217696
vt 0.215569988 0.982155979
vt 0.219230011 0.981911063
vt 0.221662015 0.981276929
vt 0.223199993 0.980041981
vt 0.225219995 0.978148997
vt 0.227232009 0.975870967
vt 0.184937 0.97654599
vt 0.195564002 0.97726202
vt 0.203531995 0.97714901
vt 0.210009009 0.977245033
vt 0.216587007 0.977775991
vt 0.220235005 0.979215026
vt 0.221536011 0.977382004
vt 0.222394988 0.975442946
vt 0.185064003 0.972411036
vt 0.185039997 0.968105972
vt 0.185128003 0.963137984
vt 0.185123995 0.958232045
vt 0.184922993 0.953467965
vt 0.191633999 0.953294992
vt 0.198963001 0.95321101
vt 0.206159011 0.953108013
vt 0.213149995 0.953045011
vt 0.220130011 0.953309
vt 0.22053501 0.95738399
vt 0.221496001 0.961359978
vt 0.222371995 0.964695036
vt 0.223005012 0.967578053
vt 0.222800002 0.973170996
vt 0.22315301 0.970378995
vt 0.192411005 0.958142996
vt 0.199797004 0.958009005
vt 0.206968993 0.957828045
vt 0.213854998 0.957540035
vt 0.209910005 0.967275023
vt 0.20806399 0.96243602
vt 0.201723993 0.967505932
vt 0.200688004 0.962724984
vt 0.216463983 0.970494032
vt 0.216084003 0.967879951
vt 0.217044994 0.973692
vt 0.219789997 0.975261033
vt 0.215414986 0.96547997
vt 0.214752004 0.961755931
vt 0.219460011 0.976765037
vt 0.210727006 0.972140014
vt 0.202495992 0.972346961
vt 0.194373995 0.972545981
vt 0.193627 0.96774298
vt 0.193043992 0.962957978
vt 0.213525996 0.970388949
vt 0.213286012 0.968502998
vt 0.0688820034 0.083024025
vt 0.120875999 0.0696539879
vt 0.122289002 0.079053998
vt 0.122379005 0.0885040164
vt 0.120724 0.0979719758
vt 0.117220998 0.106640995
vt 0.112790003 0.114593983
vt 0.106582999 0.122075021
vt 0.0997060016 0.127735972
vt 0.0915360004 0.132468998
vt 0.0826200023 0.135707021
vt 0.0735210031 0.137290001
vt 0.0638059974 0.13736999
vt 0.054361999 0.13587904
vt 0.0456480011 0.132506013
vt 0.0377420001 0.127772987
vt 0.0304179993 0.121903002
vt 0.0243059993 0.114982009
vt 0.019927999 0.106746018
vt 0.0166119989 0.097694993
vt 0.0152380001 0.088342011
vt 0.0149940001 0.0786449909
vt 0.0163630005 0.0693510175
vt 0.0192430001 0.0605580211
vt 0.0244159997 0.0521219969
vt 0.0305200014 0.0449299812
vt 0.0375030003 0.038910985
vt 0.045756001 0.0337740183
vt 0.0547159985 0.030543983
vt 0.064429 0.0291389823
vt 0.0737759992 0.0295130014
vt 0.0827820003 0.0311120152
vt 0.0916920006 0.0342180133
vt 0.0999609977 0.0388339758
vt 0.107547998 0.0455279946
vt 0.113426998 0.0526220202
vt 0.118180007 0.0609099865
vt 0.116871998 0.0501279831
vt 0.121886 0.0590530038
vt 0.110396996 0.0421850085
vt 0.125253007 0.0687149763
vt 0.126920998 0.078782022
vt 0.126883999 0.0889779925
vt 0.125122994 0.0990260243
vt 0.121643998 0.108626008
vt 0.116606005 0.117496014
vt 0.110124998 0.125384986
vt 0.102356002 0.132028997
vt 0.0935489982 0.137225986
vt 0.0839330032 0.14072299
vt 0.0738919973 0.14250499
vt 0.0636960045 0.142558992
vt 0.053628996 0.140859962
vt 0.0439989977 0.137390971
vt 0.0351260006 0.132291019
vt 0.0272450019 0.125746965
vt 0.020575 0.117926002
vt 0.0153990006 0.108996987
vt 0.0118490001 0.0992649794
vt 0.0100750001 0.0891370177
vt 0.00999999978 0.0788559914
vt 0.011647 0.0686280131
vt 0.0150419995 0.0588070154
vt 0.020167999 0.0497310162
vt 0.0437589996 0.029704988
vt 0.0348309986 0.034883976
vt 0.0268549994 0.0416579843
vt 0.0532719977 0.026251018
vt 0.0636960045 0.0244550109
vt 0.0741219968 0.0245419741
vt 0.0842809975 0.0264459848
vt 0.0938730016 0.0301240087
vt 0.102716006 0.0354279876
vt 0.676079988 0.73576802
vt 0.676079988 0.722454965
vt 0.677933991 0.73576802
vt 0.677933991 0.722454965
vt 0.679765999 0.73576802
vt 0.679765999 0.722454965
vt 0.681620002 0.73576802
vt 0.681620002 0.722454965
vt 0.683474004 0.73576802
vt 0.683474004 0.722454965
vt 0.685315013 0.73576802
vt 0.685315013 0.722454965
vt 0.687169015 0.73576802
vt 0.687169015 0.722454965
vt 0.689006031 0.73576802
vt 0.689006031 0.722454965
vt 0.690860033 0.73576802
vt 0.690860033 0.722454965
vt 0.692714036 0.73576802
vt 0.692714036 0.722454965
vt 0.694549024 0.73576802
vt 0.694549024 0.722454965
vt 0.696402967 0.73576802
vt 0.696402967 0.722454965
vt 0.698249042 0.73576802
vt 0.698249042 0.722454965
vt 0.700102985 0.73576802
vt 0.700102985 0.722454965
vt 0.701956987 0.73576802
vt 0.701956987 0.722454965
vt 0.703787982 0.73576802
vt 0.703787982 0.722454965
vt 0.705641985 0.73576802
vt 0.705641985 0.722454965
vt 0.707495987 0.73576802
vt 0.707495987 0.722454965
vt 0.709348023 0.73576802
vt 0.709348023 0.722454965
vt 0.711202025 0.73576802
vt 0.711202025 0.722454965
vt 0.713033974 0.73576802
vt 0.713033974 0.722454965
vt 0.714887977 0.73576802
vt 0.714887977 0.722454965
vt 0.716741979 0.73576802
vt 0.716741979 0.722454965
vt 0.718582988 0.73576802
vt 0.718582988 0.722454965
vt 0.72043699 0.73576802
vt 0.72043699 0.722454965
vt 0.722275019 0.73576802
vt 0.722275019 0.722454965
vt 0.724129021 0.73576802
vt 0.724129021 0.722454965
vt 0.725983024 0.73576802
vt 0.725983024 0.722454965
vt 0.727816999 0.73576802
vt 0.727816999 0.722454965
vt 0.729671001 0.73576802
vt 0.729671001 0.722454965
vt 0.731517017 0.73576802
vt 0.731517017 0.722454965
vt 0.733371019 0.73576802
vt 0.733371019 0.722454965
vt 0.735225022 0.73576802
vt 0.735225022 0.722454965
vt 0.737056017 0.73576802
vt 0.737056017 0.722454965
vt 0.738910019 0.73576802
vt 0.738910019 0.722454965
vt 0.740745008 0.722454965
vt 0.740745008 0.73576802
vt 0.674210012 0.73576802
vt 0.674210012 0.722454965
vt 0.674210012 0.712864041
vt 0.676060975 0.712864041
vt 0.674210012 0.699847043
vt 0.676060975 0.699847043
vt 0.740720034 0.699847043
vt 0.738866985 0.699847043
vt 0.740720034 0.712864041
vt 0.738866985 0.712864041
vt 0.677914023 0.699847043
vt 0.677914023 0.712864041
vt 0.679745018 0.712864041
vt 0.679745018 0.699847043
vt 0.681598008 0.712864041
vt 0.681598008 0.699847043
vt 0.683450997 0.712864041
vt 0.683450997 0.699847043
vt 0.685295999 0.712864041
vt 0.685295999 0.699847043
vt 0.687149048 0.712864041
vt 0.687149048 0.699847043
vt 0.688983977 0.712864041
vt 0.688983977 0.699847043
vt 0.690837026 0.712864041
vt 0.690837026 0.699847043
vt 0.692690015 0.712864041
vt 0.692690015 0.699847043
vt 0.69452703 0.712864041
vt 0.69452703 0.699847043
vt 0.69637996 0.712864041
vt 0.69637996 0.699847043
vt 0.698220968 0.712864041
vt 0.698220968 0.699847043
vt 0.700074017 0.712864041
vt 0.700074017 0.699847043
vt 0.701927006 0.712864041
vt 0.701927006 0.699847043
vt 0.703758955 0.712864041
vt 0.703758955 0.699847043
vt 0.705612004 0.712864041
vt 0.705612004 0.699847043
vt 0.707464039 0.712864041
vt 0.707464039 0.699847043
vt 0.709316969 0.712864041
vt 0.709316969 0.699847043
vt 0.711170018 0.712864041
vt 0.711170018 0.699847043
vt 0.713000953 0.712864041
vt 0.713000953 0.699847043
vt 0.714854002 0.699847043
vt 0.714854002 0.712864041
vt 0.716706991 0.699847043
vt 0.716706991 0.712864041
vt 0.718551993 0.699847043
vt 0.718551993 0.712864041
vt 0.720404983 0.699847043
vt 0.720404983 0.712864041
vt 0.722239971 0.699847043
vt 0.722239971 0.712864041
vt 0.72409302 0.699847043
vt 0.72409302 0.712864041
vt 0.725946009 0.699847043
vt 0.725946009 0.712864041
vt 0.727782011 0.699847043
vt 0.727782011 0.712864041
vt 0.729635 0.699847043
vt 0.729635 0.712864041
vt 0.731475949 0.699847043
vt 0.731475949 0.712864041
vt 0.733328998 0.699847043
vt 0.733328998 0.712864041
vt 0.735181987 0.699847043
vt 0.735181987 0.712864041
vt 0.737013996 0.699847043
vt 0.737013996 0.712864041
vt 0.797891021 0.362390995
vt 0.801858008 0.362300992
vt 0.799717009 0.352053046
vt 0.803627968 0.352548003
vt 0.797917008 0.372821987
vt 0.80212301 0.372352004
vt 0.799700022 0.383092999
vt 0.804018021 0.381947041
vt 0.803285003 0.392858028
vt 0.806901991 0.390801013
vt 0.803249002 0.342314005
vt 0.806932986 0.344069958
vt 0.811474979 0.335491002
vt 0.80843699 0.333446026
vt 0.817997992 0.328121006
vt 0.81508702 0.325490952
vt 0.825020969 0.322210014
vt 0.823063016 0.31882596
vt 0.833317995 0.317550004
vt 0.832045019 0.313709021
vt 0.84227401 0.31479001
vt 0.841715991 0.310348034
vt 0.85184598 0.308632016
vt 0.851767957 0.312847972
vt 0.861817956 0.313238978
vt 0.862146974 0.308748007
vt 0.870994031 0.315127969
vt 0.872245014 0.310778022
vt 0.881712019 0.314592957
vt 0.879787028 0.319188952
vt 0.887154996 0.323616028
vt 0.890379012 0.319905996
vt 0.898020029 0.326597989
vt 0.894511998 0.330178022
vt 0.900473058 0.337378025
vt 0.904403031 0.334475994
vt 0.904669046 0.345178008
vt 0.909325004 0.343329012
vt 0.907516003 0.353770018
vt 0.912567973 0.352898955
vt 0.909049988 0.363054037
vt 0.914084971 0.362899005
vt 0.909399986 0.372337997
vt 0.914046943 0.372976005
vt 0.912336051 0.382884979
vt 0.907513976 0.381556988
vt 0.909013987 0.392349958
vt 0.904736996 0.390020013
vt 0.904107034 0.401125014
vt 0.89991796 0.398157001
vt 0.894171953 0.405344009
vt 0.897786021 0.408951044
vt 0.887037039 0.41148901
vt 0.890186012 0.415578008
vt 0.881533027 0.420799971
vt 0.879076004 0.416242003
vt 0.870595038 0.419574976
vt 0.872079015 0.42444396
vt 0.86183095 0.421360016
vt 0.862099051 0.426398039
vt 0.851886034 0.421658039
vt 0.851891041 0.426566958
vt 0.843173027 0.420525968
vt 0.841778994 0.424941003
vt 0.832045019 0.421516001
vt 0.833666027 0.417178988
vt 0.825571001 0.412804961
vt 0.823112965 0.41642499
vt 0.815174997 0.409785032
vt 0.818341017 0.406399012
vt 0.808502018 0.401856005
vt 0.812086999 0.399082005
vt 0.856051981 0.369058013
vt 0.649016023 0.681154013
vt 0.649016023 0.687368035
vt 0.653515995 0.681154013
vt 0.653515995 0.687368035
vt 0.797891021 0.287750959
vt 0.803719997 0.287750959
vt 0.797891021 0.282649994
vt 0.803719997 0.282649994
vt 0.653515995 0.803421021
vt 0.649016023 0.803421021
vt 0.653515995 0.809060037
vt 0.649016023 0.809060037
vt 0.653515995 0.796781003
vt 0.649016023 0.796781003
vt 0.653515995 0.722554028
vt 0.653515995 0.717491984
vt 0.649016023 0.722554028
vt 0.649016023 0.717491984
vt 0.649016023 0.703491986
vt 0.649016023 0.712249994
vt 0.653515995 0.703491986
vt 0.653515995 0.712249994
vt 0.653515995 0.773899972
vt 0.649016023 0.773899972
vt 0.653515995 0.779018998
vt 0.649016023 0.779018998
vt 0.653515995 0.787764013
vt 0.649016023 0.787764013
vt 0.653515995 0.736317992
vt 0.649016023 0.736317992
vt 0.653515995 0.747804999
vt 0.649016023 0.747804999
vt 0.90022099 0.287750959
vt 0.90022099 0.282649994
vt 0.891788006 0.287750959
vt 0.891788006 0.282649994
vt 0.886479974 0.287750959
vt 0.886479974 0.282649994
vt 0.881172001 0.287750959
vt 0.881172001 0.282649994
vt 0.830161035 0.287750959
vt 0.830161035 0.282649994
vt 0.822447002 0.287750959
vt 0.822447002 0.282649994
vt 0.839525998 0.287750959
vt 0.839525998 0.282649994
vt 0.844987988 0.287750959
vt 0.855758965 0.287750959
vt 0.844987988 0.282649994
vt 0.855758965 0.282649994
vt 0.871030986 0.282649994
vt 0.865988016 0.282649994
vt 0.871030986 0.287750959
vt 0.865988016 0.287750959
vt 0.653515995 0.761964977
vt 0.665309012 0.761964977
vt 0.653515995 0.754854977
vt 0.665309012 0.754854977
vt 0.665309012 0.747804999
vt 0.665309012 0.736317992
vt 0.665309012 0.731625974
vt 0.665309012 0.727150977
vt 0.653515995 0.731625974
vt 0.653515995 0.727150977
vt 0.665309012 0.712249994
vt 0.665309012 0.717491984
vt 0.665309012 0.703491986
vt 0.653515995 0.693666041
vt 0.665309012 0.693666041
vt 0.665309012 0.687368035
vt 0.665309012 0.681154013
vt 0.803719997 0.300595999
vt 0.797891021 0.300595999
vt 0.81219101 0.287750959
vt 0.81219101 0.300595999
vt 0.817381024 0.287750959
vt 0.822447002 0.300595999
vt 0.817381024 0.300595999
vt 0.830161035 0.300595999
vt 0.839525998 0.300595999
vt 0.844987988 0.300595999
vt 0.855758965 0.300595999
vt 0.860916972 0.300595999
vt 0.865988016 0.300595999
vt 0.860916972 0.287750959
vt 0.87608397 0.287750959
vt 0.881172001 0.300595999
vt 0.87608397 0.300595999
vt 0.886479974 0.300595999
vt 0.891788006 0.300595999
vt 0.90022099 0.300595999
vt 0.90674901 0.300595999
vt 0.90674901 0.287750959
vt 0.665309012 0.803421021
vt 0.665309012 0.796781003
vt 0.665309012 0.809060037
vt 0.665309012 0.787764013
vt 0.665309012 0.779018998
vt 0.665309012 0.768375993
vt 0.653515995 0.768375993
vt 0.665309012 0.773899972
vt 0.649016023 0.693666041
vt 0.90674901 0.282649994
vt 0.649016023 0.768375993
vt 0.649016023 0.754854977
vt 0.649016023 0.761964977
vt 0.649016023 0.727150977
vt 0.649016023 0.731625974
vt 0.81219101 0.282649994
vt 0.817381024 0.282649994
vt 0.860916972 0.282649994
vt 0.87608397 0.282649994
vt 0.665309012 0.722554028
vt 0.871030986 0.300595999
vt 0.525774002 0.796914995
vt 0.528712034 0.797047973
vt 0.526318967 0.790279984
vt 0.529375017 0.790516019
vt 0.465858012 0.778800011
vt 0.462860018 0.778362989
vt 0.464337975 0.784224033
vt 0.461391985 0.784547031
vt 0.47309503 0.784583032
vt 0.472947985 0.790493011
vt 0.463904977 0.790094018
vt 0.487291008 0.784864962
vt 0.480485022 0.784745038
vt 0.487219006 0.790594995
vt 0.48040098 0.79055202
vt 0.493624032 0.790720999
vt 0.493685991 0.785138011
vt 0.505784988 0.790862024
vt 0.505729973 0.785335004
vt 0.499781996 0.790858984
vt 0.499752969 0.785347998
vt 0.52639401 0.784162998
vt 0.518662989 0.784774005
vt 0.518732011 0.790705979
vt 0.51789397 0.779271007
vt 0.52551502 0.779254973
vt 0.505477965 0.780135036
vt 0.499781996 0.780135989
vt 0.49396801 0.779739022
vt 0.487745017 0.779097974
vt 0.481089979 0.779051006
vt 0.474145025 0.778907001
vt 0.473635018 0.796724975
vt 0.464864016 0.796741009
vt 0.480875969 0.796472013
vt 0.493741989 0.796389997
vt 0.499820024 0.796579003
vt 0.505675018 0.796678007
vt 0.518185019 0.797150016
vt 0.523137987 0.806600988
vt 0.525704026 0.807700992
vt 0.487887025 0.822698057
vt 0.483125001 0.820804
vt 0.48722899 0.825370967
vt 0.480754018 0.823000014
vt 0.493887991 0.824096978
vt 0.493602008 0.826907992
vt 0.467100978 0.804274976
vt 0.475216001 0.803101003
vt 0.470708996 0.811581016
vt 0.477632999 0.808954
vt 0.481897026 0.802356958
vt 0.494047016 0.802080989
vt 0.499853998 0.802299976
vt 0.505424976 0.802560031
vt 0.516772032 0.804351985
vt 0.483322024 0.807850957
vt 0.488085985 0.802069008
vt 0.488883972 0.80755198
vt 0.494474024 0.807624996
vt 0.505197048 0.808251977
vt 0.499969006 0.807879984
vt 0.514950991 0.810645044
vt 0.519793987 0.814256966
vt 0.514352977 0.82121104
vt 0.510975003 0.822946966
vt 0.515724003 0.823242009
vt 0.512000978 0.825408995
vt 0.474495023 0.815346003
vt 0.480314016 0.813158035
vt 0.478410989 0.818785012
vt 0.482218981 0.815670967
vt 0.485175014 0.816483974
vt 0.489541978 0.817505002
vt 0.495000988 0.818343043
vt 0.503920972 0.824823022
vt 0.501329005 0.818848014
vt 0.512125969 0.817840993
vt 0.509581029 0.818274021
vt 0.517089009 0.817725003
vt 0.513316989 0.815002978
vt 0.484667003 0.812539041
vt 0.489537001 0.812658966
vt 0.494856 0.81300199
vt 0.511004031 0.803153992
vt 0.510172009 0.808995008
vt 0.511698008 0.796898007
vt 0.512008011 0.790829957
vt 0.511931002 0.785135031
vt 0.511388004 0.77978301
vt 0.509564042 0.813970029
vt 0.505939007 0.818795979
vt 0.505258977 0.813593984
vt 0.500357985 0.813345015
vt 0.528497994 0.778855979
vt 0.525756955 0.770731032
vt 0.522895992 0.771357
vt 0.518347979 0.762674034
vt 0.520723999 0.767031014
vt 0.520565987 0.761188984
vt 0.523297012 0.765883982
vt 0.516194999 0.773402989
vt 0.509941995 0.762747049
vt 0.513841033 0.768347979
vt 0.481441021 0.758175969
vt 0.47962001 0.755985022
vt 0.477879971 0.760526001
vt 0.475600988 0.758660972
vt 0.475989997 0.773320973
vt 0.46893397 0.771880984
vt 0.477760017 0.769134998
vt 0.471533 0.767533958
vt 0.481496006 0.765281975
vt 0.479100972 0.766530991
vt 0.47449103 0.763372004
vt 0.488287985 0.761985004
vt 0.485637993 0.756608963
vt 0.484689027 0.763586998
vt 0.494537026 0.755056024
vt 0.496804982 0.760345995
vt 0.504083991 0.754552007
vt 0.503135026 0.760695994
vt 0.508791029 0.755187988
vt 0.510297 0.774720967
vt 0.505025983 0.775427997
vt 0.499933004 0.775416017
vt 0.494639993 0.774654031
vt 0.488591015 0.772816002
vt 0.481937975 0.773515999
vt 0.481945992 0.768938005
vt 0.497081012 0.767572999
vt 0.500717998 0.768206954
vt 0.497285008 0.764357984
vt 0.501789987 0.765002966
vt 0.486356974 0.767804027
vt 0.490101993 0.765856981
vt 0.492254972 0.769095004
vt 0.496064991 0.770679951
vt 0.494270027 0.767064035
vt 0.504414022 0.771497011
vt 0.500280976 0.771450996
vt 0.506021023 0.76672101
vt 0.508637011 0.770318985
vt 0.52928704 0.784227967
vt 0.461204976 0.790516019
vt 0.462150991 0.797302008
vt 0.487488002 0.796349049
vt 0.518875957 0.819362998
vt 0.521939993 0.815454006
vt 0.468527973 0.81301403
vt 0.471729994 0.816748023
vt 0.476020992 0.82030499
vt 0.464452982 0.805242002
vt 0.504307985 0.827382982
vt 0.508262038 0.826970994
vt 0.507597029 0.82456398
vt 0.466243029 0.770612001
vt 0.472030997 0.762033999
vt 0.468895018 0.766110003
vt 0.514256954 0.757571995
vt 0.516062975 0.755693972
vt 0.507529974 0.751807988
vt 0.503220022 0.751335025
vt 0.493506014 0.751863003
vt 0.490031987 0.755487025
vt 0.488674998 0.75265801
vt 0.484024018 0.753993988
vt 0.492181987 0.760816991
vt 0.493468016 0.764530003
vt 0.503714025 0.768804967
vt 0.48181802 0.973967016
vt 0.487599015 0.973967016
vt 0.48181802 0.961276948
vt 0.487599015 0.961276948
vt 0.445968986 0.819536984
vt 0.44787699 0.81824398
vt 0.443122029 0.805972993
vt 0.445418984 0.805814981
vt 0.445466995 0.793109
vt 0.443200976 0.792255998
vt 0.418575972 0.791060984
vt 0.399419993 0.789608955
vt 0.418520033 0.808682978
vt 0.399364978 0.811038017
vt 0.40339601 0.831665993
vt 0.421858996 0.826028049
vt 0.36470601 0.623180985
vt 0.36470601 0.647202969
vt 0.385504991 0.623180985
vt 0.385504991 0.647202969
vt 0.40645501 0.647202969
vt 0.40645501 0.623180985
vt 0.597696006 0.462960958
vt 0.604860008 0.454516053
vt 0.573792994 0.446037054
vt 0.584043026 0.43364501
vt 0.56577003 0.460120022
vt 0.592279971 0.47261405
vt 0.55478102 0.432765007
vt 0.567798018 0.417218983
vt 0.544809997 0.450263023
vt 0.493356019 0.973967016
vt 0.493356019 0.961276948
vt 0.49911201 0.973967016
vt 0.49911201 0.961276948
vt 0.504868031 0.973967016
vt 0.504868031 0.961276948
vt 0.510624051 0.973967016
vt 0.510624051 0.961276948
vt 0.516379952 0.973967016
vt 0.516379952 0.961276948
vt 0.522136986 0.973967016
vt 0.522136986 0.961276948
vt 0.527893007 0.973967016
vt 0.527893007 0.961276948
vt 0.533649027 0.973967016
vt 0.533649027 0.961276948
vt 0.539404988 0.973967016
vt 0.539404988 0.961276948
vt 0.545161009 0.973967016
vt 0.545161009 0.961276948
vt 0.550918043 0.973967016
vt 0.550918043 0.961276948
vt 0.556674004 0.973967016
vt 0.556674004 0.961276948
vt 0.562429965 0.973967016
vt 0.562429965 0.961276948
vt 0.568185985 0.973967016
vt 0.568185985 0.961276948
vt 0.573942006 0.973967016
vt 0.573942006 0.961276948
vt 0.579698026 0.973967016
vt 0.579698026 0.961276948
vt 0.585455 0.973967016
vt 0.585455 0.961276948
vt 0.446040004 0.779013991
vt 0.447908014 0.780638993
vt 0.451422989 0.766660035
vt 0.452639014 0.768854976
vt 0.459000975 0.755127013
vt 0.459343016 0.758031011
vt 0.468535006 0.745043993
vt 0.467802972 0.748468995
vt 0.479618996 0.736806989
vt 0.47775802 0.740438998
vt 0.491968006 0.730816007
vt 0.488962024 0.734245002
vt 0.505246997 0.727180004
vt 0.501079977 0.730086982
vt 0.518970966 0.725831032
vt 0.513723016 0.727962971
vt 0.545035005 0.729831994
vt 0.532512009 0.726781011
vt 0.539206982 0.730111003
vt 0.526556015 0.728089988
vt 0.556279004 0.734668016
vt 0.551301003 0.734314978
vt 0.566305995 0.740972042
vt 0.562472999 0.740529954
vt 0.575322986 0.748775005
vt 0.572421014 0.748522043
vt 0.582924008 0.757631004
vt 0.580881 0.758055985
vt 0.589047015 0.768227994
vt 0.587393045 0.768972993
vt 0.592060983 0.780779958
vt 0.593777955 0.779999018
vt 0.596498013 0.79340297
vt 0.594549 0.793195009
vt 0.596354008 0.807016969
vt 0.594581008 0.805814981
vt 0.59384197 0.819383979
vt 0.59225899 0.818202019
vt 0.589429021 0.83067596
vt 0.58770299 0.829953015
vt 0.581048012 0.840662003
vt 0.583306015 0.840737998
vt 0.572492003 0.849982023
vt 0.575442016 0.849628031
vt 0.562584996 0.857901931
vt 0.567036986 0.857033968
vt 0.551413 0.863971949
vt 0.556787968 0.863475025
vt 0.539341986 0.86805898
vt 0.545361996 0.868224025
vt 0.526754975 0.870188951
vt 0.532400966 0.871376932
vt 0.513976991 0.870209932
vt 0.518549025 0.872291028
vt 0.501358032 0.868115067
vt 0.504921019 0.870779991
vt 0.489239991 0.864024997
vt 0.491824031 0.867057979
vt 0.47795698 0.858021021
vt 0.479420006 0.86114502
vt 0.467866987 0.850201964
vt 0.46815297 0.853057981
vt 0.459287018 0.840784013
vt 0.458564013 0.84313798
vt 0.452487975 0.830038965
vt 0.451097012 0.832069039
vt 0.343847007 0.647202969
vt 0.343847007 0.623180985
vt 0.322993994 0.647202969
vt 0.322993994 0.623180985
vt 0.302136004 0.647202969
vt 0.302136004 0.623180985
vt 0.281275988 0.647202969
vt 0.281275988 0.623180985
vt 0.260413975 0.647202969
vt 0.260413975 0.623180985
vt 0.239547998 0.647202969
vt 0.239547998 0.623180985
vt 0.218681008 0.647202969
vt 0.218681008 0.623180985
vt 0.197797 0.647202969
vt 0.197797 0.623180985
vt 0.176914006 0.647202969
vt 0.176914006 0.623180985
vt 0.156048998 0.647202969
vt 0.156048998 0.623180985
vt 0.135182992 0.647202969
vt 0.135182992 0.623180985
vt 0.114321999 0.647202969
vt 0.114321999 0.623180985
vt 0.0934560001 0.647202969
vt 0.0934560001 0.623180985
vt 0.0725999996 0.647202969
vt 0.0725999996 0.623180985
vt 0.0517340042 0.647202969
vt 0.0517340042 0.623180985
vt 0.0308769997 0.647202969
vt 0.0308769997 0.623180985
vt 0.00999999978 0.647202969
vt 0.00999999978 0.623180985
vt 0.761156976 0.647202969
vt 0.761156976 0.623180985
vt 0.740278006 0.647202969
vt 0.740278006 0.623180985
vt 0.719412029 0.647202969
vt 0.719412029 0.623180985
vt 0.698559999 0.647202969
vt 0.698559999 0.623180985
vt 0.67770803 0.647202969
vt 0.67770803 0.623180985
vt 0.656847 0.647202969
vt 0.656847 0.623180985
vt 0.635985017 0.647202969
vt 0.635985017 0.623180985
vt 0.61511898 0.647202969
vt 0.61511898 0.623180985
vt 0.594247997 0.647202969
vt 0.594247997 0.623180985
vt 0.573363006 0.647202969
vt 0.573363006 0.623180985
vt 0.552491009 0.647202969
vt 0.552491009 0.623180985
vt 0.531624973 0.647202969
vt 0.531624973 0.623180985
vt 0.510764003 0.647202969
vt 0.510764003 0.623180985
vt 0.489904016 0.647202969
vt 0.489904016 0.623180985
vt 0.469035983 0.647202969
vt 0.469035983 0.623180985
vt 0.448181003 0.647202969
vt 0.448181003 0.623180985
vt 0.427320033 0.647202969
vt 0.427320033 0.623180985
vt 0.411195993 0.851155937
vt 0.428339988 0.842457056
vt 0.422360003 0.869000971
vt 0.437683016 0.857333958
vt 0.43641898 0.884516001
vt 0.449427992 0.870292962
vt 0.452862024 0.897292018
vt 0.463199019 0.880990028
vt 0.471111 0.907019019
vt 0.478498012 0.889165998
vt 0.490639001 0.913501978
vt 0.494918019 0.894658029
vt 0.510883987 0.916707993
vt 0.511988997 0.897373021
vt 0.531334996 0.91654104
vt 0.529260039 0.897242963
vt 0.551476002 0.913020968
vt 0.546275973 0.894325018
vt 0.570774972 0.906242967
vt 0.56259197 0.888670981
vt 0.588729024 0.896333992
vt 0.577755988 0.880348027
vt 0.604815006 0.883492947
vt 0.591352999 0.869592011
vt 0.618515015 0.86799103
vt 0.602890015 0.856582046
vt 0.629360974 0.850257993
vt 0.611986995 0.841717005
vt 0.63688302 0.830753028
vt 0.618291974 0.825413942
vt 0.640739024 0.810117006
vt 0.621464968 0.808187962
vt 0.640684009 0.78906697
vt 0.621353984 0.790629029
vt 0.636835992 0.768414021
vt 0.618070006 0.773393035
vt 0.629408956 0.748822987
vt 0.611804008 0.757035971
vt 0.61867404 0.730886996
vt 0.602770984 0.742054999
vt 0.605014026 0.715126991
vt 0.59128201 0.728888988
vt 0.588864028 0.701951981
vt 0.577693045 0.717889011
vt 0.57070297 0.691792011
vt 0.562416971 0.709399998
vt 0.551078975 0.684891045
vt 0.545917988 0.703649044
vt 0.530596018 0.681420028
vt 0.528687 0.700816989
vt 0.509827018 0.681410968
vt 0.511218011 0.700812995
vt 0.489327967 0.684868038
vt 0.493979007 0.703722
vt 0.469679981 0.691770017
vt 0.477479994 0.709544003
vt 0.451471001 0.70193702
vt 0.462197036 0.718056023
vt 0.43523398 0.715095997
vt 0.448575974 0.729070008
vt 0.42148599 0.730904996
vt 0.437062979 0.742321014
vt 0.410656005 0.74891901
vt 0.42798999 0.757368028
vt 0.403181016 0.768675029
vt 0.421708018 0.773800969
vt 0.596360028 0.423241973
vt 0.583334982 0.404127002
vt 0.610323012 0.415104032
vt 0.600868046 0.393988013
vt 0.625508964 0.40953505
vt 0.619872034 0.387081981
vt 0.641427994 0.406674027
vt 0.639822006 0.383560002
vt 0.657608986 0.406628013
vt 0.660058975 0.383578002
vt 0.67355299 0.409386039
vt 0.679960966 0.387122035
vt 0.688762963 0.414895058
vt 0.698933005 0.39407599
vt 0.702781975 0.42298305
vt 0.716403008 0.404240012
vt 0.715201974 0.433346033
vt 0.73191601 0.417237997
vt 0.725619018 0.445710003
vt 0.74485296 0.432765007
vt 0.733729005 0.459675968
vt 0.754911005 0.450278997
vt 0.739270985 0.474847019
vt 0.761798024 0.469264984
vt 0.742124975 0.490747988
vt 0.765184999 0.489184976
vt 0.742166042 0.506874979
vt 0.765154004 0.509347022
vt 0.739350975 0.522772014
vt 0.761631012 0.529183984
vt 0.733856022 0.537954032
vt 0.754680991 0.548129976
vt 0.725785017 0.551950991
vt 0.744526982 0.565593004
vt 0.715408981 0.564332008
vt 0.731525958 0.581044018
vt 0.703076005 0.574729979
vt 0.716093004 0.593999982
vt 0.689128995 0.582844019
vt 0.698607981 0.604043007
vt 0.673997045 0.588406026
vt 0.679634988 0.610864043
vt 0.65812701 0.59127003
vt 0.659749031 0.614377975
vt 0.641993046 0.59128499
vt 0.639568031 0.614345968
vt 0.626106024 0.588518977
vt 0.619728982 0.610767007
vt 0.610943019 0.583002985
vt 0.600772977 0.603893042
vt 0.59691602 0.575013995
vt 0.583287001 0.593774974
vt 0.584520042 0.56467098
vt 0.567813993 0.580808997
vt 0.574102998 0.552347004
vt 0.554876983 0.565329969
vt 0.565976977 0.538406968
vt 0.544809997 0.547856033
vt 0.560434997 0.523253977
vt 0.537931979 0.528897047
vt 0.557587981 0.507367015
vt 0.53450501 0.509027958
vt 0.557556033 0.491250038
vt 0.534497023 0.488898993
vt 0.560299993 0.475342035
vt 0.538035989 0.469116986
vt 0.588479996 0.483044028
vt 0.586483955 0.493954003
vt 0.586508036 0.505039036
vt 0.588487029 0.515938997
vt 0.592343986 0.526318967
vt 0.597934008 0.535874009
vt 0.605138004 0.544283032
vt 0.613701999 0.551295042
vt 0.623323023 0.556760967
vt 0.633747041 0.560479999
vt 0.64467299 0.562254012
vt 0.655749023 0.562120974
vt 0.666658998 0.560229003
vt 0.677035034 0.556387007
vt 0.686528981 0.550679982
vt 0.694997013 0.543537021
vt 0.702145994 0.535079956
vt 0.707607985 0.525449038
vt 0.711385012 0.515031993
vt 0.713190019 0.504103005
vt 0.71301502 0.493021011
vt 0.71112299 0.482097983
vt 0.707441032 0.471643031
vt 0.701883018 0.462049961
vt 0.694648027 0.453649998
vt 0.686043978 0.446650028
vt 0.676399052 0.441174984
vt 0.665959001 0.437409997
vt 0.655025959 0.435500979
vt 0.643932998 0.435529947
vt 0.633031964 0.437545061
vt 0.622686982 0.441516995
vt 0.613247991 0.447290003
vt 0.322993994 0.671636999
vt 0.343847007 0.671636999
vt 0.302136004 0.671636999
vt 0.281275988 0.671636999
vt 0.260413975 0.671636999
vt 0.239547998 0.671636999
vt 0.218681008 0.671636999
vt 0.197797 0.671636999
vt 0.176914006 0.671636999
vt 0.156048998 0.671636999
vt 0.135182992 0.671636999
vt 0.114321999 0.671636999
vt 0.0934560001 0.671636999
vt 0.0725999996 0.671636999
vt 0.0517340042 0.671636999
vt 0.0308769997 0.671636999
vt 0.00999999978 0.671636999
vt 0.740278006 0.671636999
vt 0.761156976 0.671636999
vt 0.719412029 0.671636999
vt 0.698559999 0.671636999
vt 0.67770803 0.671636999
vt 0.656847 0.671636999
vt 0.635985017 0.671636999
vt 0.61511898 0.671636999
vt 0.594247997 0.671636999
vt 0.573363006 0.671636999
vt 0.552491009 0.671636999
vt 0.531624973 0.671636999
vt 0.510764003 0.671636999
vt 0.489904016 0.671636999
vt 0.469035983 0.671636999
vt 0.448181003 0.671636999
vt 0.427320033 0.671636999
vt 0.40645501 0.671636999
vt 0.385504991 0.671636999
vt 0.36470601 0.671636999
vt 0.649475992 0.497791052
vt 0.48181802 0.94402802
vt 0.487599015 0.94402802
vt 0.585455 0.94402802
vt 0.579698026 0.94402802
vt 0.573942006 0.94402802
vt 0.568185985 0.94402802
vt 0.562429965 0.94402802
vt 0.556674004 0.94402802
vt 0.550918043 0.94402802
vt 0.545161009 0.94402802
vt 0.539404988 0.94402802
vt 0.533649027 0.94402802
vt 0.527893007 0.94402802
vt 0.522136986 0.94402802
vt 0.516379952 0.94402802
vt 0.510624051 0.94402802
vt 0.504868031 0.94402802
vt 0.49911201 0.94402802
vt 0.493356019 0.94402802
vt 0.374170005 0.940675974
vt 0.374430001 0.940675974
vt 0.374170005 0.938724995
vt 0.374430001 0.938724995
vt 0.374430001 0.936759949
vt 0.374170005 0.936759949
vt 0.672975004 0.305789948
vt 0.672975004 0.295612991
vt 0.669628978 0.305789948
vt 0.669628978 0.295612991
vt 0.269896001 0.86402899
vt 0.269896001 0.853851974
vt 0.266523004 0.86402899
vt 0.266523004 0.853851974
vt 0.233384013 0.0389729738
vt 0.233384013 0.0447049737
vt 0.246074006 0.0389729738
vt 0.246074006 0.0447049737
vt 0.246074006 0.142558992
vt 0.246074006 0.136803031
vt 0.233384013 0.142558992
vt 0.233384013 0.136803031
vt 0.246074006 0.13104701
vt 0.233384013 0.13104701
vt 0.246074006 0.12529099
vt 0.233384013 0.12529099
vt 0.246074006 0.119534969
vt 0.233384013 0.119534969
vt 0.246074006 0.113779008
vt 0.233384013 0.113779008
vt 0.246074006 0.108021975
vt 0.233384013 0.108021975
vt 0.246074006 0.102266014
vt 0.233384013 0.102266014
vt 0.246074006 0.0965099931
vt 0.233384013 0.0965099931
vt 0.246074006 0.0907539725
vt 0.233384013 0.0907539725
vt 0.246074006 0.0849980116
vt 0.233384013 0.0849980116
vt 0.246074006 0.079241991
vt 0.233384013 0.079241991
vt 0.246074006 0.0734850168
vt 0.233384013 0.0734850168
vt 0.246074006 0.0677289963
vt 0.233384013 0.0677289963
vt 0.246074006 0.0619729757
vt 0.233384013 0.0619729757
vt 0.246074006 0.0562170148
vt 0.233384013 0.0562170148
vt 0.246074006 0.0504609942
vt 0.233384013 0.0504609942
vt 0.676333964 0.295612991
vt 0.676333964 0.305789948
vt 0.679693043 0.295612991
vt 0.679693043 0.305789948
vt 0.683052003 0.295612991
vt 0.683052003 0.305789948
vt 0.686410964 0.305789948
vt 0.686410964 0.295612991
vt 0.689770997 0.295612991
vt 0.689770997 0.305789948
vt 0.693129957 0.295612991
vt 0.693129957 0.305789948
vt 0.696489036 0.295612991
vt 0.696489036 0.305789948
vt 0.699847996 0.295612991
vt 0.699847996 0.305789948
vt 0.703206956 0.295612991
vt 0.703206956 0.305789948
vt 0.706566036 0.295612991
vt 0.706566036 0.305789948
vt 0.709924996 0.305789948
vt 0.709924996 0.295612991
vt 0.713283956 0.295612991
vt 0.713283956 0.305789948
vt 0.716643035 0.295612991
vt 0.716643035 0.305789948
vt 0.720001996 0.295612991
vt 0.720001996 0.305789948
vt 0.723362029 0.295612991
vt 0.723362029 0.305789948
vt 0.726720989 0.295612991
vt 0.726720989 0.305789948
vt 0.730080009 0.295612991
vt 0.730080009 0.305789948
vt 0.327001989 0.853851974
vt 0.323642999 0.853851974
vt 0.327001989 0.86402899
vt 0.323642999 0.86402899
vt 0.320282996 0.86402899
vt 0.320282996 0.853851974
vt 0.316924006 0.86402899
vt 0.316924006 0.853851974
vt 0.313564986 0.86402899
vt 0.313564986 0.853851974
vt 0.310205996 0.86402899
vt 0.310205996 0.853851974
vt 0.306847006 0.86402899
vt 0.306847006 0.853851974
vt 0.303487003 0.86402899
vt 0.303487003 0.853851974
vt 0.300128013 0.86402899
vt 0.300128013 0.853851974
vt 0.296768993 0.86402899
vt 0.296768993 0.853851974
vt 0.293410003 0.86402899
vt 0.293410003 0.853851974
vt 0.290051013 0.86402899
vt 0.290051013 0.853851974
vt 0.28669098 0.86402899
vt 0.28669098 0.853851974
vt 0.28333202 0.86402899
vt 0.28333202 0.853851974
vt 0.279973 0.86402899
vt 0.279973 0.853851974
vt 0.276613981 0.86402899
vt 0.276613981 0.853851974
vt 0.273254991 0.86402899
vt 0.273254991 0.853851974
vt 0.374170005 0.934800982
vt 0.374430001 0.934800982
vt 0.374170005 0.93284297
vt 0.374430001 0.93284297
vt 0.374170005 0.930884957
vt 0.374430001 0.930884957
vt 0.374170005 0.928926945
vt 0.374430001 0.928926945
vt 0.374170005 0.926969051
vt 0.374430001 0.926969051
vt 0.374170005 0.925009966
vt 0.374430001 0.925009966
vt 0.374170005 0.923051953
vt 0.374430001 0.923051953
vt 0.374170005 0.921092987
vt 0.374430001 0.921092987
vt 0.374170005 0.919134974
vt 0.374430001 0.919134974
vt 0.374170005 0.917176962
vt 0.374430001 0.917176962
vt 0.374170005 0.915217996
vt 0.374430001 0.915217996
vt 0.374170005 0.913259983
vt 0.374430001 0.913259983
vt 0.374170005 0.91130197
vt 0.374430001 0.91130197
vt 0.374170005 0.909342945
vt 0.374430001 0.909342945
vt 0.374170005 0.907384932
vt 0.374430001 0.907384932
vt 0.374170005 0.905426979
vt 0.374430001 0.905426979
vt 0.374170005 0.903467953
vt 0.374430001 0.903467953
vt 0.374170005 0.973967016
vt 0.374430001 0.973967016
vt 0.374170005 0.972009003
vt 0.374430001 0.972009003
vt 0.374170005 0.970050991
vt 0.374430001 0.970050991
vt 0.374170005 0.968091965
vt 0.374430001 0.968091965
vt 0.374170005 0.966134012
vt 0.374430001 0.966134012
vt 0.374170005 0.964175999
vt 0.374430001 0.964175999
vt 0.374170005 0.962216973
vt 0.374430001 0.962216973
vt 0.374170005 0.960258961
vt 0.374430001 0.960258961
vt 0.374170005 0.958300948
vt 0.374430001 0.958300948
vt 0.374170005 0.956341982
vt 0.374430001 0.956341982
vt 0.374170005 0.954383969
vt 0.374430001 0.954383969
vt 0.374170005 0.952425957
vt 0.374430001 0.952425957
vt 0.374170005 0.95046699
vt 0.374430001 0.95046699
vt 0.374170005 0.948508978
vt 0.374430001 0.948508978
vt 0.374170005 0.946550965
vt 0.374430001 0.946550965
vt 0.374170005 0.944592953
vt 0.374430001 0.944592953
vt 0.374170005 0.94263494
vt 0.374430001 0.94263494
vt 0.672975004 0.314337969
vt 0.669628978 0.314337969
vt 0.383230001 0.93284297
vt 0.383230001 0.930884957
vt 0.266523004 0.845304012
vt 0.269896001 0.845304012
vt 0.273254991 0.845304012
vt 0.276613981 0.845304012
vt 0.279973 0.845304012
vt 0.28333202 0.845304012
vt 0.28669098 0.845304012
vt 0.290051013 0.845304012
vt 0.293410003 0.845304012
vt 0.296768993 0.845304012
vt 0.300128013 0.845304012
vt 0.303487003 0.845304012
vt 0.306847006 0.845304012
vt 0.310205996 0.845304012
vt 0.313564986 0.845304012
vt 0.316924006 0.845304012
vt 0.320282996 0.845304012
vt 0.323642999 0.845304012
vt 0.327001989 0.845304012
vt 0.730080009 0.314337969
vt 0.726720989 0.314337969
vt 0.723362029 0.314337969
vt 0.720001996 0.314337969
vt 0.716643035 0.314337969
vt 0.713283956 0.314337969
vt 0.709924996 0.314337969
vt 0.706566036 0.314337969
vt 0.703206956 0.314337969
vt 0.699847996 0.314337969
vt 0.696489036 0.314337969
vt 0.693129957 0.314337969
vt 0.689770997 0.314337969
vt 0.686410964 0.314337969
vt 0.683052003 0.314337969
vt 0.679693043 0.314337969
vt 0.676333964 0.314337969
vt 0.383230001 0.928926945
vt 0.383230001 0.926969051
vt 0.383230001 0.925009966
vt 0.383230001 0.923051953
vt 0.383230001 0.921092987
vt 0.383230001 0.919134974
vt 0.383230001 0.917176962
vt 0.383230001 0.915217996
vt 0.383230001 0.913259983
vt 0.383230001 0.91130197
vt 0.383230001 0.909342945
vt 0.383230001 0.907384932
vt 0.383230001 0.905426979
vt 0.383230001 0.903467953
vt 0.383230001 0.973967016
vt 0.383230001 0.972009003
vt 0.383230001 0.970050991
vt 0.383230001 0.968091965
vt 0.383230001 0.966134012
vt 0.383230001 0.964175999
vt 0.383230001 0.962216973
vt 0.383230001 0.960258961
vt 0.383230001 0.958300948
vt 0.383230001 0.956341982
vt 0.383230001 0.954383969
vt 0.383230001 0.952425957
vt 0.383230001 0.95046699
vt 0.383230001 0.948508978
vt 0.383230001 0.946550965
vt 0.383230001 0.944592953
vt 0.383230001 0.94263494
vt 0.383230001 0.940675974
vt 0.383230001 0.938724995
vt 0.383230001 0.936759949
vt 0.383230001 0.934800982
vt 0.216134012 0.0447049737
vt 0.216134012 0.0389729738
vt 0.216134012 0.0504609942
vt 0.216134012 0.0562170148
vt 0.216134012 0.0619729757
vt 0.216134012 0.0677289963
vt 0.216134012 0.0734850168
vt 0.216134012 0.079241991
vt 0.216134012 0.0849980116
vt 0.216134012 0.0907539725
vt 0.216134012 0.0965099931
vt 0.216134012 0.102266014
vt 0.216134012 0.108021975
vt 0.216134012 0.113779008
vt 0.216134012 0.119534969
vt 0.216134012 0.12529099
vt 0.216134012 0.13104701
vt 0.216134012 0.136803031
vt 0.233384013 0.142558992
vt 0.216134012 0.136803031
vt 0.216134012 0.142558992
vt 0.136589006 0.545472026
vt 0.111275002 0.545472026
vt 0.136589006 0.580980003
vt 0.111275002 0.580980003
vt 0.0859609991 0.545472026
vt 0.0859609991 0.580980003
vt 0.060595002 0.545472026
vt 0.060595002 0.580980003
vt 0.0352849998 0.545472026
vt 0.0352849998 0.580980003
vt 0.00999999978 0.545472026
vt 0.00999999978 0.580980003
vt 0.466122031 0.45610702
vt 0.440795034 0.45610702
vt 0.466122031 0.491578996
vt 0.440795034 0.491578996
vt 0.415491998 0.45610702
vt 0.415491998 0.491578996
vt 0.390183002 0.45610702
vt 0.390183002 0.491578996
vt 0.364861012 0.45610702
vt 0.364861012 0.491578996
vt 0.339506 0.45610702
vt 0.339506 0.491578996
vt 0.314162016 0.45610702
vt 0.314162016 0.491578996
vt 0.288807005 0.45610702
vt 0.288807005 0.491578996
vt 0.263429016 0.45610702
vt 0.263429016 0.491578996
vt 0.238116995 0.45610702
vt 0.238116995 0.491578996
vt 0.212779999 0.45610702
vt 0.212779999 0.491578996
vt 0.187429011 0.45610702
vt 0.187429011 0.491578996
vt 0.162095994 0.45610702
vt 0.162095994 0.491578996
vt 0.136738002 0.45610702
vt 0.136738002 0.491578996
vt 0.111575998 0.45610702
vt 0.111575998 0.491578996
vt 0.0860349983 0.45610702
vt 0.0860349983 0.491578996
vt 0.0606810004 0.45610702
vt 0.0606810004 0.491578996
vt 0.0353579968 0.45610702
vt 0.0353579968 0.491578996
vt 0.00999999978 0.45610702
vt 0.00999999978 0.491578996
vt 0.465925962 0.545472026
vt 0.440618992 0.545472026
vt 0.465925962 0.580980003
vt 0.440618992 0.580980003
vt 0.415291011 0.545472026
vt 0.415291011 0.580980003
vt 0.38992101 0.545472026
vt 0.38992101 0.580980003
vt 0.364551991 0.545472026
vt 0.364551991 0.580980003
vt 0.339187026 0.545472026
vt 0.339187026 0.580980003
vt 0.313854009 0.545472026
vt 0.313854009 0.580980003
vt 0.288511008 0.545472026
vt 0.288511008 0.580980003
vt 0.263172001 0.545472026
vt 0.263172001 0.580980003
vt 0.237861007 0.545472026
vt 0.237861007 0.580980003
vt 0.212519988 0.545472026
vt 0.212519988 0.580980003
vt 0.187229007 0.545472026
vt 0.187229007 0.580980003
vt 0.161926001 0.545472026
vt 0.161926001 0.580980003
vt 0.136589006 0.533104956
vt 0.161926001 0.533104956
vt 0.136832997 0.261826992
vt 0.136832997 0.255448997
vt 0.111668006 0.261826992
vt 0.111668006 0.255448997
vt 0.162215009 0.261826992
vt 0.162215009 0.255448997
vt 0.187579006 0.261826992
vt 0.187579006 0.255448997
vt 0.212961018 0.261826992
vt 0.212961018 0.255448997
vt 0.238340989 0.261826992
vt 0.238340989 0.255448997
vt 0.263707012 0.261826992
vt 0.263707012 0.255448997
vt 0.28905502 0.261826992
vt 0.28905502 0.255448997
vt 0.314417988 0.261826992
vt 0.314417988 0.255448997
vt 0.339792997 0.261826992
vt 0.339792997 0.255448997
vt 0.365170002 0.261826992
vt 0.365170002 0.255448997
vt 0.390522003 0.261826992
vt 0.390522003 0.255448997
vt 0.415877968 0.261826992
vt 0.415877968 0.255448997
vt 0.441241026 0.261826992
vt 0.441241026 0.255448997
vt 0.466622025 0.261826992
vt 0.466622025 0.255448997
vt 0.0353760011 0.234580994
vt 0.0353760011 0.228461981
vt 0.00999999978 0.234580994
vt 0.00999999978 0.228461981
vt 0.0607369989 0.234580994
vt 0.0607369989 0.228461981
vt 0.086120002 0.234580994
vt 0.086120002 0.228461981
vt 0.111469992 0.234580994
vt 0.111469992 0.228461981
vt 0.136833996 0.234580994
vt 0.136833996 0.228461981
vt 0.162195995 0.234580994
vt 0.162195995 0.228461981
vt 0.187565997 0.234580994
vt 0.187565997 0.228461981
vt 0.212916985 0.234580994
vt 0.212916985 0.228461981
vt 0.238300994 0.234580994
vt 0.238300994 0.228461981
vt 0.263664991 0.234580994
vt 0.263664991 0.228461981
vt 0.289045006 0.234580994
vt 0.289045006 0.228461981
vt 0.314426005 0.234580994
vt 0.314426005 0.228461981
vt 0.339813977 0.234580994
vt 0.339813977 0.228461981
vt 0.365197986 0.234580994
vt 0.365197986 0.228461981
vt 0.390567005 0.234580994
vt 0.390567005 0.228461981
vt 0.415933996 0.234580994
vt 0.415933996 0.228461981
vt 0.441320986 0.234580994
vt 0.441320986 0.228461981
vt 0.46668902 0.234580994
vt 0.46668902 0.228461981
vt 0.0353699997 0.261826992
vt 0.0353699997 0.255448997
vt 0.00999999978 0.261826992
vt 0.00999999978 0.255448997
vt 0.0607159957 0.261826992
vt 0.0607159957 0.255448997
vt 0.0860919952 0.261826992
vt 0.0860919952 0.255448997
vt 0.0860919952 0.268530011
vt 0.111668006 0.268530011
vt 0.0394850001 0.433438003
vt 0.0394850001 0.407992959
vt 0.00999999978 0.433438003
vt 0.00999999978 0.407992959
vt 0.54016602 0.350983977
vt 0.54016602 0.325587034
vt 0.510655999 0.350983977
vt 0.510655999 0.325587034
vt 0.481150001 0.350983977
vt 0.481150001 0.325587034
vt 0.451708972 0.350983977
vt 0.451708972 0.325587034
vt 0.422283977 0.350983977
vt 0.422283977 0.325587034
vt 0.392803997 0.350983977
vt 0.392803997 0.325587034
vt 0.363333017 0.350983977
vt 0.363333017 0.325587034
vt 0.334031016 0.350983977
vt 0.334031016 0.325587034
vt 0.304640979 0.350983977
vt 0.304640979 0.325587034
vt 0.275195003 0.350983977
vt 0.275195003 0.325587034
vt 0.245701 0.350983977
vt 0.245701 0.325587034
vt 0.216244996 0.350983977
vt 0.216244996 0.325587034
vt 0.186802 0.350983977
vt 0.186802 0.325587034
vt 0.157326996 0.350983977
vt 0.157326996 0.325587034
vt 0.127910003 0.350983977
vt 0.127910003 0.325587034
vt 0.0983429998 0.350983977
vt 0.0983429998 0.325587034
vt 0.0688859969 0.350983977
vt 0.0688859969 0.325587034
vt 0.039632 0.350983977
vt 0.039632 0.325587034
vt 0.00999999978 0.350983977
vt 0.00999999978 0.325587034
vt 0.540372014 0.433438003
vt 0.540372014 0.407992959
vt 0.510890007 0.433438003
vt 0.510890007 0.407992959
vt 0.481406987 0.433438003
vt 0.481406987 0.407992959
vt 0.452016979 0.433438003
vt 0.452016979 0.407992959
vt 0.422633976 0.433438003
vt 0.422633976 0.407992959
vt 0.393189996 0.433438003
vt 0.393189996 0.407992959
vt 0.363689989 0.433438003
vt 0.363689989 0.407992959
vt 0.334219009 0.433438003
vt 0.334219009 0.407992959
vt 0.263664991 0.224092007
vt 0.289045006 0.224092007
vt 0.304791987 0.433438003
vt 0.304791987 0.407992959
vt 0.275305003 0.433438003
vt 0.275305003 0.407992959
vt 0.245787993 0.433438003
vt 0.245787993 0.407992959
vt 0.216333002 0.433438003
vt 0.216333002 0.407992959
vt 0.186880007 0.433438003
vt 0.186880007 0.407992959
vt 0.157381997 0.433438003
vt 0.157381997 0.407992959
vt 0.127883002 0.433438003
vt 0.127883002 0.407992959
vt 0.0983880013 0.433438003
vt 0.0983880013 0.407992959
vt 0.0688909963 0.433438003
vt 0.0688909963 0.407992959
vt 0.0688909963 0.387627006
vt 0.0394850001 0.387627006
vt 0.216333002 0.387627006
vt 0.186880007 0.387627006
vt 0.157381997 0.387627006
vt 0.127883002 0.387627006
vt 0.0983880013 0.387627006
vt 0.00999999978 0.387627006
vt 0.54016602 0.305240989
vt 0.510655999 0.305240989
vt 0.481150001 0.305240989
vt 0.451708972 0.305240989
vt 0.422283977 0.305240989
vt 0.392803997 0.305240989
vt 0.363333017 0.305240989
vt 0.334031016 0.305240989
vt 0.304640979 0.305240989
vt 0.275195003 0.305240989
vt 0.245701 0.305240989
vt 0.216244996 0.305240989
vt 0.186802 0.305240989
vt 0.157326996 0.305240989
vt 0.127910003 0.305240989
vt 0.0983429998 0.305240989
vt 0.0688859969 0.305240989
vt 0.00999999978 0.277418017
vt 0.00999999978 0.305240989
vt 0.039632 0.277418017
vt 0.039632 0.305240989
vt 0.0688859969 0.277418017
vt 0.540372014 0.387627006
vt 0.510890007 0.387627006
vt 0.481406987 0.387627006
vt 0.452016979 0.387627006
vt 0.422633976 0.387627006
vt 0.393189996 0.387627006
vt 0.363689989 0.387627006
vt 0.334219009 0.387627006
vt 0.304791987 0.387627006
vt 0.275305003 0.387627006
vt 0.245787993 0.387627006
vt 0.245787993 0.359753966
vt 0.216333002 0.359753966
vt 0.314426005 0.224092007
vt 0.339813977 0.224092007
vt 0.365197986 0.224092007
vt 0.390567005 0.224092007
vt 0.415933996 0.224092007
vt 0.441320986 0.224092007
vt 0.46668902 0.224092007
vt 0.00999999978 0.251062036
vt 0.0353699997 0.251062036
vt 0.0607159957 0.251062036
vt 0.0860919952 0.251062036
vt 0.111668006 0.251062036
vt 0.136832997 0.251062036
vt 0.162215009 0.251062036
vt 0.187579006 0.251062036
vt 0.212961018 0.251062036
vt 0.238340989 0.251062036
vt 0.263707012 0.251062036
vt 0.28905502 0.251062036
vt 0.314417988 0.251062036
vt 0.339792997 0.251062036
vt 0.365170002 0.251062036
vt 0.390522003 0.251062036
vt 0.415877968 0.251062036
vt 0.441241026 0.251062036
vt 0.466622025 0.251062036
vt 0.00999999978 0.224092007
vt 0.0353760011 0.224092007
vt 0.0607369989 0.224092007
vt 0.086120002 0.224092007
vt 0.111469992 0.224092007
vt 0.136833996 0.224092007
vt 0.162195995 0.224092007
vt 0.187565997 0.224092007
vt 0.212916985 0.224092007
vt 0.238300994 0.224092007
vt 0.187229007 0.533104956
vt 0.212519988 0.533104956
vt 0.193366006 0.191223025
vt 0.223796993 0.191223025
vt 0.193366006 0.183580995
vt 0.223796993 0.183580995
vt 0.25435701 0.191223025
vt 0.25435701 0.198152006
vt 0.223796993 0.198152006
vt 0.285031021 0.191223025
vt 0.285031021 0.198152006
vt 0.315670997 0.191223025
vt 0.315670997 0.198152006
vt 0.346345991 0.191223025
vt 0.346345991 0.198152006
vt 0.376960009 0.191223025
vt 0.376960009 0.198152006
vt 0.407665998 0.191223025
vt 0.407665998 0.198152006
vt 0.438360989 0.191223025
vt 0.438360989 0.198152006
vt 0.469014019 0.191223025
vt 0.469014019 0.198152006
vt 0.499633998 0.191223025
vt 0.499633998 0.198152006
vt 0.530305982 0.191223025
vt 0.530305982 0.198152006
vt 0.560979962 0.191223025
vt 0.560979962 0.198152006
vt 0.0405969992 0.159227014
vt 0.00999999978 0.159227014
vt 0.0405969992 0.166646004
vt 0.00999999978 0.166646004
vt 0.0711840019 0.159227014
vt 0.0711840019 0.166646004
vt 0.101847999 0.159227014
vt 0.101847999 0.166646004
vt 0.132543996 0.159227014
vt 0.132543996 0.166646004
vt 0.163259998 0.159227014
vt 0.163259998 0.166646004
vt 0.19394201 0.159227014
vt 0.19394201 0.166646004
vt 0.224559009 0.159227014
vt 0.224559009 0.166646004
vt 0.255149007 0.159227014
vt 0.255149007 0.166646004
vt 0.285769999 0.159227014
vt 0.285769999 0.166646004
vt 0.316347003 0.159227014
vt 0.316347003 0.166646004
vt 0.346973002 0.159227014
vt 0.346973002 0.166646004
vt 0.377615988 0.159227014
vt 0.377615988 0.166646004
vt 0.408305019 0.159227014
vt 0.408305019 0.166646004
vt 0.438979 0.159227014
vt 0.438979 0.166646004
vt 0.469635993 0.159227014
vt 0.469635993 0.166646004
vt 0.500239968 0.159227014
vt 0.500239968 0.166646004
vt 0.530918002 0.159227014
vt 0.530918002 0.166646004
vt 0.561556995 0.159227014
vt 0.561556995 0.166646004
vt 0.00999999978 0.191223025
vt 0.00999999978 0.198152006
vt 0.0406129993 0.191223025
vt 0.0406129993 0.198152006
vt 0.071171999 0.191223025
vt 0.071171999 0.198152006
vt 0.101692997 0.191223025
vt 0.101692997 0.198152006
vt 0.132237002 0.191223025
vt 0.132237002 0.198152006
vt 0.0860349983 0.525052965
vt 0.0606810004 0.525052965
vt 0.071171999 0.183580995
vt 0.101692997 0.183580995
vt 0.0353579968 0.525052965
vt 0.0406129993 0.183580995
vt 0.00999999978 0.525052965
vt 0.00999999978 0.183580995
vt 0.465925962 0.614377975
vt 0.440618992 0.614377975
vt 0.561556995 0.150991023
vt 0.530918002 0.150991023
vt 0.415291011 0.614377975
vt 0.500239968 0.150991023
vt 0.38992101 0.614377975
vt 0.469635993 0.150991023
vt 0.364551991 0.614377975
vt 0.438979 0.150991023
vt 0.339187026 0.614377975
vt 0.408305019 0.150991023
vt 0.313854009 0.614377975
vt 0.377615988 0.150991023
vt 0.288511008 0.614377975
vt 0.346973002 0.150991023
vt 0.263172001 0.614377975
vt 0.316347003 0.150991023
vt 0.237861007 0.614377975
vt 0.285769999 0.150991023
vt 0.212519988 0.614377975
vt 0.255149007 0.150991023
vt 0.224559009 0.150991023
vt 0.187229007 0.614377975
vt 0.161926001 0.614377975
vt 0.19394201 0.150991023
vt 0.136589006 0.614377975
vt 0.163259998 0.150991023
vt 0.111275002 0.614377975
vt 0.132543996 0.150991023
vt 0.0859609991 0.614377975
vt 0.101847999 0.150991023
vt 0.060595002 0.614377975
vt 0.0711840019 0.150991023
vt 0.0352849998 0.614377975
vt 0.0405969992 0.150991023
vt 0.00999999978 0.614377975
vt 0.00999999978 0.150991023
vt 0.466122031 0.525052965
vt 0.440795034 0.525052965
vt 0.530305982 0.183580995
vt 0.560979962 0.183580995
vt 0.415491998 0.525052965
vt 0.499633998 0.183580995
vt 0.390183002 0.525052965
vt 0.469014019 0.183580995
vt 0.364861012 0.525052965
vt 0.438360989 0.183580995
vt 0.339506 0.525052965
vt 0.407665998 0.183580995
vt 0.314162016 0.525052965
vt 0.376960009 0.183580995
vt 0.288807005 0.525052965
vt 0.346345991 0.183580995
vt 0.263429016 0.525052965
vt 0.315670997 0.183580995
vt 0.238116995 0.525052965
vt 0.285031021 0.183580995
vt 0.212779999 0.525052965
vt 0.25435701 0.183580995
vt 0.187429011 0.525052965
vt 0.162095994 0.525052965
vt 0.193366006 0.198152006
vt 0.136738002 0.525052965
vt 0.162858993 0.191223025
vt 0.162858993 0.183580995
vt 0.162858993 0.203061998
vt 0.162858993 0.206689954
vt 0.193366006 0.203061998
vt 0.193366006 0.206689954
vt 0.162858993 0.198152006
vt 0.223796993 0.206689954
vt 0.223796993 0.203061998
vt 0.25435701 0.206689954
vt 0.25435701 0.203061998
vt 0.285031021 0.206689954
vt 0.285031021 0.203061998
vt 0.315670997 0.206689954
vt 0.315670997 0.203061998
vt 0.346345991 0.206689954
vt 0.346345991 0.203061998
vt 0.376960009 0.206689954
vt 0.376960009 0.203061998
vt 0.407665998 0.206689954
vt 0.407665998 0.203061998
vt 0.438360989 0.206689954
vt 0.438360989 0.203061998
vt 0.469014019 0.206689954
vt 0.469014019 0.203061998
vt 0.499633998 0.206689954
vt 0.499633998 0.203061998
vt 0.530305982 0.206689954
vt 0.530305982 0.203061998
vt 0.560979962 0.206689954
vt 0.560979962 0.203061998
vt 0.00999999978 0.174624979
vt 0.0405969992 0.174624979
vt 0.00999999978 0.170984983
vt 0.0405969992 0.170984983
vt 0.0711840019 0.174624979
vt 0.0711840019 0.170984983
vt 0.101847999 0.174624979
vt 0.101847999 0.170984983
vt 0.132543996 0.174624979
vt 0.132543996 0.170984983
vt 0.163259998 0.170984983
vt 0.163259998 0.174624979
vt 0.19394201 0.170984983
vt 0.19394201 0.174624979
vt 0.224559009 0.170984983
vt 0.224559009 0.174624979
vt 0.255149007 0.170984983
vt 0.255149007 0.174624979
vt 0.285769999 0.170984983
vt 0.285769999 0.174624979
vt 0.316347003 0.170984983
vt 0.316347003 0.174624979
vt 0.346973002 0.170984983
vt 0.346973002 0.174624979
vt 0.377615988 0.170984983
vt 0.377615988 0.174624979
vt 0.408305019 0.170984983
vt 0.408305019 0.174624979
vt 0.438979 0.170984983
vt 0.438979 0.174624979
vt 0.469635993 0.170984983
vt 0.469635993 0.174624979
vt 0.500239968 0.170984983
vt 0.500239968 0.174624979
vt 0.530918002 0.170984983
vt 0.530918002 0.174624979
vt 0.561556995 0.170984983
vt 0.561556995 0.174624979
vt 0.00999999978 0.203061998
vt 0.00999999978 0.206689954
vt 0.0406129993 0.203061998
vt 0.0406129993 0.206689954
vt 0.071171999 0.203061998
vt 0.071171999 0.206689954
vt 0.101692997 0.203061998
vt 0.101692997 0.206689954
vt 0.0606810004 0.443663001
vt 0.0860349983 0.443663001
vt 0.0353579968 0.443663001
vt 0.00999999978 0.443663001
vt 0.440618992 0.533104956
vt 0.465925962 0.533104956
vt 0.415291011 0.533104956
vt 0.38992101 0.533104956
vt 0.364551991 0.533104956
vt 0.339187026 0.533104956
vt 0.313854009 0.533104956
vt 0.288511008 0.533104956
vt 0.263172001 0.533104956
vt 0.237861007 0.533104956
vt 0.111275002 0.533104956
vt 0.0859609991 0.533104956
vt 0.060595002 0.533104956
vt 0.0352849998 0.533104956
vt 0.00999999978 0.533104956
vt 0.440795034 0.443663001
vt 0.466122031 0.443663001
vt 0.415491998 0.443663001
vt 0.390183002 0.443663001
vt 0.364861012 0.443663001
vt 0.339506 0.443663001
vt 0.314162016 0.443663001
vt 0.288807005 0.443663001
vt 0.263429016 0.443663001
vt 0.238116995 0.443663001
vt 0.212779999 0.443663001
vt 0.187429011 0.443663001
vt 0.162095994 0.443663001
vt 0.136738002 0.443663001
vt 0.0983429998 0.277418017
vt 0.0607159957 0.268530011
vt 0.0353699997 0.268530011
vt 0.00999999978 0.268530011
vt 0.540372014 0.359753966
vt 0.510890007 0.359753966
vt 0.441320986 0.241046011
vt 0.46668902 0.241046011
vt 0.481406987 0.359753966
vt 0.415933996 0.241046011
vt 0.452016979 0.359753966
vt 0.390567005 0.241046011
vt 0.422633976 0.359753966
vt 0.365197986 0.241046011
vt 0.393189996 0.359753966
vt 0.339813977 0.241046011
vt 0.363689989 0.359753966
vt 0.314426005 0.241046011
vt 0.334219009 0.359753966
vt 0.289045006 0.241046011
vt 0.304791987 0.359753966
vt 0.263664991 0.241046011
vt 0.275305003 0.359753966
vt 0.238300994 0.241046011
vt 0.212916985 0.241046011
vt 0.187565997 0.241046011
vt 0.186880007 0.359753966
vt 0.162195995 0.241046011
vt 0.157381997 0.359753966
vt 0.136833996 0.241046011
vt 0.127883002 0.359753966
vt 0.111469992 0.241046011
vt 0.0983880013 0.359753966
vt 0.086120002 0.241046011
vt 0.0688909963 0.359753966
vt 0.0607369989 0.241046011
vt 0.0394850001 0.359753966
vt 0.0353760011 0.241046011
vt 0.00999999978 0.359753966
vt 0.00999999978 0.241046011
vt 0.54016602 0.277418017
vt 0.510655999 0.277418017
vt 0.441241026 0.268530011
vt 0.466622025 0.268530011
vt 0.481150001 0.277418017
vt 0.415877968 0.268530011
vt 0.451708972 0.277418017
vt 0.390522003 0.268530011
vt 0.422283977 0.277418017
vt 0.365170002 0.268530011
vt 0.392803997 0.277418017
vt 0.339792997 0.268530011
vt 0.363333017 0.277418017
vt 0.314417988 0.268530011
vt 0.334031016 0.277418017
vt 0.28905502 0.268530011
vt 0.304640979 0.277418017
vt 0.263707012 0.268530011
vt 0.275195003 0.277418017
vt 0.238340989 0.268530011
vt 0.245701 0.277418017
vt 0.212961018 0.268530011
vt 0.216244996 0.277418017
vt 0.187579006 0.268530011
vt 0.186802 0.277418017
vt 0.162215009 0.268530011
vt 0.157326996 0.277418017
vt 0.136832997 0.268530011
vt 0.111575998 0.443663001
vt 0.111575998 0.525052965
vt 0.132237002 0.183580995
vt 0.132237002 0.203061998
vt 0.132237002 0.206689954
vt 0.127910003 0.277418017
vn -0.0535507014 0.876800412 -0.477863327
vn 0.0930290152 0.711656763 -0.696340616
vn 0.045903272 0.695293519 -0.717258539
vn 0.148243023 0.739247949 -0.65691436
vn 0.194546235 0.765705322 -0.613063718
vn 0.214870921 0.788089242 -0.576841256
vn 0.224843994 0.803737376 -0.550864238
vn 0.232274151 0.825270245 -0.514759887
vn 0.233664522 0.852963342 -0.466748784
vn 0.2326177 0.874142555 -0.426337658
vn 0.220587825 0.891938658 -0.394697913
vn 0.203454716 0.911878797 -0.35648736
vn 0.158694921 0.936708373 -0.312079071
vn 0.132684031 0.953224866 -0.271582958
vn 0.0935654238 0.962023138 -0.256431263
vn 0.0433888073 0.972268986 -0.2298052
vn -0.00071267041 0.976849145 -0.213928121
vn -0.0603190722 0.97508339 -0.213480658
vn -0.124409625 0.968984722 -0.213520149
vn -0.165858229 0.961574668 -0.218781183
vn -0.19811723 0.952139654 -0.232765208
vn -0.239860706 0.937675537 -0.251458603
vn -0.27394441 0.920229542 -0.27952111
vn -0.306300959 0.90187347 -0.304637434
vn -0.328070395 0.877602253 -0.349548425
vn -0.360673528 0.833893087 -0.417776167
vn -0.366072961 0.79304381 -0.486900505
vn -0.35625277 0.769048313 -0.53070581
vn -0.342006966 0.756232618 -0.55780235
vn -0.330161635 0.741459701 -0.584149645
vn -0.309299103 0.725634106 -0.614645596
vn -0.268315256 0.710929948 -0.65006579
vn -0.212895209 0.693219336 -0.688565598
vn -0.162056115 0.678013593 -0.716962609
vn -0.109880329 0.680026121 -0.724907434
vn -0.0555378756 0.680084719 -0.731026894
vn -0.00373533934 0.687565489 -0.726112764
vn 0.64404829 -0.361058411 -0.674417248
vn 0.492746286 -0.419614979 -0.762315136
vn 0.343943035 -0.457404043 -0.820051663
vn 0.169648077 -0.48001135 -0.860702407
vn -0.0125828013 -0.489197487 -0.872082273
vn 0.760389901 -0.298130253 -0.576997011
vn 0.865933937 -0.215714361 -0.451249079
vn 0.933970137 -0.136475188 -0.330263995
vn 0.982207945 -0.037439028 -0.184026825
vn 0.997365955 0.0534790026 -0.049001502
vn 0.982226193 0.157941099 0.101421476
vn 0.936807891 0.254124246 0.240440933
vn 0.865756851 0.342420617 0.364983829
vn 0.758482002 0.430474361 0.489282002
vn 0.64227057 0.492827407 0.587034634
vn 0.49492964 0.552435201 0.670716035
vn 0.354220748 0.590531805 0.725120575
vn 0.1733605 0.61948422 0.76562748
vn 0.00362034869 0.630250473 0.776383432
vn -0.171100057 0.621875122 0.764196377
vn -0.348930051 0.591023767 0.727281738
vn -0.496286193 0.553008689 0.669239423
vn -0.646720607 0.494997441 0.580284405
vn -0.760625603 0.434009584 0.482788125
vn -0.864392099 0.351490329 0.359556461
vn -0.930543625 0.272726429 0.244353957
vn -0.981049263 0.165641956 0.100524057
vn -0.997155727 0.0670912994 -0.0343396686
vn -0.981346012 -0.0372660306 -0.188603413
vn -0.935359062 -0.131510634 -0.328341863
vn -0.865306892 -0.213977079 -0.453274522
vn -0.762134594 -0.294159453 -0.576733107
vn -0.649306329 -0.353091897 -0.673592907
vn -0.501219715 -0.412684645 -0.760572272
vn -0.356101324 -0.454279992 -0.816591413
vn -0.174168698 -0.480887735 -0.859309171
vn 0.936811343 0.254116207 0.240435982
vn 0.865765372 0.342417199 0.364966824
vn 0.940586357 0.203088605 0.272125564
vn 0.871006662 0.289065585 0.397225984
vn 0.75847913 0.43045754 0.489301253
vn 0.763555695 0.376413625 0.524686082
vn 0.642270049 0.49280689 0.587052428
vn 0.648091532 0.443175176 0.61933281
vn 0.494924667 0.552427123 0.670726358
vn 0.499578616 0.50364104 0.704816933
vn 0.354219408 0.590532224 0.725120889
vn 0.361409206 0.541369599 0.759145798
vn 0.173359005 0.619478308 0.765632602
vn 0.177715856 0.570458973 0.801868839
vn 0.00361385496 0.63027631 0.776362488
vn 0.0105597416 0.579933739 0.814595206
vn -0.171113506 0.621907062 0.764167373
vn -0.167027988 0.572813449 0.802487635
vn -0.348918535 0.591016539 0.727293136
vn -0.346907436 0.54351841 0.76435788
vn -0.496287897 0.553028493 0.669221793
vn -0.491178092 0.504352738 0.710191804
vn -0.646716836 0.495026978 0.58026341
vn -0.645687724 0.441828601 0.622795994
vn -0.760627964 0.434021006 0.482774137
vn -0.759050539 0.377478969 0.530426155
vn -0.86438845 0.351464524 0.359590455
vn -0.866551778 0.290547704 0.405795574
vn -0.930541825 0.272722035 0.244365716
vn -0.934218865 0.209802982 0.288474991
vn -0.981046018 0.165655396 0.100533577
vn -0.983940333 0.108558463 0.141691497
vn -0.99715626 0.0670810619 -0.0343442115
vn -0.999914804 0.0125744862 0.00350245157
vn -0.981346565 -0.0373087671 -0.188592088
vn -0.985724813 -0.0889182412 -0.142969018
vn -0.93536345 -0.131542242 -0.3283167
vn -0.937633044 -0.193360046 -0.288887809
vn -0.86531201 -0.21397589 -0.453265312
vn -0.870630469 -0.276475457 -0.406895451
vn -0.762123866 -0.294127392 -0.576763634
vn -0.763961943 -0.364826079 -0.532225593
vn -0.649332279 -0.353072979 -0.673577807
vn -0.652854917 -0.428839603 -0.624401356
vn -0.501218732 -0.412675533 -0.760577864
vn -0.500867815 -0.490433872 -0.713166214
vn -0.356112913 -0.454258385 -0.816598379
vn -0.35611194 -0.52905277 -0.770251552
vn -0.174154902 -0.480894872 -0.859307973
vn -0.176808947 -0.556490195 -0.811823416
vn -0.0126040275 -0.489205572 -0.872077432
vn -0.0111136577 -0.564564642 -0.825314032
vn 0.169643155 -0.480003997 -0.860707478
vn 0.167285983 -0.555342043 -0.814622989
vn -0.0125856619 -0.489187543 -0.87208781
vn -0.0111168229 -0.564559945 -0.825317202
vn 0.343921045 -0.457413139 -0.820055812
vn 0.34704481 -0.528898101 -0.774484795
vn 0.492737659 -0.419582298 -0.762338701
vn 0.491008511 -0.49110899 -0.719529431
vn 0.644038612 -0.361073659 -0.674418326
vn 0.645113488 -0.430283682 -0.631414714
vn 0.760384318 -0.298140626 -0.576999009
vn 0.759715417 -0.364804944 -0.538284162
vn 0.865916442 -0.215724041 -0.451278022
vn 0.86735158 -0.277110881 -0.41341359
vn 0.933958162 -0.136494501 -0.330289876
vn 0.934886672 -0.19450944 -0.296905688
vn 0.982207644 -0.0374462241 -0.184026965
vn 0.984472689 -0.0909290004 -0.150151397
vn 0.997364102 0.0534973682 -0.0490191777
vn 0.999827256 0.000988811716 -0.0185601825
vn 0.982232899 0.157912707 0.101400735
vn 0.986311398 0.10411581 0.127866038
vn -0.0882081993 0.822723824 -0.561555717
vn 0.0303457912 0.624324267 -0.780575648
vn -0.0241656972 0.612259984 -0.790287119
vn -0.0842457403 0.609690022 -0.788150196
vn -0.146348902 0.608271151 -0.780120636
vn -0.198499318 0.622400179 -0.757110321
vn -0.247886695 0.633815157 -0.7326872
vn -0.283318108 0.647324789 -0.70760262
vn -0.307553707 0.663748707 -0.681797896
vn -0.326526783 0.671625971 -0.665055497
vn -0.341295815 0.692838 -0.635210731
vn -0.3600044 0.732659638 -0.577586951
vn -0.362422338 0.787410486 -0.498632907
vn -0.348587109 0.833282934 -0.429099731
vn -0.324543196 0.857743832 -0.398681868
vn -0.306288292 0.873252543 -0.378968967
vn -0.288296359 0.886954773 -0.360827439
vn -0.267181556 0.901521235 -0.340401938
vn -0.22788734 0.917058489 -0.327217188
vn -0.180991639 0.936054169 -0.30173601
vn -0.128170864 0.947247782 -0.293758181
vn -0.0724942272 0.954773185 -0.288362188
vn -0.0262907481 0.955978011 -0.292258171
vn 0.0343854018 0.949786712 -0.311002968
vn 0.0915622511 0.942488163 -0.3214536
vn 0.129048039 0.928163722 -0.349082668
vn 0.178198634 0.907263679 -0.380943387
vn 0.205304077 0.883519519 -0.421002963
vn 0.227001252 0.85299031 -0.469976556
vn 0.23955857 0.821690849 -0.517141992
vn 0.240581092 0.789572938 -0.564531057
vn 0.231530991 0.751944671 -0.617229789
vn 0.204573136 0.716949712 -0.666433
vn 0.181776766 0.691850933 -0.698784297
vn 0.14346179 0.6730289 -0.725569304
vn 0.112346158 0.648997726 -0.752449528
vn 0.0789686577 0.632708084 -0.770353446
vn 0.946705466 0.256919154 0.194271223
vn 0.885042476 0.340223712 0.317722585
vn 0.787255014 0.423721305 0.447984149
vn 0.675878552 0.491486294 0.54920798
vn 0.532800434 0.552304012 0.641158308
vn 0.383205702 0.598071446 0.703891991
vn 0.213845937 0.628536395 0.747804731
vn 0.0316279003 0.639010149 0.76854779
vn -0.130676478 0.634051532 0.762169477
vn -0.311748255 0.60916365 0.729200023
vn -0.458266167 0.573908684 0.678690609
vn -0.611061061 0.513679024 0.602277544
vn -0.732034607 0.45034063 0.51119336
vn -0.841722209 0.372236944 0.391079761
vn -0.915144074 0.294506807 0.275276344
vn -0.971795935 0.195791956 0.131446456
vn -0.995589843 0.0922656164 -0.0169682466
vn -0.987659295 -0.00435846299 -0.156557088
vn -0.947385494 -0.108681406 -0.301079851
vn -0.885139186 -0.195445209 -0.422291123
vn -0.785980031 -0.279826267 -0.551300871
vn -0.673157173 -0.343432006 -0.654915169
vn -0.532315227 -0.396734463 -0.747825023
vn -0.400437894 -0.432243033 -0.807969958
vn -0.218245129 -0.465637475 -0.857642586
vn -0.0432452236 -0.479795101 -0.876314163
vn 0.124283834 -0.476424554 -0.870386795
vn 0.302798452 -0.455953815 -0.836910519
vn 0.453424747 -0.422285691 -0.784908144
vn 0.608273373 -0.362914001 -0.705901503
vn 0.726086527 -0.297268986 -0.620023794
vn 0.83712385 -0.216967539 -0.502144149
vn 0.911847861 -0.140065681 -0.385895171
vn 0.970389535 -0.0412314486 -0.238000247
vn 0.994320632 0.0623446221 -0.0862532864
vn 0.986559116 0.156186947 0.0480286112
vn -0.9955935 0.092226668 -0.0169653814
vn -0.987660968 -0.00433530547 -0.156547173
vn -0.999262848 0.028726274 0.0254668664
vn -0.991425362 -0.0679228377 -0.111634405
vn -0.947384114 -0.108663515 -0.301090653
vn -0.949967764 -0.17310021 -0.259995316
vn -0.885124975 -0.195418996 -0.422333037
vn -0.888880078 -0.256984427 -0.379277223
vn -0.785986892 -0.279803047 -0.551302875
vn -0.788338134 -0.346822437 -0.508170428
vn -0.673155715 -0.343439003 -0.654912998
vn -0.676808881 -0.415019035 -0.608020509
vn -0.532297336 -0.396730488 -0.747839866
vn -0.533568706 -0.476427989 -0.698799547
vn -0.400457605 -0.432264918 -0.807948481
vn -0.3992287 -0.517316159 -0.756967923
vn -0.218225968 -0.465641628 -0.857645207
vn -0.216031585 -0.551143726 -0.805959644
vn -0.0432207765 -0.479813775 -0.876305144
vn -0.0366602195 -0.565285278 -0.824080446
vn 0.124286372 -0.476443888 -0.870375849
vn 0.127501691 -0.561386282 -0.817672771
vn 0.302792607 -0.455970558 -0.836903512
vn 0.311061935 -0.538088455 -0.78339089
vn 0.12431559 -0.476445284 -0.870370913
vn 0.127486277 -0.561392682 -0.817670781
vn 0.453414581 -0.422284867 -0.78491446
vn 0.457297633 -0.503122239 -0.733312271
vn 0.608261666 -0.362953163 -0.705891455
vn 0.614061295 -0.445671205 -0.651387675
vn 0.726090371 -0.297253275 -0.620026825
vn 0.732025936 -0.383494039 -0.563090003
vn 0.837112887 -0.216984604 -0.502155051
vn 0.845146674 -0.298786482 -0.443231021
vn 0.911856662 -0.140104995 -0.385860101
vn 0.918660665 -0.218496426 -0.329122916
vn 0.970395811 -0.0412150796 -0.237977495
vn 0.976185802 -0.115616414 -0.183559597
vn 0.994320963 0.0623380357 -0.0862542268
vn 0.999321888 -0.0126813715 -0.0345679943
vn 0.986565713 0.156142529 0.0480375362
vn 0.991599089 0.081303761 0.100602907
vn 0.946706102 0.256926331 0.194258633
vn 0.950880436 0.183776435 0.24910363
vn 0.885040686 0.340204577 0.317748062
vn 0.890424787 0.266887762 0.368666003
vn 0.787237398 0.423737259 0.448000016
vn 0.789763204 0.357574532 0.498412014
vn 0.675876206 0.491477341 0.549218879
vn 0.680767407 0.426062804 0.595840771
vn 0.5327992 0.552334542 0.641133034
vn 0.531497917 0.492098571 0.689455554
vn 0.383185224 0.598047665 0.703923344
vn 0.390423042 0.534932476 0.749277715
vn 0.213840018 0.628539178 0.747804085
vn 0.214340832 0.568543626 0.794239355
vn 0.0316420474 0.638989555 0.76856433
vn 0.0345468198 0.580841782 0.813283063
vn -0.130693422 0.634048818 0.762168831
vn -0.129088534 0.576280992 0.806992174
vn -0.311757333 0.609176457 0.729185443
vn -0.310985799 0.552143076 0.773579897
vn -0.458288786 0.573888709 0.678692227
vn -0.457737708 0.516816798 0.723447709
vn -0.611075343 0.5136719 0.602269129
vn -0.613829198 0.459573641 0.641876767
vn -0.732039107 0.450336128 0.511190882
vn -0.731758374 0.397776438 0.553447005
vn -0.841718567 0.372239019 0.391085626
vn -0.844742591 0.314150799 0.433265774
vn -0.915141064 0.294522875 0.275269157
vn -0.918214975 0.234431713 0.319253866
vn -0.971797537 0.195790317 0.131437054
vn -0.97566338 0.133816698 0.173706822
vn 0.396157125 0.914117311 -0.0863080205
vn 0.0525547048 0.818122489 -0.572637403
vn 0.316346017 0.94760204 -0.0444474055
vn 0.464737751 0.874187883 -0.140763518
vn 0.520864612 0.829082875 -0.203277255
vn 0.563604942 0.77861345 -0.275881434
vn 0.592291224 0.722266278 -0.357102968
vn 0.603602273 0.659547848 -0.447951931
vn 0.59406722 0.599647194 -0.536197148
vn 0.568628192 0.544774698 -0.616346094
vn 0.528459124 0.497272728 -0.688077604
vn 0.47764573 0.456484763 -0.75065053
vn 0.41356699 0.42153456 -0.807013605
vn 0.334623415 0.391329059 -0.857256518
vn 0.243196651 0.370018305 -0.89662804
vn 0.157393846 0.361082897 -0.91915522
vn 0.062407785 0.356859164 -0.932071245
vn -0.0359719094 0.366603949 -0.929681433
vn -0.127438367 0.38202084 -0.915324828
vn -0.216326215 0.40823664 -0.886874182
vn -0.29718768 0.441364955 -0.846685573
vn -0.368273791 0.482198843 -0.794895396
vn -0.429456597 0.52945062 -0.731607185
vn 0.721213892 0.692365834 0.0219105857
vn -0.0177456535 0.8207963 -0.570945291
vn 0.63393558 0.763389016 0.12394713
vn 0.771033347 0.630865906 -0.0866936323
vn 0.794551118 0.568953202 -0.212086714
vn 0.812004709 0.502542017 -0.296816231
vn 0.770812777 0.465549328 -0.434869504
vn 0.72795038 0.373897551 -0.574707635
vn 0.657801527 0.323758765 -0.680056919
vn 0.516689823 0.288087574 -0.80624883
vn 0.353076286 0.231483767 -0.906505599
vn 0.264743749 0.221693145 -0.938489689
vn 0.194029059 0.25110824 -0.94831291
vn 0.0840008687 0.267868651 -0.959786559
vn -0.00563320137 0.261306065 -0.96523956
vn -0.111451703 0.292081687 -0.949877258
vn -0.225502201 0.288389586 -0.930580574
vn -0.320997971 0.32561602 -0.889344989
vn -0.429020596 0.352789015 -0.831553509
vn -0.510706095 0.393479171 -0.764430132
vn -0.585599488 0.431659053 -0.686107646
vn -0.646642219 0.451662117 -0.614699253
vn -0.687747983 0.492225916 -0.533588193
vn -0.721264523 0.567960605 -0.396482332
vn -0.734943511 0.632985412 -0.243284821
vn -0.716269458 0.687233743 -0.121110885
vn -0.664548847 0.747210832 -0.00712762037
vn -0.590507994 0.800054932 0.105888692
vn -0.496287713 0.845128389 0.198636632
vn -0.377280581 0.885743995 0.270401439
vn -0.240957493 0.913051434 0.329054048
vn -0.150755767 0.915754362 0.372379708
vn -0.00121337918 0.938229268 0.346012092
vn 0.152487686 0.919526541 0.362240867
vn 0.285555357 0.900805129 0.327121166
vn 0.423414097 0.861698404 0.279636128
vn 0.535938258 0.814391069 0.222569921
vn -0.476346158 0.58265995 -0.658484412
vn -0.506658789 0.637636753 -0.580272559
vn -0.519082881 0.691959545 -0.501741916
vn -0.516219494 0.747729588 -0.417633688
vn -0.493466377 0.803159039 -0.33380607
vn -0.457294585 0.850429549 -0.260098528
vn -0.404578558 0.895023019 -0.187749797
vn -0.337468411 0.932755135 -0.126818494
vn -0.261109046 0.962423195 -0.0745899452
vn -0.167960037 0.985261743 -0.0323840095
vn -0.0733957407 0.997281508 -0.0065313279
vn 0.0265980905 0.999618586 0.00743135803
vn 0.127123774 0.99187965 0.00378227069
vn 0.224625592 0.974374556 -0.0117289788
vn -0.0533362613 -0.0950061643 0.994046816
vn 0.0266339479 0.999617687 0.00742381845
vn -0.184803934 -0.100388871 0.977634687
vn -0.0734393941 0.997278475 -0.0065036863
vn -0.167950402 0.985261062 -0.0324546273
vn -0.308060638 -0.122519937 0.943444491
vn -0.26108566 0.962427996 -0.0746098557
vn -0.428427293 -0.156637276 0.889895959
vn -0.3374978 0.932749757 -0.126779831
vn -0.530206835 -0.196697776 0.824736744
vn -0.404597434 0.895008023 -0.187780603
vn -0.616105323 -0.251672625 0.746374652
vn -0.457334533 0.850400663 -0.260122734
vn -0.686846007 -0.313649321 0.655642179
vn -0.49347043 0.803167849 -0.33377888
vn -0.734164336 -0.380050799 0.56264031
vn -0.516206327 0.747719166 -0.417668621
vn -0.763429486 -0.456440431 0.456987475
vn -0.519113719 0.691967383 -0.501699201
vn -0.772437525 -0.531356675 0.34785105
vn -0.506677312 0.637612998 -0.580282488
vn -0.757405745 -0.604976758 0.245641323
vn -0.720367867 -0.678758852 0.14267641
vn -0.476286923 0.582689134 -0.658501435
vn -0.661625417 -0.748559463 0.0437097049
vn -0.429382798 0.529471196 -0.73163561
vn -0.586524897 -0.808602072 -0.0463813997
vn -0.368261764 0.482136744 -0.794938635
vn -0.495361368 -0.859727315 -0.124442997
vn -0.297181962 0.441413031 -0.846662517
vn -0.389665376 -0.90113987 -0.190020601
vn -0.216338783 0.408181101 -0.886896679
vn -0.271248106 -0.932043815 -0.240247358
vn -0.127396435 0.382099369 -0.915297886
vn -0.146206308 -0.950124573 -0.275475973
vn -0.0359524614 0.366545069 -0.929705401
vn -0.00288889939 -0.958645955 -0.284586697
vn 0.0623718824 0.356907382 -0.932055186
vn 0.133754798 -0.952684458 -0.272950504
vn 0.157381615 0.361126565 -0.919140159
vn 0.25189734 -0.938445048 -0.236365441
vn 0.243242607 0.369989524 -0.896627451
vn 0.0592194143 -0.756839326 -0.650912664
vn 0.194075415 -0.860588283 -0.470874231
vn 0.0106426624 -0.84336086 -0.537242212
vn 0.211516254 -0.603392076 -0.768881576
vn 0.148550557 -0.661137506 -0.735411402
vn 0.207050983 -0.612426401 -0.762931054
vn 0.248469932 -0.593023507 -0.765888904
vn 0.102509438 -0.651394816 -0.751782288
vn 0.147661186 -0.640783138 -0.753387778
vn 0.0262966735 -0.643983654 -0.764587169
vn 0.0698021857 -0.651177138 -0.755708932
vn 0.0953746081 -0.680451871 -0.726559657
vn 0.046647714 -0.670186883 -0.740725005
vn 0.17761169 -0.769846677 -0.613017277
vn 0.110933537 -0.706938319 -0.698521269
vn 0.271241294 -0.863831723 -0.424526695
vn 0.242903779 -0.833517752 -0.496231712
vn 0.302253845 -0.907891502 -0.29047484
vn 0.306828388 -0.885165323 -0.349769482
vn 0.239220057 -0.960876803 -0.139604919
vn 0.282513991 -0.935490859 -0.212232651
vn 0.231023051 -0.966544208 -0.111447941
vn 0.211895551 -0.971705329 -0.104350513
vn 0.270190674 -0.959842187 -0.0754981881
vn 0.266545521 -0.955459335 -0.126692322
vn 0.140680124 -0.986248757 -0.0867323036
vn 0.221406561 -0.972981543 -0.0654679461
vn -0.00334134727 -0.93880253 -0.34443961
vn 0.033625661 -0.979287412 -0.199663417
vn -0.699283821 0.713729732 -0.0398999611
vn 0.0558281285 0.863924469 -0.500517465
vn -0.707337085 0.705667608 0.0413215981
vn -0.662213181 0.747660741 -0.0497706591
vn -0.583794375 0.810735479 0.0434984075
vn -0.500076647 0.853201341 0.148225565
vn -0.395415395 0.894703561 0.207731084
vn -0.257749175 0.928802556 0.266253965
vn -0.137867052 0.939471363 0.313665799
vn 0.0103154699 0.952484841 0.304411266
vn 0.14980949 0.940082295 0.306271767
vn 0.270996603 0.923132234 0.272741121
vn 0.400939785 0.887917085 0.22550064
vn 0.510959215 0.84614419 0.151527855
vn 0.605656193 0.794181018 0.0495690144
vn 0.676539171 0.735470054 -0.0371288165
vn 0.720721638 0.677261068 -0.147911344
vn 0.743964077 0.605899411 -0.281786011
vn 0.747014659 0.529442729 -0.402069019
vn 0.715659652 0.471910598 -0.514909361
vn 0.675758377 0.414968068 -0.609222553
vn 0.621901009 0.378655638 -0.685462648
vn 0.574061569 0.341977169 -0.74397912
vn 0.465111657 0.320271464 -0.825286214
vn 0.35732067 0.252389109 -0.899233939
vn 0.349357231 0.203335628 -0.914660673
vn 0.270361811 0.212392016 -0.939038936
vn 0.0674469605 0.169647805 -0.983194045
vn -0.102059561 0.155919403 -0.982483072
vn -0.247208091 0.161061714 -0.955482749
vn -0.377737764 0.187958114 -0.906634397
vn -0.498221631 0.224080696 -0.837593606
vn -0.600243055 0.278426057 -0.749791442
vn -0.682918416 0.337557215 -0.647825257
vn -0.738764788 0.41197521 -0.53338824
vn -0.766935278 0.507537881 -0.392702914
vn -0.721171797 0.676690619 -0.148327497
vn 0.378106776 -0.908064025 -0.180152691
vn 0.334624387 0.391321505 -0.857259587
vn 0.0147318206 0.994670958 0.102042435
vn -0.00790713367 0.83516441 -0.549943529
vn -0.0949233322 0.989266483 0.11109179
vn 0.119427232 0.990085685 0.0739423599
vn 0.213876406 0.976455894 0.0281206304
vn 0.297709828 0.954037035 -0.0343830412
vn 0.387820124 0.917566034 -0.0875678344
vn 0.456201091 0.878619737 -0.141095437
vn 0.507726353 0.836536353 -0.205963299
vn 0.554324605 0.780195521 -0.289860623
vn 0.584710672 0.719079778 -0.375549869
vn 0.595188812 0.653919005 -0.467054829
vn 0.596116164 0.586549885 -0.54827434
vn 0.56799361 0.521479387 -0.636743676
vn 0.529244555 0.446974849 -0.721189077
vn 0.469472414 0.389245341 -0.792517329
vn 0.38916603 0.330853065 -0.85970114
vn 0.282320982 0.286442711 -0.915557446
vn 0.184247956 0.234461206 -0.954505439
vn 0.0745484506 0.218288109 -0.9730328
vn -0.0294988116 0.16856804 -0.985248515
vn -0.135769514 0.173352799 -0.975456532
vn -0.27888331 0.166500376 -0.945781013
vn -0.401622113 0.181750329 -0.897589269
vn -0.513641856 0.215839563 -0.830412745
vn -0.614777171 0.267777746 -0.74185181
vn -0.693570508 0.324213775 -0.643308152
vn -0.744288374 0.392412385 -0.540414041
vn -0.772146763 0.463416217 -0.434781308
vn -0.773707841 0.541660081 -0.328603916
vn -0.749383484 0.623542179 -0.22275445
vn -0.706068903 0.697331432 -0.123270349
vn -0.63897127 0.768084526 -0.0419747217
vn -0.547846828 0.836138797 0.0271249859
vn -0.442773184 0.892900248 0.0817377213
vn -0.330248336 0.937714575 0.107830482
vn -0.214515769 0.969497262 0.118566621
vn 0.108104541 0.962812883 0.24759798
vn -0.0115242233 0.843100661 -0.537632279
vn 0.00431258984 0.95749384 0.288421476
vn 0.249902272 0.9441704 0.214688404
vn 0.367073704 0.918868118 0.144700651
vn 0.472162048 0.878708486 0.0702452608
vn 0.543280549 0.839545766 -0.00302506746
vn 0.595213873 0.796188758 -0.108645792
vn 0.644026612 0.740714581 -0.191237112
vn 0.648622348 0.694899594 -0.310489297
vn 0.66645024 0.625251855 -0.406083975
vn 0.629801678 0.585276073 -0.510687541
vn 0.586775981 0.51412774 -0.625593011
vn 0.527409285 0.461190918 -0.713542139
vn 0.461691788 0.418539786 -0.782090238
vn 0.398108124 0.377906816 -0.83588059
vn 0.311418395 0.346393861 -0.884889754
vn 0.209867161 0.300914146 -0.930272246
vn 0.100231446 0.277442255 -0.955499583
vn -0.0220508583 0.254385413 -0.966851499
vn -0.143087932 0.248356585 -0.958042196
vn -0.26058589 0.244990674 -0.933849326
vn -0.371865639 0.258769072 -0.891490053
vn -0.482733914 0.281950506 -0.829139241
vn -0.583353923 0.320173963 -0.746449486
vn -0.665356008 0.36053611 -0.653693427
vn -0.722063212 0.426701376 -0.544564646
vn -0.767375812 0.477545069 -0.427884412
vn -0.776534837 0.541364624 -0.322363134
vn -0.762946315 0.614484608 -0.200802357
vn -0.738933587 0.667965582 -0.0883127103
vn -0.677249619 0.735753182 0.000457275894
vn -0.596839584 0.796012781 0.100728166
vn -0.496631712 0.849774007 0.176751465
vn -0.372072181 0.898644529 0.232379654
vn -0.259829677 0.924883685 0.277630523
vn -0.126075197 0.953149632 0.274974223
vn -0.889042972 0.117675691 -0.442442116
vn -0.99144917 -0.0308191817 0.126801899
vn -0.887603932 0.092026214 -0.451320769
vn -0.881762049 0.127991503 -0.453997648
vn -0.878337031 0.116965039 -0.463511855
vn -0.900204163 0.0732073953 -0.429270477
vn -0.928357056 0.000407810573 -0.3716894
vn -0.940968029 -0.068328276 -0.331527398
vn -0.962860203 -0.1155399 -0.244030247
vn -0.979741084 -0.149849893 -0.132862406
vn -0.981697231 -0.188407587 -0.0278051621
vn -0.980181504 -0.188464313 0.0610362374
vn -0.956523685 -0.186325213 0.224377708
vn -0.887565323 -0.100933212 0.449488915
vn -0.803035281 -0.0167117234 0.595697117
vn -0.752943712 0.045700997 0.656496143
vn -0.750042842 0.0591073006 0.658742789
vn -0.762543526 0.0568331921 0.644435691
vn -0.782414842 0.0200481959 0.622434803
vn -0.803012148 -0.0481279982 0.594016149
vn -0.798956769 -0.125118869 0.588228995
vn -0.725200501 -0.219633956 0.652568126
vn -0.740269368 -0.139474942 0.657683817
vn -0.742857428 -0.0845376001 0.664090532
vn -0.777925488 -0.0619592509 0.62529432
vn -0.832888997 0.00284840188 0.553432748
vn -0.887487357 0.08816625 0.45231947
vn -0.943517481 0.172532806 0.28285543
vn -0.971231673 0.221480415 0.0874955034
vn -0.947860827 0.164236677 -0.27310468
vn -0.886415099 0.137649794 -0.441951136
vn -0.925615149 0.180083401 -0.332876201
vn -0.911280793 0.0449822072 -0.409321288
vn -0.789883131 -0.0876210482 -0.606965561
vn -0.878939238 8.93935573e-05 -0.476933757
vn -0.889382392 0.048601428 -0.454573274
vn 0.488977461 -0.865249483 -0.110654303
vn 0.413534051 0.421574547 -0.807009597
vn -0.88789401 0.440380555 0.133075897
vn -0.818139951 0.51275567 0.260247273
vn -0.738933594 0.667964158 -0.0883234251
vn -0.677254569 0.735748606 0.000487316719
vn -0.930851127 0.365398453 0.000388169115
vn -0.762947062 0.614495851 -0.200765111
vn -0.94757753 0.287496584 -0.139436501
vn -0.776527975 0.541356633 -0.322393083
vn -0.934833795 0.215465585 -0.282241665
vn -0.767365913 0.477548799 -0.427898003
vn -0.898395013 0.135622532 -0.417723507
vn -0.722065792 0.426714206 -0.544551172
vn -0.833162899 0.0609843863 -0.549654881
vn -0.665359344 0.360544004 -0.653685678
vn -0.745578741 -0.00544790967 -0.666395274
vn -0.583347932 0.32020956 -0.746438897
vn -0.633993998 -0.0591983674 -0.771068845
vn -0.482745265 0.281972485 -0.829125158
vn -0.506105203 -0.101909754 -0.856429755
vn -0.371861163 0.258776162 -0.891489862
vn -0.364354041 -0.142243327 -0.920333075
vn -0.260604249 0.24499926 -0.93384195
vn -0.209643101 -0.170190318 -0.962852546
vn -0.143047168 0.248370665 -0.958044634
vn -0.0489498433 -0.159069699 -0.986053114
vn -0.0220992873 0.25438911 -0.966849421
vn 0.112342629 -0.136802964 -0.984207337
vn 0.100215572 0.277456131 -0.955497218
vn 0.268934376 -0.118585676 -0.955830392
vn 0.209829126 0.30093008 -0.930275671
vn 0.419539925 -0.0885876068 -0.903403834
vn 0.3113759 0.346384686 -0.884908299
vn 0.555498016 -0.0359844725 -0.830738871
vn 0.39807803 0.377872431 -0.835910467
vn 0.675619577 0.0307952345 -0.736606979
vn 0.461711223 0.41858005 -0.782057215
vn 0.774960996 0.0998144564 -0.624077342
vn 0.527422402 0.461211075 -0.713519414
vn 0.862964715 0.152442019 -0.481719142
vn 0.586764976 0.514099514 -0.625626528
vn 0.918715649 0.217725096 -0.329480408
vn 0.629836365 0.585253778 -0.510670313
vn 0.939767457 0.289377016 -0.181928746
vn 0.666443992 0.6252477 -0.406100628
vn 0.930540034 0.364586032 -0.0342384367
vn 0.648597586 0.694928359 -0.310476647
vn 0.889869016 0.443609677 0.106506286
vn 0.644054572 0.74068269 -0.191266466
vn 0.822369332 0.516063385 0.23955639
vn 0.595204014 0.796192581 -0.108671782
vn 0.727102045 0.587833491 0.354646872
vn 0.543269303 0.839553159 -0.00299279198
vn 0.611475417 0.644566836 0.458945976
vn 0.472182172 0.878698005 0.070241094
vn 0.479515051 0.682736376 0.551304232
vn 0.367080571 0.918863545 0.144712267
vn 0.326179184 0.725668165 0.605815858
vn 0.249906671 0.944171415 0.214678819
vn 0.152458469 0.759815332 0.632010346
vn 0.108093029 0.962818134 0.247582589
vn -0.00235769143 0.773304378 0.634030583
vn 0.00429595247 0.957492896 0.288424858
vn -0.0108479453 0.859197046 0.511529822
vn 0.156154877 0.852359494 0.499098133
vn 0.0147753575 0.994671697 0.102028937
vn 0.11943438 0.990084992 0.0739400921
vn -0.166726189 0.830869366 0.530903451
vn -0.0949028261 0.989267534 0.111099953
vn -0.327464908 0.795918936 0.50919523
vn -0.21448273 0.969505704 0.118557365
vn -0.470361715 0.761011369 0.446790279
vn -0.327469746 0.795914715 0.509198715
vn -0.330229656 0.937723687 0.10780845
vn -0.214481986 0.969506558 0.118551727
vn -0.600127424 0.709522941 0.369356563
vn -0.442746237 0.892911562 0.081760083
vn -0.707701226 0.650483131 0.275736597
vn -0.547851198 0.836135311 0.0271441796
vn -0.797505504 0.576794181 0.176899532
vn -0.638958239 0.768095581 -0.0419707893
vn -0.866964398 0.494446353 0.0624142318
vn -0.706081877 0.697317524 -0.123274707
vn -0.914606592 0.401359588 -0.0490434827
vn -0.74939986 0.623525814 -0.222745167
vn -0.940453054 0.295496509 -0.168017457
vn -0.773715093 0.541669306 -0.328571632
vn -0.934741519 0.198445762 -0.294750018
vn -0.772126511 0.463441951 -0.434789844
vn -0.904310089 0.10685229 -0.413286646
vn -0.74431097 0.392400795 -0.540391336
vn -0.846106322 0.0137815254 -0.532835961
vn -0.693572649 0.324226469 -0.643299446
vn -0.761272695 -0.063984963 -0.645267237
vn -0.614739875 0.267797061 -0.741875744
vn -0.655626493 -0.128480264 -0.744074407
vn -0.513637972 0.215868671 -0.830407581
vn -0.528880546 -0.182037238 -0.828943793
vn -0.401636528 0.181739178 -0.897585077
vn -0.388739165 -0.22387154 -0.89373564
vn -0.278865718 0.166522216 -0.945782355
vn -0.238916598 -0.247134187 -0.939065255
vn -0.135792917 0.173348905 -0.975453967
vn -0.082049183 -0.249542087 -0.964881691
vn -0.0294929018 0.168544975 -0.985252638
vn 0.0775339783 -0.232334005 -0.969540815
vn 0.0745453099 0.21828207 -0.973034395
vn 0.243715813 -0.205344757 -0.947858709
vn 0.18422799 0.234455319 -0.954510739
vn 0.401979279 -0.157738415 -0.901959673
vn 0.282318317 0.286462427 -0.915552099
vn 0.538069907 -0.102569073 -0.836636337
vn 0.389173827 0.330872938 -0.859689962
vn 0.660214072 -0.0287468032 -0.750527149
vn 0.469435349 0.389251283 -0.792536366
vn 0.760071188 0.0492763453 -0.64796885
vn 0.529242406 0.446965539 -0.721196425
vn 0.834650391 0.132838571 -0.534520944
vn 0.567980023 0.521495781 -0.636742368
vn 0.596118331 0.586535184 -0.548287711
vn 0.884462133 0.226711252 -0.40783421
vn 0.595185422 0.653925802 -0.467049632
vn 0.90763587 0.321351802 -0.270055822
vn 0.899437545 0.417100758 -0.130533749
vn 0.584696526 0.719087516 -0.375557077
vn 0.862029481 0.506854349 -0.00196039465
vn 0.554335184 0.780174224 -0.289897713
vn 0.793921583 0.596514427 0.117724503
vn 0.507729944 0.836525749 -0.205997515
vn 0.704119248 0.674639745 0.221533966
vn 0.456162661 0.878640987 -0.141087355
vn 0.584759214 0.759844795 0.284064338
vn 0.387832972 0.917559246 -0.0875820508
vn 0.297662677 0.954051629 -0.0343863191
vn 0.469048663 0.794839372 0.384998344
vn 0.316094008 0.837439727 0.445846702
vn 0.213837669 0.976464201 0.0281267686
vn -0.308075422 -0.12249924 0.943442352
vn -0.334542007 0.783001641 0.524394962
vn -0.184777897 -0.100390197 0.977639472
vn -0.175235764 0.817691181 0.548337085
vn -0.428433683 -0.15664808 0.889890981
vn -0.487270886 0.739756451 0.464033917
vn -0.530185402 -0.196649922 0.824761934
vn -0.62100377 0.678728256 0.392023305
vn -0.616119366 -0.251664945 0.746365649
vn -0.745223373 0.590338362 0.310068932
vn -0.686881467 -0.313617279 0.655620357
vn -0.842157312 0.499094495 0.204146387
vn -0.734154127 -0.380071177 0.562639866
vn -0.909680061 0.405469271 0.089871336
vn -0.763434603 -0.456461948 0.456957435
vn -0.953076936 0.299879008 -0.0414359078
vn -0.772448453 -0.531343416 0.347847038
vn -0.965929134 0.188868329 -0.176945364
vn -0.946282927 0.0876431653 -0.311235118
vn -0.757407063 -0.604972901 0.245646759
vn -0.894859455 -0.00491464077 -0.446320963
vn -0.72037809 -0.678747447 0.142679048
vn -0.814577855 -0.103809111 -0.570689571
vn -0.661630686 -0.748555548 0.043696977
vn -0.716096977 -0.179809995 -0.674443092
vn -0.586538929 -0.80859225 -0.0463751906
vn -0.588864089 -0.224052854 -0.776556117
vn -0.495356396 -0.859727078 -0.124464419
vn -0.443099349 -0.243604383 -0.862739747
vn -0.389661828 -0.901144057 -0.190008023
vn -0.290413613 -0.243517384 -0.925396789
vn -0.271236891 -0.932048833 -0.240240551
vn -0.12945217 -0.237861227 -0.962633976
vn -0.146182334 -0.950117787 -0.275512097
vn 0.0567076765 -0.222089073 -0.973375921
vn -0.00288091594 -0.958640241 -0.284606023
vn 0.223609633 -0.221085494 -0.949273373
vn 0.133728207 -0.952683021 -0.272968549
vn 0.36298804 -0.214163933 -0.906848109
vn 0.251916384 -0.938434437 -0.236387271
vn 0.511096716 -0.188271238 -0.838650158
vn 0.378100849 -0.908063545 -0.18016755
vn 0.649468703 -0.16340149 -0.742623967
vn 0.48895574 -0.865259214 -0.110674191
vn 0.757832504 -0.12916153 -0.639536703
vn 0.57677627 -0.816353736 -0.029928427
vn 0.644974829 -0.761707205 0.0617219846
vn 0.844267303 -0.0519331038 -0.533400107
vn 0.693821251 -0.700084433 0.168801239
vn 0.918795568 0.0177475537 -0.394334538
vn 0.721962456 -0.630867509 0.284211891
vn 0.967151577 0.0797960359 -0.241351239
vn 0.981972117 0.167754056 -0.0871168037
vn 0.726513015 -0.553414132 0.407322523
vn 0.959987757 0.274869606 0.053574308
vn 0.707916689 -0.469027312 0.528078916
vn 0.905447494 0.394314371 0.157101918
vn 0.669154075 -0.389388533 0.632937117
vn 0.818469204 0.524154385 0.235309037
vn 0.610439474 -0.316400661 0.726122765
vn 0.710395644 0.629375978 0.314998264
vn 0.534220921 -0.251810314 0.806969376
vn 0.59317474 0.702731784 0.392825365
vn 0.439896447 -0.198278909 0.875886174
vn 0.461229336 0.763114777 0.452684589
vn 0.332292241 -0.155714412 0.930233782
vn 0.314745127 0.803806865 0.504806923
vn 0.208633346 -0.124096176 0.970088793
vn 0.157464741 0.837923616 0.522579055
vn 0.0802837321 -0.100383907 0.991704388
vn -0.0119357474 0.840807123 0.541203215
vn -0.05332674 -0.0950033042 0.9940476
vn -0.184836648 -0.100393159 0.977628062
vn -0.17523709 0.817698452 0.548325819
vn -0.725149212 0.578522878 0.373456692
vn -0.59682472 0.796018156 0.100773749
vn -0.61034478 0.638387686 0.46897805
vn -0.496617506 0.849778928 0.176767719
vn -0.476386614 0.694739013 0.53888171
vn -0.372095271 0.898639102 0.232363664
vn -0.330419304 0.74015 0.585662925
vn -0.259849825 0.924879983 0.277624
vn -0.33041535 0.740161697 0.585650372
vn -0.181858498 0.766223936 0.616302172
vn -0.259859434 0.924878791 0.277618976
vn -0.126081859 0.953152388 0.274961616
vn 0.00464330778 0.803790968 0.594893704
vn 0.169950671 0.780933418 0.601048888
vn -0.00121027602 0.938236547 0.345992365
vn 0.152489057 0.919528215 0.362236041
vn 0.924231384 0.379394949 -0.043079247
vn 0.940900427 0.29049192 -0.174128779
vn 0.79457396 0.568912578 -0.212110112
vn 0.812003807 0.502539307 -0.296823283
vn 0.92882773 0.202605845 -0.310209477
vn 0.770797529 0.465530082 -0.434917134
vn 0.727959034 0.373849425 -0.574727981
vn 0.879951382 0.130460359 -0.456799365
vn 0.657799991 0.323753466 -0.680060928
vn 0.802723368 0.0619374782 -0.593126414
vn 0.516711476 0.288061748 -0.806244181
vn 0.705952703 -0.00298981682 -0.708252668
vn 0.353086923 0.231462035 -0.906507006
vn 0.57531538 -0.0417945591 -0.816863164
vn 0.26478439 0.221689919 -0.938478986
vn 0.434317435 -0.0423602452 -0.899763289
vn 0.194021245 0.251127385 -0.948309439
vn 0.296261014 -0.042543453 -0.954159036
vn 0.0840474441 0.267854269 -0.959786496
vn 0.144740342 -0.0252203964 -0.989148202
vn -0.00562644445 0.261307053 -0.965239331
vn -0.00981523413 0.00113463444 -0.999951186
vn -0.111468318 0.292081719 -0.949875299
vn -0.165430902 0.0197300876 -0.986024006
vn -0.225511154 0.288376867 -0.930582346
vn -0.306318755 0.0530807887 -0.950447921
vn -0.320980454 0.325600351 -0.889357048
vn -0.433615473 0.0892863827 -0.896663573
vn -0.429059506 0.352759734 -0.831545856
vn -0.553730219 0.133535032 -0.821919241
vn -0.510678032 0.393474917 -0.764451069
vn -0.66503942 0.179525719 -0.724909019
vn -0.585600642 0.431650263 -0.686112191
vn -0.760066643 0.226248268 -0.609188329
vn -0.646630163 0.451646788 -0.614723199
vn -0.830520103 0.27723725 -0.483089915
vn -0.87681721 0.337128248 -0.342835419
vn -0.687753658 0.49224789 -0.533560606
vn -0.892864032 0.405667112 -0.195519856
vn -0.721263829 0.567947079 -0.39650297
vn -0.73495454 0.63297231 -0.243285592
vn -0.885690904 0.461454095 -0.0511051914
vn -0.716275911 0.687231435 -0.121085813
vn -0.845343432 0.527902974 0.0819324817
vn 0.342027156 0.748137021 0.568602165
vn 0.285567797 0.900800663 0.327122606
vn 0.485038633 0.713564997 0.505531918
vn 0.423393444 0.861696197 0.279674196
vn 0.619332323 0.656965508 0.42991138
vn 0.535963168 0.814375564 0.22256667
vn 0.734087598 0.589125861 0.337707149
vn 0.633952954 0.763377548 0.123928897
vn 0.821803561 0.520876101 0.230926383
vn 0.721210975 0.692367685 0.0219480771
vn 0.887577859 0.449931429 0.0988294099
vn 0.771055713 0.630834853 -0.0867206713
vn -0.777183289 0.59440434 0.206566254
vn -0.664537874 0.747220369 -0.00715083695
vn -0.68262758 0.661317704 0.310931634
vn -0.590502683 0.800063169 0.105856068
vn -0.571542293 0.711788105 0.408285562
vn -0.496281078 0.845130544 0.198644039
vn -0.444874152 0.754657598 0.482264345
vn -0.377293205 0.885740986 0.270393682
vn -0.304412964 0.781976962 0.54391615
vn -0.24093275 0.91306649 0.329030385
vn -0.16308661 0.804542279 0.571064338
vn -0.150748852 0.915762942 0.372361408
vn -0.163076519 0.804541964 0.571067664
vn -0.150738665 0.915761332 0.37236949
vn -0.137908501 0.939464409 0.313668409
vn -0.13132857 0.834664537 0.53487187
vn 0.0103254608 0.952494346 0.304381185
vn 0.0298987426 0.845473335 0.533179993
vn 0.181264914 0.831919136 0.52445551
vn 0.149829376 0.940074499 0.306285968
vn 0.333148319 0.80421861 0.492183527
vn 0.475156953 0.762539706 0.439043355
vn 0.271020512 0.923123558 0.272746731
vn 0.400972846 0.88791365 0.225455375
vn 0.510936638 0.846153133 0.151554043
vn 0.593564363 0.722288181 0.354938207
vn 0.711631376 0.646685549 0.274551609
vn 0.60566826 0.794171517 0.049573785
vn 0.798154101 0.576407196 0.175227779
vn 0.676557869 0.73545341 -0.0371177919
vn 0.861965161 0.503828023 0.0563328043
vn 0.720712549 0.677273915 -0.147896809
vn 0.902409809 0.423500416 -0.079397318
vn 0.743945906 0.605915917 -0.281798494
vn 0.915810238 0.338856401 -0.215564252
vn 0.746990146 0.529466977 -0.40208263
vn 0.906381538 0.244666384 -0.344399286
vn 0.715655117 0.471894263 -0.514930635
vn 0.860330791 0.178486944 -0.477465539
vn 0.675760108 0.414965596 -0.609222317
vn 0.79275504 0.125696955 -0.596439203
vn 0.621904973 0.378675081 -0.685448311
vn 0.705841455 0.0650393803 -0.705377714
vn 0.574039853 0.341951824 -0.744007525
vn 0.589085123 0.00755810126 -0.808035639
vn 0.465100784 0.320293393 -0.825283832
vn 0.452025831 -0.0281799406 -0.89155961
vn 0.357281747 0.252401536 -0.899245916
vn 0.316557763 -0.0660916255 -0.946267975
vn 0.349329031 0.203344476 -0.914669477
vn 0.164148549 -0.112114148 -0.980043709
vn 0.270350044 0.212395596 -0.939041514
vn -0.00621299435 -0.134767617 -0.990857754
vn 0.067451893 0.169621639 -0.983198221
vn -0.171217378 -0.130396637 -0.976566089
vn -0.102056223 0.155938941 -0.982480317
vn -0.325808212 -0.0951941062 -0.94063122
vn -0.247242087 0.161106273 -0.955466441
vn -0.475037546 -0.0641549962 -0.877623761
vn -0.377758826 0.187990236 -0.906618961
vn -0.611760527 -0.0245715627 -0.790661303
vn -0.498208738 0.224066025 -0.837605199
vn -0.726052653 0.0318886998 -0.686899306
vn -0.600239911 0.278414766 -0.749798151
vn -0.814042557 0.107145342 -0.570836746
vn -0.682878589 0.337558074 -0.647866791
vn -0.878543424 0.191805865 -0.437460812
vn -0.738770777 0.411966855 -0.533386397
vn -0.766929702 0.507550793 -0.392697116
vn -0.911711156 0.285686434 -0.295238935
vn -0.721157541 0.676716001 -0.148281003
vn -0.896269063 0.413556821 -0.160226473
vn -0.707340138 0.705664283 0.0413261248
vn -0.839793913 0.540495762 -0.0510932017
vn -0.699252847 0.71376039 -0.0398943892
vn -0.789094706 0.613532014 0.030133264
vn -0.662198892 0.747673582 -0.0497678782
vn -0.727274662 0.673999395 0.129600852
vn -0.583789985 0.810739121 0.0434894342
vn -0.643198174 0.725336584 0.245322132
vn -0.500060733 0.853211339 0.148221709
vn -0.542356321 0.761691487 0.354507686
vn -0.395402947 0.894708113 0.207735172
vn -0.422120528 0.792472752 0.440228573
vn -0.39540387 0.894707881 0.207734412
vn -0.422126577 0.792464946 0.440236826
vn -0.257738489 0.928808158 0.266244768
vn -0.2782425 0.819926224 0.500302008
vn 0.0566937816 -0.222107255 -0.973372581
vn 0.223602918 -0.221103441 -0.949270775
vn 0.0431094692 0.853910945 -0.518630574
vn 0.0493994933 0.848223499 -0.527329675
vn 0.0501982292 0.8329916 -0.55100375
vn 0.362991896 -0.214170717 -0.906844963
vn 0.5111162 -0.188250522 -0.838642934
vn 0.0557246013 0.827957708 -0.558015056
vn 0.0745351675 0.81491743 -0.574764379
vn 0.649468867 -0.163424016 -0.742618867
vn 0.757803592 -0.129138542 -0.639575604
vn 0.0977645763 0.802100417 -0.58913242
vn 0.844245126 -0.0519215777 -0.533436328
vn 0.103522107 0.80145715 -0.589024287
vn 0.120970586 0.798227827 -0.590083429
vn 0.918786085 0.0177432471 -0.394356828
vn 0.137013876 0.802989214 -0.58003062
vn 0.967144398 0.0798145012 -0.241373897
vn 0.140148396 0.809143214 -0.570653736
vn 0.981973994 0.167733989 -0.0871342854
vn 0.141015288 0.814788893 -0.562346645
vn 0.959997286 0.274837357 0.0535690027
vn 0.135139187 0.821043016 -0.554640213
vn 0.905443373 0.394325871 0.157096805
vn 0.117928175 0.823354738 -0.55513955
vn 0.818467594 0.524155896 0.23531127
vn 0.107944141 0.82821058 -0.549922992
vn 0.710388279 0.629383928 0.31499899
vn 0.107565221 0.832813863 -0.543001651
vn 0.593201522 0.702711302 0.392821563
vn 0.083187387 0.825907923 -0.557634255
vn 0.461242472 0.763098673 0.452698352
vn 0.0692770743 0.834951296 -0.545945987
vn 0.314768688 0.803804389 0.504796174
vn 0.157458681 0.837923703 0.522580741
vn 0.0597075844 0.83256227 -0.550704158
vn -0.0119305249 0.840804463 0.541207462
vn 0.0508160113 0.836782017 -0.54517299
vn -0.175263333 0.817695891 0.54832125
vn 0.0388328948 0.842232655 -0.537713828
vn -0.334570942 0.782979819 0.524409084
vn 0.0273077997 0.840960849 -0.540406454
vn 0.0191654504 0.83333824 -0.552431048
vn -0.487296022 0.739747663 0.464021532
vn 0.00911702926 0.829660832 -0.55819332
vn -0.620995574 0.678731269 0.392031073
vn -0.00176858906 0.82520937 -0.564824193
vn -0.74522881 0.590336929 0.310058591
vn -0.842161889 0.499101009 0.204111575
vn -0.0154243702 0.82193244 -0.569376109
vn -0.0194003725 0.81648142 -0.577045679
vn -0.909681144 0.405464775 0.0898806502
vn -0.953084687 0.299853479 -0.0414423873
vn -0.0305986261 0.810733489 -0.584615201
vn -0.0366904279 0.802749832 -0.595186121
vn -0.965928701 0.188893061 -0.176921326
vn -0.039777248 0.795854411 -0.604180046
vn -0.946284585 0.0876364886 -0.311231955
vn -0.894845548 -0.00488999414 -0.446349117
vn -0.0275284344 0.79367098 -0.607724083
vn -0.81455437 -0.10383185 -0.570718955
vn -0.0247171822 0.791060023 -0.611238988
vn -0.716092526 -0.1798529 -0.674436378
vn -0.0198036147 0.789413845 -0.613541847
vn -0.00616881308 0.79994082 -0.60004719
vn -0.588850599 -0.224079036 -0.776558792
vn 0.0138812224 0.823353619 -0.567358908
vn -0.443115656 -0.24357743 -0.862738982
vn 0.0274051148 0.843052349 -0.537132847
vn -0.290406993 -0.243489307 -0.925406254
vn 0.0372962791 0.851251896 -0.523430222
vn -0.129430085 -0.237839022 -0.962642432
vn -0.112168307 0.786754253 -0.606989305
vn -0.118276757 0.764825353 -0.633287288
vn -0.370371311 0.709482233 -0.599549876
vn -0.342313323 0.667015202 -0.661749431
vn -0.0967322056 0.809639961 -0.578900694
vn -0.386899392 0.752041385 -0.533612796
vn -0.0988584021 0.827033083 -0.553392533
vn -0.390099676 0.793054889 -0.467852739
vn -0.097855751 0.841796871 -0.530850525
vn -0.378938992 0.833416672 -0.402270918
vn -0.0790225456 0.860860884 -0.502666864
vn -0.344110708 0.874814433 -0.341009571
vn -0.07546391 0.880227175 -0.468513946
vn -0.297042484 0.913327124 -0.278566559
vn 0.181174068 0.745455967 -0.641460332
vn 0.196137346 0.75938316 -0.620376787
vn 0.455401443 0.566128288 -0.687101366
vn 0.480284723 0.614040844 -0.626322942
vn 0.170565263 0.731322823 -0.660359311
vn 0.417311976 0.531420024 -0.737186186
vn 0.144965661 0.729293452 -0.668667345
vn 0.358008009 0.502770551 -0.786798601
vn 0.118823917 0.725204615 -0.678202878
vn 0.285420989 0.478978448 -0.83012921
vn 0.104032685 0.715445435 -0.690879896
vn 0.218437272 0.46237528 -0.859356887
vn 0.0847951363 0.707378073 -0.70173075
vn 0.143788665 0.452044573 -0.880329782
vn -0.0986874549 0.746406612 -0.658132173
vn -0.305963728 0.623746058 -0.719254512
vn 0.0586886831 0.694344509 -0.717245663
vn 0.0639334491 0.444927143 -0.893281787
vn -0.074415466 0.731185648 -0.678107578
vn -0.260715145 0.582895043 -0.769584942
vn 0.0226990294 0.685802221 -0.727433893
vn -0.00974358328 0.455022867 -0.890426444
vn -0.0480923753 0.712813667 -0.69970265
vn -0.205727325 0.5469415 -0.811499392
vn -0.0128289264 0.687140523 -0.726411261
vn -0.0835968146 0.484355365 -0.870868218
vn -0.0364213509 0.689440917 -0.723425675
vn -0.145663259 0.516246835 -0.843961741
vn 0.203470245 0.774379951 -0.599112303
vn 0.495143031 0.661252458 -0.563541095
vn 0.197120962 0.792952384 -0.576515259
vn 0.493542748 0.708538991 -0.504368967
vn 0.193093537 0.810140693 -0.553522306
vn 0.476311069 0.760478157 -0.441362366
vn 0.179861684 0.829973971 -0.528008506
vn 0.44876807 0.810554106 -0.376310059
vn 0.166883555 0.851238129 -0.497537463
vn 0.405753977 0.863642665 -0.299140532
vn 0.138867143 0.864644142 -0.482810962
vn 0.35866693 0.90051961 -0.245809817
vn 0.1218482 0.886437159 -0.446522316
vn 0.295021405 0.935192071 -0.195903446
vn 0.109527329 0.912002624 -0.395291004
vn 0.22655309 0.961403385 -0.156132087
vn 0.0918062769 0.932956126 -0.348086878
vn 0.156271899 0.979721303 -0.125400409
vn 0.0640657232 0.94052274 -0.333635368
vn 0.0868287343 0.990323644 -0.108258259
vn 0.019692384 0.993742714 -0.109943755
vn 0.0309242849 0.942126483 -0.333828366
vn 0.00506608462 0.933021631 -0.359784616
vn -0.0497334291 0.990497244 -0.128225564
vn -0.0253311696 0.922549716 -0.38504591
vn -0.118657697 0.980771254 -0.154945472
vn -0.0476848227 0.911142706 -0.409322766
vn -0.0674159448 0.896471671 -0.437942499
vn -0.187788348 0.964362825 -0.186386366
vn -0.245674726 0.942817374 -0.22525392
vn 0.333915409 -0.790496502 -0.513435273
vn 0.356666115 -0.777469434 -0.518006334
vn 0.408634364 -0.761805461 -0.502663303
vn 0.438764616 -0.734293653 -0.51797533
vn 0.213823659 -0.833999247 -0.508649878
vn 0.232879048 -0.833130535 -0.501658111
vn 0.0185821908 0.883628498 -0.467819815
vn 0.0338811028 0.88216481 -0.469720469
vn 0.0267956892 0.885192883 -0.464451883
vn -0.0369220341 0.901912512 -0.430337755
vn -0.0290377624 0.902544553 -0.429616268
vn -0.0209262358 0.893249356 -0.449074248
vn 0.0674519721 -0.868594795 -0.490910698
vn 0.0847859562 -0.87989607 -0.467540637
vn -0.0485638019 0.741896531 -0.668753389
vn -0.072367727 0.744866363 -0.663277479
vn -0.0414076928 0.766544039 -0.640855396
vn -0.0651955529 0.763342254 -0.642695996
vn -0.0869982265 0.768856775 -0.633474994
vn -0.0954500733 0.750643963 -0.653775898
vn -0.123990946 0.784668019 -0.60738978
vn -0.132380309 0.765771096 -0.629340991
vn -0.158630951 0.793574426 -0.587431571
vn -0.141729092 0.804131668 -0.577308518
vn -0.156227812 0.820865064 -0.549339074
vn -0.140349362 0.825440635 -0.546763034
vn -0.127001324 0.84427579 -0.520642923
vn -0.141452081 0.841603251 -0.521243971
vn -0.116026696 0.856779264 -0.502461042
vn -0.120722972 0.860617286 -0.494736142
vn -0.0960725598 0.876799519 -0.471160977
vn -0.107569523 0.866989504 -0.486577844
vn -0.0271159431 0.897396871 -0.44039026
vn -0.051204326 0.896527806 -0.440018194
vn 0.270116908 -0.688848747 -0.672699235
vn 0.106716771 -0.760918657 -0.640011194
vn 0.389594772 -0.617314003 -0.683475922
vn -0.053594194 -0.904470268 -0.423156233
vn -0.0618848911 -0.808284183 -0.585531331
vn -0.168150466 -0.907642181 -0.384592112
vn -0.213372644 -0.809478836 -0.547006516
vn -0.309000698 -0.896213081 -0.318309098
vn -0.375987879 -0.770958629 -0.514058271
vn -0.0566929192 0.769110106 -0.636596856
vn -0.531234074 -0.709748248 -0.462652983
vn -0.422062468 -0.862237937 -0.280016095
vn -0.68093516 -0.620822464 -0.388467215
vn -0.587110276 -0.778955572 -0.220294668
vn -0.807098907 -0.501903521 -0.310940847
vn -0.716777338 -0.683915651 -0.135976575
vn -0.909095501 -0.365082909 -0.200648548
vn -0.817932759 -0.575152197 -0.0136364042
vn -0.965864541 -0.254920888 -0.0460546404
vn -0.871298464 -0.471038155 0.137702736
vn -0.983624149 -0.138990498 0.114739596
vn -0.883996094 -0.373733467 0.280845512
vn -0.883996952 -0.373729538 0.280848041
vn -0.859106797 -0.266541127 0.436911133
vn -0.98362367 -0.138973325 0.114764502
vn -0.959166126 -0.0226412283 0.281935661
vn -0.755698936 -0.202246406 0.622908909
vn -0.882441695 0.0407963549 0.468649456
vn -0.635349389 -0.170353137 0.75320048
vn -0.74816219 0.055373053 0.661201302
vn -0.538906661 -0.142754368 0.830181185
vn -0.619551951 0.0634348757 0.782388264
vn -0.523701438 0.113638958 0.844288453
vn -0.498532741 -0.0882657079 0.862365509
vn -0.465528061 0.266135001 0.84407096
vn -0.494833496 0.0253285811 0.868618601
vn -0.452445008 0.518040411 0.725897821
vn -0.514133926 0.32783752 0.792583666
vn -0.394511012 0.788668383 0.471554072
vn -0.530114445 0.717986963 0.451080254
vn -0.236315063 0.959975944 0.150337547
vn -0.321682374 0.936253631 0.141243015
vn -0.00957085337 0.999286082 -0.0365475844
vn -0.0108268037 0.999941043 0.000830860992
vn 0.152986166 0.988227882 0.000941385622
vn 0.217503011 0.975670926 0.0275442335
vn 0.489280602 0.86127907 0.137123509
vn 0.367731545 0.923314834 0.110739457
vn -0.120535527 -0.0458981963 0.991647388
vn 0.122447017 0.0499938235 0.991215086
vn -0.10889294 0.211788408 0.971230147
vn 0.129027008 0.233485185 0.963761744
vn 0.722371221 0.638263274 0.266082339
vn 0.83991866 0.436386849 0.322650217
vn 0.567922724 0.79812225 0.20115828
vn 0.729831709 0.640273399 0.239573894
vn 0.912709034 0.224709473 0.341273896
vn 0.851313337 0.46561502 0.241802098
vn 0.937260917 0.0795219763 0.339438107
vn 0.921343238 0.320862343 0.21948575
vn 0.475670351 -0.556522584 -0.681190378
vn -0.0398219892 0.707214892 -0.705876268
vn -0.213383106 -0.809448684 -0.547047053
vn -0.0695383836 0.714980063 -0.695678031
vn -0.376007831 -0.770942621 -0.514067686
vn -0.134780214 0.722748945 -0.677840879
vn -0.0978291275 0.7198111 -0.687241909
vn -0.680970977 -0.620789552 -0.388457024
vn -0.531246535 -0.709738298 -0.46265394
vn -0.807102873 -0.501909025 -0.310921667
vn -0.180787108 0.726469006 -0.662992311
vn -0.232479801 0.744030912 -0.626395358
vn -0.909104878 -0.365065107 -0.200638452
vn -0.238153684 0.770646132 -0.591089979
vn -0.965861594 -0.254932758 -0.0460507379
vn -0.983625066 -0.138995582 0.114725577
vn -0.242120575 0.799744792 -0.54935043
vn -0.222940584 0.828937209 -0.512991812
vn -0.959164503 -0.022649987 0.28194048
vn -0.202221672 0.852411974 -0.482182768
vn -0.882422006 0.0407855107 0.468687471
vn -0.191831219 0.871129936 -0.452032541
vn -0.748148615 0.0553854965 0.661215621
vn -0.619554475 0.0634133815 0.782388008
vn -0.152210743 0.884556059 -0.440899613
vn -0.126210696 0.898241083 -0.420991469
vn -0.523737169 0.113646931 0.844265215
vn -0.465530323 0.266118948 0.844074774
vn -0.0984209904 0.912044145 -0.398106501
vn -0.452428662 0.518080176 0.72587963
vn -0.0597829864 0.910948038 -0.408166224
vn -0.0390920859 0.908589883 -0.415856024
vn -0.394475874 0.788681791 0.471561044
vn -0.0172261048 0.90806096 -0.418483636
vn -0.236308623 0.959974381 0.150357646
vn -0.00955341131 0.999287068 -0.0365251572
vn 0.00566777347 0.896848084 -0.442302374
vn 0.0356051315 0.900929097 -0.432503222
vn 0.152987849 0.988227602 0.000961837366
vn 0.0836604586 0.908582652 -0.409241361
vn 0.36773226 0.92331552 0.110731368
vn 0.136241881 0.904033634 -0.405168283
vn 0.5679465 0.798108712 0.201144867
vn 0.172728415 0.888889525 -0.424311568
vn 0.729838586 0.640268241 0.239566729
vn 0.183947525 0.867157248 -0.462819204
vn 0.851309021 0.46562961 0.241789201
vn 0.921348221 0.32084972 0.219483285
vn 0.196550909 0.847930691 -0.492322336
vn 0.968280384 0.194914676 0.15633735
vn 0.222404421 0.825621683 -0.518541329
vn 0.0941604518 0.880385636 -0.464817105
vn 0.118933008 0.872674896 -0.473596311
vn 0.0623925273 0.884288583 -0.46275358
vn 0.0401214008 0.884758975 -0.464318673
vn 0.00720053914 0.885629782 -0.464336129
vn -0.00874784601 0.893836333 -0.448308025
vn -0.0744022909 0.890305977 -0.449243326
vn -0.0615245901 -0.884633146 -0.462210906
vn -0.0653625308 -0.945713058 -0.318362295
vn -0.071543843 -0.939382409 -0.335323976
vn -0.392893067 -0.883702435 -0.254371864
vn -0.461965479 -0.8573658 -0.22696207
vn -0.0664906803 -0.946911136 -0.314544576
vn -0.332899257 -0.890999849 -0.308702694
vn -0.278714331 -0.89627621 -0.344974314
vn -0.0546790229 -0.944627524 -0.323556865
vn -0.0253817375 -0.936903005 -0.348666785
vn -0.161732985 -0.892732436 -0.420560624
vn -0.0204498155 -0.930530492 -0.365643006
vn -0.542519494 -0.808655594 -0.227483468
vn -0.600392505 -0.768370745 -0.221664696
vn 0.0452254095 -0.907489383 -0.41763343
vn -0.618100573 -0.74851082 -0.240173343
vn 0.152839812 -0.867057625 -0.474184633
vn -0.635605342 -0.738747127 -0.224184148
vn 0.136684165 -0.81591234 -0.561786875
vn -0.59953515 -0.77309094 -0.207094186
vn 0.0861803259 -0.762682235 -0.641006053
vn 0.0229458362 -0.715157561 -0.698586538
vn -0.533612351 -0.82405604 -0.190235388
vn -0.418652374 -0.884087602 -0.207651877
vn 0.00473341353 -0.682197265 -0.731152848
vn -0.280846584 -0.937940683 -0.2034514
vn 0.00127401209 -0.668993244 -0.743267392
vn 0.0243371064 -0.686404597 -0.726812517
vn -0.149096456 -0.977381583 -0.149984961
vn 0.0536673312 -0.993954848 -0.0957787955
vn 0.0944951521 -0.693003735 -0.714714271
vn 0.22685748 -0.971293649 -0.0715844352
vn 0.157137383 -0.686865635 -0.709593858
vn 0.228847018 -0.657015345 -0.718303473
vn 0.439251012 -0.894230474 -0.0860837224
vn 0.579032203 -0.811129874 -0.0824016679
vn 0.439265903 -0.894224076 -0.0860742043
vn 0.275718558 -0.644474893 -0.71318398
vn 0.228843342 -0.656999486 -0.71831915
vn 0.310717232 -0.664376628 -0.679748849
vn 0.713820123 -0.697376495 -0.0642406153
vn 0.770203975 -0.623272751 -0.135339994
vn 0.303052829 -0.708819426 -0.63697253
vn 0.758465764 -0.618389608 -0.205727921
vn 0.328963302 -0.773154583 -0.542231626
vn 0.704595354 -0.661586304 -0.2566105
vn 0.304295962 -0.822112207 -0.481181344
vn 0.254297989 -0.869717902 -0.422993267
vn 0.640873667 -0.70353243 -0.3071206
vn 0.604333328 -0.720337272 -0.340434197
vn 0.293713501 -0.879013889 -0.375588821
vn 0.588076578 -0.714192021 -0.379599388
vn 0.34934096 -0.870236624 -0.34734581
vn -0.613333112 -0.478569443 0.628326175
vn -0.454548337 -0.500679786 0.736685524
vn -0.739944767 -0.442633646 0.506514755
vn -0.851971142 -0.449802288 0.267998274
vn -0.846696162 -0.519388162 0.115505612
vn -0.299471613 -0.519184797 0.800477295
vn -0.0892335699 -0.545797081 0.833152397
vn 0.11936255 -0.543592883 0.830818487
vn 0.355375503 -0.506340917 0.785701679
vn 0.505363183 -0.467888029 0.72504403
vn 0.355380314 -0.50631797 0.78571429
vn 0.670243182 -0.459302638 0.582936673
vn 0.779234888 -0.507997374 0.367058112
vn 0.805024405 -0.574920588 0.146294309
vn -0.78566912 -0.618318303 0.020162084
vn -0.699387461 -0.712743834 -0.0534172833
vn -0.58044636 -0.806998137 -0.108793523
vn 0.770336561 -0.633959876 -0.068384633
vn 0.718555194 -0.670905639 -0.183204961
vn 0.679828448 -0.681652397 -0.270524106
vn 0.647993476 -0.674500044 -0.353771318
vn 0.25981009 -0.911981499 -0.317471988
vn 0.28673316 -0.899007203 -0.331013813
vn 0.210238371 -0.924212501 -0.3187963
vn 0.125422192 -0.93643923 -0.327644385
vn 0.0316057583 -0.934818485 -0.35371666
vn -0.382599577 -0.88089473 -0.278643208
vn 0.11148875 -0.725818687 0.678791199
vn 0.323407236 -0.701832526 0.634695884
vn 0.21023072 -0.924222617 -0.318772017
vn 0.125424537 -0.936433186 -0.327660759
vn 0.259797765 -0.911985017 -0.317471968
vn -0.147673359 -0.738175937 0.658246812
vn -0.323589864 -0.747768445 0.579768879
vn 0.286721656 -0.899006868 -0.331024686
vn -0.803111758 -0.577472344 0.146755564
vn 0.349352577 -0.870248604 -0.34730411
vn -0.859707093 -0.510333637 -0.0215242455
vn 0.293713331 -0.879012006 -0.375593361
vn -0.880893776 -0.439628976 -0.175363959
vn 0.25429262 -0.869729389 -0.422972875
vn 0.304264631 -0.822118561 -0.481190301
vn -0.861127238 -0.372854605 -0.345599947
vn -0.787340907 -0.300566181 -0.538288275
vn 0.328958482 -0.773172997 -0.542208294
vn -0.616373644 -0.195165593 -0.762885262
vn 0.303054409 -0.708841836 -0.63694684
vn -0.391402059 -0.115862042 -0.912896717
vn 0.310724455 -0.664376527 -0.679745647
vn -0.187726762 -0.0262144097 -0.981871411
vn 0.275728331 -0.644466713 -0.713187594
vn -0.090688213 0.0444467167 -0.994886997
vn 0.228856156 -0.656983687 -0.718329517
vn 0.157163526 -0.686861542 -0.709592029
vn 0.0293601569 0.081244084 -0.996261703
vn 0.228864041 -0.6569976 -0.71831428
vn -0.0906892376 0.0444441891 -0.994887017
vn 0.107845973 0.0802019025 -0.990927293
vn 0.0945064991 -0.693006182 -0.714710399
vn 0.0243403937 -0.68639427 -0.72682216
vn 0.197383619 0.0972167745 -0.975494032
vn 0.323091143 0.108105115 -0.940173068
vn 0.00126908719 -0.668998395 -0.743262764
vn 0.00474238378 -0.682186382 -0.731162943
vn 0.468342659 0.0621006842 -0.88136182
vn 0.616325421 -0.0302019186 -0.786912206
vn 0.022943495 -0.715180395 -0.698563239
vn 0.765329713 -0.118579792 -0.632620948
vn 0.0861698384 -0.762654545 -0.641040407
vn 0.136681089 -0.815920137 -0.561776299
vn 0.872790382 -0.179344887 -0.453951936
vn 0.926866505 -0.237042313 -0.29108319
vn 0.152849678 -0.867063478 -0.474170752
vn 0.943072785 -0.275876422 -0.185757697
vn 0.0452162001 -0.907499267 -0.417612951
vn -0.0204229354 -0.930530205 -0.365645239
vn 0.940915933 -0.327658398 -0.0855405254
vn 0.929922432 -0.367723327 -0.00488114568
vn -0.0715155928 -0.939391917 -0.335303364
vn 0.896425833 -0.432702382 0.0958612271
vn -0.0653577145 -0.945728926 -0.318316145
vn 0.837621044 -0.498558111 0.22322813
vn -0.066505639 -0.946911465 -0.314540424
vn -0.054662524 -0.944623473 -0.323571479
vn 0.748710857 -0.558755901 0.356684588
vn -0.0254054064 -0.936912242 -0.348640238
vn 0.63347851 -0.612535532 0.472763365
vn 0.499462164 -0.664250572 0.556155306
vn 0.031633677 -0.934820016 -0.353710119
vn 0.242892563 -0.833506875 -0.496255471
vn 0.271254125 -0.863823069 -0.424536106
vn 0.177579003 -0.769835255 -0.613041089
vn 0.306841642 -0.885157884 -0.349776681
vn 0.302245101 -0.907906545 -0.29043692
vn 0.282539173 -0.935482868 -0.212234349
vn 0.239202167 -0.960883083 -0.139592351
vn 0.21191225 -0.971703943 -0.104329507
vn 0.23105243 -0.966535965 -0.111458525
vn 0.266523326 -0.955466338 -0.126686202
vn 0.270188588 -0.959842559 -0.0755009216
vn 0.221422197 -0.972977569 -0.0654741166
vn 0.140646756 -0.98624895 -0.0867842108
vn 0.0619006007 -0.986211853 -0.153474745
vn 0.0336178637 -0.979289541 -0.199654289
vn -0.00336033091 -0.938804851 -0.344433098
vn -0.0190927392 -0.8936136 -0.44843082
vn 0.0106263154 -0.843379419 -0.537213399
vn 0.059215097 -0.75686018 -0.650888808
vn 0.148562779 -0.661129708 -0.735415943
vn 0.211500138 -0.603388579 -0.768888753
vn 0.248450372 -0.593013207 -0.765903224
vn 0.207045452 -0.612417079 -0.762940039
vn 0.20701475 -0.612447387 -0.762924041
vn 0.147631187 -0.640765773 -0.753408427
vn 0.102512013 -0.651420715 -0.751759496
vn 0.0697695209 -0.65116567 -0.755721829
vn 0.0262817154 -0.643969593 -0.764599525
vn 0.0466919393 -0.670188109 -0.740721109
vn 0.0953971368 -0.680459547 -0.726549511
vn 0.110925789 -0.706961711 -0.698498825
vn -0.478599119 -0.869326953 -0.123343147
vn -0.415331491 -0.895377849 -0.16061837
vn -0.369342628 -0.893837106 -0.254246438
vn 0.724803935 -0.59959523 0.339329951
vn 0.640031328 -0.559249467 0.526877532
vn 0.54193327 -0.465736196 0.699569958
vn 0.430195351 -0.414391782 0.80200462
vn 0.307468634 -0.44106411 0.843163976
vn 0.307443737 -0.441070544 0.843169688
vn 0.0781067379 -0.477322899 0.875249786
vn -0.137102636 -0.468688672 0.872659038
vn -0.323333855 -0.450373301 0.83223741
vn -0.461490941 -0.431033088 0.775394473
vn -0.606997996 -0.431907675 0.667090094
vn -0.679043133 -0.542091875 0.495011942
vn -0.814705543 -0.46718553 0.343500451
vn -0.550134974 -0.824950567 -0.129645946
vn -0.457539781 -0.888909659 -0.0222927399
vn -0.461759573 -0.883175541 -0.0823350548
vn -0.608554719 -0.791660917 0.0541677507
vn -0.527892369 -0.84867201 0.0329464267
vn -0.523981261 -0.843329657 0.119326137
vn -0.60720259 -0.744468108 0.277618894
vn -0.794798314 -0.554022837 0.247698072
vn -0.64378288 -0.765188961 -0.0054274439
vn -0.729611763 -0.670330032 0.135367364
vn -0.765881041 -0.576902853 0.283917823
vn -0.759539152 -0.497980863 0.418467845
vn -0.556646571 -0.805448089 0.203464912
vn -0.572617428 -0.738763329 0.355440607
vn -0.538128725 -0.634001812 0.555391013
vn -0.543290094 -0.727553898 0.418928632
vn -0.598368538 -0.732439011 0.324789451
vn -0.62563377 -0.646363431 0.436802817
vn -0.559544982 -0.660345213 0.500852885
vn -0.615432697 -0.492833436 0.615107958
vn -0.593519825 -0.514628422 0.618782518
vn -0.542133114 -0.457981555 0.704517269
vn -0.473072202 -0.434008865 0.766706591
vn -0.333311897 -0.599423452 0.727732577
vn -0.18572007 -0.448682988 0.874180549
vn -0.0408946024 -0.470829495 0.881275903
vn 0.0728109068 -0.630990615 0.772366115
vn 0.342736883 -0.549916731 0.761658072
vn 0.358385398 -0.617012899 0.70061044
vn 0.0727766753 -0.630989164 0.772370527
vn 0.432897463 -0.660976849 0.612951377
vn 0.666527527 -0.587436457 0.45897654
vn -0.511723095 -0.656701408 0.553969976
vn -0.52762925 -0.68204368 0.506383051
vn -0.509930088 -0.678520543 0.528754365
vn -0.365929043 -0.762147702 0.534066302
vn -0.0387962255 -0.815111353 0.57800375
vn 0.432899647 -0.660984656 0.612941417
vn 0.336857995 -0.789666352 0.512790156
vn 0.0727900677 -0.630992409 0.772366613
vn -0.03882864 -0.815105867 0.57800931
vn 0.666550337 -0.5874346 0.45894579
vn 0.675811257 -0.614955266 0.406336271
vn -0.814623883 -0.0254451734 0.579431163
vn -0.812202897 -0.0522570774 0.58102982
vn -0.510125841 -0.10534109 0.853624555
vn -0.47143775 -0.170716051 0.865218168
vn -0.358332608 -0.17697973 0.916665652
vn -0.81927084 -0.114262952 0.561906815
vn -0.458082281 -0.102939841 0.882929223
vn -0.803754006 -0.0437579133 0.593350439
vn -0.401551167 -0.114415356 0.908661536
vn -0.785053746 0.00394973659 0.619415059
vn -0.361907649 -0.177653613 0.915129525
vn -0.777323136 0.0586629622 0.626360439
vn -0.786768575 0.0990268466 0.609252733
vn -0.350905154 -0.285203586 0.891921795
vn -0.404681574 -0.430863995 0.806591
vn -0.840591886 0.16173063 0.516960816
vn -0.465330925 -0.591144355 0.658798514
vn -0.906686762 0.262805861 0.329927559
vn -0.922987102 0.348892883 0.162384007
vn -0.541865318 -0.74968958 0.379930929
vn -0.657611504 -0.745930478 0.105521712
vn -0.909863101 0.410848358 0.0579030566
vn -0.687766074 -0.723426205 -0.0602690099
vn -0.905834789 0.421584235 0.0415940782
vn -0.705357097 -0.670312483 -0.230548346
vn -0.908188242 0.415894059 0.0471831464
vn -0.734351759 -0.545394033 -0.404070345
vn -0.910342047 0.411286763 0.0460494972
vn -0.740858186 -0.362853429 -0.565213709
vn -0.933397078 0.357687981 0.0287958905
vn -0.696520642 -0.238447281 -0.676758369
vn -0.967875544 0.250669221 0.0195415533
vn -0.696431206 -0.0991038614 -0.710747493
vn -0.978193854 0.204077496 0.0385896208
vn -0.986220196 0.162759219 0.0296506596
vn -0.696490388 0.068540255 -0.714285218
vn -0.995288484 0.0969379664 0.00196586184
vn -0.656894503 0.171432752 -0.734234583
vn -0.99885533 0.0470059657 0.00885826155
vn -0.631467721 0.178963915 -0.754466987
vn -0.999912435 0.0121603577 -0.00521991786
vn -0.634306465 0.150007565 -0.758388449
vn -0.998358139 -0.0543508038 -0.0180836169
vn -0.614047241 0.116757605 -0.780585452
vn -0.626354414 0.0831117571 -0.77509521
vn -0.993102504 -0.117235118 -0.00182864231
vn -0.604235952 0.152742836 -0.782028478
vn -0.982748897 -0.18481829 -0.00684141099
vn -0.88054569 -0.473485543 0.0212303919
vn -0.563825358 0.374872577 -0.735915427
vn -0.77955483 -0.626057619 0.0186044378
vn -0.559534032 0.576996923 -0.594975813
vn -0.713043653 -0.701119029 0.000925143857
vn -0.561351537 0.688418153 -0.459309154
vn -0.627808435 -0.777912574 -0.0266194762
vn -0.475479768 0.828982528 -0.294460453
vn -0.567867676 -0.821519809 -0.051298204
vn -0.457746996 0.886274801 -0.0706021613
vn -0.51529561 0.835883245 0.189128618
vn -0.534824725 -0.843112924 -0.0558848072
vn -0.5152892 0.835889234 0.189119614
vn -0.577873286 0.642750845 0.502925259
vn -0.534830819 -0.843109847 -0.0558729064
vn -0.566499678 -0.824048232 -0.00475668672
vn -0.58306248 0.432942452 0.687458346
vn -0.629658863 -0.771889335 0.0878440133
vn -0.7171586 -0.663332799 0.213712751
vn -0.502079435 0.287188047 0.815744609
vn -0.458905006 0.107314908 0.881980559
vn -0.81312417 -0.423202529 0.399660736
vn -0.377287171 -0.05711093 0.924333669
vn -0.824800523 -0.236046561 0.513795794
vn -0.887548579 -0.100920501 0.449524829
vn -0.956518053 -0.186304275 0.224419097
vn -0.803026452 -0.016698491 0.59570939
vn -0.752930261 0.0456971834 0.656511835
vn -0.750048059 0.059114519 0.658736201
vn -0.762540407 0.0568150746 0.644440979
vn -0.782421048 0.0200282673 0.622427644
vn -0.803016274 -0.0481107395 0.59401197
vn -0.798945111 -0.125138373 0.58824068
vn -0.725184881 -0.219612393 0.65259274
vn -0.740271759 -0.139453232 0.65768573
vn -0.742835495 -0.0845468234 0.664113892
vn -0.777931433 -0.0619684633 0.625286011
vn -0.832884217 0.00282284635 0.553440071
vn -0.887492163 0.088206913 0.452302113
vn -0.943515182 0.172552528 0.282851069
vn -0.971236095 0.221454251 0.0875126407
vn -0.943510268 0.172545769 0.282871583
vn -0.947863764 0.164239918 -0.273092538
vn -0.886402676 0.13765376 -0.441974816
vn -0.925618805 0.180051591 -0.332883242
vn -0.911274653 0.0449710089 -0.409336189
vn -0.789893436 -0.0876153917 -0.606952966
vn -0.878932531 0.000112304097 -0.476946111
vn -0.889392506 0.0485884103 -0.454554877
vn -0.887612305 0.0920231324 -0.451304928
vn -0.889045262 0.1176812 -0.442436049
vn -0.881777039 0.127975182 -0.453973135
vn -0.878328592 0.116995999 -0.463520033
vn -0.900198636 0.0732218236 -0.429279606
vn -0.928361729 0.000419269494 -0.371677715
vn -0.940949979 -0.0683283469 -0.33157861
vn -0.962860867 -0.115541473 -0.244026882
vn -0.979737621 -0.149851006 -0.132886678
vn -0.981699749 -0.188392021 -0.0278217309
vn -0.980176391 -0.188483058 0.0610604526
vn -0.7347807 0.328939743 0.5932082
vn -0.84059874 0.161708867 0.516956478
vn -0.762837798 0.447825915 0.46640159
vn -0.906679103 0.262792114 0.329959556
vn -0.821677795 0.550636584 0.147122242
vn -0.922988405 0.348898267 0.162365032
vn -0.649148659 0.754659457 0.0953683581
vn -0.417947385 0.908153952 0.0240079726
vn -0.766093673 0.134094915 0.628584948
vn -0.786783654 0.099012206 0.609235639
vn -0.714629514 0.029441676 0.698883284
vn -0.777331526 0.0586716753 0.626349211
vn -0.78505687 0.00394283747 0.619411144
vn -0.630831193 -0.0789819287 0.771889798
vn -0.607748121 0.0247831919 0.793743041
vn -0.638209478 0.106872334 0.762408661
vn -0.812191932 -0.0321951324 0.582501278
vn -0.814620805 -0.0254514456 0.579435214
vn -0.807526623 -0.0478176065 0.58788964
vn -0.803747964 -0.0437712971 0.593357635
vn -0.812193986 -0.052255127 0.581042452
vn -0.709736717 -0.108013096 0.696137173
vn -0.819276777 -0.114257088 0.561899351
vn -0.777536455 -0.136622386 0.613817061
vn -0.824800616 -0.236047795 0.513795078
vn -0.728688907 -0.31301617 0.609125072
vn -0.813113812 -0.42321046 0.399673411
vn -0.666080838 -0.519249349 0.535459085
vn -0.58059837 -0.715204661 0.389085886
vn -0.71714939 -0.663343018 0.21371194
vn -0.629634085 -0.771908071 0.0878569797
vn -0.37875224 -0.891312804 0.24921522
vn -0.365931136 -0.762145271 0.534068338
vn -0.509923576 -0.678504547 0.52878117
vn -0.593524189 -0.514629677 0.618777289
vn -0.547125043 -0.142574444 0.824819202
vn -0.520235008 -0.198110821 0.830727175
vn -0.580115742 -0.31855714 0.749657971
vn -0.637569769 -0.359019573 0.681622869
vn -0.754287196 -0.393515973 0.525543533
vn -0.759537616 -0.497970749 0.418482668
vn -0.615423035 -0.492832268 0.615118561
vn -0.609141279 -0.164727713 0.775765224
vn -0.591012675 -0.28280038 0.755465395
vn -0.66032012 -0.186570412 0.727439908
vn -0.635326874 -0.34420882 0.691288689
vn -0.0388090023 -0.815091903 0.578030321
vn -0.0401412559 -0.974013894 0.222902699
vn -0.0401554933 -0.974011614 0.222910101
vn 0.30331121 -0.930478094 0.205457603
vn 0.693394404 -0.69647214 0.184745121
vn 0.938198303 -0.271267924 0.214936403
vn 0.853838132 -0.375620489 0.360374378
vn 0.965599928 0.137003248 0.221013322
vn 0.94282196 0.0534236688 0.328987329
vn 0.82913384 0.535668491 0.159988572
vn 0.607991649 0.791997714 0.0555497593
vn 0.305980535 0.952027683 0.00438217513
vn 0.0098474291 0.999780347 -0.0185009431
vn -0.90986036 0.410855564 0.0578950027
vn -0.819576945 0.571507181 0.040904428
vn -0.667509513 0.744503685 0.012054584
vn -0.454380182 0.890687347 -0.01465262
vn -0.26581599 -0.962694406 -0.0506096884
vn -0.566517761 -0.824035928 -0.00473463692
vn -0.534835892 -0.843105387 -0.0558916378
vn -0.254921314 -0.958562097 -0.127176377
vn -0.567832981 -0.821543881 -0.0512967655
vn -0.360160288 -0.926305136 -0.110649729
vn -0.62778959 -0.777928551 -0.0265969981
vn -0.423736218 -0.905603833 -0.0181470372
vn -0.713024394 -0.701138633 0.000911479479
vn -0.44316978 -0.896286797 -0.0164475703
vn -0.779564585 -0.626045133 0.0186158158
vn -0.504929166 -0.863159803 -0.00130028929
vn -0.0172088444 -0.997198799 -0.0727901828
vn 0.278036456 -0.959013025 -0.0546785786
vn -0.0172031806 -0.997199315 -0.0727844475
vn 0.640477814 -0.767969009 -0.0034308379
vn 0.933624011 -0.354665041 0.0505857133
vn 0.995012265 0.0413542647 0.0907767415
vn 0.889993316 0.448269795 0.0834630969
vn 0.733346339 0.679618997 0.0179211377
vn 0.376320423 0.926356561 -0.0156991172
vn -0.0106587087 0.999431016 -0.0320005524
vn -0.499801366 0.866028608 -0.0138940104
vn -0.700475702 0.713521366 0.0148677889
vn -0.826262986 0.562229984 0.0344517329
vn -0.905829555 0.421595803 0.0415908191
vn -0.856701103 -0.512662025 0.0569286253
vn -0.880529838 -0.473516209 0.0212038777
vn -0.811134839 0.580367205 0.0723476426
vn -0.853426066 0.518960241 0.0484171355
vn -0.910357096 0.411256381 0.0460233292
vn -0.908197378 0.415873203 0.0471911076
vn -0.933398585 0.357684389 0.0287916461
vn -0.967881872 0.250646559 0.0195188355
vn -0.907627385 0.412690014 0.0768080925
vn -0.933188493 0.351161398 0.0764519991
vn -0.938766458 0.342446339 0.0380531418
vn -0.978190912 0.204088755 0.0386046539
vn -0.978916583 0.162284892 0.124040066
vn -0.986221082 0.162758483 0.0296252047
vn -0.986236231 0.119396494 0.114379082
vn -0.995288724 0.09693518 0.00198180981
vn -0.995872745 0.0695197697 0.0583479035
vn -0.998855398 0.0470038827 0.00886164099
vn -0.99568709 -0.0209271472 0.0903840347
vn -0.999912502 0.0121618493 -0.00520361665
vn -0.994664327 -0.0573655423 0.0857442202
vn -0.998358318 -0.0543486474 -0.0180801663
vn -0.993101593 -0.117242722 -0.00183600368
vn -0.988735041 -0.132666265 0.069301369
vn -0.970230907 -0.230290871 0.0749540002
vn -0.982746881 -0.184828779 -0.00684761781
vn -0.891205687 -0.449565555 0.0603592132
vn -0.561345195 -0.826552246 0.0412668954
vn 0.0205921379 -0.990514827 -0.135854121
vn -0.197940101 -0.976021052 -0.0905683302
vn -0.172919741 -0.974226076 -0.144852739
vn -0.0277144017 -0.995774611 -0.0875490458
vn -0.10628445 -0.994003444 -0.025705419
vn -0.138033846 -0.989847331 0.0338956983
vn 0.271197666 -0.95634108 -0.108919992
vn 0.0205960477 -0.990514264 -0.135857626
vn 0.275473959 -0.958306315 -0.0759151191
vn -0.0276874752 -0.995774668 -0.0875569208
vn 0.282795367 -0.959142616 -0.00849841784
vn -0.106272086 -0.99400483 -0.0257029632
vn 0.290180476 -0.955470083 0.0535930158
vn -0.138003975 -0.989851719 0.0338891878
vn 0.618971962 -0.784053142 -0.0461993506
vn 0.61784772 -0.786096661 -0.0177830049
vn 0.623701761 -0.780905745 0.0343850397
vn 0.624762514 -0.777013654 0.0769518213
vn 0.906321274 -0.422562954 0.00472220189
vn 0.892209613 -0.45059823 0.0303849008
vn 0.892847575 -0.446732316 0.0570389867
vn 0.890377679 -0.448823163 0.0760615361
vn 0.997613205 -0.0618125366 0.030775041
vn 0.997079164 -0.0590286438 0.0484639962
vn 0.997405447 -0.0498248095 0.0519601967
vn 0.996653708 -0.0591781609 0.0563855704
vn 0.958413931 0.27794476 0.0647259446
vn 0.946362041 0.31989123 0.0454806467
vn 0.950269738 0.310095902 0.0287742381
vn 0.953571656 0.299820398 0.0284398475
vn 0.755885865 0.654699527 -0.00225583969
vn 0.761018072 0.648730596 0.00032823577
vn 0.388907274 0.920783922 -0.0301347166
vn 0.382902913 0.923280574 -0.0306323416
vn -0.0236886084 0.998933053 -0.0396434849
vn -0.0618025948 0.997184511 -0.042467528
vn -0.636311721 0.771051652 0.0242227865
vn -0.742365519 0.669956366 0.00720444796
vn -0.946542387 0.321854637 0.0216125496
vn -0.995166639 0.08567521 0.047990821
vn -0.779735771 0.626016761 -0.0107304601
vn -0.0895977214 0.995145977 -0.0407029754
vn -0.992221344 -0.107836316 0.0621943177
vn -0.916866654 -0.391528803 0.0778507278
vn -0.608466654 -0.788013682 0.0938230674
vn -0.168960869 -0.980333475 0.101973047
vn 0.299336999 -0.947520854 0.112256812
vn -0.168985242 -0.980329448 0.101971374
vn 0.621037541 -0.775532393 0.113410234
vn 0.885271546 -0.455896609 0.0919378662
vn 0.995248159 -0.076504485 0.0602342519
vn 0.956893338 0.289192387 0.0268868451
vn 0.758360682 0.651829012 -0.00283105269
vn 0.380048489 0.92445191 -0.0308514626
vn 0.296617283 -0.937868327 0.180058846
vn 0.277151699 -0.914092047 0.296011259
vn -0.197193712 -0.963472834 0.181203584
vn -0.216521528 -0.932191024 0.290066067
vn -0.664708376 -0.712010444 0.226282793
vn -0.641129867 -0.752885568 0.148713868
vn -0.216515167 -0.932190426 0.290072735
vn -0.197187006 -0.963477435 0.181186416
vn 0.257513139 -0.859829795 0.44088514
vn -0.20064265 -0.900206155 0.38648597
vn -0.675599135 -0.680864745 0.282823281
vn -0.20064693 -0.900205685 0.386484844
vn 0.570785269 -0.776150181 0.267946026
vn 0.606451931 -0.778572725 0.161370903
vn 0.8551525 -0.479209781 0.197666862
vn 0.875197057 -0.469897897 0.115004682
vn 0.993467621 -0.0944763511 0.0640023911
vn 0.986054328 -0.108334339 0.126335007
vn 0.957138884 0.288515975 0.0253710252
vn 0.95152128 0.296550115 0.08164119
vn 0.744934813 0.667131371 0.00280323093
vn 0.717949624 0.692546582 0.0701966502
vn -0.153361536 0.984532079 0.0847161413
vn 0.328579873 0.941119742 0.0795543713
vn -0.116911502 0.993029904 -0.0149435444
vn 0.364602751 0.931108792 -0.0100623365
vn -0.803187046 0.591043628 0.0745519865
vn -0.793193336 0.608943994 0.00561628786
vn -0.950250506 0.310008796 0.0303071266
vn -0.949692396 0.30390334 0.07567769
vn -0.99448617 0.0930403114 0.0483813834
vn -0.99160218 0.0978060284 0.0846114494
vn -0.993555658 -0.0928615425 0.0649914487
vn -0.991176084 -0.0846258662 0.102021728
vn -0.929836201 -0.355402901 0.0953594135
vn -0.932302726 -0.332532129 0.142246299
vn 0.52459096 -0.737859827 0.424696597
vn 0.801894999 -0.468425156 0.370866935
vn 0.947112647 -0.109673056 0.301578273
vn 0.918538541 0.304102015 0.25260426
vn 0.663913204 0.70501722 0.249339082
vn -0.17638224 0.945094293 0.275111036
vn 0.290242047 0.918803886 0.267505091
vn -0.805099394 0.559168423 0.197852574
vn -0.938501009 0.296344425 0.177188705
vn -0.979233395 0.10139571 0.17555873
vn -0.97863371 -0.0817260014 0.188671468
vn -0.929359997 -0.302659547 0.211393459
vn -0.335329298 -0.879746836 0.337045646
vn -0.183451259 -0.933772332 -0.307270023
vn 0.635925534 -0.689474202 0.346733386
vn -0.358331711 -0.752261968 0.552901723
vn 0.605777609 -0.596076797 0.526997097
vn -0.0951339048 0.112748474 0.989058806
vn -0.502533583 -0.697765443 0.510473687
vn -0.28019255 0.178158236 0.943266546
vn -0.937652916 -0.246427357 0.245113374
vn -0.307306593 -0.898529817 -0.313379683
vn -0.489320888 -0.825337459 0.28175015
vn -0.938662103 -0.335099597 0.081373936
vn -0.0951178379 0.11274367 0.989060899
vn -0.280190361 0.178174857 0.943264057
vn -0.307311412 -0.898528005 -0.313380152
vn -0.183427892 -0.933772383 -0.307283818
vn -0.787834613 -0.421740459 0.448833607
vn -0.421201397 -0.262164491 0.868250634
vn 0.181908122 -0.657530711 0.731138017
vn -0.283973856 -0.268145942 0.920574062
vn 0.0842531285 -0.817535635 0.569681399
vn -0.381032753 -0.884900256 0.267890982
vn -0.457822407 -0.840725733 0.289100131
vn -0.748946568 -0.570777641 0.336588656
vn -0.498486273 -0.784554497 0.368762359
vn -0.283959917 -0.268104734 0.920590363
vn -0.675591358 -0.584006796 0.450013755
vn 0.181907853 -0.65751223 0.731154703
vn -0.787850218 -0.421727966 0.448817954
vn -0.421208984 -0.262177645 0.868242981
vn -0.198372846 -0.804085663 0.560441309
vn -0.395643848 -0.825441026 0.402632658
vn -0.748942342 -0.570787435 0.336581449
vn -0.229016708 -0.738975821 0.633613513
vn -0.457863294 -0.840698312 0.28911512
vn -0.383554607 -0.588528631 0.711702124
vn -0.381022482 -0.884905289 0.267888963
vn -0.532068003 -0.509114377 0.676539866
vn 0.0842844979 -0.8175446 0.569663892
vn -0.67092578 -0.531244988 0.517336796
vn -0.421209411 -0.262150255 0.868251044
vn -0.283954796 -0.268093115 0.920595326
vn -0.380994424 -0.884905554 0.267927994
vn -0.457899845 -0.840681588 0.28910586
vn -0.67561534 -0.680858718 0.282799078
vn -0.200672966 -0.900193058 0.386500737
vn -0.289700906 -0.138793742 0.94700036
vn -0.43085647 -0.207087873 0.878337814
vn -0.653344155 -0.424649765 0.626748747
vn 0.226424364 -0.438500366 0.869741017
vn -0.237454689 -0.620759942 0.747176261
vn -0.732911383 -0.35538652 0.580121819
vn -0.259685709 -0.58692318 0.766866685
vn -0.442818567 -0.300399868 0.844790883
vn -0.797000292 -0.451512148 0.401157468
vn -0.555573053 -0.801944742 0.219597842
vn -0.511781758 -0.260797694 0.818574368
vn -0.668745127 -0.376119682 0.641337617
vn -0.438894253 -0.87454893 0.206242585
vn 0.229650915 -0.657826897 0.717303444
vn -0.438899702 -0.874538608 0.206274754
vn 0.229651744 -0.657826482 0.717303559
vn -0.307279011 -0.950923464 -0.0363892104
vn 0.359867277 -0.627435218 0.69052197
vn -0.963571276 -0.244141734 0.109202605
vn -0.797001277 -0.451509867 0.401158079
vn -0.484208386 -0.8706274 -0.0868917083
vn -0.555561944 -0.801945365 0.219623672
vn -0.970746063 -0.0915412403 0.221973608
vn -0.332148029 0.190595039 0.923770111
vn -0.732922363 -0.35538587 0.580108346
vn -0.430882274 -0.207064566 0.87833065
vn -0.289720067 -0.138845941 0.946986846
vn -0.184318802 0.128018216 0.974493671
vn 0.226376692 -0.438500776 0.86975322
vn 0.340846294 -0.436003275 0.832901524
vn -0.545846723 -0.53167947 0.647586516
vn -0.474717551 -0.560508282 0.678582134
vn -0.484153652 -0.643915049 0.592426073
vn -0.54353369 -0.612230344 0.574234389
vn -0.332130432 0.190584235 0.923778667
vn -0.184311375 0.128021615 0.97449463
vn -0.484229287 -0.870615794 -0.0868915237
vn -0.307277237 -0.950923446 -0.0364046645
vn -0.430859543 -0.207091572 0.878335434
vn -0.289712408 -0.13881827 0.946993246
vn -0.438896771 -0.874544667 0.206255302
vn -0.555573194 -0.80194713 0.219588767
vn -0.790299758 -0.484552512 0.37501354
vn 0.0801671174 -0.820767284 0.56560967
vn 0.0458675484 -0.724123857 0.688143014
vn 0.0411472764 -0.542817098 0.838842357
vn -0.147338854 -0.397664339 0.905623727
vn -0.769184998 -0.148162553 0.621612658
vn -0.827552034 -0.203624691 0.523158309
vn -0.775522811 -0.395429735 0.492137881
vn 0.273522983 -0.713144187 0.645453752
vn 0.0801606119 -0.820769613 0.565607212
vn 0.257515368 -0.859808196 0.440925958
vn -0.200657482 -0.900206415 0.386477664
vn 0.436693011 -0.602773684 0.667804687
vn 0.524578829 -0.737855814 0.424718555
vn 0.801899969 -0.468438486 0.370839351
vn 0.662892582 -0.385917688 0.64159252
vn 0.947107735 -0.109670154 0.301594754
vn 0.786496526 -0.0809237048 0.612270013
vn 0.918533317 0.304097601 0.252628571
vn 0.766227315 0.271859552 0.582226834
vn 0.663899092 0.705024499 0.249356075
vn 0.551528309 0.606590148 0.572594898
vn 0.253853144 0.770776595 0.584347518
vn 0.290245898 0.918814433 0.267464683
vn -0.138525676 0.805280688 0.576483868
vn -0.176357781 0.94509418 0.275127106
vn -0.753921076 0.509578106 0.414648244
vn -0.138515979 0.80528768 0.576476431
vn -0.805096529 0.559169732 0.197860531
vn -0.176380878 0.945096627 0.275103891
vn -0.88604917 0.285822418 0.364996458
vn -0.938505516 0.296341475 0.177169769
vn -0.979236422 0.101383221 0.175549057
vn -0.926497131 0.0894621717 0.365512771
vn -0.923595937 -0.0830205116 0.374270143
vn -0.978626463 -0.0817227998 0.188710439
vn -0.929366 -0.302661597 0.21136413
vn -0.902297932 -0.208052234 0.377588015
vn -0.861630874 -0.383273997 0.332705997
vn -0.857360053 -0.307808497 0.412538081
vn -0.835134035 0.0651961694 0.546169025
vn -0.814685882 0.23705708 0.529236104
vn -0.704197593 0.452276794 0.547312937
vn -0.0713016664 0.649641169 0.756889968
vn -0.0713070888 0.649615941 0.75691111
vn 0.235397781 0.609114608 0.757342247
vn 0.468608224 0.481710407 0.740514292
vn 0.624742854 0.205319288 0.753352743
vn 0.641492247 -0.0592394328 0.764838798
vn 0.551570465 -0.296104784 0.779802526
vn 0.392741405 -0.473113114 0.788617886
vn 0.288761909 -0.509112926 0.810814768
vn 0.211794884 -0.668502775 0.712914418
vn 0.0458869867 -0.724100251 0.688166558
vn 0.225740916 -0.58405994 0.779689057
vn 0.0411168798 -0.542820817 0.838841441
vn -0.147351675 -0.397657808 0.905624509
vn -0.575199098 -0.229767477 0.785081464
vn -0.137741809 -0.326417293 0.93513579
vn -0.62557809 0.0277721948 0.779667082
vn -0.630740836 0.166022786 0.758025351
vn -0.595794344 0.374227609 0.710621415
vn -0.00354045584 0.455798299 0.890076051
vn -0.108927608 0.211779573 0.971228186
vn -0.120525422 -0.0459019161 0.991648444
vn -0.137759567 -0.326405957 0.93513713
vn 0.226519523 -0.298797366 0.92704317
vn 0.345352638 -0.264392937 0.900459844
vn 0.401739113 -0.130930462 0.906345905
vn 0.430590023 0.00622345225 0.902526177
vn 0.445987137 0.137797357 0.884368341
vn 0.383766686 0.309457525 0.870034006
vn 0.235349562 0.398947054 0.886257204
vn -0.00356708482 0.455788601 0.89008091
vn 0.312495189 0.0125776293 0.94983607
vn 0.340522715 0.146062396 0.928821865
vn 0.254291706 -0.12586771 0.958902001
vn 0.576778656 -0.816351533 -0.0299425534
vn 0.477617842 0.456499105 -0.750659553
vn 0.64496522 -0.761715784 0.0617165204
vn 0.528481893 0.497296034 -0.688043272
vn 0.568639082 0.544748994 -0.616358765
vn 0.693820718 -0.700090099 0.16877993
vn 0.594097329 0.599631108 -0.536181777
vn 0.72199004 -0.630843947 0.284194118
vn 0.603573673 0.659567772 -0.447961132
vn 0.726486401 -0.553449588 0.407321817
vn 0.707931139 -0.469026872 0.528059936
vn 0.592347223 0.722224281 -0.357095023
vn 0.669148973 -0.389377019 0.632949594
vn 0.563617261 0.778600311 -0.275893346
vn 0.610465558 -0.316377046 0.726111126
vn 0.520849219 0.82907192 -0.203361359
vn 0.464723287 0.874206577 -0.140695158
vn 0.534216011 -0.251803837 0.806974647
vn 0.396214929 0.914093025 -0.0862998968
vn 0.439892851 -0.198273368 0.875889234
vn 0.31634768 0.947604166 -0.0443901991
vn 0.332280501 -0.155691791 0.930241762
vn 0.224659129 0.974367487 -0.0116737533
vn 0.208648972 -0.124081125 0.970087357
vn 0.127084903 0.991884888 0.00371432114
vn 0.0802405525 -0.100355844 0.991710723
vn -0.0259229328 0.736443859 -0.676001808
vn 0.0246817432 0.692703737 -0.720799795
vn 0.0588251202 0.684189334 -0.726928167
vn 0.106741235 -0.760923575 -0.640001267
vn 0.270147703 -0.688862897 -0.672672377
vn -0.00906944884 0.699999087 -0.714086146
vn -0.00272090717 0.731062313 -0.682305277
vn 0.0210063287 0.727609988 -0.685669337
vn -0.0619221271 -0.808267121 -0.585550947
vn 0.0433656196 0.725331603 -0.687032378
vn 0.0602932498 0.725516191 -0.685558882
vn 0.0838787035 0.683179275 -0.725417426
vn 0.389592154 -0.617322115 -0.683470087
vn 0.102712558 0.689202631 -0.717251604
vn 0.0750703807 0.729888843 -0.67943117
vn 0.475690268 -0.556503844 -0.681191779
vn 0.135410069 0.859812802 -0.492327187
vn 0.142675711 0.846179822 -0.513442646
vn 0.159203115 0.827447854 -0.538502013
vn 0.116689522 0.752169023 -0.648556333
vn 0.129823247 0.76064049 -0.636059722
vn 0.157882593 0.721396828 -0.674284586
vn 0.180634541 0.732314158 -0.656572263
vn 0.116790696 0.703113081 -0.701421363
vn 0.0885384625 0.737126069 -0.669929921
vn 0.690095327 -0.449694218 -0.567048103
vn 0.79163499 -0.371935899 -0.484745015
vn 0.549552352 -0.516701197 -0.656515107
vn 0.611682268 -0.491571834 -0.619840249
vn 0.133884763 0.714461182 -0.686746015
vn 0.653811779 -0.641112961 -0.401876012
vn 0.760292747 -0.560895025 -0.327645707
vn 0.749504773 -0.601550002 -0.276369662
vn 0.791650282 -0.371935408 -0.484720418
vn 0.690061801 -0.449694596 -0.5670886
vn 0.51344418 -0.700845995 -0.495166604
vn 0.549533026 -0.516707975 -0.656525949
vn 0.611676171 -0.491564488 -0.619852092
vn 0.578816574 -0.679236279 -0.451231039
vn 0.48094046 -0.73609357 -0.476300883
vn 0.575126528 -0.709392914 -0.40742014
vn 0.542800884 -0.719046988 -0.433979987
vn 0.367515823 -0.866464265 -0.337893174
vn 0.322237924 -0.881215797 -0.345863325
vn 0.358466159 -0.865616908 -0.349584584
vn -0.421262629 -0.770946882 0.477680544
vn -0.323590397 -0.747753476 0.579787887
vn 0.322232566 -0.881223823 -0.345847867
vn 0.286740893 -0.899003338 -0.33101761
vn -0.676180071 -0.673302856 0.299071521
vn 0.367541248 -0.866456035 -0.337886623
vn -0.803089859 -0.577507136 0.146738498
vn 0.349319142 -0.870230074 -0.347384162
vn -0.549630354 -0.740610657 0.386525975
vn 0.358475219 -0.865621677 -0.349563484
vn 0.0602179764 -0.985077692 -0.161231931
vn 0.0623892372 -0.986236194 -0.153120061
vn 0.060244768 -0.985077979 -0.161220172
vn 0.0618977918 -0.986216085 -0.153448679
vn 0.0910304562 -0.986348393 -0.137223557
vn 0.0336202098 -0.979286058 -0.199670973
vn -0.019065946 -0.893636031 -0.448387259
vn 0.106427091 -0.985055239 -0.135423224
vn 0.0910313851 -0.986350652 -0.137206697
vn 0.106397366 -0.985057473 -0.135430336
vn 0.102040329 0.744755639 -0.659489809
vn 0.201473347 0.746578298 -0.634057833
vn 0.141890816 0.770429637 -0.621534529
vn 0.897850401 -0.261220421 -0.354441179
vn 0.872923222 -0.437966153 -0.214920213
vn 0.89785407 -0.261210817 -0.354438963
vn 0.93941688 -0.327314974 -0.101788176
vn 0.96035333 -0.16612903 -0.223880832
vn 0.208632529 0.763093632 -0.611686665
vn 0.150595526 0.779798662 -0.60764713
vn 0.960347187 -0.166126183 -0.223909292
vn 0.1566212 0.790083374 -0.592653408
vn 0.215784188 0.777681484 -0.590464812
vn 0.235593178 0.805515703 -0.543728155
vn 0.16466521 0.812153845 -0.559724487
vn 0.990612232 -0.0773011412 -0.112747239
vn 0.991432294 0.105231786 0.0773839681
vn 0.999313203 -0.0016836723 -0.0370174065
vn 0.213295224 0.792575707 -0.571252042
vn 0.755913738 -0.624898146 -0.195183833
vn 0.767996701 -0.633324564 -0.0952946125
vn 0.862735881 -0.478185438 -0.164394301
vn 0.859890511 -0.506025946 -0.067275935
vn 0.972648245 -0.232274917 0.00193789363
vn 0.990612842 -0.0773377787 -0.112716751
vn 0.982736236 -0.170116758 0.0727308685
vn 0.999313649 -0.00169018416 -0.0370050471
vn 0.97666951 -0.0697496944 0.203105018
vn 0.991431911 0.105233001 0.0773872183
vn 0.959136284 -0.139036092 0.246427582
vn 0.965324003 -0.238225627 0.106761974
vn 0.956643729 -0.00460454541 0.291224267
vn 0.968290518 0.194889982 0.156305367
vn 0.976670293 -0.0697598203 0.203097777
vn 0.991432017 0.105229545 0.0773905533
vn 0.918704242 -0.210355841 0.334264769
vn 0.910647389 -0.252906575 0.326740873
vn 0.943265741 -0.0701543596 0.324542922
vn 0.959136174 -0.139032145 0.246430237
vn 0.943198296 -0.0662786326 0.325552019
vn 0.926606057 -0.369592761 -0.0692993917
vn 0.961302154 -0.272138993 0.0428781669
vn 0.92115945 -0.386415798 0.046347586
vn 0.80980824 -0.470436068 0.350571705
vn 0.809808404 -0.470437361 0.35056959
vn 0.883478239 -0.440116396 0.160510931
vn 0.910645727 -0.252919703 0.326735341
vn 0.785232924 -0.60144105 0.14723423
vn 0.841547565 -0.528628665 0.11112799
vn 0.161402624 0.800571399 -0.577091525
vn 0.0723579703 0.886384406 -0.457260329
vn 0.122821749 0.913353554 -0.388201113
vn 0.0729795633 0.885796627 -0.458299377
vn 0.0858368513 0.916057645 -0.391753016
vn 0.078612283 0.873864841 -0.479771142
vn 0.122727598 0.881273355 -0.456393701
vn 0.0760133671 0.872447751 -0.482759661
vn 0.0449599556 0.898640034 -0.436376778
vn 0.0599589105 0.881295421 -0.46874653
vn 0.0556434378 0.883084338 -0.465903272
vn 0.106392363 0.860151201 -0.498819183
vn 0.106796154 0.859294085 -0.500208214
vn 0.101574527 0.871670988 -0.479450001
vn 0.101268641 0.872359164 -0.478261593
vn 0.0950257151 0.878118562 -0.468911404
vn 0.0951064559 0.877855456 -0.46938743
vn 0.0933588888 0.878272189 -0.468958505
vn 0.0791632846 0.882343195 -0.463900486
vn 0.0783184486 0.883447493 -0.461938035
vn 0.0745210356 0.883661998 -0.462155913
vn 0.0537828989 0.883233553 -0.46583891
vn 0.0519693379 0.88272673 -0.46700397
vn 0.0503753464 0.881948842 -0.468645458
vn 0.0462858864 0.876416208 -0.479324783
vn 0.0355186472 0.882962735 -0.468097463
vn 0.102459834 0.857179368 -0.504723204
vn 0.0992789451 0.871230821 -0.480729183
vn 0.711592801 0.646726899 0.274554191
vn 0.593592283 0.722259839 0.354949189
vn 0.275275486 0.917730902 -0.286344894
vn 0.222971158 0.934294244 -0.278169245
vn 0.0706868919 0.882422456 -0.46511716
vn 0.32826101 0.895509778 -0.300511142
vn 0.798145467 0.576414355 0.175243561
vn 0.0399416971 0.888155652 -0.457803669
vn 0.356703082 0.873610549 -0.331009848
vn 0.861974992 0.503812072 0.0563250293
vn 0.0356936746 0.883883347 -0.466343425
vn 0.362113876 0.845243878 -0.392983877
vn 0.902405922 0.423512394 -0.079377607
vn 0.0354413072 0.885819627 -0.462674293
vn 0.381327032 0.809480013 -0.446465904
vn 0.915803156 0.338864221 -0.215582047
vn 0.0356018608 0.887499041 -0.459432214
vn 0.376199597 0.78173572 -0.497356137
vn 0.906384737 0.244677135 -0.34438323
vn 0.033838145 0.888343366 -0.457931265
vn 0.350558831 0.763453481 -0.542445655
vn 0.860344533 0.178487383 -0.477440613
vn 0.0346985869 0.892486836 -0.449736873
vn 0.312157896 0.759673622 -0.570485263
vn 0.792761001 0.125663446 -0.59643834
vn 0.0321441195 0.891192554 -0.452484902
vn 0.279099717 0.740067368 -0.611885315
vn 0.705862054 0.0650113043 -0.705359689
vn 0.235029911 0.723003278 -0.649636206
vn 0.589063733 0.0075503371 -0.808051304
vn 0.178981852 0.724014805 -0.666159184
vn 0.452035205 -0.0281794349 -0.891554874
vn 0.0312872013 0.770529157 -0.636636419
vn -0.00624560234 -0.134776991 -0.990856274
vn 0.0652405138 0.738789937 -0.67077053
vn 0.164147409 -0.112128979 -0.980042203
vn 0.316543767 -0.0661206404 -0.94627063
vn 0.118571195 0.723343037 -0.680232109
vn 0.00913878908 0.792973508 -0.609187572
vn -0.171196441 -0.130408081 -0.976568232
vn -0.00239005713 0.84543163 -0.534078314
vn -0.611776982 -0.0245894145 -0.790648016
vn 0.00215574912 0.833124902 -0.55308069
vn -0.475057556 -0.0641851469 -0.877610726
vn 0.00548149509 0.816730192 -0.576993715
vn -0.325827883 -0.0951546842 -0.940628395
vn 0.00282264525 0.851518904 -0.524316306
vn -0.726058299 0.0318900674 -0.686893274
vn -0.00328293979 0.85403236 -0.520209525
vn -0.814039036 0.107163223 -0.570838411
vn -0.013733753 0.862159688 -0.506450447
vn -0.878551124 0.191791996 -0.43745143
vn -0.0221957177 0.869943037 -0.492652477
vn -0.911712479 0.285682344 -0.295238809
vn -0.0160341152 0.876839911 -0.480515014
vn -0.896280845 0.413538719 -0.160207287
vn -0.0107382201 0.883664614 -0.467997373
vn -0.839782136 0.54051211 -0.0511138338
vn -0.00836079249 0.890427113 -0.455049066
vn -0.789078946 0.613550605 0.0301674142
vn -0.00359818878 0.896866151 -0.442287417
vn -0.727281528 0.673993394 0.129593531
vn 0.00252587139 0.902749869 -0.430158452
vn -0.643216525 0.725327465 0.245300978
vn 0.104768905 0.85723088 -0.504161378
vn -0.00117645044 0.913933413 -0.405862455
vn -0.542355695 0.761704618 0.354480428
vn 0.112616669 0.859856475 -0.497960168
vn -0.00770516769 0.930489431 -0.366237694
vn -0.422122199 0.792482176 0.440210007
vn 0.0958505292 0.863766642 -0.494691686
vn 0.00376966117 0.9419772 -0.335655692
vn -0.278246936 0.819932437 0.500289357
vn 0.0265046456 0.951323495 -0.307052294
vn -0.131300732 0.834669801 0.53487049
vn 0.0554104494 0.955879255 -0.288486625
vn 0.029914975 0.845472428 0.533180521
vn 0.0737616804 0.884277005 -0.461100199
vn 0.0928829193 0.958673682 -0.268919197
vn 0.181286819 0.831923316 0.524441307
vn 0.14682897 0.957510695 -0.248222729
vn 0.333136006 0.804214021 0.49219936
vn 0.475132512 0.762554745 0.439043685
vn 0.194276326 0.94625721 -0.258561407
vn 0.0830096265 0.984938287 -0.151677201
vn 0.0208978275 0.988711551 -0.148366942
vn 0.0349155387 0.899505094 -0.435512906
vn -0.106417721 0.977751772 -0.180767089
vn -0.171451357 0.962691226 -0.209356239
vn -0.0401191144 0.986567518 -0.15835084
vn 0.147712275 0.9751995 -0.164824208
vn 0.218125468 0.957935531 -0.186496107
vn 0.285141347 0.93366316 -0.216719904
vn 0.349348412 0.899446343 -0.262587057
vn 0.392388937 0.864365239 -0.314489517
vn 0.430571562 0.814654463 -0.388517998
vn 0.457276818 0.766662357 -0.450695842
vn 0.472435315 0.719486284 -0.509062237
vn 0.47144964 0.674748944 -0.567846018
vn 0.457305784 0.629233266 -0.628440067
vn 0.438042521 0.581129257 -0.685862622
vn 0.402498374 0.549540927 -0.732120091
vn 0.351175867 0.519552131 -0.778935872
vn 0.285917359 0.49255409 -0.821974289
vn 0.218912402 0.478719866 -0.850237996
vn 0.143270489 0.470385018 -0.87075341
vn 0.0659715751 0.465816403 -0.882418738
vn -0.00295515573 0.479426248 -0.877577199
vn -0.0722786491 0.511214073 -0.856408763
vn -0.130957996 0.541838472 -0.830217486
vn -0.189430919 0.567691874 -0.801150337
vn -0.244014933 0.599339293 -0.76239696
vn -0.282266117 0.639945238 -0.714699889
vn -0.314973726 0.683944611 -0.658035958
vn -0.343757083 0.723252262 -0.59894677
vn -0.365955005 0.761066839 -0.535587716
vn -0.36825223 0.800326202 -0.473147192
vn -0.35988562 0.838127513 -0.409908054
vn -0.329682049 0.876054372 -0.351906925
vn -0.282230556 0.912325938 -0.296660237
vn -0.229230965 0.941514717 -0.246988262
vn 0.0136472448 0.905755195 -0.423581492
vn 0.0238807168 0.888190457 -0.458854468
vn 0.029394837 0.888520837 -0.457893727
vn 0.0197738377 0.886678607 -0.46196325
vn 0.0163066811 0.886507967 -0.462425904
vn -0.00531132876 0.899899872 -0.436064227
vn 0.00369323405 0.88465116 -0.466238871
vn 0.00469178693 0.883768301 -0.467901247
vn -0.0215534022 0.890253661 -0.4549548
vn -0.0294960836 0.86794058 -0.495791418
vn -0.0473032562 0.885216123 -0.462768644
vn -0.0321285639 0.865730728 -0.49947779
vn -0.0818264541 0.87729443 -0.472925907
vn -0.0857870474 0.859157564 -0.504468892
vn -0.0483356592 0.857090182 -0.512893833
vn -0.0487517784 0.857442037 -0.512265963
vn -0.0859607682 0.817004346 -0.570188254
vn -0.0769263094 0.800499039 -0.594376674
vn -0.0511680639 0.812280547 -0.581018194
vn -0.0506200395 0.809838594 -0.584464766
vn -0.0063595997 0.881806225 -0.471569015
vn -0.0914519804 0.831181906 -0.548427911
vn -0.0588373053 0.840260471 -0.538980994
vn -0.0832826792 0.849478562 -0.521008799
vn -0.0324891603 0.752656387 -0.657611449
vn -0.0443036115 0.764180307 -0.64347933
vn -0.0197885537 0.744884362 -0.666900068
vn 0.0187562698 0.729522628 -0.68369945
vn 0.0402693641 0.72546876 -0.687076019
vn -0.000714169756 0.736026885 -0.676951929
vn 0.0604244614 0.724328577 -0.686802008
vn 0.0795991037 0.725865359 -0.683215533
vn 0.0955572724 0.730070358 -0.676658023
vn 0.137718339 0.752662402 -0.643842347
vn 0.124421768 0.743364497 -0.657212635
vn 0.167619619 0.811344312 -0.560021491
vn 0.155252544 0.829848778 -0.535954899
vn 0.140363176 0.845537646 -0.515135195
vn 0.109851506 0.736007612 -0.668001079
vn 0.148500846 0.762246608 -0.630021911
vn 0.156209108 0.773447766 -0.614310401
vn 0.164537802 0.784357649 -0.598088948
vn 0.17003271 0.797264494 -0.579187537
vn 0.138047928 0.867298997 -0.47826271
vn -0.0679515645 0.780300988 -0.621701659
vn 0.0348643104 0.887858758 -0.458793315
vn 0.0330205696 0.888704609 -0.457289581
vn 0.0348109701 0.886088256 -0.462207527
vn 0.0349802206 0.884342303 -0.465526664
vn 0.0340074542 0.89341242 -0.447948368
vn -0.0170416098 0.890606583 -0.454455166
vn -0.00727334651 0.892632888 -0.450725665
vn -0.00804667589 0.894999075 -0.445995412
vn 0.0389013735 0.888093972 -0.45801286
vn 0.0037037005 0.888098754 -0.459637777
vn -0.0142139764 0.88894469 -0.45779395
vn -0.00435807156 0.889877421 -0.456178893
vn 0.0328191157 0.893354088 -0.4481533
vn 0.0287714989 0.889404174 -0.456215318
vn 0.02791343 0.889407795 -0.456261564
vn 0.0178923173 0.890207324 -0.455204114
vn 0.0173144626 0.890386817 -0.454875286
vn 0.017293546 0.890273139 -0.45509853
vn 0.0156182501 0.890437329 -0.454837809
vn 0.0176194853 0.890323419 -0.454987652
vn 0.0176194853 0.890323419 -0.454987652
vn 0.0176194853 0.890323419 -0.454987652
vn 0.014137225 0.892320444 -0.451181076
vn 0.0131703766 0.89253582 -0.450784152
vn 0.0103290176 0.892731268 -0.45047108
vn 0.0049210778 0.894876072 -0.446287574
vn 0.00403712079 0.895554173 -0.444934181
vn -0.00141565018 0.895856413 -0.444341405
vn -0.00412236446 0.894730178 -0.446588081
vn -0.00367196938 0.89486035 -0.446331122
vn -0.00704774794 0.895249394 -0.445509653
vn -0.011389518 0.888235863 -0.459246482
vn -0.00262165713 0.889633171 -0.456668312
vn -0.0103562629 0.887160813 -0.461344167
vn -0.000342761956 0.890293714 -0.455386634
vn 0.0237864614 0.888378402 -0.458495386
vn 0.0112661418 0.887505467 -0.460659441
vn 0.734107465 0.589111572 0.337688889
vn 0.619349913 0.656981548 0.429861525
vn 0.33853739 0.918427271 -0.204655278
vn 0.302063631 0.941602291 -0.148804197
vn 0.485031172 0.713563998 0.505540486
vn 0.237716648 0.966685096 -0.0949248173
vn 0.342038474 0.748135933 0.568596789
vn 0.196720402 0.980163022 -0.0241150303
vn 0.169957639 0.780907653 0.601080393
vn 0.101794448 0.994432716 -0.0272298157
vn 0.00539856367 0.998645191 -0.0517555587
vn 0.00463411452 0.803800435 0.594880985
vn -0.163099868 0.804530798 0.571076727
vn -0.0647134264 0.992134309 -0.107152628
vn -0.109510628 0.978980448 -0.172060178
vn -0.304413907 0.781976654 0.543916065
vn 0.345639891 0.900645743 -0.263382443
vn 0.821798608 0.520869422 0.230959074
vn 0.329061832 0.881553133 -0.338500199
vn 0.887583646 0.449920465 0.0988273542
vn 0.308020551 0.862974124 -0.400498442
vn 0.924218864 0.379424899 -0.0430840711
vn 0.289030087 0.845261939 -0.449437273
vn 0.9409044 0.290494876 -0.174102374
vn 0.274350431 0.830314934 -0.485086539
vn 0.928824965 0.202584398 -0.310231762
vn 0.203120355 0.833748614 -0.513425136
vn 0.87994339 0.130446759 -0.456818644
vn 0.150651054 0.82810477 -0.539950691
vn 0.802706232 0.0619263149 -0.593150771
vn 0.127647328 0.826921684 -0.547637369
vn 0.705935349 -0.00299470462 -0.708269945
vn 0.107261716 0.828627608 -0.549428077
vn 0.575287882 -0.0417787028 -0.816883341
vn 0.0707970316 0.836223069 -0.543800293
vn 0.434313836 -0.0423702566 -0.899764554
vn 0.0511773353 0.834669877 -0.548367647
vn 0.29625987 -0.0425134405 -0.954160729
vn 0.0364480159 0.837806496 -0.544749316
vn 0.144712338 -0.0252030532 -0.989152741
vn 0.0158563438 0.843260707 -0.537270841
vn -0.00983801529 0.00110870653 -0.999950991
vn -0.00578134457 0.851386316 -0.524507308
vn -0.165473885 0.0197052317 -0.986017291
vn -0.00841900815 0.861229513 -0.508146481
vn -0.30632002 0.0530968195 -0.950446618
vn -0.0132234446 0.860348751 -0.509534266
vn -0.433640781 0.0892848403 -0.896651488
vn -0.0333250146 0.853412183 -0.520170251
vn -0.553734163 0.1335494 -0.82191425
vn -0.067623033 0.850364513 -0.521830739
vn -0.665041009 0.17950524 -0.724912633
vn -0.101781357 0.851727051 -0.514005434
vn -0.760057731 0.226247619 -0.609199689
vn -0.124810404 0.85960972 -0.495472999
vn -0.830515198 0.277242867 -0.483095124
vn -0.132571522 0.875241904 -0.465162769
vn -0.87681965 0.337137032 -0.34282054
vn -0.130585098 0.88819015 -0.440528989
vn -0.892865966 0.405657947 -0.195530041
vn -0.124991258 0.895924907 -0.426257841
vn -0.885685109 0.461466696 -0.0510918463
vn -0.131610213 0.904378572 -0.405928751
vn -0.845343911 0.527901344 0.0819380384
vn -0.135335882 0.91540179 -0.379109168
vn -0.777191875 0.594405058 0.206531878
vn -0.134893637 0.929570326 -0.343078295
vn -0.682611258 0.661332854 0.310935245
vn -0.141624608 0.947568368 -0.286455333
vn -0.571556231 0.711768171 0.408300802
vn -0.14064146 0.964249913 -0.224593156
vn -0.444859569 0.754659839 0.482274291
vn -0.0179851083 0.887299793 -0.460842287
vn -0.0220888058 0.888157261 -0.459008458
vn -0.0174108805 0.884181175 -0.46681957
vn -0.0136702048 0.879446374 -0.47580164
vn -0.0259631748 0.88974776 -0.455713548
vn -0.0884162813 0.851673233 -0.516560998
vn -0.085343053 0.855123991 -0.511350686
vn -0.0803974788 0.849621372 -0.521229096
vn -0.0789149794 0.853843846 -0.5145125
vn -0.0747302816 0.847676003 -0.525224504
vn -0.0718116059 0.851661457 -0.519149166
vn -0.0714007334 0.846495014 -0.527587079
vn -0.0678300049 0.851417636 -0.520083744
vn -0.0913507956 0.85155752 -0.516241051
vn -0.0862199924 0.855212981 -0.511054665
vn -0.106620591 0.852275064 -0.512112551
vn -0.102564176 0.856673301 -0.505560527
vn -0.0615855145 0.845060406 -0.531112167
vn -0.0578035667 0.848320728 -0.526318051
vn -0.0311845293 0.892637352 -0.449695545
vn -0.0421028411 0.893800525 -0.446484011
vn -0.048858991 0.893875984 -0.445643943
vn -0.0629178127 0.890158165 -0.451286815
vn -0.0703117453 0.889476249 -0.451539878
vn -0.0708080388 0.888923835 -0.452549044
vn -0.0785507096 0.884152458 -0.460547736
vn -0.0835297697 0.882938462 -0.461998323
vn -0.0838265687 0.881931715 -0.463863727
vn -0.082508065 0.876366029 -0.474526081
vn -0.0935614327 0.872010067 -0.480463008
vn -0.0951171334 0.871197799 -0.481629657
vn -0.0956985782 0.869358355 -0.484827633
vn -0.103425781 0.860885416 -0.498176082
vn -0.102645903 0.861828749 -0.496704163
vn -0.104690563 0.857262777 -0.504123415
vn -0.0191525825 0.873445263 -0.486545528
vn -0.0144851335 0.876938216 -0.48038479
vn -0.0437786454 0.86276907 -0.503699277
vn -0.0556725926 0.849493096 -0.524654212
vn -0.476380334 0.694750279 0.538872737
vn -0.610352724 0.638404986 0.468944161
vn -0.191284487 0.936748139 -0.293109484
vn -0.211948216 0.919806212 -0.330203703
vn -0.725149969 0.578531745 0.373441484
vn -0.213210497 0.905436981 -0.367049257
vn -0.81813296 0.512762372 0.260256048
vn -0.201628 0.890372447 -0.408145875
vn -0.18679537 0.87907874 -0.438552231
vn -0.887894109 0.440389277 0.133046366
vn -0.930852385 0.36539526 0.000377157184
vn -0.159883479 0.870398459 -0.465664896
vn -0.159482501 0.952786198 -0.258386903
vn -0.330394566 0.740156612 0.585668524
vn -0.119788048 0.966885966 -0.2253494
vn -0.18185318 0.766219826 0.61630885
vn -0.053875351 0.980067205 -0.191221652
vn -0.00234192506 0.773294361 0.634042858
vn 0.00501737026 0.980407761 -0.196914822
vn 0.15245922 0.759809611 0.632017042
vn 0.0724806449 0.97935146 -0.188725392
vn 0.326190838 0.725678002 0.6057978
vn 0.111800551 0.968121763 -0.224144794
vn 0.479509462 0.682743445 0.551300339
vn 0.133287815 0.949475574 -0.28413112
vn 0.611498882 0.644567534 0.45891373
vn 0.146938885 0.92836225 -0.341397858
vn 0.727128768 0.587815388 0.354622087
vn 0.167305976 0.912971895 -0.372143828
vn 0.822376224 0.516070739 0.239516883
vn 0.160143579 0.895812894 -0.414576039
vn 0.889869275 0.443605187 0.106522821
vn 0.162857294 0.876720373 -0.452591304
vn 0.930542901 0.364576176 -0.0342654506
vn 0.147494113 0.862977582 -0.483234084
vn 0.939779246 0.2893545 -0.181903662
vn 0.142145955 0.847621392 -0.511206908
vn 0.918727046 0.217714787 -0.329455439
vn 0.121503875 0.832547155 -0.540464655
vn 0.862948278 0.152480539 -0.481736396
vn 0.0821942484 0.822000914 -0.563523383
vn 0.774981054 0.0998238102 -0.624050938
vn 0.0512271822 0.81151519 -0.5820815
vn 0.675610547 0.0308372247 -0.736613504
vn 0.00847377781 0.815462594 -0.578747746
vn 0.555483749 -0.0359867063 -0.830748315
vn -0.0215459227 0.820088623 -0.571830765
vn 0.419566912 -0.0885695375 -0.903393072
vn -0.0444806797 0.83608001 -0.546801322
vn 0.268960002 -0.118573797 -0.955824655
vn -0.0612529753 0.847528439 -0.527203582
vn 0.112323131 -0.136799224 -0.984210082
vn -0.0692049781 0.850442365 -0.521496362
vn -0.0489458438 -0.159046354 -0.986057078
vn -0.0738774409 0.851686103 -0.518818759
vn -0.209659926 -0.170195225 -0.962848016
vn -0.076037942 0.858780207 -0.506670295
vn -0.364314914 -0.142227909 -0.920350947
vn -0.0690119969 0.864414356 -0.498021251
vn -0.506119921 -0.101920377 -0.856419793
vn -0.0618420911 0.869010278 -0.490914139
vn -0.6339683 -0.05920681 -0.771089326
vn -0.0688729904 0.86904562 -0.489914504
vn -0.745597511 -0.00543817874 -0.666374353
vn -0.0849632118 0.863565105 -0.497027728
vn -0.833181922 0.0610236515 -0.549621687
vn -0.101587579 0.861613291 -0.497295184
vn -0.898399266 0.135590652 -0.417724711
vn -0.123045377 0.864495883 -0.487346595
vn -0.934835015 0.215483921 -0.282223625
vn -0.142593899 0.865769568 -0.479697858
vn -0.947573696 0.287490916 -0.139474243
vn -0.0742094493 0.840636251 -0.536491985
vn -0.0677947144 0.836079495 -0.544403301
vn -0.0767271353 0.842789379 -0.532746665
vn -0.0826706587 0.84519293 -0.528028856
vn -0.0921683588 0.847774269 -0.522287069
vn -0.0995299734 0.84649064 -0.523017572
vn -0.111885212 0.848835251 -0.516682123
vn -0.0633957273 0.832835154 -0.549878703
vn -0.114672516 0.848858771 -0.516031977
vn -0.11614857 0.848453497 -0.516368253
vn -0.11761339 0.843546347 -0.524019704
vn -0.120468669 0.841739385 -0.526271896
vn -0.130922184 0.833387462 -0.53695877
vn -0.12992383 0.83492204 -0.534813039
vn -0.130231439 0.823637626 -0.551960898
vn -0.135567061 0.817159813 -0.56024228
vn -0.135240274 0.81579857 -0.562301309
vn -0.128419078 0.80940081 -0.573043514
vn -0.130361043 0.797591415 -0.588943064
vn -0.130899272 0.799010501 -0.586896583
vn -0.116572335 0.793114996 -0.597812256
vn -0.105211662 0.784607049 -0.611001051
vn -0.101769518 0.784109666 -0.612221363
vn -0.0903645365 0.788721418 -0.608073002
vn -0.0768930771 0.783681626 -0.616385077
vn -0.0799963527 0.783679345 -0.615992912
vn -0.0694146205 0.787939266 -0.611827854
vn -0.0575178932 0.786571483 -0.614814602
vn -0.0477952982 0.785173738 -0.617428385
vn -0.0541275195 0.822637609 -0.565983724
vn -0.057329513 0.827112221 -0.559105268
vn -0.0480899675 0.799962287 -0.598120134
vn -0.0490489782 0.785910523 -0.616391797
vn -0.0471327883 0.783556656 -0.619530038
vn 0.077574787 -0.23232913 -0.969538719
vn 0.243723568 -0.205320578 -0.947861953
vn -0.0847058192 0.69897293 -0.710113912
vn -0.0366288139 0.703591862 -0.709659652
vn -0.118083271 0.712547487 -0.691615804
vn -0.0820361533 -0.249580305 -0.964872914
vn -0.139548431 0.728441333 -0.670745451
vn -0.238899368 -0.247131441 -0.939070361
vn -0.149419095 0.740562533 -0.655164917
vn -0.388750555 -0.223887413 -0.89372671
vn 0.00704075763 0.711547259 -0.702602964
vn 0.401988839 -0.157739399 -0.90195524
vn 0.0313960077 0.726345573 -0.686612262
vn 0.538083428 -0.102558059 -0.836628991
vn 0.660199113 -0.0287695003 -0.750539438
vn 0.0605283994 0.741593623 -0.668113172
vn 0.0999494817 0.747273999 -0.65695637
vn 0.760070242 0.049268925 -0.647970525
vn 0.142383633 0.752978962 -0.642455901
vn 0.834654876 0.132859425 -0.534508756
vn 0.185981497 0.768673225 -0.612006826
vn 0.884466673 0.226689678 -0.407836358
vn -0.175587792 0.764413363 -0.620355654
vn -0.655614818 -0.128497424 -0.744081731
vn -0.159339185 0.758607595 -0.631763833
vn -0.528842794 -0.182052623 -0.8289645
vn -0.0763765507 0.842685196 -0.532961803
vn -0.0763765507 0.842685196 -0.532961803
vn -0.0763765507 0.842685196 -0.532961803
vn -0.181943708 0.769207555 -0.612548957
vn -0.761280251 -0.06402141 -0.645254708
vn -0.196524067 0.77655003 -0.598622035
vn -0.846119996 0.0137949229 -0.5328139
vn -0.199221421 0.787784749 -0.582843044
vn -0.904312619 0.106837504 -0.413284932
vn -0.215843167 0.786047063 -0.57925965
vn -0.934728936 0.198456894 -0.294782422
vn -0.224933132 0.794936202 -0.563454986
vn -0.940451995 0.295513859 -0.167992873
vn -0.22688711 0.809370855 -0.541702002
vn -0.914611043 0.401350214 -0.0490371848
vn -0.229505312 0.821032705 -0.522716566
vn -0.866963105 0.49444719 0.0624255643
vn -0.234942251 0.837007395 -0.494186968
vn -0.797490738 0.576803745 0.176934912
vn -0.252425804 0.857478488 -0.448343458
vn -0.707679655 0.650510027 0.275728507
vn -0.259327575 0.881807483 -0.393909597
vn -0.600158691 0.709496626 0.369356309
vn -0.241866182 0.916841695 -0.317650841
vn -0.470339752 0.761025189 0.446789861
vn -0.216096202 0.950988269 -0.221187122
vn -0.327470864 0.79592529 0.509181467
vn -0.149857298 0.969954244 -0.191654779
vn -0.166739386 0.830865283 0.530905697
vn -0.0752892516 0.98035262 -0.182319141
vn -0.0108370115 0.859201613 0.511522382
vn 0.0108851967 0.985035198 -0.172009218
vn 0.156161977 0.8523517 0.499109223
vn 0.0930893453 0.974654583 -0.203427671
vn 0.316117513 0.837439325 0.445830791
vn 0.149750655 0.952178819 -0.266327313
vn 0.469051902 0.794836067 0.385001221
vn 0.177124719 0.927307985 -0.329737373
vn 0.584779736 0.759832063 0.284056151
vn 0.219954956 0.907981026 -0.356637453
vn 0.704111607 0.674654991 0.221511823
vn 0.254425557 0.880300755 -0.400422548
vn 0.793903982 0.596533726 0.117745407
vn 0.260739911 0.850147033 -0.457454611
vn 0.862029271 0.506854628 -0.00198046644
vn 0.253309562 0.821942893 -0.5101413
vn 0.899436716 0.41710926 -0.130512296
vn 0.229389706 0.793670478 -0.563442575
vn 0.907634608 0.321369181 -0.27003938
vn -0.0202661738 -0.991511321 0.128431239
vn -0.0278229389 -0.923345334 0.382961197
vn -0.0213212995 -0.989553163 0.142583096
vn -0.0274615864 -0.913934888 0.404930712
vn -0.0213812539 -0.740067105 0.672193069
vn -0.0222417623 -0.766144608 0.642283227
vn -0.04876672 -0.43601817 0.898615581
vn -0.0213724229 -0.740042547 0.672220386
vn -0.0431299662 -0.471033833 0.88106012
vn -0.0222413824 -0.766128048 0.642302993
vn -0.0744252413 -0.272542337 0.959260944
vn -0.0762280176 -0.261166036 0.962279373
vn -0.0119524153 -0.998544544 -0.0525921407
vn -0.0119840541 -0.9988865 -0.0456305008
vn -0.0123744119 -0.968260598 -0.249636312
vn -0.0120876785 -0.972859276 -0.231081625
vn -0.0116834175 -0.924298718 -0.381490993
vn -0.0120282859 -0.930297137 -0.366609543
vn -0.00973878443 -0.865723283 -0.50042817
vn -0.00958044882 -0.854852138 -0.518783227
vn -0.00720418619 -0.75977169 -0.650150043
vn -0.00760452747 -0.772765175 -0.63464648
vn -0.00583259765 -0.657258878 -0.753642321
vn -0.0058530951 -0.638844652 -0.769313494
vn -0.00746947141 -0.498081436 -0.867098086
vn -0.00713280244 -0.516754671 -0.85610381
vn -0.011535101 -0.347428621 -0.937635481
vn -0.011263969 -0.355226719 -0.934712309
vn -0.0179539682 -0.166813319 -0.985825021
vn -0.0174234143 -0.181106709 -0.983309099
vn -0.0236515249 -0.00933302565 -0.999676698
vn -0.0235213771 -0.0132686477 -0.999635277
vn -0.0312361991 0.134448651 -0.99042812
vn -0.0307128112 0.127250465 -0.991394998
vn -0.0332152803 0.181955407 -0.982745631
vn -0.0330365313 0.187067398 -0.981791412
vn -0.0246442545 0.200187555 -0.979447601
vn -0.0263326043 0.200534528 -0.97933268
vn -0.0187736261 0.201202667 -0.979369714
vn -0.0187736261 0.201202667 -0.979369714
vn -0.0187736261 0.201202667 -0.979369714
vn -0.0191830049 0.200990466 -0.979405353
vn -0.0212791234 0.222848298 -0.974620867
vn -0.0230069854 0.236017213 -0.971476481
vn -0.0404211545 0.335220789 -0.941272093
vn -0.0522098822 0.394831232 -0.917269004
vn -0.181381575 0.784831062 -0.592571454
vn -0.117796602 0.629324015 -0.768163553
vn -0.15444505 0.725078906 -0.671123913
vn -0.0940150252 0.555619255 -0.826104363
vn -0.214763745 0.855679653 -0.47083847
vn -0.228994292 0.885030601 -0.405317715
vn -0.252861336 0.933240219 -0.255193729
vn -0.25800357 0.943002951 -0.210189423
vn -0.252869164 0.933243774 -0.255172969
vn -0.267283313 0.962196571 -0.0523200608
vn -0.25799604 0.943002096 -0.210202496
vn -0.267912738 0.963416257 -0.00720289205
vn -0.279950388 0.936842969 0.209649786
vn -0.279588278 0.938057702 0.204641499
vn -0.283693456 0.821382846 0.494821425
vn -0.284741101 0.835139607 0.470599981
vn -0.243045652 0.604689127 0.758472063
vn -0.253621576 0.645687834 0.720252259
vn -0.163208389 0.312924182 0.935650297
vn -0.176608868 0.360205778 0.916002786
vn -0.103433563 0.00910009045 0.994594735
vn -0.107046039 0.0380201303 0.993526857
vn -0.0874211596 -0.15856919 0.983470057
vn -0.0871367021 -0.156680045 0.983798027
vn -0.0881335069 -0.185573479 0.97867
vn -0.0881962904 -0.185560181 0.978666866
vn -0.0871931799 -0.188894452 0.978118722
vn -0.0873169532 -0.188691235 0.978146905
vn -0.0195319641 0.200654176 -0.979467408
vn -0.019188491 0.20098544 -0.979406277
vn -0.813599738 -0.579693574 -0.0448422294
vn -0.807364173 -0.589999703 -0.00796504478
vn -0.565344187 -0.824552889 0.022326756
vn -0.552471411 -0.833444976 -0.01203381
vn -0.810074653 -0.583301397 -0.0594856006
vn -0.590374881 -0.800432683 0.103754612
vn -0.648110109 -0.735707497 0.196692056
vn -0.81216824 -0.583338202 -0.00996452952
vn -0.755747209 -0.57320841 0.316667452
vn -0.896183138 -0.443683807 -0.000679898614
vn -0.822184105 -0.410875861 0.393947108
vn -0.941258973 -0.337611597 -0.00706787657
vn -0.862465866 -0.287504358 0.416525958
vn -0.971337916 -0.237597173 -0.00708781894
vn -0.895904635 -0.201249565 0.396047342
vn -0.989262403 -0.146146701 -0.00102017021
vn -0.916136302 -0.0987431677 0.388515204
vn -0.998145776 -0.0593758051 0.0133986505
vn -0.993437171 0.0830865734 0.07860794
vn -0.894098058 0.173311354 0.412979221
vn -0.835471878 0.416892808 0.358032301
vn -0.965338934 0.240204328 0.102091245
vn -0.939638292 0.324208038 0.109403052
vn -0.809870351 0.521831428 0.267958907
vn -0.805652987 0.556621674 0.202720436
vn -0.921902628 0.366133115 0.126657358
vn -0.911682958 0.381860008 0.151713936
vn -0.798248321 0.576915287 0.173113747
vn -0.779087038 0.606370233 0.159180804
vn -0.901976716 0.389897121 0.185521532
vn -0.75684721 0.641344327 0.125935518
vn -0.901761188 0.386277085 0.193950439
vn -0.914534898 0.35918744 0.186038443
vn -0.754921754 0.654868267 0.0352235443
vn -0.970744628 0.222483943 0.090309264
vn -0.942870449 0.293563757 0.157529801
vn -0.841744189 0.492127196 -0.221985456
vn -0.792215424 0.606563149 -0.0669019278
vn -0.994216445 0.107059545 -0.00848024836
vn -0.857635918 0.300238272 -0.417513607
vn -0.551540925 -0.833177316 -0.0402264627
vn -0.809557937 -0.585836632 0.0375684248
vn -0.575790829 -0.814370933 -0.0725596609
vn -0.813551649 -0.577091925 0.0714046567
vn -0.809722747 -0.579941415 0.0895378552
vn -0.575093952 -0.805755486 -0.141509872
vn -0.57385789 -0.790139873 -0.215327895
vn -0.803135576 -0.588346324 0.0939247031
vn -0.611525968 -0.74426634 -0.268521147
vn -0.805320297 -0.586984757 0.0831150698
vn -0.815327557 -0.575209966 0.0661397751
vn -0.642669041 -0.698824353 -0.314039851
vn -0.662621843 -0.64490721 -0.380824086
vn -0.831584476 -0.553096705 0.0505103393
vn -0.726959104 -0.534453686 -0.4311493
vn -0.86470408 -0.502164127 0.010864793
vn -0.794059093 -0.422899277 -0.436607785
vn -0.899164292 -0.436204196 0.0350638708
vn -0.826817569 -0.227724991 -0.514309281
vn -0.940346213 -0.33835366 0.0355780816
vn -0.961305864 -0.272999184 0.0369118153
vn -0.810822468 -0.108563156 -0.575135607
vn -0.810031534 -0.0237225719 -0.585906267
vn -0.980599023 -0.194598684 0.0235989034
vn -0.993378384 -0.114887529 -0.000491455105
vn -0.999161069 -0.0357715553 -0.0199387666
vn -0.811346352 0.0295284399 -0.583819466
vn -0.820555992 0.110369197 -0.560808795
vn -0.966503359 0.023706465 0.255556766
vn -0.949951318 0.0091448507 0.312264094
vn -0.932754781 0.0076351233 0.360430608
vn -0.932281246 -0.0305645548 0.360440683
vn -0.922297712 -0.0584742053 0.382031017
vn -0.926325092 -0.11984105 0.357155354
vn -0.91707758 -0.17744135 0.357048006
vn -0.903103742 -0.249061269 0.34981726
vn -0.980309167 0.0375660438 0.193862658
vn -0.992207237 0.0511800156 0.113601959
vn -0.997509443 0.0643776869 0.028817096
vn -0.995791883 0.0770557236 -0.0496078782
vn -0.989802641 0.0833292162 -0.1155291
vn -0.989836153 0.0219009628 -0.140515968
vn -0.987710283 -0.0449039661 -0.14970648
vn -0.978987423 -0.122559808 -0.162980733
vn -0.962430498 -0.203744822 -0.179487005
vn -0.942123575 -0.278050615 -0.187325988
vn -0.921389157 -0.339919819 -0.188405252
vn -0.898645663 -0.39642791 -0.187832063
vn -0.897563116 -0.419943048 -0.134269464
vn -0.895177046 -0.440444557 -0.0683128767
vn -0.888209166 -0.459433659 -0.00227806889
vn -0.879911459 -0.471422245 0.0593033895
vn -0.873394351 -0.474676996 0.108922254
vn -0.867533566 -0.472454406 0.155474585
vn -0.860694536 -0.467044074 0.202669063
vn -0.889192835 -0.308391118 0.3379808
vn -0.87629501 -0.350930593 0.330082981
vn -0.861733353 -0.387557701 0.327436494
vn -0.850751869 -0.412434421 0.325759276
vn -0.85177408 -0.429443283 0.300098956
vn -0.854009003 -0.442679352 0.273319621
vn -0.855401026 -0.457082256 0.243649126
vn -0.949827661 -0.0789907186 0.302634895
vn -0.942773209 -0.15792782 0.293662187
vn -0.929474551 -0.235814267 0.283670037
vn -0.914901159 -0.30036002 0.269703036
vn -0.896111066 -0.353849577 0.267909377
vn -0.873079771 -0.393793103 0.28750427
vn -0.872656058 -0.411760716 0.262534791
vn -0.87580804 -0.41983398 0.238117
vn -0.96979184 -0.0593170357 0.236612078
vn -0.984236679 -0.0441547482 0.171255711
vn -0.994939111 -0.0274628736 0.0966537957
vn -0.999754327 -0.0121282274 0.0185524145
vn -0.998083091 0.000999547448 -0.0618800791
vn -0.995280765 -0.0654616513 -0.0716307899
vn -0.986032027 -0.145420771 -0.0812012372
vn -0.969643414 -0.22503374 -0.0956632882
vn -0.951034253 -0.289753588 -0.107595112
vn -0.927624437 -0.355536994 -0.114482966
vn -0.92716097 -0.371201644 -0.0508121515
vn -0.922343007 -0.386301818 0.0073676324
vn -0.915613966 -0.397005241 0.0635444982
vn -0.906509307 -0.406356279 0.114522712
vn -0.887084952 -0.414964778 0.202199212
vn -0.897062654 -0.412371131 0.158835278
vn -0.996569266 -0.082488968 0.00672816743
vn -0.986164807 -0.165690306 -0.00506907958
vn -0.968529666 -0.248092292 -0.0200125165
vn -0.950169124 -0.309245579 -0.0393167657
vn -0.953290713 -0.277215956 0.119950531
vn -0.962627113 -0.267208126 0.0441458911
vn -0.97009531 -0.203098156 0.132914365
vn -0.981983413 -0.181320554 0.053211218
vn -0.912193358 -0.372888708 0.169874334
vn -0.922433703 -0.364097892 0.128642095
vn -0.908339324 -0.363050867 0.207638485
vn -0.888861024 -0.391485223 0.238044954
vn -0.935259289 -0.34547814 0.0770384153
vn -0.943709711 -0.330001059 0.0226115672
vn -0.886358595 -0.387397372 0.253558113
vn -0.935461317 -0.289109652 0.203292237
vn -0.95266829 -0.22135017 0.208392013
vn -0.964537247 -0.1394678 0.224090678
vn -0.980664201 -0.123174332 0.152071721
vn -0.992217423 -0.101911452 0.0715446752
vn -0.921364387 -0.348098502 0.172959817
vn -0.926035074 -0.34573942 0.151404409
vn 0.0142568351 0.892205623 -0.45140433
vn -0.0542003786 0.890895237 -0.450963408
vn -0.0544536094 0.89553801 -0.441640665
vn -0.0529240393 0.901331989 -0.429883346
vn -0.050862406 0.905416258 -0.42146698
vn -0.0434580009 0.910588625 -0.411022819
vn -0.0345001721 0.915886359 -0.399952391
vn -0.0276003784 0.918881555 -0.393566902
vn -0.0169642727 0.921627113 -0.387705659
vn -0.00577866998 0.923755099 -0.382940105
vn 0.00968053761 0.925026159 -0.379780058
vn 0.0263412756 0.924555592 -0.380135625
vn 0.0386314522 0.923283188 -0.382172429
vn 0.0532503988 0.920707875 -0.386602384
vn 0.0664394824 0.915972683 -0.395701706
vn 0.0792968571 0.909230763 -0.408670316
vn 0.0854483418 0.904712358 -0.417365703
vn 0.08997026 0.900464096 -0.42552293
vn 0.090749907 0.894707418 -0.437336358
vn 0.0922077482 0.88608219 -0.454264332
vn 0.0886103146 0.88207391 -0.462702745
vn 0.0845917332 0.876527476 -0.473860552
vn 0.0774152899 0.87157305 -0.484114957
vn 0.0741893326 0.869652607 -0.488057667
vn 0.0615274907 0.865550552 -0.497027776
vn 0.0497860705 0.862465602 -0.50366103
vn 0.0438513917 0.861654479 -0.505597284
vn 0.0283320252 0.859885795 -0.509699632
vn 0.0167554563 0.859786562 -0.510378606
vn 0.00436437077 0.860835567 -0.508864499
vn -0.00749222692 0.862733278 -0.505603755
vn -0.0180455239 0.864993699 -0.501458133
vn -0.0260564529 0.867595912 -0.496586744
vn -0.0412900295 0.874239594 -0.48373574
vn -0.0444789824 0.87751033 -0.477490565
vn -0.0504117902 0.88291714 -0.466814712
vn -0.053748635 0.887818825 -0.457043563
vn -0.932274697 -0.172507115 -0.317970413
vn -0.984161417 -0.0653974554 -0.164770989
vn -0.875675665 -0.240086873 -0.418987378
vn -0.999096143 0.037675095 -0.0196846063
vn -0.985869039 0.129151036 0.106687613
vn -0.933881889 0.237250035 0.267538855
vn -0.875972343 0.308580796 0.370742966
vn -0.767662357 0.40372409 0.497696056
vn -0.631155681 0.47769191 0.611107966
vn -0.511941253 0.524738977 0.68012143
vn -0.331361591 0.573833737 0.748942146
vn -0.194546134 0.596684749 0.778536519
vn -0.00205322904 0.610250375 0.792205948
vn 0.195711381 0.595723866 0.778980186
vn 0.328932875 0.573262631 0.750448612
vn 0.509903628 0.523758417 0.68240414
vn 0.635339394 0.47434745 0.609375378
vn 0.766100245 0.402910109 0.500753292
vn 0.87523707 0.307537325 0.373337468
vn 0.9333892 0.235270693 0.270983951
vn 0.985926139 0.128323126 0.10715794
vn 0.99898304 0.0365837846 -0.0263536182
vn 0.984235039 -0.0564634884 -0.16761045
vn 0.933339186 -0.166059848 -0.318279893
vn 0.877375941 -0.236789881 -0.417303259
vn 0.760464509 -0.332831154 -0.557599456
vn 0.632809166 -0.402863259 -0.661251656
vn 0.197715619 -0.522189734 -0.829594127
vn 0.329623767 -0.499593216 -0.801095993
vn 0.508871202 -0.450638359 -0.733467906
vn -0.00116100903 -0.530718987 -0.847547054
vn -0.195883972 -0.519576532 -0.831666818
vn -0.327678838 -0.496971546 -0.803520916
vn -0.507114885 -0.449900456 -0.735135411
vn -0.636048322 -0.401612962 -0.658900267
vn -0.76048053 -0.332955287 -0.55750349
vn -0.195895783 -0.519568854 -0.831668833
vn -0.196203815 -0.557005363 -0.807000055
vn -0.327699831 -0.496960221 -0.803519359
vn -0.325967568 -0.537579445 -0.777658977
vn -0.507104456 -0.449891553 -0.735148053
vn -0.509829357 -0.488705646 -0.707983628
vn -0.636066848 -0.40160861 -0.658885035
vn -0.635427539 -0.438072388 -0.6358651
vn -0.760469786 -0.33294496 -0.557524312
vn -0.762606176 -0.364902063 -0.534114506
vn -0.875674874 -0.240061774 -0.419003413
vn -0.876650858 -0.272032576 -0.396839452
vn -0.932285684 -0.172506575 -0.317938494
vn -0.932667363 -0.203111964 -0.29812266
vn -0.984165759 -0.0654081716 -0.164740794
vn -0.985923748 -0.0912307524 -0.140111784
vn -0.999097419 0.0376372306 -0.0196922676
vn -0.999988937 0.00470213763 -0.000129478892
vn -0.985864276 0.129170298 0.106708308
vn -0.986518473 0.0975841837 0.131372106
vn -0.933873142 0.237291652 0.267532478
vn -0.933879009 0.207331443 0.291348022
vn -0.87597694 0.308559638 0.370749713
vn -0.877919157 0.277499016 0.390195143
vn -0.767649055 0.403740665 0.497703128
vn -0.765266452 0.374154557 0.523808767
vn -0.63117676 0.477698157 0.611081311
vn -0.632391864 0.446686801 0.632891327
vn -0.511924805 0.524747216 0.680127454
vn -0.512788875 0.494402721 0.701864317
vn -0.331366447 0.573839879 0.748935291
vn -0.330039547 0.542908356 0.772220444
vn -0.19452295 0.596692281 0.77853654
vn -0.197167707 0.56492511 0.801239362
vn -0.00204186322 0.61025881 0.79219948
vn -0.00279649195 0.578955549 0.815354311
vn 0.195715396 0.595720259 0.778981936
vn 0.196855876 0.564547767 0.801581925
vn 0.328894928 0.573273539 0.750456911
vn 0.326398745 0.543565464 0.773304885
vn 0.509900085 0.523769383 0.682398371
vn 0.509237588 0.495686682 0.703542317
vn 0.635344893 0.474330603 0.609382758
vn 0.635332239 0.445086266 0.63107144
vn 0.766109174 0.402902023 0.500746136
vn 0.762370241 0.375269031 0.527223642
vn 0.875237522 0.30752299 0.373348217
vn 0.876410488 0.278265422 0.393030547
vn 0.933382975 0.235269937 0.271006051
vn 0.932677241 0.20908985 0.29392958
vn 0.985921989 0.128356128 0.107156592
vn 0.985892594 0.0998169224 0.134359128
vn 0.998981944 0.0366136948 -0.0263536009
vn 0.999991584 0.00167623239 -0.0037446024
vn 0.984232746 -0.0564571291 -0.167626054
vn 0.986550177 -0.0898344017 -0.136559616
vn 0.933344842 -0.166066593 -0.318259786
vn 0.934060307 -0.201821486 -0.29461743
vn 0.877362399 -0.236815673 -0.417317095
vn 0.878357677 -0.270397693 -0.394173667
vn 0.760480219 -0.332792985 -0.557600812
vn 0.765550031 -0.362887135 -0.531268367
vn 0.632799501 -0.402855014 -0.661265929
vn 0.632303839 -0.440008391 -0.637639766
vn 0.508845292 -0.45063651 -0.733487017
vn 0.512789364 -0.488093309 -0.706266231
vn 0.329609934 -0.499576086 -0.801112368
vn 0.329769894 -0.537174907 -0.776334294
vn 0.197697094 -0.522169018 -0.829611581
vn 0.197678957 -0.556918944 -0.806699647
vn 0.00355029082 -0.565732392 -0.824581261
vn -0.00112486634 -0.530697077 -0.847560822
vn -0.00113710757 -0.530690071 -0.847565193
vn 0.00352259596 -0.56575301 -0.824567234
vn -0.00185019734 -0.565855733 -0.824502193
vn -0.197738287 -0.557048734 -0.806595486
vn -0.00390989335 -0.529600153 -0.848238404
vn -0.195321406 -0.522040052 -0.830255221
vn -0.00389526743 -0.529609017 -0.848232937
vn 0.197612952 -0.521662753 -0.829950055
vn -0.00188881161 -0.565878233 -0.824486663
vn 0.196345185 -0.557157452 -0.806860671
vn -0.331231457 -0.500161241 -0.800077781
vn -0.330679675 -0.537215529 -0.775919086
vn -0.513952376 -0.487744173 -0.7056618
vn -0.510851059 -0.451143899 -0.731778913
vn -0.634091855 -0.439036365 -0.636533259
vn -0.633908268 -0.402001214 -0.66072334
vn -0.766498784 -0.361918433 -0.530560705
vn -0.76383385 -0.326334352 -0.556833674
vn -0.87891614 -0.269366116 -0.393634748
vn -0.877447981 -0.234163058 -0.418631942
vn -0.934770162 -0.200287246 -0.293410572
vn -0.933951795 -0.165557885 -0.316740636
vn -0.987013294 -0.0877204926 -0.134572926
vn -0.985044162 -0.0568111159 -0.162666827
vn -0.99998976 0.0043255324 -0.0013303951
vn -0.999087226 0.0363780412 -0.0223909182
vn -0.985407719 0.102110773 0.136180093
vn -0.985107323 0.131558944 0.110705942
vn -0.931684691 0.211320708 0.295477909
vn -0.931824741 0.240064805 0.272160875
vn -0.875262616 0.280325033 0.394123368
vn -0.873405987 0.313896326 0.372331947
vn -0.761029073 0.376837563 0.528041856
vn -0.764511443 0.40790761 0.499132883
vn -0.633310217 0.446654967 0.631994866
vn -0.632312082 0.479762077 0.608284292
vn -0.507778318 0.496783566 0.703823322
vn -0.508782844 0.528319901 0.679719133
vn -0.325063641 0.544322224 0.77333495
vn -0.32790337 0.576949831 0.748069698
vn -0.195392958 0.565162696 0.801506531
vn -0.193761949 0.597642957 0.777996917
vn 0.00350810875 0.579315908 0.81509556
vn -0.000730841708 0.61138586 0.791332292
vn 0.197675958 0.565100244 0.800990593
vn 0.195928643 0.593970777 0.780263214
vn 0.330805241 0.542926887 0.771879711
vn 0.331320168 0.571475381 0.750761503
vn 0.513393253 0.494280534 0.701508461
vn 0.511345926 0.522994263 0.681910804
vn 0.632704541 0.477186086 0.609900322
vn 0.633189375 0.44628312 0.632378519
vn 0.767059705 0.401292946 0.50058304
vn 0.766339814 0.373407176 0.522771815
vn 0.8775021 0.305892852 0.369350278
vn 0.87889529 0.276434034 0.38875094
vn 0.934865822 0.235323128 0.265798647
vn 0.934940982 0.205910716 0.288939679
vn 0.986538947 0.124817864 0.105647561
vn 0.987101171 0.0960496014 0.128084944
vn 0.998918641 0.0383927207 -0.0262211474
vn 0.999987514 0.00319905214 -0.00383893582
vn 0.98347263 -0.0607145667 -0.170573524
vn 0.985338766 -0.0922561494 -0.143514174
vn 0.930961739 -0.168673099 -0.323820362
vn 0.931516947 -0.204006781 -0.30109369
vn 0.87459869 -0.234216782 -0.424522826
vn 0.875479484 -0.272367143 -0.399188944
vn 0.759217684 -0.32586687 -0.563382012
vn 0.761530953 -0.364729082 -0.535764225
vn 0.634998755 -0.401167594 -0.660182658
vn 0.633492784 -0.438359837 -0.637595127
vn 0.50591577 -0.449922082 -0.735947929
vn 0.508768219 -0.488420537 -0.708943071
vn 0.327498325 -0.498181204 -0.80284515
vn 0.325793071 -0.537451096 -0.777820798
vn 0.930954544 -0.16869775 -0.323828205
vn 0.113065191 0.863449756 -0.491600226
vn 0.983477438 -0.0606903333 -0.170554428
vn 0.114752959 0.867023415 -0.484873341
vn 0.874607927 -0.234202856 -0.424511479
vn 0.110172796 0.860048527 -0.498175156
vn 0.759241761 -0.325838112 -0.563366199
vn 0.106948979 0.856679855 -0.504640012
vn 0.634975503 -0.401190023 -0.660191393
vn 0.102566251 0.852878537 -0.511935899
vn 0.998918576 0.0383835228 -0.026237071
vn 0.1159439 0.871250243 -0.476948662
vn 0.117124047 0.874463311 -0.47073971
vn 0.986541965 0.124815515 0.105622151
vn 0.11655509 0.878492033 -0.463321335
vn 0.934860243 0.235340035 0.2658033
vn 0.114441304 0.883672904 -0.453900195
vn 0.877487296 0.305905345 0.3693751
vn 0.112463769 0.887873313 -0.446131012
vn 0.767053313 0.40126721 0.500613465
vn 0.103818508 0.8936419 -0.436607228
vn 0.632724195 0.477159421 0.609900795
vn 0.511323559 0.522982182 0.681936841
vn 0.0946729832 0.899567545 -0.426398005
vn 0.083227218 0.903499918 -0.420429695
vn 0.331330536 0.571464976 0.750764848
vn 0.0705344976 0.907417261 -0.414268994
vn 0.19593805 0.593958683 0.780270058
vn -0.000745086907 0.611363341 0.791349676
vn 0.0567179087 0.908708641 -0.413559771
vn 0.0403534086 0.910162572 -0.412281088
vn -0.193753368 0.597651438 0.777992539
vn -0.327889797 0.576968652 0.748061131
vn 0.0269630851 0.909255406 -0.415364416
vn 0.0144240753 0.907821342 -0.419109003
vn -0.508791305 0.528343543 0.679694423
vn 0.00535008139 0.905520767 -0.424268214
vn -0.632293157 0.479782425 0.608287915
vn -0.00401297208 0.90205896 -0.431594172
vn -0.764536498 0.407874304 0.499121724
vn -0.0125044578 0.897138099 -0.441573175
vn -0.873416398 0.313896622 0.372307274
vn -0.0196541556 0.893351753 -0.448928012
vn -0.931822272 0.240081488 0.272154611
vn -0.985101715 0.131590997 0.110717751
vn -0.02140559 0.888024009 -0.459298552
vn -0.999088491 0.0363383121 -0.0223989858
vn -0.0258368785 0.881598559 -0.471292305
vn -0.985041227 -0.0568220786 -0.162680771
vn -0.0239150938 0.8750444 -0.483451514
vn -0.0207124335 0.866932655 -0.497994746
vn -0.933940525 -0.165553704 -0.316776051
vn -0.0134257174 0.860061466 -0.510013749
vn -0.877433027 -0.234155727 -0.418667385
vn -0.763844676 -0.326306911 -0.556834905
vn -0.00275330062 0.853499761 -0.52108596
vn 0.0100376113 0.84803571 -0.529844015
vn -0.633894321 -0.401975162 -0.66075257
vn 0.0245919353 0.844244076 -0.535394413
vn -0.510845762 -0.451133212 -0.7317892
vn 0.0396979338 0.84195576 -0.538084168
vn -0.331240801 -0.50014953 -0.800081233
vn 0.0537315011 0.841185597 -0.538070365
vn -0.195302523 -0.52203465 -0.83026306
vn -0.0039004758 -0.529611038 -0.848231652
vn 0.0666046544 0.842029453 -0.535303857
vn 0.0791439037 0.843571286 -0.531153206
vn 0.19758686 -0.521691539 -0.829938173
vn 0.327507707 -0.498179645 -0.802842291
vn 0.0882847155 0.846489766 -0.525034175
vn 0.505941615 -0.449914093 -0.735935045
vn 0.0960927031 0.849629797 -0.518551252
vn 0.0623230195 0.876778091 -0.476839617
vn -0.0189854552 -0.934425011 0.355653554
vn 0.153477489 -0.924190723 0.349737283
vn -0.0678650814 -0.822983167 0.563997373
vn 0.0777654076 -0.821875617 0.564334131
vn -0.067884765 -0.822977808 0.564002824
vn -0.246171852 -0.809523286 0.532983555
vn -0.0189721357 -0.934425726 0.355652389
vn -0.225993375 -0.912568397 0.340801872
vn 0.139562207 0.400834697 -0.90545786
vn 0.151025221 0.38085716 -0.912216644
vn -0.071991273 0.400721081 -0.913367326
vn -0.0607860805 0.378150163 -0.923746451
vn 0.326290787 0.397519558 -0.857620268
vn 0.331745091 0.372368004 -0.866768287
vn 0.832130234 -0.412906966 0.370225756
vn 0.746209008 -0.521539952 0.413724781
vn 0.839603373 -0.466999849 0.277447864
vn 0.765615081 -0.577010838 0.284415261
vn 0.540012302 -0.785353101 0.302666846
vn 0.6719994 -0.68150402 0.289774183
vn 0.459841337 -0.724372633 0.513644073
vn 0.617120413 -0.631676589 0.46919834
vn 0.78533015 0.257295803 -0.563076749
vn 0.785483222 0.234830326 -0.572600057
vn 0.642105108 0.319623198 -0.696808468
vn 0.636360091 0.309267796 -0.70668187
vn 0.489667302 0.370245543 -0.789394813
vn 0.492128842 0.350203672 -0.796973394
vn 0.99728781 -0.0505474008 0.0534975116
vn 0.998057795 -0.0616535412 -0.00891507675
vn 0.999601443 -0.0100418099 -0.0263840243
vn 0.996501714 -0.0322943598 -0.0770805355
vn -0.273212072 0.376563164 -0.885186617
vn -0.270140195 0.352820536 -0.895847054
vn -0.412885822 0.347949019 -0.841698745
vn -0.40167472 0.324345113 -0.856421431
vn -0.559200742 0.312406919 -0.767916953
vn -0.545643653 0.288718787 -0.786711171
vn -0.675246237 0.270136791 -0.686344398
vn -0.66061074 0.25635345 -0.705603542
vn -0.834925411 -0.45509805 0.309492039
vn -0.816295443 -0.518803447 0.253977818
vn -0.681308905 -0.616562155 0.394549471
vn -0.637951785 -0.703170102 0.313957527
vn -0.940877133 -0.283544458 0.18534498
vn -0.93672337 -0.3238237 0.13299451
vn -0.995601787 -0.0931538536 -0.00997198904
vn -0.994480161 -0.0479922209 -0.0933057183
vn -0.99202385 -0.103011673 -0.0726448668
vn -0.988074587 -0.0598148307 -0.141883037
vn -0.86741535 0.141087253 -0.477163492
vn -0.930081462 0.0743811955 -0.359744232
vn -0.882943691 0.141544625 -0.447633284
vn -0.942584628 0.0753111183 -0.32536511
vn 0.948452781 0.12369689 -0.291781429
vn 0.956383031 0.126245602 -0.263426546
vn 0.985611487 0.0542516975 -0.160083571
vn 0.990150342 0.0552454285 -0.128647746
vn 0.999969825 -0.00665590152 -0.00400600382
vn 0.995268711 -0.0541321568 0.0806839704
vn 0.961612045 -0.162482382 0.221137401
vn 0.903058979 -0.282292338 0.323721356
vn 0.966606219 -0.164007413 0.196911112
vn 0.909312007 -0.29020804 0.298212955
vn 0.600501016 -0.604106889 0.523882998
vn 0.739334345 -0.494941897 0.456527375
vn 0.436900554 -0.685258222 0.582699815
vn 0.280611522 -0.791255025 0.543297946
vn 0.239455785 -0.740779407 0.627619946
vn 0.0378196336 -0.762534219 0.645841497
vn -0.0763955575 -0.765318194 0.639102324
vn -0.24387865 -0.759687351 0.602825293
vn -0.0763998462 -0.765326111 0.639092331
vn -0.384860053 -0.781282479 0.49140658
vn -0.375704132 -0.739281406 0.558846498
vn -0.537691046 -0.719592704 0.439402639
vn -0.690720313 -0.584652328 0.425543305
vn -0.541108521 -0.682748455 0.490974659
vn -0.832060511 -0.442154663 0.334924708
vn -0.933317331 -0.284310613 0.219285736
vn -0.993863684 -0.105125782 0.0344027373
vn -0.996988452 -0.0499480272 -0.0593230296
vn -0.981642999 0.0127541957 -0.190300691
vn -0.95362166 0.0663306212 -0.293608545
vn -0.975463375 0.017608617 -0.219456468
vn -0.79145177 0.209878263 -0.574068994
vn -0.694828425 0.269959284 -0.666584912
vn -0.813211241 0.201918963 -0.545817012
vn -0.573295579 0.320320991 -0.75413967
vn -0.42443104 0.35844069 -0.83149177
vn -0.275751079 0.388410668 -0.879260198
vn -0.0755532948 0.410871107 -0.908557446
vn -0.0719839631 0.40074306 -0.913358259
vn 0.131442697 0.410541284 -0.902318498
vn 0.31916713 0.410331351 -0.854260221
vn -0.0755308332 0.410885036 -0.908553015
vn 0.500318662 0.373777028 -0.781007023
vn 0.656698179 0.320781782 -0.682529523
vn 0.892563035 0.19826418 -0.404996968
vn 0.879931673 0.19584028 -0.432858908
vn 0.793544775 0.262581078 -0.548942499
vn 0.377217042 -0.867451097 0.324400828
vn -0.0607604806 0.378159941 -0.923744133
vn 0.87502716 0.169449838 -0.453447043
vn 0.977981853 0.0251548646 -0.207168355
vn 0.942324637 0.0926950266 -0.321608318
vn 0.921452983 -0.317424509 0.22397786
vn 0.978238259 -0.16926384 0.119998589
vn -0.362830828 -0.874518279 0.321825372
vn -0.508302693 -0.804321834 0.307725136
vn -0.966239587 0.0114637559 -0.257390062
vn -0.775193824 0.204913849 -0.597565771
vn 0.826696924 -0.396690207 0.399010119
vn -0.89952787 0.131676831 -0.416546304
vn 0.482888571 -0.613528986 -0.624820623
vn 0.511477391 -0.739851962 -0.437046854
vn 0.349215957 -0.653591196 -0.67146613
vn 0.346894999 -0.829969617 -0.436822955
vn 0.106914868 -0.625357746 -0.772979236
vn -0.044414968 -0.279043298 -0.959250827
vn 0.201299983 -0.626010946 -0.753384771
vn 0.111772864 -0.238045159 -0.964801186
vn 0.229833893 -0.726540594 -0.647545479
vn 0.292379492 -0.71562914 -0.634341522
vn 0.292334794 -0.621091183 -0.727176808
vn 0.232635591 -0.687436326 -0.687976729
vn 0.232400281 -0.70669597 -0.668259616
vn 0.302917874 -0.675261464 -0.672504808
vn 0.296651617 -0.696067304 -0.653825762
vn 0.311177812 -0.654848514 -0.688724759
vn 0.234915946 -0.668319732 -0.705806796
vn 0.327148695 -0.613829006 -0.718462026
vn 0.232613058 -0.631500435 -0.73966098
vn 0.319559434 -0.633985936 -0.704232633
vn 0.235337313 -0.650063483 -0.722519078
vn 0.204272726 -0.692321436 -0.692072021
vn 0.219517439 -0.592367097 -0.775185988
vn 0.345235722 -0.571841749 -0.744183654
vn 0.0972274791 -0.616495626 -0.781332171
vn 0.0392975805 -0.723773166 -0.688918068
vn 0.144458724 -0.648401482 -0.747467186
vn 0.154550945 -0.665344452 -0.730363448
vn 0.159035141 -0.682387863 -0.713480644
vn 0.160819494 -0.700644423 -0.695150691
vn 0.169880918 -0.716093306 -0.677016138
vn 0.170433903 -0.732153726 -0.659471915
vn 0.347052784 -0.703694343 -0.619974707
vn 0.368783428 -0.612237459 -0.699402657
vn 0.354832852 -0.685945257 -0.635273761
vn 0.38131259 -0.64361246 -0.663599058
vn 0.396751965 -0.620606866 -0.676339409
vn 0.411878823 -0.598651418 -0.687002412
vn 0.451286188 -0.555999023 -0.698001334
vn 0.547142958 -0.592975352 -0.590774759
vn 0.596649938 -0.685346085 -0.417504005
vn 0.548027396 -0.645855923 -0.53154125
vn 0.544584121 -0.636411861 -0.546267406
vn 0.664949194 -0.557325237 -0.497223441
vn 0.676087384 -0.506065633 -0.535540311
vn 0.56671339 -0.627443698 -0.5339947
vn 0.686805883 -0.551402117 -0.473553994
vn 0.428531709 -0.599290427 -0.676174207
vn 0.386869572 -0.696626311 -0.604188479
vn 0.475038121 -0.595750721 -0.647626329
vn 0.413783384 -0.695190725 -0.587786667
vn 0.399342125 -0.680243968 -0.614649503
vn 0.436027694 -0.637047457 -0.635649579
vn 0.454990922 -0.612328035 -0.646558303
vn 0.471977497 -0.589545383 -0.655494838
vn 0.508156664 -0.549718177 -0.663013371
vn 0.431475478 -0.679662747 -0.59320103
vn 0.417040404 -0.659610134 -0.625293349
vn 0.451602532 -0.66009044 -0.600279739
vn 0.473559361 -0.637283938 -0.607956177
vn 0.509002011 -0.586574258 -0.629958405
vn 0.493400715 -0.611376708 -0.618687526
vn 0.533230154 -0.550678329 -0.642198553
vn 0.577473314 -0.585714009 -0.568738667
vn 0.610442836 -0.588771494 -0.529818528
vn 0.595318869 -0.57536891 -0.560844062
vn 0.69652546 -0.600518075 -0.39272169
vn 0.702492922 -0.562538836 -0.435951548
vn 0.517683228 -0.599410423 -0.610500795
vn 0.432815112 -0.697157354 -0.571526642
vn 0.543998305 -0.611021238 -0.575081638
vn 0.445719162 -0.700623681 -0.557190171
vn 0.462173035 -0.69222921 -0.554269615
vn 0.4802915 -0.679374312 -0.55477078
vn 0.499579366 -0.655024137 -0.566889616
vn 0.586008739 -0.595793251 -0.549203204
vn 0.515742698 -0.625266051 -0.585706271
vn 0.532275231 -0.565615828 -0.629890319
vn 0.531322377 -0.574562767 -0.622554542
vn 0.588947421 -0.586425371 -0.556099109
vn 0.537286792 -0.558260446 -0.632193149
vn 0.453280728 -0.682480089 -0.573373795
vn 0.474368255 -0.665518915 -0.576245895
vn 0.495800816 -0.642880903 -0.583854174
vn 0.488778877 -0.568768099 -0.66151195
vn 0.521207462 -0.566780628 -0.638045845
vn 0.428754374 -0.577863733 -0.694437321
vn 0.33571004 -0.594162312 -0.730937696
vn 0.227410095 -0.612871621 -0.756751627
vn 0.125668992 -0.631473733 -0.765145887
vn 0.533221346 -0.570429391 -0.624728186
vn 0.530396192 -0.588543672 -0.61016082
vn 0.526623619 -0.588405333 -0.613552546
vn 0.513797083 -0.615451965 -0.597688411
vn -0.0537237672 -0.909698192 -0.411780227
vn -0.162114018 -0.889620013 -0.426960511
vn -0.0448299257 -0.720946823 -0.691538832
vn -0.202754436 -0.73398272 -0.648197505
vn -0.128065949 -0.722672911 -0.679222332
vn -0.422186767 -0.842196324 -0.335356058
vn -0.291124976 -0.86310026 -0.412679281
vn 0.0157408679 -0.632865103 -0.774102051
vn -0.0981985074 -0.671142708 -0.734795562
vn -0.0493657921 -0.647240915 -0.76068536
vn -0.187088533 -0.664994282 -0.723035604
vn -0.551586522 -0.392600595 -0.735946385
vn -0.150472538 -0.642269084 -0.751563995
vn -0.481574913 -0.335980965 -0.809445733
vn 0.124451544 -0.735205806 -0.666321421
vn 0.0452361702 -0.633995109 -0.772012882
vn 0.0878484543 -0.73822911 -0.668805225
vn -0.0333439814 -0.625536614 -0.779481959
vn 0.043136629 -0.741923935 -0.66909499
vn 0.0578340766 -0.740796236 -0.669235501
vn -0.107317163 -0.618132049 -0.778714194
vn 0.00645158122 -0.74690646 -0.664897825
vn -0.215826144 -0.688057057 -0.692817841
vn 0.0273189084 -0.742949902 -0.668789295
vn -0.263924156 -0.721961372 -0.63962162
vn -0.0514328596 -0.745082789 -0.664985938
vn -0.248537691 -0.713591451 -0.654993326
vn -0.0808785315 -0.717025104 -0.692339269
vn -0.275959878 -0.709535226 -0.648387159
vn 0.0439426005 -0.647410383 -0.760873737
vn 0.0695359419 -0.662636982 -0.745705694
vn 0.0855282992 -0.679402712 -0.728763929
vn 0.0964456217 -0.696533556 -0.711012832
vn 0.10099544 -0.71358248 -0.693253176
vn 0.117993674 -0.723694676 -0.679958461
vn 0.0800192391 -0.732164417 -0.676411257
vn 0.00797021241 -0.715282892 -0.698789568
vn -0.00241680569 -0.701724747 -0.712444059
vn -0.0244077127 -0.72811622 -0.685019002
vn -0.0404968762 -0.707583021 -0.705468831
vn 0.0616649106 -0.730069946 -0.680584537
vn 0.0324909692 -0.73409766 -0.678266144
vn 0.0524611317 -0.719847348 -0.692147112
vn 0.0467522509 -0.70694965 -0.705716954
vn 0.0173181312 -0.726021017 -0.687454409
vn 0.0191583795 -0.674314661 -0.738195566
vn 0.035816968 -0.690869363 -0.72209187
vn -0.048140467 -0.680654626 -0.73102105
vn -0.016474297 -0.661664897 -0.749618678
vn 0.160825038 -0.897581626 -0.410466238
vn 0.276492204 -0.242846046 -0.92982679
vn 0.409357195 -0.270602551 -0.87132138
vn 0.366692509 -0.665384575 -0.650230706
vn 0.673923092 -0.627115875 -0.39058078
vn 0.641340894 -0.651890992 -0.404623272
vn 0.597028495 -0.298331702 -0.744684612
vn 0.658609945 -0.362845345 -0.659223935
vn 0.675758937 -0.427168922 -0.600730032
vn 0.513533416 -0.280322905 -0.810988594
vn 0.703847927 -0.526552762 -0.476802144
vn 0.71035075 -0.519005942 -0.475431009
vn 0.595679281 -0.566341829 -0.569581537
vn -0.145528333 -0.316641354 -0.937315186
vn -0.368776508 -0.313494899 -0.875057047
vn -0.258510844 -0.324355113 -0.909926318
vn -0.35915476 -0.752726712 -0.551733954
vn -0.539197421 -0.769486789 -0.342280912
vn -0.533553928 -0.672942383 -0.512317046
vn -0.520623781 -0.636011752 -0.569596287
vn -0.542093014 -0.616197185 -0.571345949
vn -0.237704246 -0.710664943 -0.662157104
vn -0.576596439 -0.542678292 -0.6107674
vn -0.584960308 -0.466116164 -0.6637448
vn -0.0196245368 -0.752083463 -0.658775638
vn -0.00109765439 -0.73788337 -0.67492735
vn -0.0123068509 -0.68625451 -0.727257375
vn 0.0784238019 -0.0319837056 -0.99640692
vn 0.150666708 -0.024606504 -0.988278333
vn 0.0884916483 -0.267082367 -0.959602125
vn 0.169740496 -0.259348991 -0.950750369
vn 0.0167857705 -0.86783536 0.496568248
vn 0.122514422 -0.952691284 -0.278153797
vn -0.000656006822 -0.868824699 0.495119392
vn -0.00370188846 -0.965842221 -0.259104418
vn -0.134173311 -0.963048204 -0.233528753
vn -0.018840037 -0.867962419 0.496272398
vn -0.0502723123 -0.94277957 0.329604879
vn -0.14847974 -0.932253043 -0.329936405
vn -0.00272246312 -0.945375783 0.325971192
vn -0.0070245115 -0.939885849 -0.34141653
vn 0.135505979 -0.933366954 -0.332361637
vn 0.0451291466 -0.942873092 0.330081344
vn -0.148489162 -0.932254423 -0.329928265
vn -0.180304152 -0.50466282 -0.844278302
vn -0.00704391784 -0.939896652 -0.34138639
vn -0.00675512038 -0.514077309 -0.857717255
vn 0.166287426 -0.505697265 -0.846533383
vn 0.135506516 -0.933371076 -0.332349844
vn 0.00144295583 0.904077333 -0.427366463
vn -0.027507024 0.902625551 -0.429546828
vn -0.000898845107 0.808955337 -0.587869419
vn 0.00278152919 0.809509663 -0.587099965
vn -0.00316992782 0.809314435 -0.587367089
vn 0.0310843534 0.902149034 -0.430303246
vn -0.00545923063 0.195857715 -0.980617128
vn 0.114536255 0.201411769 -0.972787102
vn -0.125704588 0.202457156 -0.971189712
vn 0.29110194 -0.00244178708 -0.956688924
vn 0.328242581 -0.234228628 -0.915092213
vn 0.422359489 0.0334181141 -0.905812173
vn 0.476513851 -0.193850414 -0.857529339
vn 0.541191177 0.0818722828 -0.836904439
vn 0.610661292 -0.139379638 -0.779529411
vn 0.644342312 0.141723628 -0.751490119
vn 0.726644048 -0.0721872877 -0.683211112
vn 0.727944973 0.210998012 -0.652361828
vn 0.820276124 0.0057175096 -0.571939149
vn 0.78879117 0.287135857 -0.543471701
vn 0.888623269 0.0916687528 -0.449383495
vn 0.825411697 0.367870867 -0.428213213
vn 0.929910662 0.182963022 -0.319046536
vn 0.837139049 0.45089476 -0.309664542
vn 0.942966455 0.276354969 -0.185586088
vn 0.823604184 0.53392978 -0.191298556
vn 0.927636015 0.369823286 -0.0521743341
vn 0.78516624 0.614601747 -0.0760175467
vn 0.884083394 0.460816749 0.0777462341
vn 0.722604364 0.690500026 0.0324445254
vn 0.813592005 0.546051016 0.199740675
vn 0.637916437 0.759073896 0.129882407
vn 0.718074392 0.623184986 0.309854224
vn 0.533393421 0.818181621 0.214639914
vn 0.600610129 0.689658411 0.404522865
vn 0.413561023 0.865517874 0.282570504
vn 0.465125987 0.743267498 0.480844302
vn 0.281219752 0.900224943 0.3324312
vn 0.315922539 0.782368545 0.536742405
vn 0.140379046 0.921373267 0.362443136
vn 0.157111117 0.805976842 0.570716591
vn 0.0681809109 0.926014174 0.37128037
vn 0.0753336448 0.810933471 0.580268686
vn -0.0362520127 -0.865372609 0.499816005
vn -0.269767659 -0.934643039 -0.231663116
vn -0.0518103978 -0.860959368 0.506028309
vn -0.4097292 -0.878067939 -0.24722192
vn -0.0658804257 -0.855143002 0.514188891
vn -0.539206821 -0.807766811 -0.238262004
vn -0.0778969843 -0.847840003 0.52449918
vn -0.648962295 -0.741186658 -0.171727337
vn -0.0893941139 -0.83937113 0.536157438
vn -0.732802523 -0.677131012 -0.067037715
vn -0.0989478558 -0.829656707 0.549435228
vn -0.79956844 -0.598647554 0.0480771761
vn -0.102817865 -0.819326713 0.564032113
vn -0.862922201 -0.48526119 0.141020749
vn -0.103164399 -0.808846106 0.57889989
vn -0.901314317 -0.363190345 0.236062018
vn -0.0939760519 -0.78865962 0.607605551
vn -0.101145179 -0.798039699 0.594055798
vn -0.844761971 -0.195835185 0.49802188
vn -0.88861269 -0.27634195 0.366063676
vn -0.0828787718 -0.781479634 0.618401723
vn -0.794927955 -0.0847523875 0.600755008
vn -0.0706614508 -0.775541605 0.627329402
vn -0.718757618 0.0203614101 0.694962516
vn -0.0573071266 -0.77164265 0.633469427
vn -0.609651361 0.0916920372 0.787348582
vn -0.0447220949 -0.766474662 0.640715636
vn -0.462266173 0.137866813 0.875958176
vn -0.0308015337 -0.764091107 0.644372599
vn -0.30819502 0.218086004 0.925988296
vn -0.15094004 0.234740909 0.960267572
vn -0.0161827505 -0.761609905 0.647833676
vn 0.00231949984 -0.760403305 0.649447022
vn 0.00166415272 0.218308939 0.97587829
vn 0.0201045534 -0.762047374 0.64720909
vn 0.155762916 0.216686737 0.963734804
vn 0.0348833035 -0.764880929 0.643226491
vn 0.315451735 0.205375841 0.926450736
vn 0.0479553611 -0.768463481 0.638094163
vn 0.470431617 0.144160103 0.870581391
vn 0.626793991 0.101397703 0.772559252
vn 0.0600552667 -0.773032747 0.631517012
vn 0.735373779 0.0301003832 0.676992889
vn 0.0719436732 -0.777947031 0.624197505
vn 0.810950383 -0.0834624632 0.579131671
vn 0.0830874388 -0.783465061 0.615856295
vn 0.875194521 -0.165745701 0.454491928
vn 0.0937994087 -0.790722658 0.604945741
vn 0.913196865 -0.246519302 0.324499184
vn 0.0993010114 -0.800403399 0.591179929
vn 0.921498816 -0.338137026 0.191058323
vn 0.103705466 -0.809996225 0.577192595
vn 0.9022184 -0.427755577 0.0550193171
vn 0.102144057 -0.820790013 0.562023439
vn 0.852266009 -0.518717861 -0.067634536
vn 0.0960106846 -0.83118566 0.547642536
vn 0.769443745 -0.617687532 -0.162537493
vn 0.0881962133 -0.840456253 0.534653827
vn 0.661188945 -0.712856996 -0.23380351
vn 0.0779398391 -0.848872048 0.522820838
vn 0.536793413 -0.796204042 -0.279127131
vn 0.0647581178 -0.856058805 0.512805723
vn 0.40092903 -0.87238674 -0.27963778
vn 0.0500667092 -0.861689148 0.50496053
vn 0.256893409 -0.925772241 -0.277401397
vn 0.0341185451 -0.865839588 0.499157023
vn -0.346859276 -0.478078544 -0.806925987
vn -0.285768775 -0.910333567 -0.299381034
vn -0.504231114 -0.435337321 -0.745809896
vn -0.415114447 -0.875040128 -0.248967409
vn -0.64577578 -0.377770361 -0.66352332
vn -0.531188111 -0.827651823 -0.181195061
vn -0.767810875 -0.307396259 -0.562115647
vn -0.631348954 -0.769263829 -0.0981410195
vn -0.867096512 -0.224969013 -0.444446377
vn -0.712521195 -0.701649215 -0.00138768854
vn -0.939530265 -0.134367866 -0.315005011
vn -0.771677123 -0.627259059 0.105168868
vn -0.983462139 -0.0380490389 -0.177071997
vn -0.807450637 -0.548086459 0.218230847
vn -0.997460276 0.0619311845 -0.035178496
vn -0.81865394 -0.466552207 0.334865294
vn -0.981139657 0.161509063 0.10620638
vn -0.805027378 -0.385349727 0.451039365
vn -0.935152368 0.257626783 0.243142941
vn -0.767193738 -0.306310701 0.563549041
vn -0.860827135 0.347343637 0.371926125
vn -0.705907472 -0.23235292 0.669108931
vn -0.759871508 0.429041603 0.488383655
vn -0.623078404 -0.165493016 0.764451021
vn -0.63598079 0.499100619 0.588580502
vn -0.521091855 -0.107747492 0.846672166
vn -0.493481552 0.5550063 0.669659589
vn -0.403714369 -0.0612985313 0.912829227
vn -0.335075894 0.596476384 0.729342216
vn -0.273709297 -0.0276906842 0.961413775
vn -0.166127405 0.622083754 0.765123185
vn -0.135302164 -0.00748757346 0.99077609
vn 0.0064728402 0.630382493 0.776257699
vn 0.00655619745 -0.00109938128 0.999977904
vn 0.00648582777 0.630382095 0.776257913
vn 0.00653526737 -0.00104967237 0.999978094
vn 0.179363467 0.621052237 0.762969767
vn 0.148369925 -0.00868481958 0.988893796
vn 0.347126569 0.594738019 0.725113669
vn 0.285881342 -0.0301561956 0.957790406
vn 0.504295365 0.552351176 0.663772824
vn 0.414919096 -0.0654678579 0.907499919
vn 0.645818519 0.494728675 0.581516964
vn 0.531271463 -0.113028665 0.839627985
vn 0.768029285 0.42335454 0.48052258
vn 0.631476963 -0.171220268 0.756254233
vn 0.867235148 0.340913546 0.362878978
vn 0.712503901 -0.239030809 0.659698768
vn 0.939515951 0.250432571 0.233652105
vn 0.771652535 -0.313513379 0.553409186
vn 0.983408094 0.153939057 0.0959754477
vn 0.807191466 -0.39277371 0.440648101
vn 0.997412074 0.0550080918 -0.0462953967
vn 0.818407405 -0.474346399 0.324352913
vn 0.981199218 -0.0444782132 -0.187802513
vn 0.805057773 -0.555692108 0.207577126
vn 0.935189566 -0.140934534 -0.324896802
vn 0.767278529 -0.634241023 0.0949841224
vn 0.860709827 -0.23104466 -0.453648497
vn 0.706102376 -0.708028813 -0.0107067413
vn 0.759814589 -0.31243387 -0.570146357
vn 0.622915246 -0.775033092 -0.106302879
vn 0.636156731 -0.382372587 -0.670146117
vn 0.521040654 -0.832555957 -0.188061736
vn 0.49322543 -0.439092206 -0.750950538
vn 0.403636862 -0.878926592 -0.254097087
vn 0.335002434 -0.480577665 -0.810443383
vn 0.273884762 -0.9128133 -0.302917507
vn 0.273904411 -0.912799692 -0.302940748
vn 0.0915854729 -0.935995967 0.339887703
vn 0.403618484 -0.878937084 -0.254089988
vn 0.134416836 -0.924226189 0.357404625
vn 0.521052646 -0.832547446 -0.188066185
vn 0.172981165 -0.90870256 0.379917326
vn 0.62289173 -0.775053907 -0.106288915
vn 0.206420287 -0.889542913 0.407558672
vn 0.706111982 -0.708019037 -0.0107196623
vn 0.233702171 -0.867278159 0.439558746
vn 0.767291949 -0.634226628 0.0949718286
vn 0.253875543 -0.842797094 0.474594845
vn 0.805074225 -0.555677793 0.20755164
vn 0.266778941 -0.816663005 0.511752413
vn 0.818424819 -0.474329319 0.324333953
vn 0.271040724 -0.789658151 0.550433402
vn 0.807198351 -0.392766297 0.440642098
vn 0.267296577 -0.76278907 0.588816928
vn 0.771659181 -0.313530994 0.553389939
vn 0.256409316 -0.736193956 0.62631679
vn 0.712511306 -0.239045567 0.659685422
vn 0.236927739 -0.711352829 0.661696607
vn 0.631492412 -0.171207419 0.756244242
vn 0.209965238 -0.688964239 0.693716712
vn 0.531261691 -0.113010875 0.839636563
vn 0.177527415 -0.668754114 0.721977805
vn 0.414929166 -0.0654497372 0.907496622
vn 0.13889646 -0.652721181 0.744756895
vn 0.28587136 -0.030209946 0.957791692
vn 0.0956880347 -0.641089272 0.761477738
vn 0.148374407 -0.00871807765 0.988892831
vn 0.0499037899 -0.633513528 0.7721206
vn 0.00655771207 -0.00109089956 0.999977903
vn 0.00252577691 -0.630274012 0.776368656
vn -0.135327104 -0.00750018646 0.990772589
vn -0.0449964642 -0.633016637 0.772829383
vn -0.273707233 -0.0276547522 0.961415397
vn -0.0907155457 -0.640505353 0.762576935
vn -0.403695094 -0.0612611518 0.912840261
vn -0.13464385 -0.650984208 0.747054613
vn -0.521096176 -0.107738789 0.846670614
vn -0.173298774 -0.667315882 0.72433214
vn -0.623080378 -0.165480458 0.764452131
vn -0.206788286 -0.686721047 0.696887946
vn -0.705928362 -0.232323564 0.669097086
vn -0.233964239 -0.7091134 0.665145789
vn -0.767185998 -0.306301503 0.563564579
vn -0.254321172 -0.733632137 0.630162383
vn -0.805029681 -0.38535335 0.45103216
vn -0.266996669 -0.75978277 0.592826215
vn -0.818643511 -0.466570346 0.334865515
vn -0.271322333 -0.786789265 0.554388712
vn -0.807455077 -0.548076441 0.218239579
vn -0.267898619 -0.813800598 0.515712048
vn -0.771675527 -0.627258744 0.105182456
vn -0.256955993 -0.840062207 0.477775162
vn -0.712508022 -0.701662638 -0.00136435569
vn -0.237595159 -0.864924281 0.442102395
vn -0.631334057 -0.769276369 -0.0981385619
vn -0.210262935 -0.887503548 0.410032865
vn -0.531168683 -0.827666002 -0.181187248
vn -0.177006334 -0.906913581 0.382330373
vn -0.415096225 -0.875038573 -0.249003253
vn -0.138893491 -0.922875293 0.35917933
vn -0.285787456 -0.910336619 -0.299353922
vn -0.0962532833 -0.935218779 0.340736175
vn 0.00663534391 0.810079155 -0.586282982
vn 0.230830175 0.218801442 -0.948073499
vn 0.0097517001 0.810614688 -0.585498704
vn 0.340590116 0.247365888 -0.907087917
vn 0.0116544794 0.811550249 -0.584166385
vn 0.439727379 0.286631234 -0.8511653
vn 0.0134115587 0.812581616 -0.582693099
vn 0.525536606 0.334897992 -0.782083506
vn 0.0149664028 0.813975133 -0.580706888
vn 0.595618488 0.391270836 -0.701531004
vn 0.0163614987 0.815558744 -0.578442942
vn 0.647513154 0.453715887 -0.612265146
vn 0.017146612 0.817394211 -0.575823495
vn 0.679521289 0.520631634 -0.516907652
vn 0.0169534893 0.819259529 -0.573172229
vn 0.690476445 0.589367192 -0.419390739
vn 0.0172126542 0.821079828 -0.570553801
vn 0.681260768 0.657883192 -0.321050575
vn 0.0164239879 0.82259182 -0.568395066
vn 0.650858905 0.724968756 -0.225395183
vn 0.0156096181 0.823756871 -0.566728293
vn 0.601062415 0.787548119 -0.135985046
vn 0.0136007122 0.825163972 -0.564729528
vn 0.532387291 0.844765505 -0.054175766
vn 0.0106405431 0.826570408 -0.562732743
vn 0.447879742 0.893948611 0.016112662
vn 0.00843247863 0.827902518 -0.560808625
vn 0.350378897 0.933727733 0.0733971975
vn 0.0058952626 0.828442713 -0.560042781
vn 0.241455075 0.963492925 0.115675537
vn 0.00294376638 0.828826906 -0.559497359
vn 0.125116672 0.981943999 0.141886581
vn 0.000185878956 0.829044772 -0.559182199
vn 0.00545280767 0.988540362 0.150858277
vn -0.00247396516 0.828746917 -0.559618108
vn -0.113740081 0.983182176 0.14288458
vn -0.00608973574 0.828170414 -0.560443289
vn -0.230751644 0.965787491 0.11835625
vn -0.00932899287 0.827598162 -0.561243487
vn -0.34093898 0.936888474 0.0774635377
vn -0.011002582 0.826698704 -0.562537285
vn -0.439732041 0.89786291 0.021861569
vn -0.0131668984 0.825447428 -0.564325417
vn -0.525688981 0.849379266 -0.0469676304
vn -0.0153396315 0.823677758 -0.566850638
vn -0.595935276 0.792746828 -0.128115625
vn -0.0164898562 0.822267914 -0.568861637
vn -0.647191095 0.730691347 -0.217333482
vn -0.0168152876 0.820739951 -0.571054445
vn -0.67899225 0.664554592 -0.311988332
vn -0.0173862816 0.818921342 -0.573642356
vn -0.690770336 0.595703321 -0.409846186
vn -0.017108602 0.817117723 -0.576216906
vn -0.681361901 0.526529864 -0.508441012
vn -0.0162496933 0.815499971 -0.578528949
vn -0.651041117 0.459610263 -0.604072736
vn -0.0151156131 0.813989067 -0.580683491
vn -0.601145862 0.396761006 -0.693688948
vn -0.0132285049 0.812520609 -0.582782349
vn -0.532280596 0.339589527 -0.775471676
vn -0.0111341313 0.8114389 -0.584331193
vn -0.447830592 0.290665348 -0.845553911
vn -0.00914032264 0.810452478 -0.585733075
vn -0.350040647 0.250502615 -0.902618405
vn -0.0062927402 0.809908104 -0.58652303
vn -0.241255001 0.220870465 -0.94499326
vn 0.05850553 0.897674552 -0.436757943
vn 0.0849577435 0.890408408 -0.447163335
vn 0.108972389 0.880325946 -0.46168306
vn 0.129176736 0.868175471 -0.47915
vn 0.145217495 0.854309451 -0.499066369
vn 0.156909824 0.839015132 -0.520992242
vn 0.163701344 0.822765143 -0.544297152
vn 0.165369112 0.806339211 -0.567864538
vn 0.1623026 0.790160282 -0.591019962
vn 0.154273104 0.774167946 -0.613892336
vn 0.141232995 0.75929742 -0.635232768
vn 0.124664672 0.74649152 -0.65361237
vn 0.104560186 0.734913221 -0.670052032
vn 0.0799239917 0.725208736 -0.683874582
vn 0.053722265 0.718756178 -0.69318358
vn 0.0271971584 0.714681734 -0.698920835
vn -0.00167596895 0.713059336 -0.701101686
vn -0.0306518062 0.714738675 -0.69871961
vn -0.058694289 0.7189298 -0.692600118
vn -0.0855271029 0.726207455 -0.682134772
vn -0.108438997 0.73573057 -0.668536845
vn -0.128065682 0.74668082 -0.652738029
vn -0.145262392 0.76016483 -0.633283719
vn -0.158223658 0.775936598 -0.610645289
vn -0.165751084 0.792558576 -0.586836845
vn -0.167879249 0.809057736 -0.563242522
vn -0.165293224 0.825319753 -0.539930973
vn -0.157670929 0.841390554 -0.516915674
vn -0.14516093 0.856624864 -0.495098118
vn -0.127940455 0.870559834 -0.475138732
vn -0.106220082 0.882678499 -0.457816515
vn -0.0808902766 0.89236327 -0.444009637
vn -0.0540913047 0.898915053 -0.43477104
vn -0.35001541 0.250512551 -0.902625434
vn -0.241230808 0.220885443 -0.944995936
vn -0.447836655 0.290649848 -0.845556028
vn -0.532268272 0.339601026 -0.775475099
vn -0.601133302 0.396754767 -0.6937034
vn -0.651064377 0.459582467 -0.604068815
vn -0.681370804 0.526527517 -0.508431512
vn -0.690770518 0.595707715 -0.409839492
vn -0.679009144 0.664543595 -0.311974987
vn -0.647194227 0.73069649 -0.217306862
vn -0.595917219 0.792757132 -0.128135856
vn -0.525726244 0.849356172 -0.0469681746
vn -0.439719094 0.897869097 0.0218678422
vn -0.340913379 0.93689895 0.0774495072
vn -0.230752996 0.965784027 0.118381874
vn -0.113743886 0.983177968 0.142910502
vn 0.00548173671 0.988543221 0.150838494
vn 0.125118845 0.981945085 0.141877144
vn 0.00543446836 0.988544346 0.150832829
vn 0.241442334 0.963495579 0.115680031
vn 0.35036563 0.933733111 0.0733921125
vn 0.447869473 0.893954124 0.0160922312
vn 0.532368232 0.844777749 -0.0541721363
vn 0.601064511 0.787548016 -0.13597638
vn 0.650873647 0.724955337 -0.225395773
vn 0.681247232 0.65789096 -0.32106338
vn 0.690480442 0.589355374 -0.419400765
vn 0.679527274 0.520634639 -0.516896755
vn 0.647539111 0.453721441 -0.612233577
vn 0.595601341 0.39128902 -0.70153542
vn 0.525543079 0.334900414 -0.782078119
vn 0.439758223 0.286627054 -0.851150772
vn 0.340586845 0.247380225 -0.907085236
vn 0.230848554 0.218785627 -0.948072674
vn 0.114567096 0.201377748 -0.972790513
vn -0.00543199017 0.195878535 -0.980613121
vn -0.125701758 0.202421594 -0.971197491
vn -0.00118778223 0.820135123 -0.572168654
vn 0.0923638878 -0.42381477 -0.901027166
vn 0.177343053 -0.416299458 -0.891764657
vn 0.078568135 0.702294672 0.70753745
vn 0.164048889 0.696832079 0.698221323
vn 0.330359908 0.672183258 0.662594898
vn 0.486738058 0.631012269 0.604077461
vn 0.627917213 0.575046686 0.524443784
vn 0.750644271 0.505340177 0.425634213
vn 0.850303384 0.424815061 0.310670757
vn 0.923928684 0.3358639 0.183169942
vn 0.969391267 0.24091452 0.0473367215
vn 0.985403441 0.143166532 -0.0921053907
vn 0.971716805 0.0455257272 -0.231719354
vn 0.928426544 -0.0501007623 -0.368122351
vn 0.856903584 -0.140098841 -0.496073142
vn 0.759195378 -0.221317012 -0.612079373
vn 0.638292948 -0.291129525 -0.712618911
vn 0.497845091 -0.347974818 -0.794395236
vn 0.342772216 -0.390069293 -0.854607018
vn -0.0700933762 0.49978621 -0.863307977
vn -0.173304743 -0.547410985 -0.81872259
vn 0.00412420328 0.496246331 -0.86817197
vn 0.00180165933 -0.556997984 -0.83051189
vn 0.174731128 -0.548804115 -0.817485826
vn 0.0771444297 0.500156271 -0.862491995
vn 0.0972947511 0.382871955 -0.918663593
vn 0.112917288 0.280233206 -0.953267558
vn 0.00403165794 0.377712133 -0.9259143
vn -0.0246226109 0.15253872 -0.987990722
vn -0.126170174 0.105747003 -0.986356253
vn -0.0899244649 0.381865063 -0.919832955
vn -0.024627712 0.152555031 -0.987988076
vn 0.00403881055 0.377719517 -0.925911256
vn -0.0753197197 -0.267726129 -0.960546542
vn -0.156951126 -0.260907276 -0.952519678
vn -0.0246289728 0.152549398 -0.987988914
vn -0.126164693 0.105739696 -0.986357738
vn -0.0329974605 0.980464482 0.193908656
vn -0.135112198 0.962133913 0.236734087
vn -0.0874398193 0.810448975 0.579246697
vn -0.169334125 0.804548688 0.569234014
vn -0.26358346 0.94196099 0.207926074
vn -0.328582325 0.779471253 0.533346249
vn -0.383598765 0.909321836 0.161201075
vn -0.477499077 0.739050905 0.475182482
vn -0.491058061 0.865534567 0.0985489426
vn -0.611411468 0.684559334 0.396931398
vn -0.583548571 0.811784354 0.0218455488
vn -0.726725019 0.617432687 0.301077439
vn -0.658484255 0.749623287 -0.066808787
vn -0.819824584 0.539999612 0.190494279
vn -0.713554315 0.680916429 -0.164903174
vn -0.888284176 0.454187086 0.0683030998
vn -0.747033353 0.607633654 -0.269671119
vn -0.929870151 0.362650447 -0.0618559206
vn -0.757872587 0.531769987 -0.377954789
vn -0.943115634 0.268485123 -0.196083246
vn -0.745465222 0.455993025 -0.48616043
vn -0.927553155 0.174704856 -0.330338248
vn -0.710408786 0.382971731 -0.590467619
vn -0.883753787 0.0841365063 -0.46032629
vn -0.653922893 0.314723182 -0.687992855
vn -0.813212152 -0.000818241319 -0.581966775
vn -0.577760933 0.253214156 -0.775934853
vn -0.718292157 -0.0774692953 -0.691415133
vn -0.484043446 0.200103715 -0.851857057
vn -0.601262584 -0.143788802 -0.786007688
vn -0.375596026 0.156877874 -0.913409524
vn -0.46590427 -0.197562288 -0.862497741
vn -0.255034004 0.125030163 -0.958814432
vn -0.316187908 -0.237142515 -0.918579683
vn 0.218670737 0.296878145 -0.929541003
vn 0.187852038 0.397031918 -0.898374792
vn 0.3177776 0.323675406 -0.89120796
vn 0.273358705 0.420173488 -0.86529143
vn 0.407201325 0.360045525 -0.839377329
vn 0.350228891 0.451601273 -0.820607101
vn 0.416644621 0.490271901 -0.765532967
vn 0.484784512 0.40507831 -0.775174522
vn 0.547808892 0.457162528 -0.700648158
vn 0.470768611 0.535078012 -0.701475899
vn 0.593755977 0.514525843 -0.61864125
vn 0.510314636 0.584381274 -0.630933831
vn 0.621479528 0.575375727 -0.531701015
vn 0.534196254 0.636473728 -0.556359197
vn 0.630445175 0.637819112 -0.442408929
vn 0.541915042 0.690107098 -0.479666843
vn 0.620369497 0.700272679 -0.353213621
vn 0.533402635 0.743647327 -0.403076026
vn 0.591524236 0.760955658 -0.266543739
vn 0.508567805 0.795925967 -0.32842144
vn 0.468023071 0.845199058 -0.258056112
vn 0.544466593 0.818121071 -0.185024437
vn 0.480379643 0.870002511 -0.111045173
vn 0.412891399 0.889792 -0.19439879
vn 0.40204866 0.914377043 -0.0476602411
vn 0.345549143 0.927895075 -0.140023283
vn 0.311945857 0.950093882 0.0033761081
vn 0.268087191 0.958580595 -0.0961899218
vn 0.21218844 0.976372911 0.0408901495
vn 0.18235004 0.981152039 -0.0639463752
vn 0.105975679 0.992325717 0.0637089187
vn 0.0910068332 0.994862198 -0.0443504555
vn -0.0329803926 0.980467769 0.19389494
vn -0.00231977188 0.999270931 -0.0381080655
vn -0.00235483788 0.999270639 -0.0381135807
vn -0.0962010602 0.994338056 -0.0451352094
vn -0.0329932955 0.98046209 0.193921459
vn -0.13511145 0.962133418 0.236736523
vn -0.263572741 0.941970926 0.207894651
vn -0.188314643 0.979904811 -0.0657583219
vn -0.383607622 0.909315196 0.161217451
vn -0.274466977 0.956463384 -0.0992253722
vn -0.491061341 0.865531806 0.0985568439
vn -0.351354678 0.925110596 -0.143945389
vn -0.583549111 0.811783937 0.021846621
vn -0.417134693 0.886895544 -0.198531967
vn -0.658470797 0.749634505 -0.0668155468
vn -0.470770472 0.842479661 -0.261922094
vn -0.713546128 0.680923172 -0.164910752
vn -0.510210534 0.793308072 -0.332185962
vn -0.74702878 0.607643275 -0.269662106
vn -0.534198027 0.740830565 -0.407188582
vn -0.75785951 0.531786322 -0.377958028
vn -0.541841567 0.686676489 -0.484647414
vn -0.745490433 0.455961863 -0.486150998
vn -0.532903197 0.632541402 -0.562054764
vn -0.710419861 0.382964682 -0.590458867
vn -0.507710523 0.580268156 -0.636803653
vn -0.653935701 0.314709056 -0.687987143
vn -0.467275569 0.53154062 -0.706482917
vn -0.57775168 0.2532324 -0.775935789
vn -0.412880133 0.487618323 -0.769258322
vn -0.484050968 0.200094984 -0.851854834
vn -0.346591265 0.449813982 -0.82312932
vn -0.375578619 0.156899536 -0.913412961
vn -0.269140362 0.418699871 -0.867325708
vn -0.255035912 0.124998365 -0.958818071
vn -0.182631748 0.395755151 -0.900013058
vn 0.147820651 0.511222747 -0.846640631
vn 0.343208124 -0.522303456 -0.780645427
vn 0.215583441 0.529661286 -0.820355229
vn 0.501077607 -0.479560786 -0.720376765
vn 0.276359153 0.554526003 -0.784937278
vn 0.643733806 -0.422696297 -0.637914279
vn 0.328371891 0.584849816 -0.741702497
vn 0.766670687 -0.352372203 -0.536702792
vn 0.370975504 0.620051733 -0.691312537
vn 0.866434684 -0.270769633 -0.419493438
vn 0.402250556 0.658658741 -0.635895552
vn 0.939929456 -0.180288696 -0.289876876
vn 0.421263734 0.699755715 -0.576956503
vn 0.984853373 -0.0837289353 -0.151833128
vn 0.42741797 0.741941833 -0.516561899
vn 0.999830844 0.0157860211 -0.00943846546
vn 0.420574324 0.78424681 -0.456151487
vn 0.984416806 0.11571543 0.132414091
vn 0.400833618 0.825544091 -0.397252267
vn 0.939115314 0.212353486 0.270126681
vn 0.368824753 0.864367371 -0.341814788
vn 0.865249027 0.303117409 0.399329386
vn 0.325256476 0.899605242 -0.291408018
vn 0.765048167 0.384764639 0.516388879
vn 0.27223884 0.929639592 -0.24830675
vn 0.641640377 0.454772785 0.617640138
vn 0.21119964 0.953816638 -0.213608363
vn 0.49890439 0.511522235 0.699599466
vn 0.143569213 0.971602642 -0.188085582
vn 0.34082709 0.553406771 0.759985421
vn 0.071537105 0.982381227 -0.172654472
vn 0.172503608 0.578958596 0.796899899
vn -0.00206828683 0.985802176 -0.167898162
vn -0.00117501619 0.587536034 0.80919715
vn -0.00206300615 0.985799071 -0.167916457
vn -0.00118598345 0.5875407 0.809193746
vn -0.075958331 0.98184885 -0.173790585
vn -0.174930675 0.579318986 0.796108518
vn -0.148882358 0.970374909 -0.190280268
vn -0.343188053 0.553842801 0.758604055
vn -0.216819459 0.951871948 -0.216631291
vn -0.50104953 0.511308573 0.698221248
vn -0.277526721 0.927165124 -0.251681846
vn -0.643626431 0.453920285 0.616199149
vn -0.329505043 0.896929565 -0.29486231
vn -0.766661548 0.383238373 0.515129517
vn -0.37152198 0.861942085 -0.345003277
vn -0.866497675 0.3015019 0.397842158
vn -0.402340963 0.823200626 -0.40057768
vn -0.939961339 0.211069467 0.268183448
vn -0.420991893 0.781776363 -0.459990809
vn -0.984826866 0.114840979 0.130106087
vn -0.426865224 0.739039388 -0.521159154
vn -0.999811222 0.0151620034 -0.0121505144
vn -0.419751682 0.696297901 -0.582217965
vn -0.984387019 -0.0846324549 -0.154335814
vn -0.399939312 0.655082087 -0.641027305
vn -0.939095959 -0.181549475 -0.291785141
vn -0.368135072 0.616637796 -0.695869526
vn -0.865208968 -0.272282061 -0.421041471
vn -0.325464175 0.582194202 -0.745065757
vn -0.765029824 -0.354021075 -0.537957662
vn -0.273313416 0.552753583 -0.787250439
vn -0.64167082 -0.423674892 -0.639341962
vn -0.211977694 0.528708799 -0.821907819
vn -0.499154733 -0.479625909 -0.721667195
vn -0.14333653 0.510769832 -0.847684386
vn -0.341289398 -0.521263365 -0.782180319
vn 0.0771484015 0.500190152 -0.862471992
vn 0.00415073832 0.496249701 -0.868169917
vn 0.498225069 -0.497344205 -0.710225684
vn 0.641188347 -0.440168045 -0.628593347
vn 0.00415078368 0.49623741 -0.868176943
vn -0.0700897802 0.499783977 -0.863309562
vn -0.143335072 0.510799394 -0.847666819
vn -0.211987339 0.528728687 -0.821892538
vn -0.27330298 0.552783049 -0.787233372
vn -0.325467688 0.582188675 -0.745068541
vn -0.368175473 0.616616835 -0.695866726
vn -0.399950095 0.655072016 -0.641030869
vn -0.419754191 0.696298165 -0.582215841
vn -0.426864626 0.73903093 -0.521171638
vn -0.420991505 0.781782244 -0.459981169
vn -0.402344724 0.823196204 -0.400582991
vn -0.371526851 0.861945481 -0.344989546
vn -0.329514228 0.89692619 -0.294862312
vn -0.277530386 0.927161629 -0.251690678
vn -0.216835029 0.951867573 -0.216634931
vn -0.148849775 0.970372222 -0.190319453
vn -0.0759469097 0.981848554 -0.173797251
vn -0.00206159939 0.985801366 -0.167903
vn -0.00204681227 0.985802139 -0.167898641
vn 0.071525605 0.982377146 -0.172682456
vn 0.143561714 0.971594798 -0.188131823
vn 0.21121424 0.953815792 -0.213597705
vn 0.272242935 0.92964742 -0.24827295
vn 0.325248789 0.899607652 -0.291409158
vn 0.368806858 0.864370573 -0.341826001
vn 0.400818071 0.825554093 -0.397247169
vn 0.420577813 0.784245062 -0.456151276
vn 0.42742513 0.741938403 -0.516560901
vn 0.421290924 0.699746713 -0.576947567
vn 0.402243534 0.658645683 -0.635913519
vn 0.370962964 0.620070065 -0.691302824
vn 0.328398809 0.58482382 -0.741711078
vn 0.27636056 0.55450154 -0.784954065
vn 0.215590417 0.529676004 -0.820343893
vn 0.1478101 0.511253538 -0.84662388
vn 0.764577812 -0.369717374 -0.527948703
vn 0.864868182 -0.287969169 -0.411189477
vn 0.93890595 -0.197437409 -0.281911488
vn 0.984420032 -0.100890076 -0.144008311
vn 0.999997712 -0.0012473713 -0.00173763524
vn 0.985175687 0.098373464 0.140540128
vn 0.940440774 0.194942749 0.278511174
vn 0.867130256 0.285648855 0.408031679
vn 0.76742492 0.367712309 0.525211053
vn 0.64444695 0.438549898 0.626388151
vn 0.501947032 0.496053947 0.708505228
vn 0.344062691 0.538537074 0.769154526
vn 0.175887778 0.5646166 0.806394187
vn 0.00219868116 0.573547589 0.819169292
vn 0.00219524333 0.573542743 0.819172694
vn -0.171707172 0.565029278 0.807005924
vn -0.340103573 0.5393594 0.770338235
vn -0.498189486 0.497312449 0.71027288
vn -0.641165325 0.440151779 0.628628218
vn -0.764661692 0.369614248 0.527899426
vn -0.864988996 0.287788638 0.411061719
vn -0.938983057 0.197263486 0.281776394
vn -0.984425354 0.100814303 0.144024996
vn -0.999997783 0.00117394795 0.00174807454
vn -0.985162702 -0.0984810932 -0.140555771
vn -0.94040951 -0.195095739 -0.278509616
vn -0.867052142 -0.285806677 -0.408087154
vn -0.767276086 -0.367879615 -0.525311334
vn -0.644331477 -0.438720467 -0.6263875
vn -0.502102156 -0.496193702 -0.70829742
vn -0.344503686 -0.538707187 -0.768837939
vn -0.17636309 -0.56490052 -0.806091473
vn -0.00222566417 -0.573949645 -0.818887569
vn 0.1717584 -0.565319417 -0.8067918
vn 0.340071851 -0.539473851 -0.770272095
vn -0.164688924 -0.418538379 -0.893142309
vn -0.0786898667 -0.42488571 -0.901820402
vn -0.33061097 -0.393521548 -0.857809523
vn -0.486676097 -0.352086542 -0.799488239
vn -0.628344614 -0.29564729 -0.719566346
vn -0.750830916 -0.226128863 -0.620579304
vn -0.85021209 -0.145940373 -0.505807087
vn -0.923691552 -0.0572815433 -0.378830756
vn -0.969395165 0.0372327295 -0.242665897
vn -0.98554828 0.1347772 -0.102614296
vn -0.971767508 0.232983028 0.037240016
vn -0.928310948 0.329016664 0.173167024
vn -0.856594369 0.419051254 0.30106832
vn -0.759252063 0.500003897 0.416572212
vn -0.638553529 0.570097786 0.516950583
vn -0.498513421 0.626925485 0.598705942
vn -0.343083261 0.668943162 0.659400426
vn -0.176525212 0.694945734 0.697057584
vn -0.0914742561 0.701247681 0.707024858
vn -0.0914742561 0.701247681 0.707024858
vn -0.0914742561 0.701247681 0.707024858
vn 0.200889632 0.680538574 -0.704635087
vn 0.0270622053 0.696874291 -0.716682537
vn 0.185800036 0.485663914 -0.854171475
vn 0.0230803172 0.500192599 -0.865606529
vn -0.145834619 0.688744471 -0.710185411
vn -0.136683123 0.494263727 -0.858499326
vn -0.308382759 0.655880526 -0.688999862
vn -0.285431767 0.465044397 -0.838010987
vn -0.46852851 0.598512669 -0.649818144
vn -0.434158662 0.411508667 -0.801353151
vn -0.610941345 0.522140343 -0.59507994
vn -0.565366072 0.339441403 -0.751758431
vn -0.610959715 0.522127463 -0.595072381
vn -0.733861061 0.427129845 -0.528212116
vn -0.565358981 0.339444911 -0.75176218
vn -0.678451844 0.250248329 -0.690708962
vn -0.834801023 0.315179581 -0.45140789
vn -0.770985495 0.147918446 -0.619436437
vn -0.911770445 0.186424307 -0.365951682
vn -0.842098409 0.0301220996 -0.538482059
vn -0.961147205 0.0492905825 -0.271599868
vn -0.887667065 -0.0965610593 -0.45024787
vn -0.980211581 -0.0879066669 -0.177363116
vn -0.904921945 -0.222189033 -0.362971497
vn -0.969694055 -0.230467711 -0.0811053248
vn -0.895255527 -0.353047045 -0.271800156
vn -0.929917825 -0.367532959 0.0131286645
vn -0.858651932 -0.478430427 -0.183905371
vn -0.862541543 -0.495587114 0.102056357
vn -0.795844662 -0.596775727 -0.102420725
vn -0.767343248 -0.613342193 0.187071361
vn -0.706731856 -0.706992655 -0.0262957982
vn -0.650565957 -0.713958464 0.258896211
vn -0.598989891 -0.799861448 0.0378520222
vn -0.514740163 -0.797244096 0.315348086
vn -0.473792419 -0.875966436 0.0905734261
vn -0.362093721 -0.86097119 0.357234862
vn -0.333039325 -0.933750963 0.131125691
vn -0.196982738 -0.901609085 0.385095909
vn -0.180949513 -0.970984747 0.156351829
vn -0.026807794 -0.917298508 0.397296853
vn -0.0234967819 -0.985910425 0.165615623
vn 0.140847344 -0.910183777 0.389522165
vn 0.13124326 -0.978071121 0.161716073
vn 0.31090478 -0.877228425 0.365798454
vn 0.288270568 -0.947137276 0.140822799
vn 0.466037793 -0.820946519 0.329932704
vn 0.431559934 -0.895804354 0.106257157
vn 0.607281626 -0.744689492 0.276851202
vn 0.560483997 -0.826166693 0.0575003042
vn 0.607279706 -0.744681708 0.276876348
vn 0.734900541 -0.645244585 0.20875972
vn 0.560455662 -0.826185129 0.0575115963
vn 0.678971417 -0.73413186 -0.00694453135
vn 0.835440604 -0.533201356 0.133173992
vn 0.771826494 -0.63109862 -0.0774493063
vn 0.911673259 -0.408523263 0.0442787967
vn 0.841886638 -0.516226542 -0.157280151
vn 0.960601153 -0.273408174 -0.0499339128
vn 0.887235932 -0.39157223 -0.243892577
vn 0.980101686 -0.135585655 -0.144973154
vn 0.90496274 -0.264973496 -0.332913631
vn 0.970030377 0.00755521799 -0.242866191
vn 0.895381038 -0.132037071 -0.425275215
vn 0.931359861 0.143530037 -0.334616105
vn 0.859665046 -0.00640921398 -0.510817904
vn 0.863376568 0.272580296 -0.424594964
vn 0.797746866 0.111987957 -0.592502013
vn 0.766977244 0.392389887 -0.507716539
vn 0.708764705 0.222919731 -0.669297682
vn 0.652019926 0.492738091 -0.576263125
vn 0.602345749 0.314618695 -0.733617527
vn 0.514051571 0.57732257 -0.63438918
vn 0.474033861 0.392244936 -0.788312
vn 0.359445049 0.641730025 -0.677481979
vn 0.331183871 0.450883231 -0.828867634
vn 0.175821482 0.982313513 -0.0643969591
vn 0.316489012 0.947683524 -0.0416010122
vn 0.00211483458 0.582844511 0.812580952
vn 0.0926114222 0.87872805 0.468252217
vn 0.000617399046 0.58330402 0.812253679
vn 0.011590951 0.887757538 0.460165409
vn 0.00483504392 0.58236849 0.812910551
vn 0.171801576 0.861914368 0.477061675
vn 0.0063970787 0.581489614 0.813528676
vn 0.244461992 0.833715763 0.49513267
vn 0.00841041171 0.580329557 0.814338302
vn 0.310230248 0.793846505 0.52303434
vn 0.00950472342 0.579007342 0.815266925
vn 0.367254667 0.745854264 0.555720637
vn 0.0100833795 0.577530775 0.81630664
vn 0.409616204 0.689638682 0.597170874
vn 0.0107234968 0.575381326 0.817814977
vn 0.439059291 0.628038344 0.642491072
vn 0.0109059868 0.573833013 0.818899709
vn 0.453948058 0.564820434 0.689136444
vn 0.0110107484 0.572346789 0.819937752
vn 0.45634901 0.500297384 0.735831576
vn 0.00997532847 0.570684898 0.821108544
vn 0.442274705 0.438064863 0.782618848
vn 0.00909053376 0.569454193 0.8219728
vn 0.414912525 0.380631836 0.826418177
vn 0.00872958438 0.568312402 0.822766558
vn 0.379180248 0.323289738 0.867009853
vn 0.0068203599 0.56762626 0.823258108
vn 0.332695846 0.271235318 0.903185959
vn 0.00533664001 0.566699645 0.823907175
vn 0.276026775 0.231400553 0.932878879
vn 0.00396499864 0.56587039 0.824484676
vn 0.207268949 0.202306186 0.957137289
vn 0.00533475286 0.566628651 0.823956013
vn 0.276006681 0.231397096 0.932885682
vn 0.00221587973 0.565973986 0.824420122
vn 0.136399435 0.177610318 0.974602365
vn 0.000594873609 0.56567413 0.824628659
vn 0.0640139044 0.163801234 0.98441423
vn -0.000231907377 0.565544431 0.824717796
vn -0.0117619096 0.162237113 0.9866817
vn -0.00138145871 0.565856182 0.824502803
vn -0.086364498 0.170121244 0.981631263
vn -0.00352976053 0.566232071 0.824238304
vn -0.1594788 0.185395043 0.969636628
vn -0.00478251942 0.566383144 0.824128183
vn -0.228603805 0.210237109 0.950547557
vn -0.00590309599 0.567266106 0.823513399
vn -0.290502987 0.246398272 0.924605811
vn -0.00751573498 0.568187659 0.82286469
vn -0.345121419 0.291005887 0.892304197
vn -0.00861959011 0.569076184 0.822239624
vn -0.390523187 0.341405553 0.854946717
vn -0.00939101619 0.569940793 0.821632096
vn -0.423606419 0.397529595 0.813958121
vn -0.0100317279 0.571389019 0.820618032
vn -0.442803348 0.458038612 0.770795579
vn -0.0110191405 0.57335608 0.819232192
vn -0.44839447 0.522919344 0.724912242
vn -0.0103146897 0.574336479 0.818554346
vn -0.443698482 0.586443863 0.677654228
vn -0.0103595062 0.575960585 0.817411821
vn -0.42559683 0.646996717 0.632663092
vn -0.0104066659 0.578063967 0.815925089
vn -0.39222188 0.706219656 0.58941988
vn -0.00887176963 0.579561194 0.814880429
vn -0.344725785 0.760096995 0.550832725
vn -0.00731669369 0.581055906 0.813830757
vn -0.28767271 0.806058928 0.517216992
vn -0.00602110698 0.581601411 0.813451624
vn -0.219646996 0.841327062 0.493886597
vn -0.0073419566 0.581083336 0.813810944
vn -0.287656297 0.806046171 0.517246
vn -0.00410009576 0.582412671 0.812882937
vn -0.147221325 0.868889885 0.472605808
vn -0.00115944473 0.583051321 0.812434497
vn -0.0685079428 0.884634278 0.461225385
vn 0.127180958 -0.420065147 0.898537855
vn -0.0248769898 -0.425982655 0.904389249
vn 0.406081985 -0.313043099 0.85854612
vn 0.426023931 -0.383356522 0.819476288
vn 0.535800614 -0.246628883 0.807522072
vn 0.558012035 -0.308477704 0.770366195
vn 0.535804622 -0.246628319 0.807519584
vn 0.558042286 -0.308456016 0.770352967
vn 0.638039268 -0.168652158 0.751307089
vn 0.665056293 -0.222766897 0.712793825
vn 0.727163042 -0.0663256477 0.683253114
vn 0.761137633 -0.119404647 0.637504536
vn 0.797047801 0.0457593857 0.602180107
vn 0.831453535 -0.00378666969 0.55558139
vn 0.841391697 0.157377739 0.517003152
vn 0.873606892 0.119548439 0.471719375
vn 0.858834472 0.273735464 0.432980653
vn 0.891019543 0.241025117 0.384696071
vn 0.847061208 0.396036613 0.354460592
vn 0.881479031 0.363400566 0.301553886
vn 0.810300577 0.522411808 0.265516246
vn 0.841558903 0.499016393 0.206787939
vn 0.755119826 0.629791528 0.182089755
vn 0.783170668 0.609490165 0.123148059
vn 0.672986068 0.730555124 0.11566747
vn 0.700202101 0.711900673 0.0539856431
vn 0.565938972 0.822923606 0.0500980907
vn 0.586757113 0.809675553 -0.0118991128
vn 0.450007818 0.893022737 -0.00183186483
vn 0.465610174 0.882819936 -0.0619364667
vn 0.320135517 0.946795426 -0.0330404587
vn 0.331513247 0.938039523 -0.100900047
vn 0.17161835 0.983729642 -0.0531331749
vn 0.178513596 0.975749573 -0.126671494
vn 0.0165391333 0.997557142 -0.0678690282
vn 0.0169885389 0.990699206 -0.135005457
vn -0.128906908 0.989285214 -0.068540317
vn -0.135598879 0.98226572 -0.12948745
vn -0.268586761 0.962130053 -0.046550112
vn -0.278409812 0.954111495 -0.110268909
vn -0.407909706 0.912994867 -0.00707417458
vn -0.425454396 0.902076196 -0.0724368196
vn -0.533307842 0.845084875 0.0376071846
vn -0.557125125 0.829973525 -0.0274871607
vn -0.533329046 0.845071979 0.0375962565
vn -0.557107051 0.829985393 -0.0274951209
vn -0.637504433 0.764360145 0.0966522959
vn -0.666227213 0.74521238 0.0282808865
vn -0.730772218 0.661228505 0.169554797
vn -0.761777472 0.639390022 0.104285583
vn -0.799320954 0.550110435 0.241794378
vn -0.829045563 0.52679836 0.187528511
vn -0.838306831 0.440501487 0.321247721
vn -0.871931042 0.40908526 0.26904555
vn -0.853946674 0.31671537 0.412875831
vn -0.891238044 0.278376123 0.358052348
vn -0.845552663 0.190082447 0.498908166
vn -0.880300503 0.150299406 0.449979014
vn -0.811779647 0.0784663561 0.578668157
vn -0.844603082 0.0328593786 0.534383659
vn -0.750054644 -0.0279425557 0.660785324
vn -0.811796864 0.0784454629 0.578646836
vn -0.750051162 -0.0279513073 0.660788906
vn -0.783868739 -0.0845264779 0.615146384
vn -0.664588555 -0.13432883 0.73503593
vn -0.694921594 -0.196095854 0.691831189
vn -0.563026027 -0.229861921 0.793829446
vn -0.585937919 -0.289557063 0.756857624
vn -0.448429996 -0.300826854 0.84167318
vn -0.466663447 -0.360301747 0.807717697
vn -0.316690615 -0.348047729 0.882366042
vn -0.330993801 -0.412650121 0.848624169
vn -0.168507022 -0.379920953 0.909541342
vn -0.174003898 -0.450360181 0.875727327
vn -0.0209722482 -0.396250894 0.917902715
vn -0.0206700887 -0.46645917 0.884301187
vn 0.126110834 -0.390561146 0.911898048
vn 0.132920432 -0.458467065 0.878715033
vn 0.267387561 -0.362806608 0.892678698
vn 0.283059287 -0.432400714 0.856099914
vn 0.299889078 -0.510211571 0.806071147
vn 0.445067909 -0.45884049 0.769012328
vn -0.485645366 -0.435138066 0.758157927
vn -0.343768788 -0.496375103 0.797141629
vn -0.180830109 -0.537342237 0.823749836
vn -0.0213678981 -0.550661034 0.834455414
vn 0.140287817 -0.540996711 0.829241754
vn 0.579789776 -0.384252743 0.718466176
vn 0.579789278 -0.384257942 0.718463797
vn 0.697166767 -0.292483434 0.654531848
vn 0.796409961 -0.18365937 0.576194768
vn 0.866141742 -0.0660161895 0.495419363
vn 0.910674869 0.0654759714 0.407902171
vn 0.928306603 0.195837371 0.316061029
vn 0.92045294 0.319615734 0.224971481
vn 0.879101254 0.459274352 0.127467856
vn 0.814322764 0.578544837 0.0465221115
vn 0.728895284 0.684047526 -0.0281184373
vn 0.613743982 0.783452548 -0.0975726855
vn 0.484624918 0.861693521 -0.150409323
vn 0.341414248 0.919416979 -0.195214575
vn 0.186063749 0.956449388 -0.224910758
vn 0.0208717492 0.972267811 -0.232937061
vn -0.142223479 0.964466379 -0.222659124
vn -0.293002415 0.934392662 -0.202632519
vn -0.597669516 0.781119331 -0.180675787
vn -0.582434982 0.804872257 -0.113798691
vn -0.458867075 0.855903571 -0.238474496
vn -0.445551775 0.879791493 -0.165682056
vn -0.304268749 0.910980247 -0.278452002
vn -0.582433373 0.804874065 -0.113794135
vn -0.697138087 0.715017036 -0.0524321118
vn -0.793105601 0.60870007 0.0216270562
vn -0.864830555 0.490306696 0.108015995
vn -0.911578991 0.360841872 0.197020016
vn -0.930216574 0.228933895 0.286856056
vn -0.919297034 0.0984323073 0.381056485
vn -0.881299002 -0.0305879542 0.471568072
vn -0.817591541 -0.155286428 0.554463883
vn -0.7268873 -0.267112288 0.632681498
vn -0.612710274 -0.360175277 0.703462785
vn -0.628413036 -0.407054065 0.662875587
vn -0.496328281 -0.487633558 0.718242126
vn -0.845574346 0.190056354 0.498881357
vn -0.853956892 0.31671354 0.412856102
vn -0.838317852 0.440493373 0.321230086
vn -0.799315372 0.550117428 0.241796921
vn -0.730768886 0.661231445 0.169557691
vn -0.637502171 0.764362435 0.0966491081
vn -0.533311323 0.845083007 0.0375997888
vn -0.533315785 0.84507988 0.0376067714
vn -0.40790065 0.912998991 -0.00706414991
vn -0.268585625 0.962129995 -0.0465578655
vn -0.128902253 0.989286925 -0.0685243695
vn 0.0165321308 0.99755872 -0.0678475376
vn 0.171619334 0.98372937 -0.0531350207
vn 0.320144547 0.946792 -0.033051144
vn 0.449998973 0.893027246 -0.00180590744
vn 0.5659415 0.822922219 0.0500923213
vn 0.672994422 0.730548527 0.115660528
vn 0.755123365 0.629791802 0.182074131
vn 0.810278696 0.522431487 0.265544302
vn 0.84705677 0.396042374 0.35446476
vn 0.858840178 0.27372733 0.432974477
vn 0.841388764 0.157385288 0.517005627
vn 0.7970462 0.0457670005 0.602181647
vn 0.727157352 -0.06630309 0.683261359
vn 0.638045082 -0.168651284 0.751302348
vn 0.535793874 -0.246625448 0.807527593
vn 0.535798981 -0.246614289 0.807527612
vn 0.406083011 -0.31300627 0.858559062
vn 0.267385351 -0.362786765 0.892687424
vn 0.126105385 -0.390558959 0.911899738
vn -0.0209689194 -0.396264146 0.91789707
vn -0.168520351 -0.379936439 0.909532404
vn -0.316683047 -0.348044834 0.882369901
vn -0.448443491 -0.300860615 0.841653923
vn -0.563018327 -0.229857379 0.793836223
vn -0.664600899 -0.134336997 0.735023276
vn 0.450987828 0.892530006 -0.000409773235
vn 0.571242553 0.819236353 0.0503362949
vn -0.0671458289 -0.703766053 -0.707251568
vn -0.0953416272 -0.692372656 -0.71521331
vn -0.280226092 -0.952226644 -0.121399159
vn -0.399080854 -0.903471815 -0.156438973
vn -0.120050315 -0.676266158 -0.726809469
vn 0.159322891 -0.40576005 -0.89998611
vn 0.125218969 -0.385976401 -0.913970693
vn -0.139736763 -0.655945883 -0.741760498
vn 0.192478755 -0.427305106 -0.883381161
vn -0.152523285 -0.632844158 -0.759107976
vn 0.221222272 -0.453728004 -0.863244812
vn -0.160169312 -0.609396987 -0.776518579
vn 0.246369459 -0.48359562 -0.839903188
vn -0.163818899 -0.585921375 -0.793636889
vn 0.263436315 -0.518543419 -0.813458069
vn -0.163754816 -0.56219254 -0.810631796
vn 0.271369039 -0.555549377 -0.785954028
vn -0.159481341 -0.539296891 -0.82687639
vn 0.268645816 -0.59448829 -0.757900454
vn -0.151028633 -0.517223832 -0.842419052
vn 0.257564667 -0.63240831 -0.730561545
vn -0.137422694 -0.496641179 -0.857007901
vn 0.236910859 -0.668388352 -0.705074645
vn -0.119173388 -0.47929994 -0.869522439
vn 0.211766848 -0.702186009 -0.679771734
vn -0.0980534716 -0.465359634 -0.879673762
vn 0.176252316 -0.730680506 -0.659576469
vn -0.0747382789 -0.453707633 -0.888011021
vn -0.0980518293 -0.465349835 -0.879679129
vn 0.137994694 -0.755767279 -0.640135364
vn 0.176256828 -0.730680817 -0.65957492
vn -0.0490157702 -0.446873181 -0.893253499
vn 0.0916256801 -0.773731965 -0.626852121
vn -0.0230737986 -0.441946304 -0.896744704
vn 0.0456021761 -0.788762962 -0.613003614
vn 0.00309727374 -0.442536397 -0.896745195
vn -0.00801520707 -0.794675676 -0.606981323
vn 0.0299243836 -0.443616736 -0.895716877
vn -0.0598418429 -0.787067153 -0.613957857
vn 0.0561958148 -0.449131352 -0.89169673
vn -0.107586454 -0.772345949 -0.626024672
vn 0.080438109 -0.458050296 -0.885279412
vn -0.151228179 -0.750633988 -0.643178555
vn 0.102763571 -0.470467855 -0.876412943
vn -0.190484797 -0.725074008 -0.661803011
vn 0.122291565 -0.48574675 -0.865502668
vn -0.219924282 -0.693188465 -0.686384048
vn 0.138941363 -0.503281285 -0.852879385
vn -0.246778667 -0.659397303 -0.710137653
vn 0.151395561 -0.523693373 -0.838346369
vn -0.264179912 -0.622294474 -0.736857219
vn 0.158892636 -0.545779888 -0.822725619
vn -0.275967398 -0.583369318 -0.76388627
vn 0.161690288 -0.568691728 -0.806502306
vn -0.278508175 -0.543320761 -0.791982163
vn 0.159048987 -0.591723027 -0.790295691
vn -0.268317336 -0.505175585 -0.82024596
vn 0.152707122 -0.614447134 -0.774038277
vn -0.243827701 -0.472130778 -0.847136696
vn 0.145911356 -0.637879623 -0.756187452
vn -0.221871225 -0.439375603 -0.870472423
vn 0.131020962 -0.659146485 -0.740512943
vn -0.188549596 -0.415393235 -0.889886234
vn 0.109431879 -0.677424786 -0.727406574
vn -0.152227031 -0.395173652 -0.905905467
vn 0.109434987 -0.677410444 -0.727419462
vn -0.152244825 -0.395170062 -0.905904043
vn 0.0852504961 -0.69282393 -0.716049827
vn -0.11622395 -0.376238411 -0.919204358
vn 0.0568141037 -0.703066718 -0.708850723
vn -0.0773923559 -0.362255405 -0.928860293
vn 0.026804241 -0.70919261 -0.704505056
vn -0.0364440916 -0.353124481 -0.934866263
vn -0.00403272784 -0.710678786 -0.703505082
vn 0.00698119598 -0.350947621 -0.936369067
vn 0.112575233 -0.988603166 -0.0999529766
vn 0.243352886 -0.962921043 -0.116457883
vn 0.243354458 -0.962922163 -0.116445335
vn 0.112592725 -0.988602258 -0.099942247
vn 0.364194496 -0.919640928 -0.147047382
vn 0.364185425 -0.91964562 -0.147040507
vn 0.472066258 -0.861095031 -0.188861842
vn 0.472052439 -0.861103563 -0.188857484
vn 0.472063913 -0.861099903 -0.18884549
vn 0.571455389 -0.783829235 -0.243003023
vn 0.472084711 -0.861084253 -0.188864859
vn 0.571481012 -0.783817626 -0.242980207
vn 0.647972381 -0.697454209 -0.306087275
vn 0.647966357 -0.697468006 -0.306068587
vn 0.702839763 -0.60296741 -0.377420946
vn 0.702851267 -0.602962669 -0.377407098
vn 0.740936281 -0.49927337 -0.449154237
vn 0.740967074 -0.499253775 -0.449125221
vn 0.757065641 -0.392186195 -0.522533831
vn 0.757080862 -0.392179409 -0.52251687
vn 0.74901309 -0.28121609 -0.599914079
vn 0.74902437 -0.281192525 -0.59991104
vn 0.718874971 -0.176098344 -0.672464237
vn 0.718886674 -0.176069821 -0.672459194
vn 0.667544222 -0.0768426027 -0.740594306
vn 0.667546636 -0.0768371614 -0.740592695
vn 0.593097094 0.0142977717 -0.805003982
vn 0.593094465 0.0143033184 -0.80500582
vn 0.50334566 0.090588135 -0.859323534
vn 0.503319701 0.0905835861 -0.859339219
vn 0.395569895 0.154937074 -0.905272866
vn 0.395577828 0.154928504 -0.905270866
vn 0.276225343 0.201951066 -0.939635742
vn 0.27619933 0.201927588 -0.939648434
vn 0.15450629 0.230262177 -0.960784646
vn 0.154490712 0.230272699 -0.960784629
vn 0.017896292 0.242711769 -0.969933358
vn 0.0179110539 0.242703356 -0.969935191
vn -0.115489424 0.239043863 -0.964116292
vn -0.11548224 0.239051088 -0.964115361
vn -0.239481787 0.215888339 -0.946594263
vn -0.239461513 0.215892169 -0.946598518
vn -0.363888145 0.173271627 -0.915184332
vn -0.363869726 0.173281407 -0.915189804
vn -0.473095745 0.111371799 -0.873943212
vn -0.473096549 0.111376286 -0.873942205
vn -0.473098635 0.111383916 -0.873940104
vn -0.567472687 0.0361897218 -0.822596532
vn -0.567468875 0.0361789584 -0.822599634
vn -0.47310126 0.111404936 -0.873936003
vn -0.645658337 -0.0484169855 -0.76208996
vn -0.645678431 -0.0484038529 -0.76207377
vn -0.705638206 -0.146192759 -0.693327051
vn -0.705638895 -0.146214502 -0.693321765
vn -0.742802576 -0.252367035 -0.620125159
vn -0.742822373 -0.25234846 -0.620109004
vn -0.756964374 -0.358032796 -0.546641979
vn -0.756980481 -0.358026107 -0.546624056
vn -0.749428047 -0.466965485 -0.469362161
vn -0.74942706 -0.466955181 -0.469373989
vn -0.720000028 -0.570996197 -0.39441514
vn -0.719984874 -0.570996138 -0.394442889
vn -0.6690782 -0.669142016 -0.323393452
vn -0.669093559 -0.669136892 -0.323372278
vn -0.595577423 -0.761132841 -0.256835223
vn -0.595566063 -0.761143632 -0.256829586
vn -0.504668591 -0.839349906 -0.201993436
vn -0.504678104 -0.839352045 -0.201960777
vn -0.39908545 -0.903470175 -0.156436715
vn -0.280247096 -0.952221885 -0.121388002
vn 0.0878052766 -0.37160527 -0.924229277
vn -0.152823855 -0.983046664 -0.101312027
vn -0.0364718498 -0.710862894 -0.702384332
vn -0.152815509 -0.983051061 -0.101281946
vn 0.158193716 0.308264588 -0.938055271
vn 0.189819643 0.935159872 -0.299072763
vn 0.290344338 0.264065284 -0.919766107
vn 0.347967104 0.897852259 -0.269778084
vn 0.0496848829 -0.3584897 -0.93221057
vn 0.497202248 0.837822956 -0.22548308
vn 0.416110035 0.211590766 -0.884353881
vn 0.630849335 0.757719148 -0.167005416
vn 0.53174369 0.150896033 -0.833354088
vn 0.745843185 0.659656362 -0.0925819979
vn 0.636794278 0.0831115052 -0.766541274
vn 0.834828092 0.550324728 -0.0143090787
vn 0.733543901 0.0104369479 -0.67956193
vn 0.902679522 0.425092649 0.0668275387
vn 0.810236999 -0.0782559913 -0.580854548
vn 0.943634621 0.28742264 0.164139964
vn 0.861360153 -0.182035075 -0.474259336
vn 0.952534049 0.159217932 0.259477429
vn 0.878757369 -0.297303775 -0.373357671
vn 0.93478962 0.0237391744 0.354407701
vn 0.863260202 -0.419807668 -0.280255856
vn 0.887451436 -0.107752136 0.448128805
vn 0.817259703 -0.541269164 -0.197773277
vn 0.81618097 -0.227102851 0.531293628
vn 0.751481093 -0.649437764 -0.116218575
vn 0.716447547 -0.340378766 0.608970614
vn 0.665389661 -0.745547575 -0.0376219686
vn 0.593853763 -0.432881669 0.678196998
vn 0.558035494 -0.828998146 0.0368573107
vn 0.593863771 -0.43286887 0.678196404
vn 0.456067 -0.504663388 0.733019615
vn 0.558062352 -0.828980825 0.0368402212
vn 0.430344283 -0.898123509 0.0904320811
vn 0.307919825 -0.560066198 0.769097676
vn 0.29077781 -0.945505204 0.146520222
vn 0.144744432 -0.596199451 0.789680482
vn 0.139443529 -0.972500374 0.186543625
vn -0.0215613142 -0.606169031 0.79504353
vn -0.0199941117 -0.975848149 0.217533045
vn -0.180076585 -0.96272761 0.201811727
vn -0.185290414 -0.592956408 0.783626289
vn -0.330488184 -0.931055677 0.154637922
vn -0.3492403 -0.552218612 0.757024318
vn -0.46832706 -0.877462704 0.103580735
vn -0.496338591 -0.487643366 0.718228341
vn -0.592072345 -0.8048971 0.0398873014
vn -0.628399637 -0.407047281 0.662892456
vn -0.697966568 -0.715444555 -0.0313330331
vn -0.743663009 -0.309406462 0.592649112
vn -0.777096439 -0.617896931 -0.119685034
vn -0.835748873 -0.198173944 0.512104393
vn -0.839143261 -0.504465492 -0.203354752
vn -0.903340136 -0.0750893945 0.422301055
vn -0.877775022 -0.382402604 -0.288581459
vn -0.942735842 0.0591312701 0.328256951
vn -0.88834076 -0.257629876 -0.380102015
vn -0.952562047 0.193950134 0.234539746
vn -0.872244108 -0.132329137 -0.470828224
vn -0.935612605 0.324676114 0.138616287
vn -0.822912431 -0.0196932213 -0.56782683
vn -0.888178177 0.457375159 0.0441303698
vn -0.728655806 0.0529770249 -0.682828054
vn -0.812310373 0.581974973 -0.0381705279
vn -0.631643289 0.129616408 -0.764347004
vn -0.715022249 0.69012007 -0.111702609
vn -0.524937968 0.205445905 -0.825973432
vn -0.597667608 0.781115561 -0.180698397
vn -0.524949308 0.205422263 -0.825972105
vn -0.5976569 0.78113295 -0.180658643
vn -0.399029127 0.255197791 -0.880709852
vn -0.458867993 0.855898826 -0.238489759
vn -0.267178454 0.300910176 -0.915460944
vn -0.304268223 0.910970465 -0.278484577
vn -0.127670359 0.340319632 -0.931602291
vn -0.145834879 0.942008638 -0.302244791
vn 0.273977685 -0.395180357 0.876794567
vn 0.127159536 -0.420087596 0.898530391
vn 0.412110737 -0.345687706 0.843009342
vn 0.53873768 -0.273523858 0.796835247
vn 0.647327414 -0.184117934 0.739640322
vn 0.538744812 -0.27350319 0.796837519
vn 0.738120952 -0.0859589141 0.669170027
vn 0.807000064 0.0252061455 0.590013175
vn 0.848082122 0.144084945 0.509898268
vn 0.861851345 0.270062194 0.429276915
vn 0.853837106 0.39316829 0.341146438
vn 0.818267708 0.51294064 0.259479976
vn 0.757649231 0.627216752 0.180462708
vn 0.672602113 0.731546751 0.11156052
vn 0.0254979784 0.996830026 -0.0753641349
vn -0.126564485 0.989804168 -0.0653386551
vn -0.270157478 0.961623319 -0.0479116791
vn -0.406577446 0.913573998 -0.00879378422
vn -0.532575015 0.845709549 0.0337522267
vn -0.640912603 0.762325023 0.089953287
vn -0.532572173 0.845710788 0.0337660077
vn -0.730401079 0.664023744 0.159958532
vn -0.801112834 0.551356715 0.232860475
vn -0.846158968 0.432117256 0.311912935
vn -0.863884121 0.309706858 0.397222719
vn -0.856791476 0.184499734 0.481526962
vn -0.823789133 0.0620250352 0.563492999
vn -0.762343253 -0.0464222206 0.645505803
vn -0.680226818 -0.152145048 0.717037907
vn -0.574878127 -0.242417419 0.781504276
vn -0.455339145 -0.318118351 0.831544935
vn -0.320561879 -0.375829066 0.869478346
vn -0.176983649 -0.40916302 0.895132622
vn -0.145846414 0.942005513 -0.302248964
vn 0.273984413 -0.395188314 0.876788879
vn 0.41212927 -0.345663731 0.843010113
vn 0.538720436 -0.273510679 0.796851429
vn -0.597666893 0.781121717 -0.180674147
vn -0.715018557 0.690125876 -0.111690374
vn 0.64733672 -0.184109958 0.739634163
vn 0.538697944 -0.273559099 0.796850014
vn -0.812304671 0.581984177 -0.0381515227
vn 0.73814369 -0.0859581665 0.669145042
vn -0.888180929 0.457371064 0.0441174147
vn 0.806984412 0.0251776827 0.590035798
vn -0.935615876 0.324663257 0.138624318
vn 0.848092708 0.144110271 0.509873503
vn -0.952566253 0.193949482 0.234523202
vn 0.861857582 0.27007228 0.429258049
vn -0.942733128 0.0591352023 0.328264035
vn 0.853818152 0.393196049 0.341161884
vn -0.903335029 -0.0750756388 0.422314425
vn 0.818272749 0.512931908 0.259481341
vn -0.835737802 -0.198152154 0.512130892
vn 0.757656878 0.627204199 0.180474229
vn -0.743667124 -0.309393128 0.59265091
vn 0.672625627 0.731529395 0.111532552
vn 0.571228957 0.819246629 0.0503233526
vn 0.450954297 0.892546941 -0.000423423558
vn -0.349231227 -0.552193505 0.757046817
vn 0.316513251 0.947676126 -0.0415851182
vn -0.185294075 -0.592953532 0.783627599
vn 0.17582883 0.982313752 -0.0643732529
vn -0.0215661201 -0.60616083 0.795049653
vn 0.0255236319 0.996829884 -0.0753573302
vn 0.144751902 -0.596192452 0.789684397
vn -0.126531064 0.989809653 -0.0653202896
vn 0.307917987 -0.560073683 0.769092961
vn -0.270198126 0.961611019 -0.0479293388
vn 0.456073596 -0.504637084 0.733033621
vn -0.406578867 0.913573305 -0.0088000348
vn 0.593832766 -0.432873149 0.678220822
vn -0.532544554 0.845728236 0.0337646084
vn 0.593848407 -0.432860922 0.67821493
vn 0.716461438 -0.340396754 0.608944215
vn -0.640915049 0.76232342 0.089949448
vn -0.532566856 0.845715159 0.0337403754
vn 0.816178675 -0.227089544 0.531302842
vn -0.730405809 0.664022007 0.159944143
vn 0.887448356 -0.107744933 0.448136635
vn -0.801112972 0.551360114 0.232851951
vn 0.934798912 0.0237381772 0.354383257
vn -0.846151416 0.432096365 0.311962357
vn 0.952537808 0.159210245 0.259468344
vn -0.863882067 0.309695021 0.397236415
vn 0.943634519 0.287412714 0.164157931
vn -0.856801216 0.18452321 0.481500634
vn 0.902679068 0.425092651 0.0668336588
vn -0.823782175 0.0620634934 0.563498936
vn 0.834818439 0.550338869 -0.0143283853
vn -0.762348798 -0.0464277785 0.645498854
vn 0.745847257 0.659654646 -0.0925614253
vn -0.680206696 -0.152152745 0.717055363
vn 0.630853383 0.757715269 -0.167007724
vn -0.574860651 -0.242428869 0.78151358
vn 0.497206264 0.83782219 -0.22547707
vn -0.455337622 -0.318137641 0.831538388
vn 0.347960796 0.897864028 -0.269747053
vn -0.320533088 -0.375870232 0.869471166
vn 0.189829204 0.935169357 -0.299037032
vn -0.177037176 -0.409166425 0.895120481
vn -0.0248465185 -0.426002923 0.90438054
vn -0.01891681 -0.995086384 -0.0971866363
vn -0.018926129 -0.995084003 -0.0972091974
vn 0.0191922551 0.351879441 -0.935848554
vn 0.0224152688 0.950011005 -0.311410737
vn 0.0224158553 0.950007016 -0.311422863
f 1/1/1 2/2/2 3/3/3
f 1/1/1 4/4/4 2/2/2
f 1/1/1 5/5/5 4/4/4
f 1/1/1 6/6/6 5/5/5
f 1/1/1 7/7/7 6/6/6
f 1/1/1 8/8/8 7/7/7
f 1/1/1 9/9/9 8/8/8
f 1/1/1 10/10/10 9/9/9
f 1/1/1 11/11/11 10/10/10
f 1/1/1 12/12/12 11/11/11
f 1/1/1 13/13/13 12/12/12
f 1/1/1 14/14/14 13/13/13
f 1/1/1 15/15/15 14/14/14
f 1/1/1 16/16/16 15/15/15
f 1/1/1 17/17/17 16/16/16
f 1/1/1 18/18/18 17/17/17
f 1/1/1 19/19/19 18/18/18
f 1/1/1 20/20/20 19/19/19
f 1/1/1 21/21/21 20/20/20
f 1/1/1 22/22/22 21/21/21
f 1/1/1 23/23/23 22/22/22
f 1/1/1 24/24/24 23/23/23
f 1/1/1 25/25/25 24/24/24
f 1/1/1 26/26/26 25/25/25
f 1/1/1 27/27/27 26/26/26
f 1/1/1 28/28/28 27/27/27
f 1/1/1 29/29/29 28/28/28
f 1/1/1 30/30/30 29/29/29
f 1/1/1 31/31/31 30/30/30
f 1/1/1 32/32/32 31/31/31
f 1/1/1 33/33/33 32/32/32
f 1/1/1 34/34/34 33/33/33
f 1/1/1 35/35/35 34/34/34
f 1/1/1 36/36/36 35/35/35
f 1/1/1 37/37/37 36/36/36
f 1/1/1 3/3/3 37/37/37
f 4/4/4 38/38/38 2/2/2
f 2/2/2 38/38/38 39/39/39
f 2/2/2 39/39/39 3/3/3
f 3/3/3 39/39/39 40/40/40
f 3/3/3 40/40/40 37/37/37
f 37/37/37 40/40/40 41/41/41
f 42/42/42 36/36/36 41/41/41
f 41/41/41 36/36/36 37/37/37
f 43/43/43 38/38/38 5/5/5
f 5/5/5 38/38/38 4/4/4
f 44/44/44 43/43/43 6/6/6
f 6/6/6 43/43/43 5/5/5
f 6/6/6 7/7/7 44/44/44
f 44/44/44 7/7/7 45/45/45
f 7/7/7 8/8/8 45/45/45
f 45/45/45 8/8/8 46/46/46
f 8/8/8 9/9/9 46/46/46
f 46/46/46 9/9/9 47/47/47
f 9/9/9 10/10/10 47/47/47
f 47/47/47 10/10/10 48/48/48
f 49/49/49 48/48/48 11/11/11
f 11/11/11 48/48/48 10/10/10
f 11/11/11 12/12/12 49/49/49
f 49/49/49 12/12/12 50/50/50
f 12/12/12 13/13/13 50/50/50
f 50/50/50 13/13/13 51/51/51
f 52/52/52 51/51/51 14/14/14
f 14/14/14 51/51/51 13/13/13
f 53/53/53 52/52/52 15/15/15
f 15/15/15 52/52/52 14/14/14
f 15/15/15 16/16/16 53/53/53
f 53/53/53 16/16/16 54/54/54
f 55/55/55 54/54/54 17/17/17
f 17/17/17 54/54/54 16/16/16
f 56/56/56 55/55/55 18/18/18
f 18/18/18 55/55/55 17/17/17
f 18/18/18 19/19/19 56/56/56
f 56/56/56 19/19/19 57/57/57
f 57/57/57 19/19/19 58/58/58
f 58/58/58 19/19/19 20/20/20
f 21/21/21 59/59/59 20/20/20
f 20/20/20 59/59/59 58/58/58
f 22/22/22 60/60/60 21/21/21
f 21/21/21 60/60/60 59/59/59
f 23/23/23 61/61/61 22/22/22
f 22/22/22 61/61/61 60/60/60
f 24/24/24 62/62/62 23/23/23
f 23/23/23 62/62/62 61/61/61
f 25/25/25 63/63/63 24/24/24
f 24/24/24 63/63/63 62/62/62
f 26/26/26 64/64/64 25/25/25
f 25/25/25 64/64/64 63/63/63
f 27/27/27 65/65/65 26/26/26
f 26/26/26 65/65/65 64/64/64
f 28/28/28 66/66/66 27/27/27
f 27/27/27 66/66/66 65/65/65
f 66/66/66 28/28/28 67/67/67
f 67/67/67 28/28/28 29/29/29
f 30/30/30 68/68/68 29/29/29
f 29/29/29 68/68/68 67/67/67
f 31/31/31 69/69/69 30/30/30
f 30/30/30 69/69/69 68/68/68
f 32/32/32 70/70/70 31/31/31
f 31/31/31 70/70/70 69/69/69
f 33/33/33 71/71/71 32/32/32
f 32/32/32 71/71/71 70/70/70
f 34/34/34 72/72/72 33/33/33
f 33/33/33 72/72/72 71/71/71
f 36/36/36 42/42/42 35/35/35
f 35/35/35 42/42/42 73/73/73
f 35/35/35 73/73/73 34/34/34
f 34/34/34 73/73/73 72/72/72
f 74/74/74 75/75/75 76/76/76
f 76/76/76 75/75/75 77/77/77
f 75/75/75 78/78/78 77/77/77
f 77/77/77 78/78/78 79/79/79
f 78/78/78 80/80/80 79/79/79
f 79/79/79 80/80/80 81/81/81
f 80/80/80 82/82/82 81/81/81
f 81/81/81 82/82/82 83/83/83
f 82/82/82 84/84/84 83/83/83
f 83/83/83 84/84/84 85/85/85
f 84/84/84 86/86/86 85/85/85
f 85/85/85 86/86/86 87/87/87
f 86/86/86 88/88/88 87/87/87
f 87/87/87 88/88/88 89/89/89
f 88/88/88 90/90/90 89/89/89
f 89/89/89 90/90/90 91/91/91
f 92/92/92 93/93/93 90/90/90
f 90/90/90 93/93/93 91/91/91
f 94/94/94 95/95/95 92/92/92
f 92/92/92 95/95/95 93/93/93
f 96/96/96 97/97/97 94/94/94
f 94/94/94 97/97/97 95/95/95
f 98/98/98 99/99/99 96/96/96
f 96/96/96 99/99/99 97/97/97
f 100/100/100 101/101/101 98/98/98
f 98/98/98 101/101/101 99/99/99
f 102/102/102 103/103/103 100/100/100
f 100/100/100 103/103/103 101/101/101
f 104/104/104 105/105/105 102/102/102
f 102/102/102 105/105/105 103/103/103
f 106/106/106 107/107/107 104/104/104
f 104/104/104 107/107/107 105/105/105
f 108/108/108 109/109/109 106/106/106
f 106/106/106 109/109/109 107/107/107
f 110/110/110 111/111/111 108/108/108
f 108/108/108 111/111/111 109/109/109
f 112/112/112 113/113/113 110/110/110
f 110/110/110 113/113/113 111/111/111
f 114/114/114 115/115/115 112/112/112
f 112/112/112 115/115/115 113/113/113
f 116/116/116 117/117/117 114/114/114
f 114/114/114 117/117/117 115/115/115
f 118/118/118 119/119/119 116/116/116
f 116/116/116 119/119/119 117/117/117
f 120/120/120 121/121/121 118/118/118
f 118/118/118 121/121/121 119/119/119
f 122/122/122 123/123/123 120/120/120
f 120/120/120 123/123/123 121/121/121
f 124/124/124 125/125/125 122/122/122
f 122/122/122 125/125/125 123/123/123
f 126/126/126 127/127/127 128/128/128
f 128/128/128 127/127/127 129/129/129
f 130/130/130 131/131/131 126/126/126
f 126/126/126 131/131/131 127/127/127
f 132/132/132 133/133/133 130/130/130
f 130/130/130 133/133/133 131/131/131
f 134/134/134 135/135/135 132/132/132
f 132/132/132 135/135/135 133/133/133
f 136/136/136 137/137/137 134/134/134
f 134/134/134 137/137/137 135/135/135
f 136/136/136 138/138/138 137/137/137
f 137/137/137 138/138/138 139/139/139
f 138/138/138 140/140/140 139/139/139
f 139/139/139 140/140/140 141/141/141
f 140/140/140 142/142/142 141/141/141
f 141/141/141 142/142/142 143/143/143
f 142/142/142 144/144/144 143/143/143
f 143/143/143 144/144/144 145/145/145
f 144/144/144 146/146/146 145/145/145
f 145/145/145 146/146/146 147/147/147
f 76/76/76 147/147/147 74/74/74
f 74/74/74 147/147/147 146/146/146
f 148/148/148 149/149/149 150/150/150
f 148/148/148 150/150/150 151/151/151
f 148/148/148 151/151/151 152/152/152
f 148/148/148 152/152/152 153/153/153
f 148/148/148 153/153/153 154/154/154
f 148/148/148 154/154/154 155/155/155
f 148/148/148 155/155/155 156/156/156
f 148/148/148 156/156/156 157/157/157
f 148/148/148 157/157/157 158/158/158
f 148/148/148 158/158/158 159/159/159
f 148/148/148 159/159/159 160/160/160
f 148/148/148 160/160/160 161/161/161
f 148/148/148 161/161/161 162/162/162
f 148/148/148 162/162/162 163/163/163
f 148/148/148 163/163/163 164/164/164
f 148/148/148 164/164/164 165/165/165
f 148/148/148 165/165/165 166/166/166
f 148/148/148 166/166/166 167/167/167
f 148/148/148 167/167/167 168/168/168
f 148/148/148 168/168/168 169/169/169
f 148/148/148 169/169/169 170/170/170
f 148/148/148 170/170/170 171/171/171
f 148/148/148 171/171/171 172/172/172
f 148/148/148 172/172/172 173/173/173
f 148/148/148 173/173/173 174/174/174
f 148/148/148 174/174/174 175/175/175
f 148/148/148 175/175/175 176/176/176
f 148/148/148 176/176/176 177/177/177
f 148/148/148 177/177/177 178/178/178
f 148/148/148 178/178/178 179/179/179
f 148/148/148 179/179/179 180/180/180
f 148/148/148 180/180/180 181/181/181
f 148/148/148 181/181/181 182/182/182
f 148/148/148 182/182/182 183/183/183
f 148/148/148 183/183/183 184/184/184
f 148/148/148 184/184/184 149/149/149
f 185/185/185 176/176/176 186/186/186
f 186/186/186 176/176/176 175/175/175
f 186/186/186 175/175/175 187/187/187
f 187/187/187 175/175/175 174/174/174
f 187/187/187 174/174/174 188/188/188
f 188/188/188 174/174/174 173/173/173
f 189/189/189 188/188/188 172/172/172
f 172/172/172 188/188/188 173/173/173
f 190/190/190 189/189/189 171/171/171
f 171/171/171 189/189/189 172/172/172
f 191/191/191 190/190/190 170/170/170
f 170/170/170 190/190/190 171/171/171
f 192/192/192 191/191/191 169/169/169
f 169/169/169 191/191/191 170/170/170
f 169/169/169 168/168/168 192/192/192
f 192/192/192 168/168/168 193/193/193
f 194/194/194 193/193/193 167/167/167
f 167/167/167 193/193/193 168/168/168
f 167/167/167 166/166/166 194/194/194
f 194/194/194 166/166/166 195/195/195
f 196/196/196 195/195/195 165/165/165
f 165/165/165 195/195/195 166/166/166
f 164/164/164 197/197/197 165/165/165
f 165/165/165 197/197/197 196/196/196
f 164/164/164 163/163/163 197/197/197
f 197/197/197 163/163/163 198/198/198
f 162/162/162 199/199/199 163/163/163
f 163/163/163 199/199/199 198/198/198
f 162/162/162 161/161/161 199/199/199
f 199/199/199 161/161/161 200/200/200
f 161/161/161 160/160/160 200/200/200
f 200/200/200 160/160/160 201/201/201
f 160/160/160 159/159/159 201/201/201
f 201/201/201 159/159/159 202/202/202
f 159/159/159 158/158/158 202/202/202
f 202/202/202 158/158/158 203/203/203
f 203/203/203 158/158/158 204/204/204
f 204/204/204 158/158/158 157/157/157
f 156/156/156 205/205/205 157/157/157
f 157/157/157 205/205/205 204/204/204
f 205/205/205 156/156/156 206/206/206
f 206/206/206 156/156/156 155/155/155
f 154/154/154 207/207/207 155/155/155
f 155/155/155 207/207/207 206/206/206
f 153/153/153 208/208/208 154/154/154
f 154/154/154 208/208/208 207/207/207
f 208/208/208 153/153/153 209/209/209
f 209/209/209 153/153/153 152/152/152
f 209/209/209 152/152/152 210/210/210
f 210/210/210 152/152/152 151/151/151
f 210/210/210 151/151/151 211/211/211
f 211/211/211 151/151/151 150/150/150
f 149/149/149 212/212/212 150/150/150
f 150/150/150 212/212/212 211/211/211
f 184/184/184 213/213/213 149/149/149
f 149/149/149 213/213/213 212/212/212
f 213/213/213 184/184/184 214/214/214
f 214/214/214 184/184/184 183/183/183
f 214/214/214 183/183/183 215/215/215
f 215/215/215 183/183/183 182/182/182
f 181/181/181 216/216/216 182/182/182
f 182/182/182 216/216/216 215/215/215
f 216/216/216 181/181/181 217/217/217
f 217/217/217 181/181/181 180/180/180
f 179/179/179 218/218/218 180/180/180
f 180/180/180 218/218/218 217/217/217
f 178/178/178 219/219/219 179/179/179
f 179/179/179 219/219/219 218/218/218
f 219/219/219 178/178/178 220/220/220
f 220/220/220 178/178/178 177/177/177
f 185/185/185 220/220/220 176/176/176
f 176/176/176 220/220/220 177/177/177
f 221/221/221 222/222/222 223/223/223
f 223/223/223 222/222/222 224/224/224
f 225/225/225 226/226/226 222/222/222
f 222/222/222 226/226/226 224/224/224
f 227/227/227 228/228/228 225/225/225
f 225/225/225 228/228/228 226/226/226
f 229/229/229 230/230/230 227/227/227
f 227/227/227 230/230/230 228/228/228
f 231/231/231 232/232/232 229/229/229
f 229/229/229 232/232/232 230/230/230
f 233/233/233 234/234/234 231/231/231
f 231/231/231 234/234/234 232/232/232
f 235/235/235 236/236/236 233/233/233
f 233/233/233 236/236/236 234/234/234
f 237/237/237 238/238/238 235/235/235
f 235/235/235 238/238/238 236/236/236
f 239/239/239 240/240/240 237/237/237
f 237/237/237 240/240/240 238/238/238
f 241/241/241 242/242/242 239/239/239
f 239/239/239 242/242/242 240/240/240
f 243/243/243 244/244/244 245/245/245
f 245/245/245 244/244/244 246/246/246
f 247/247/247 248/248/248 243/243/243
f 243/243/243 248/248/248 244/244/244
f 249/249/249 250/250/250 247/247/247
f 247/247/247 250/250/250 248/248/248
f 251/251/251 252/252/252 249/249/249
f 249/249/249 252/252/252 250/250/250
f 253/253/253 254/254/254 251/251/251
f 251/251/251 254/254/254 252/252/252
f 255/255/255 256/256/256 253/253/253
f 253/253/253 256/256/256 254/254/254
f 257/257/257 258/258/258 255/255/255
f 255/255/255 258/258/258 256/256/256
f 257/257/257 259/259/259 258/258/258
f 258/258/258 259/259/259 260/260/260
f 259/259/259 261/261/261 260/260/260
f 260/260/260 261/261/261 262/262/262
f 261/261/261 263/263/263 262/262/262
f 262/262/262 263/263/263 264/264/264
f 263/263/263 265/265/265 264/264/264
f 264/264/264 265/265/265 266/266/266
f 265/265/265 267/267/267 266/266/266
f 266/266/266 267/267/267 268/268/268
f 267/267/267 269/269/269 268/268/268
f 268/268/268 269/269/269 270/270/270
f 269/269/269 271/271/271 270/270/270
f 270/270/270 271/271/271 272/272/272
f 271/271/271 273/273/273 272/272/272
f 272/272/272 273/273/273 274/274/274
f 273/273/273 275/275/275 274/274/274
f 274/274/274 275/275/275 276/276/276
f 275/275/275 277/277/277 276/276/276
f 276/276/276 277/277/277 278/278/278
f 277/277/277 279/279/279 278/278/278
f 278/278/278 279/279/279 280/280/280
f 279/279/279 281/281/281 280/280/280
f 280/280/280 281/281/281 282/282/282
f 281/281/281 283/283/283 282/282/282
f 282/282/282 283/283/283 284/284/284
f 283/283/283 285/285/285 284/284/284
f 284/284/284 285/285/285 286/286/286
f 285/285/285 287/287/287 286/286/286
f 286/286/286 287/287/287 288/288/288
f 287/287/287 289/289/289 288/288/288
f 288/288/288 289/289/289 290/290/290
f 289/289/289 291/291/291 290/290/290
f 290/290/290 291/291/291 292/292/292
f 291/291/291 293/293/293 292/292/292
f 292/292/292 293/293/293 294/294/294
f 223/223/223 294/294/294 221/221/221
f 221/221/221 294/294/294 293/293/293
f 295/295/295 296/296/296 297/297/297
f 298/298/298 296/296/296 295/295/295
f 299/299/299 296/296/296 298/298/298
f 300/300/300 296/296/296 299/299/299
f 301/301/301 296/296/296 300/300/300
f 302/302/302 296/296/296 301/301/301
f 303/303/303 296/296/296 302/302/302
f 304/304/304 296/296/296 303/303/303
f 305/305/305 296/296/296 304/304/304
f 306/306/306 296/296/296 305/305/305
f 307/307/307 296/296/296 306/306/306
f 308/308/308 296/296/296 307/307/307
f 309/309/309 296/296/296 308/308/308
f 310/310/310 296/296/296 309/309/309
f 311/311/311 296/296/296 310/310/310
f 311/311/311 312/312/312 296/296/296
f 313/313/313 296/296/296 312/312/312
f 314/314/314 296/296/296 313/313/313
f 315/315/315 296/296/296 314/314/314
f 316/316/316 296/296/296 315/315/315
f 317/317/317 296/296/296 316/316/316
f 318/318/318 319/319/319 320/320/320
f 321/321/321 319/319/319 318/318/318
f 322/322/322 319/319/319 321/321/321
f 323/323/323 319/319/319 322/322/322
f 324/324/324 319/319/319 323/323/323
f 325/325/325 319/319/319 324/324/324
f 326/326/326 319/319/319 325/325/325
f 327/327/327 319/319/319 326/326/326
f 328/328/328 319/319/319 327/327/327
f 329/329/329 319/319/319 328/328/328
f 330/330/330 319/319/319 329/329/329
f 331/331/331 319/319/319 330/330/330
f 332/332/332 319/319/319 331/331/331
f 333/333/333 319/319/319 332/332/332
f 334/334/334 319/319/319 333/333/333
f 335/335/335 319/319/319 334/334/334
f 336/336/336 319/319/319 335/335/335
f 337/337/337 319/319/319 336/336/336
f 338/338/338 319/319/319 337/337/337
f 339/339/339 319/319/319 338/338/338
f 340/340/340 319/319/319 339/339/339
f 341/341/341 319/319/319 340/340/340
f 342/342/342 319/319/319 341/341/341
f 343/343/343 319/319/319 342/342/342
f 344/344/344 319/319/319 343/343/343
f 345/345/345 319/319/319 344/344/344
f 346/346/346 319/319/319 345/345/345
f 347/347/347 319/319/319 346/346/346
f 348/348/348 319/319/319 347/347/347
f 349/349/349 319/319/319 348/348/348
f 350/350/350 319/319/319 349/349/349
f 351/351/351 319/319/319 350/350/350
f 352/352/352 319/319/319 351/351/351
f 353/353/353 319/319/319 352/352/352
f 354/354/354 319/319/319 353/353/353
f 355/355/355 296/296/296 317/317/317
f 356/356/356 296/296/296 355/355/355
f 357/357/357 296/296/296 356/356/356
f 358/358/358 296/296/296 357/357/357
f 359/359/359 296/296/296 358/358/358
f 360/360/360 296/296/296 359/359/359
f 361/361/361 296/296/296 360/360/360
f 362/362/362 296/296/296 361/361/361
f 363/363/363 296/296/296 362/362/362
f 364/364/364 296/296/296 363/363/363
f 365/365/365 296/296/296 364/364/364
f 366/366/366 296/296/296 365/365/365
f 367/367/367 296/296/296 366/366/366
f 368/368/368 296/296/296 367/367/367
f 297/297/297 296/296/296 368/368/368
f 369/369/369 370/370/370 371/371/371
f 371/371/371 370/370/370 372/372/372
f 373/373/373 374/374/374 372/372/372
f 372/372/372 374/374/374 371/371/371
f 375/375/375 376/376/376 373/373/373
f 373/373/373 376/376/376 374/374/374
f 377/377/377 378/378/378 375/375/375
f 375/375/375 378/378/378 376/376/376
f 379/379/379 380/380/380 377/377/377
f 377/377/377 380/380/380 378/378/378
f 381/381/381 382/382/382 379/379/379
f 379/379/379 382/382/382 380/380/380
f 383/383/383 384/384/384 381/381/381
f 381/381/381 384/384/384 382/382/382
f 385/385/385 386/386/386 383/383/383
f 383/383/383 386/386/386 384/384/384
f 387/387/387 388/388/388 385/385/385
f 385/385/385 388/388/388 386/386/386
f 389/389/389 390/390/390 387/387/387
f 387/387/387 390/390/390 388/388/388
f 391/391/391 390/390/390 392/392/392
f 392/392/392 390/390/390 389/389/389
f 393/393/393 391/391/391 394/394/394
f 394/394/394 391/391/391 392/392/392
f 395/395/395 393/393/393 396/396/396
f 396/396/396 393/393/393 394/394/394
f 397/397/397 395/395/395 398/398/398
f 398/398/398 395/395/395 396/396/396
f 399/399/399 397/397/397 400/400/400
f 400/400/400 397/397/397 398/398/398
f 401/401/401 399/399/399 402/402/402
f 402/402/402 399/399/399 400/400/400
f 403/403/403 401/401/401 404/404/404
f 404/404/404 401/401/401 402/402/402
f 405/405/405 403/403/403 406/406/406
f 406/406/406 403/403/403 404/404/404
f 407/407/407 405/405/405 408/408/408
f 408/408/408 405/405/405 406/406/406
f 409/409/409 407/407/407 410/410/410
f 410/410/410 407/407/407 408/408/408
f 411/411/411 412/412/412 413/413/413
f 414/414/414 412/412/412 415/415/415
f 416/416/416 412/412/412 417/417/417
f 418/418/418 412/412/412 419/419/419
f 420/420/420 412/412/412 421/421/421
f 422/422/422 412/412/412 423/423/423
f 424/424/424 412/412/412 425/425/425
f 426/426/426 412/412/412 427/427/427
f 428/428/428 412/412/412 429/429/429
f 430/430/430 412/412/412 431/431/431
f 432/432/432 412/412/412 433/433/433
f 434/434/434 412/412/412 435/435/435
f 436/436/436 412/412/412 437/437/437
f 438/438/438 412/412/412 439/439/439
f 440/440/440 441/441/441 442/442/442
f 443/443/443 441/441/441 440/440/440
f 444/444/444 441/441/441 443/443/443
f 445/445/445 441/441/441 444/444/444
f 446/446/446 441/441/441 445/445/445
f 447/447/447 441/441/441 446/446/446
f 448/448/448 441/441/441 447/447/447
f 449/449/449 441/441/441 448/448/448
f 450/450/450 441/441/441 449/449/449
f 451/451/451 441/441/441 450/450/450
f 452/452/452 441/441/441 451/451/451
f 453/453/453 441/441/441 452/452/452
f 454/454/454 441/441/441 453/453/453
f 455/455/455 441/441/441 454/454/454
f 456/456/456 441/441/441 455/455/455
f 457/457/457 441/441/441 456/456/456
f 458/458/458 441/441/441 457/457/457
f 459/459/459 441/441/441 458/458/458
f 460/460/460 441/441/441 459/459/459
f 461/461/461 441/441/441 460/460/460
f 462/462/462 441/441/441 461/461/461
f 463/463/463 441/441/441 462/462/462
f 464/464/464 441/441/441 463/463/463
f 465/465/465 441/441/441 464/464/464
f 466/466/466 441/441/441 465/465/465
f 467/467/467 441/441/441 466/466/466
f 468/468/468 441/441/441 467/467/467
f 469/469/469 441/441/441 468/468/468
f 470/470/470 441/441/441 469/469/469
f 471/471/471 441/441/441 470/470/470
f 472/472/472 441/441/441 471/471/471
f 473/473/473 441/441/441 472/472/472
f 474/474/474 441/441/441 473/473/473
f 475/475/475 441/441/441 474/474/474
f 476/476/476 441/441/441 475/475/475
f 442/442/442 441/441/441 476/476/476
f 320/320/320 319/319/319 354/354/354
f 477/477/477 409/409/409 478/478/478
f 478/478/478 409/409/409 410/410/410
f 479/479/479 480/480/480 481/481/481
f 482/482/482 480/480/480 479/479/479
f 483/483/483 480/480/480 482/482/482
f 484/484/484 480/480/480 483/483/483
f 485/485/485 480/480/480 484/484/484
f 486/486/486 480/480/480 485/485/485
f 487/487/487 480/480/480 486/486/486
f 488/488/488 480/480/480 487/487/487
f 489/489/489 480/480/480 488/488/488
f 490/490/490 480/480/480 489/489/489
f 491/491/491 480/480/480 490/490/490
f 492/492/492 480/480/480 491/491/491
f 493/493/493 480/480/480 492/492/492
f 494/494/494 480/480/480 493/493/493
f 495/495/495 480/480/480 494/494/494
f 496/496/496 480/480/480 495/495/495
f 497/497/497 480/480/480 496/496/496
f 498/498/498 480/480/480 497/497/497
f 499/499/499 480/480/480 498/498/498
f 500/500/500 480/480/480 499/499/499
f 501/501/501 480/480/480 500/500/500
f 502/502/502 480/480/480 501/501/501
f 503/503/503 480/480/480 502/502/502
f 504/504/504 480/480/480 503/503/503
f 505/505/505 480/480/480 504/504/504
f 506/506/506 480/480/480 505/505/505
f 507/507/507 480/480/480 506/506/506
f 508/508/508 480/480/480 507/507/507
f 509/509/509 480/480/480 508/508/508
f 510/510/510 480/480/480 509/509/509
f 511/511/511 480/480/480 510/510/510
f 512/512/512 480/480/480 511/511/511
f 513/513/513 480/480/480 512/512/512
f 514/514/514 480/480/480 513/513/513
f 515/515/515 480/480/480 514/514/514
f 481/481/481 480/480/480 515/515/515
f 516/516/516 517/517/517 518/518/518
f 519/519/519 517/517/517 516/516/516
f 520/520/520 517/517/517 519/519/519
f 521/521/521 517/517/517 520/520/520
f 522/522/522 517/517/517 521/521/521
f 523/523/523 517/517/517 522/522/522
f 524/524/524 517/517/517 523/523/523
f 525/525/525 517/517/517 524/524/524
f 526/526/526 517/517/517 525/525/525
f 527/527/527 517/517/517 526/526/526
f 528/528/528 517/517/517 527/527/527
f 529/529/529 517/517/517 528/528/528
f 530/530/530 517/517/517 529/529/529
f 531/531/531 517/517/517 530/530/530
f 532/532/532 517/517/517 531/531/531
f 533/533/533 517/517/517 532/532/532
f 534/534/534 517/517/517 533/533/533
f 535/535/535 517/517/517 534/534/534
f 536/536/536 517/517/517 535/535/535
f 537/537/537 517/517/517 536/536/536
f 538/538/538 517/517/517 537/537/537
f 539/539/539 517/517/517 538/538/538
f 540/540/540 517/517/517 539/539/539
f 541/541/541 517/517/517 540/540/540
f 542/542/542 517/517/517 541/541/541
f 543/543/543 517/517/517 542/542/542
f 544/544/544 517/517/517 543/543/543
f 545/545/545 517/517/517 544/544/544
f 546/546/546 517/517/517 545/545/545
f 547/547/547 517/517/517 546/546/546
f 548/548/548 517/517/517 547/547/547
f 549/549/549 517/517/517 548/548/548
f 550/550/550 517/517/517 549/549/549
f 551/551/551 517/517/517 550/550/550
f 552/552/552 517/517/517 551/551/551
f 518/518/518 517/517/517 552/552/552
f 553/553/553 554/554/554 555/555/555
f 556/556/556 554/554/554 553/553/553
f 557/557/557 554/554/554 556/556/556
f 558/558/558 554/554/554 557/557/557
f 559/559/559 554/554/554 558/558/558
f 560/560/560 554/554/554 559/559/559
f 561/561/561 554/554/554 560/560/560
f 562/562/562 554/554/554 561/561/561
f 563/563/563 554/554/554 562/562/562
f 564/564/564 554/554/554 563/563/563
f 565/565/565 554/554/554 564/564/564
f 566/566/566 554/554/554 565/565/565
f 567/567/567 554/554/554 566/566/566
f 568/568/568 554/554/554 567/567/567
f 569/569/569 554/554/554 568/568/568
f 570/570/570 554/554/554 569/569/569
f 571/571/571 554/554/554 570/570/570
f 572/572/572 554/554/554 571/571/571
f 573/573/573 554/554/554 572/572/572
f 574/574/574 554/554/554 573/573/573
f 575/575/575 554/554/554 574/574/574
f 576/576/576 554/554/554 575/575/575
f 577/577/577 554/554/554 576/576/576
f 578/578/578 554/554/554 577/577/577
f 579/579/579 554/554/554 578/578/578
f 580/580/580 554/554/554 579/579/579
f 581/581/581 554/554/554 580/580/580
f 582/582/582 554/554/554 581/581/581
f 583/583/583 554/554/554 582/582/582
f 584/584/584 554/554/554 583/583/583
f 585/585/585 554/554/554 584/584/584
f 586/586/586 554/554/554 585/585/585
f 587/587/587 554/554/554 586/586/586
f 588/588/588 554/554/554 587/587/587
f 555/555/555 554/554/554 588/588/588
f 589/589/589 477/477/477 590/590/590
f 590/590/590 477/477/477 478/478/478
f 591/591/591 592/592/592 593/593/593
f 593/593/593 592/592/592 594/594/594
f 591/591/591 593/593/593 595/595/595
f 595/595/595 593/593/593 596/596/596
f 595/595/595 596/596/596 597/597/597
f 597/597/597 596/596/596 598/598/598
f 597/597/597 598/598/598 599/599/599
f 599/599/599 598/598/598 600/600/600
f 599/599/599 600/600/600 601/601/601
f 601/601/601 600/600/600 602/602/602
f 601/601/601 602/602/602 603/603/603
f 603/603/603 602/602/602 604/604/604
f 603/603/603 604/604/604 605/605/605
f 605/605/605 604/604/604 606/606/606
f 605/605/605 606/606/606 607/607/607
f 607/607/607 606/606/606 608/608/608
f 607/607/607 608/608/608 609/609/609
f 609/609/609 608/608/608 610/610/610
f 609/609/609 610/610/610 611/611/611
f 611/611/611 610/610/610 612/612/612
f 611/611/611 612/612/612 613/613/613
f 613/613/613 612/612/612 614/614/614
f 613/613/613 614/614/614 615/615/615
f 615/615/615 614/614/614 616/616/616
f 615/615/615 616/616/616 617/617/617
f 617/617/617 616/616/616 618/618/618
f 617/617/617 618/618/618 619/619/619
f 619/619/619 618/618/618 620/620/620
f 619/619/619 620/620/620 621/621/621
f 621/621/621 620/620/620 622/622/622
f 621/621/621 622/622/622 623/623/623
f 623/623/623 622/622/622 624/624/624
f 623/623/623 624/624/624 625/625/625
f 625/625/625 624/624/624 626/626/626
f 625/625/625 626/626/626 627/627/627
f 627/627/627 626/626/626 628/628/628
f 627/627/627 628/628/628 629/629/629
f 629/629/629 628/628/628 630/630/630
f 629/629/629 630/630/630 631/631/631
f 631/631/631 630/630/630 632/632/632
f 633/633/633 631/631/631 634/634/634
f 634/634/634 631/631/631 632/632/632
f 633/633/633 634/634/634 635/635/635
f 635/635/635 634/634/634 636/636/636
f 637/637/637 635/635/635 638/638/638
f 638/638/638 635/635/635 636/636/636
f 639/639/639 637/637/637 640/640/640
f 640/640/640 637/637/637 638/638/638
f 641/641/641 639/639/639 642/642/642
f 642/642/642 639/639/639 640/640/640
f 643/643/643 641/641/641 644/644/644
f 644/644/644 641/641/641 642/642/642
f 645/645/645 643/643/643 646/646/646
f 646/646/646 643/643/643 644/644/644
f 647/647/647 645/645/645 648/648/648
f 648/648/648 645/645/645 646/646/646
f 649/649/649 647/647/647 650/650/650
f 650/650/650 647/647/647 648/648/648
f 651/651/651 649/649/649 652/652/652
f 652/652/652 649/649/649 650/650/650
f 653/653/653 654/654/654 655/655/655
f 655/655/655 654/654/654 656/656/656
f 657/657/657 653/653/653 658/658/658
f 658/658/658 653/653/653 655/655/655
f 659/659/659 657/657/657 660/660/660
f 660/660/660 657/657/657 658/658/658
f 661/661/661 662/662/662 663/663/663
f 663/663/663 662/662/662 664/664/664
f 665/665/665 661/661/661 666/666/666
f 666/666/666 661/661/661 663/663/663
f 667/667/667 665/665/665 668/668/668
f 668/668/668 665/665/665 666/666/666
f 669/669/669 667/667/667 670/670/670
f 670/670/670 667/667/667 668/668/668
f 671/671/671 669/669/669 672/672/672
f 672/672/672 669/669/669 670/670/670
f 673/673/673 671/671/671 674/674/674
f 674/674/674 671/671/671 672/672/672
f 673/673/673 674/674/674 675/675/675
f 675/675/675 674/674/674 676/676/676
f 675/675/675 676/676/676 677/677/677
f 677/677/677 676/676/676 678/678/678
f 677/677/677 678/678/678 679/679/679
f 679/679/679 678/678/678 680/680/680
f 679/679/679 680/680/680 681/681/681
f 681/681/681 680/680/680 682/682/682
f 681/681/681 682/682/682 683/683/683
f 683/683/683 682/682/682 684/684/684
f 683/683/683 684/684/684 685/685/685
f 685/685/685 684/684/684 686/686/686
f 685/685/685 686/686/686 687/687/687
f 687/687/687 686/686/686 688/688/688
f 687/687/687 688/688/688 689/689/689
f 689/689/689 688/688/688 690/690/690
f 689/689/689 690/690/690 691/691/691
f 691/691/691 690/690/690 692/692/692
f 691/691/691 692/692/692 693/693/693
f 693/693/693 692/692/692 694/694/694
f 693/693/693 694/694/694 695/695/695
f 695/695/695 694/694/694 696/696/696
f 695/695/695 696/696/696 697/697/697
f 697/697/697 696/696/696 698/698/698
f 697/697/697 698/698/698 699/699/699
f 699/699/699 698/698/698 700/700/700
f 699/699/699 700/700/700 701/701/701
f 701/701/701 700/700/700 702/702/702
f 701/701/701 702/702/702 703/703/703
f 703/703/703 702/702/702 704/704/704
f 705/705/705 706/706/706 707/707/707
f 707/707/707 706/706/706 708/708/708
f 706/706/706 705/705/705 704/704/704
f 704/704/704 705/705/705 703/703/703
f 709/709/709 710/710/710 708/708/708
f 708/708/708 710/710/710 707/707/707
f 711/711/711 712/712/712 709/709/709
f 709/709/709 712/712/712 710/710/710
f 713/713/713 712/712/712 714/714/714
f 714/714/714 712/712/712 711/711/711
f 715/715/715 713/713/713 716/716/716
f 716/716/716 713/713/713 714/714/714
f 717/717/717 715/715/715 718/718/718
f 718/718/718 715/715/715 716/716/716
f 719/719/719 717/717/717 720/720/720
f 720/720/720 717/717/717 718/718/718
f 721/721/721 719/719/719 722/722/722
f 722/722/722 719/719/719 720/720/720
f 723/723/723 724/724/724 722/722/722
f 722/722/722 724/724/724 721/721/721
f 725/725/725 724/724/724 726/726/726
f 726/726/726 724/724/724 723/723/723
f 726/726/726 656/656/656 725/725/725
f 725/725/725 656/656/656 654/654/654
f 727/727/727 728/728/728 729/729/729
f 729/729/729 728/728/728 730/730/730
f 731/731/731 732/732/732 727/727/727
f 727/727/727 732/732/732 728/728/728
f 733/733/733 734/734/734 731/731/731
f 731/731/731 734/734/734 732/732/732
f 735/735/735 736/736/736 733/733/733
f 733/733/733 736/736/736 734/734/734
f 737/737/737 738/738/738 735/735/735
f 735/735/735 738/738/738 736/736/736
f 739/739/739 740/740/740 737/737/737
f 737/737/737 740/740/740 738/738/738
f 741/741/741 742/742/742 739/739/739
f 739/739/739 742/742/742 740/740/740
f 743/743/743 744/744/744 741/741/741
f 741/741/741 744/744/744 742/742/742
f 745/745/745 744/744/744 746/746/746
f 746/746/746 744/744/744 743/743/743
f 747/747/747 745/745/745 748/748/748
f 748/748/748 745/745/745 746/746/746
f 749/749/749 747/747/747 750/750/750
f 750/750/750 747/747/747 748/748/748
f 751/751/751 749/749/749 752/752/752
f 752/752/752 749/749/749 750/750/750
f 753/753/753 751/751/751 754/754/754
f 754/754/754 751/751/751 752/752/752
f 755/755/755 753/753/753 756/756/756
f 756/756/756 753/753/753 754/754/754
f 757/757/757 755/755/755 758/758/758
f 758/758/758 755/755/755 756/756/756
f 759/759/759 757/757/757 760/760/760
f 760/760/760 757/757/757 758/758/758
f 761/761/761 759/759/759 762/762/762
f 762/762/762 759/759/759 760/760/760
f 763/763/763 761/761/761 764/764/764
f 764/764/764 761/761/761 762/762/762
f 765/765/765 763/763/763 766/766/766
f 766/766/766 763/763/763 764/764/764
f 767/767/767 765/765/765 768/768/768
f 768/768/768 765/765/765 766/766/766
f 769/769/769 767/767/767 770/770/770
f 770/770/770 767/767/767 768/768/768
f 771/771/771 769/769/769 772/772/772
f 772/772/772 769/769/769 770/770/770
f 773/773/773 774/774/774 772/772/772
f 772/772/772 774/774/774 771/771/771
f 775/775/775 776/776/776 773/773/773
f 773/773/773 776/776/776 774/774/774
f 777/777/777 778/778/778 775/775/775
f 775/775/775 778/778/778 776/776/776
f 779/779/779 778/778/778 780/780/780
f 780/780/780 778/778/778 777/777/777
f 781/781/781 779/779/779 782/782/782
f 782/782/782 779/779/779 780/780/780
f 783/783/783 781/781/781 784/784/784
f 784/784/784 781/781/781 782/782/782
f 785/785/785 783/783/783 786/786/786
f 786/786/786 783/783/783 784/784/784
f 787/787/787 785/785/785 788/788/788
f 788/788/788 785/785/785 786/786/786
f 789/789/789 787/787/787 790/790/790
f 790/790/790 787/787/787 788/788/788
f 791/791/791 789/789/789 792/792/792
f 792/792/792 789/789/789 790/790/790
f 793/793/793 791/791/791 794/794/794
f 794/794/794 791/791/791 792/792/792
f 795/795/795 793/793/793 796/796/796
f 796/796/796 793/793/793 794/794/794
f 797/797/797 795/795/795 798/798/798
f 798/798/798 795/795/795 796/796/796
f 799/799/799 800/800/800 798/798/798
f 798/798/798 800/800/800 797/797/797
f 592/592/592 801/801/801 594/594/594
f 594/594/594 801/801/801 802/802/802
f 801/801/801 803/803/803 802/802/802
f 802/802/802 803/803/803 804/804/804
f 803/803/803 805/805/805 804/804/804
f 804/804/804 805/805/805 806/806/806
f 805/805/805 807/807/807 806/806/806
f 806/806/806 807/807/807 808/808/808
f 809/809/809 810/810/810 811/811/811
f 811/811/811 810/810/810 812/812/812
f 810/810/810 651/651/651 812/812/812
f 812/812/812 651/651/651 652/652/652
f 813/813/813 814/814/814 815/815/815
f 815/815/815 814/814/814 816/816/816
f 817/817/817 818/818/818 819/819/819
f 819/819/819 818/818/818 820/820/820
f 818/818/818 821/821/821 820/820/820
f 820/820/820 821/821/821 822/822/822
f 822/822/822 821/821/821 823/823/823
f 823/823/823 821/821/821 824/824/824
f 823/823/823 824/824/824 825/825/825
f 825/825/825 824/824/824 826/826/826
f 825/825/825 826/826/826 827/827/827
f 827/827/827 826/826/826 828/828/828
f 827/827/827 828/828/828 829/829/829
f 829/829/829 828/828/828 830/830/830
f 829/829/829 830/830/830 831/831/831
f 831/831/831 830/830/830 832/832/832
f 831/831/831 832/832/832 833/833/833
f 833/833/833 832/832/832 834/834/834
f 833/833/833 834/834/834 835/835/835
f 835/835/835 834/834/834 836/836/836
f 835/835/835 836/836/836 837/837/837
f 837/837/837 836/836/836 838/838/838
f 837/837/837 838/838/838 839/839/839
f 839/839/839 838/838/838 840/840/840
f 839/839/839 840/840/840 841/841/841
f 841/841/841 840/840/840 842/842/842
f 841/841/841 842/842/842 843/843/843
f 843/843/843 842/842/842 844/844/844
f 843/843/843 844/844/844 845/845/845
f 845/845/845 844/844/844 846/846/846
f 845/845/845 846/846/846 847/847/847
f 847/847/847 846/846/846 848/848/848
f 847/847/847 848/848/848 849/849/849
f 849/849/849 848/848/848 850/850/850
f 849/849/849 850/850/850 851/851/851
f 851/851/851 850/850/850 852/852/852
f 852/852/852 853/853/853 851/851/851
f 851/851/851 853/853/853 854/854/854
f 853/853/853 855/855/855 854/854/854
f 854/854/854 855/855/855 856/856/856
f 856/856/856 855/855/855 857/857/857
f 857/857/857 855/855/855 858/858/858
f 857/857/857 858/858/858 859/859/859
f 859/859/859 858/858/858 860/860/860
f 814/814/814 861/861/861 816/816/816
f 816/816/816 861/861/861 862/862/862
f 861/861/861 863/863/863 862/862/862
f 862/862/862 863/863/863 864/864/864
f 863/863/863 865/865/865 864/864/864
f 864/864/864 865/865/865 866/866/866
f 865/865/865 867/867/867 866/866/866
f 866/866/866 867/867/867 868/868/868
f 867/867/867 869/869/869 868/868/868
f 868/868/868 869/869/869 870/870/870
f 869/869/869 871/871/871 870/870/870
f 870/870/870 871/871/871 872/872/872
f 871/871/871 817/817/817 872/872/872
f 872/872/872 817/817/817 819/819/819
f 860/860/860 873/873/873 859/859/859
f 859/859/859 873/873/873 874/874/874
f 873/873/873 875/875/875 874/874/874
f 874/874/874 875/875/875 876/876/876
f 875/875/875 877/877/877 876/876/876
f 876/876/876 877/877/877 878/878/878
f 877/877/877 879/879/879 878/878/878
f 878/878/878 879/879/879 880/880/880
f 879/879/879 881/881/881 880/880/880
f 880/880/880 881/881/881 882/882/882
f 881/881/881 883/883/883 882/882/882
f 882/882/882 883/883/883 884/884/884
f 885/885/885 813/813/813 886/886/886
f 886/886/886 813/813/813 815/815/815
f 887/887/887 888/888/888 889/889/889
f 889/889/889 888/888/888 890/890/890
f 891/891/891 892/892/892 890/890/890
f 890/890/890 892/892/892 889/889/889
f 893/893/893 894/894/894 895/895/895
f 895/895/895 894/894/894 896/896/896
f 896/896/896 894/894/894 897/897/897
f 897/897/897 894/894/894 898/898/898
f 898/898/898 899/899/899 897/897/897
f 897/897/897 899/899/899 900/900/900
f 899/899/899 901/901/901 900/900/900
f 900/900/900 901/901/901 902/902/902
f 901/901/901 903/903/903 902/902/902
f 902/902/902 903/903/903 904/904/904
f 903/903/903 905/905/905 904/904/904
f 904/904/904 905/905/905 906/906/906
f 905/905/905 907/907/907 906/906/906
f 906/906/906 907/907/907 908/908/908
f 907/907/907 909/909/909 908/908/908
f 908/908/908 909/909/909 910/910/910
f 909/909/909 911/911/911 910/910/910
f 910/910/910 911/911/911 912/912/912
f 911/911/911 913/913/913 912/912/912
f 912/912/912 913/913/913 914/914/914
f 913/913/913 915/915/915 914/914/914
f 914/914/914 915/915/915 916/916/916
f 915/915/915 917/917/917 916/916/916
f 916/916/916 917/917/917 918/918/918
f 917/917/917 919/919/919 918/918/918
f 918/918/918 919/919/919 920/920/920
f 919/919/919 921/921/921 920/920/920
f 920/920/920 921/921/921 922/922/922
f 921/921/921 923/923/923 922/922/922
f 922/922/922 923/923/923 924/924/924
f 923/923/923 925/925/925 924/924/924
f 924/924/924 925/925/925 926/926/926
f 925/925/925 927/927/927 926/926/926
f 926/926/926 927/927/927 928/928/928
f 927/927/927 929/929/929 928/928/928
f 928/928/928 929/929/929 930/930/930
f 929/929/929 931/931/931 930/930/930
f 930/930/930 931/931/931 932/932/932
f 931/931/931 933/933/933 932/932/932
f 932/932/932 933/933/933 934/934/934
f 933/933/933 935/935/935 934/934/934
f 934/934/934 935/935/935 936/936/936
f 935/935/935 937/937/937 936/936/936
f 936/936/936 937/937/937 938/938/938
f 937/937/937 939/939/939 938/938/938
f 938/938/938 939/939/939 940/940/940
f 940/940/940 939/939/939 941/941/941
f 941/941/941 939/939/939 942/942/942
f 941/941/941 942/942/942 943/943/943
f 943/943/943 942/942/942 944/944/944
f 943/943/943 944/944/944 945/945/945
f 945/945/945 944/944/944 946/946/946
f 945/945/945 946/946/946 947/947/947
f 947/947/947 946/946/946 948/948/948
f 947/947/947 948/948/948 949/949/949
f 949/949/949 948/948/948 950/950/950
f 949/949/949 950/950/950 951/951/951
f 951/951/951 950/950/950 952/952/952
f 951/951/951 952/952/952 953/953/953
f 953/953/953 952/952/952 954/954/954
f 953/953/953 954/954/954 955/955/955
f 955/955/955 954/954/954 956/956/956
f 957/957/957 958/958/958 959/959/959
f 959/959/959 958/958/958 960/960/960
f 959/959/959 960/960/960 887/887/887
f 887/887/887 960/960/960 888/888/888
f 891/891/891 893/893/893 892/892/892
f 892/892/892 893/893/893 895/895/895
f 961/961/961 962/962/962 963/963/963
f 963/963/963 962/962/962 964/964/964
f 965/965/965 964/964/964 966/966/966
f 966/966/966 964/964/964 962/962/962
f 966/966/966 967/967/967 965/965/965
f 965/965/965 967/967/967 968/968/968
f 968/968/968 967/967/967 969/969/969
f 969/969/969 967/967/967 970/970/970
f 971/971/971 972/972/972 970/970/970
f 970/970/970 972/972/972 969/969/969
f 973/973/973 974/974/974 971/971/971
f 971/971/971 974/974/974 972/972/972
f 974/974/974 973/973/973 975/975/975
f 975/975/975 973/973/973 976/976/976
f 975/975/975 976/976/976 977/977/977
f 977/977/977 976/976/976 978/978/978
f 977/977/977 978/978/978 979/979/979
f 979/979/979 978/978/978 980/980/980
f 979/979/979 980/980/980 981/981/981
f 981/981/981 980/980/980 982/982/982
f 983/983/983 981/981/981 984/984/984
f 984/984/984 981/981/981 982/982/982
f 985/985/985 983/983/983 986/986/986
f 986/986/986 983/983/983 984/984/984
f 985/985/985 986/986/986 987/987/987
f 987/987/987 986/986/986 988/988/988
f 987/987/987 988/988/988 989/989/989
f 989/989/989 988/988/988 990/990/990
f 989/989/989 990/990/990 991/991/991
f 991/991/991 990/990/990 992/992/992
f 991/991/991 992/992/992 993/993/993
f 993/993/993 992/992/992 994/994/994
f 995/995/995 996/996/996 994/994/994
f 994/994/994 996/996/996 993/993/993
f 997/997/997 998/998/998 995/995/995
f 995/995/995 998/998/998 996/996/996
f 999/999/999 1000/1000/1000 997/997/997
f 997/997/997 1000/1000/1000 998/998/998
f 999/999/999 1001/1001/1001 1000/1000/1000
f 1000/1000/1000 1001/1001/1001 1002/1002/1002
f 1002/1002/1002 1001/1001/1001 1003/1003/1003
f 1003/1003/1003 1001/1001/1001 1004/1004/1004
f 1005/1005/1005 1003/1003/1003 1006/1006/1006
f 1006/1006/1006 1003/1003/1003 1004/1004/1004
f 1007/1007/1007 1005/1005/1005 1008/1008/1008
f 1008/1008/1008 1005/1005/1005 1006/1006/1006
f 1008/1008/1008 1009/1009/1009 1007/1007/1007
f 1007/1007/1007 1009/1009/1009 1010/1010/1010
f 1011/1011/1011 1010/1010/1010 1012/1012/1012
f 1012/1012/1012 1010/1010/1010 1009/1009/1009
f 1012/1012/1012 1013/1013/1013 1011/1011/1011
f 1011/1011/1011 1013/1013/1013 1014/1014/1014
f 1015/1015/1015 1014/1014/1014 1016/1016/1016
f 1016/1016/1016 1014/1014/1014 1013/1013/1013
f 1017/1017/1017 1015/1015/1015 1018/1018/1018
f 1018/1018/1018 1015/1015/1015 1016/1016/1016
f 1018/1018/1018 1019/1019/1019 1017/1017/1017
f 1017/1017/1017 1019/1019/1019 1020/1020/1020
f 1019/1019/1019 1021/1021/1021 1020/1020/1020
f 1020/1020/1020 1021/1021/1021 1022/1022/1022
f 1021/1021/1021 1023/1023/1023 1022/1022/1022
f 1022/1022/1022 1023/1023/1023 1024/1024/1024
f 1025/1025/1025 1024/1024/1024 1026/1026/1026
f 1026/1026/1026 1024/1024/1024 1023/1023/1023
f 1027/1027/1027 1025/1025/1025 1028/1028/1028
f 1028/1028/1028 1025/1025/1025 1026/1026/1026
f 1029/1029/1029 1027/1027/1027 1030/1030/1030
f 1030/1030/1030 1027/1027/1027 1028/1028/1028
f 1031/1031/1031 1029/1029/1029 1032/1032/1032
f 1032/1032/1032 1029/1029/1029 1030/1030/1030
f 963/963/963 1031/1031/1031 961/961/961
f 961/961/961 1031/1031/1031 1032/1032/1032
f 1033/1033/1033 1034/1034/1034 1035/1035/1035
f 1035/1035/1035 1034/1034/1034 1036/1036/1036
f 1037/1037/1037 1033/1033/1033 1038/1038/1038
f 1038/1038/1038 1033/1033/1033 1035/1035/1035
f 1037/1037/1037 1038/1038/1038 1039/1039/1039
f 1039/1039/1039 1038/1038/1038 1040/1040/1040
f 1041/1041/1041 1039/1039/1039 1042/1042/1042
f 1042/1042/1042 1039/1039/1039 1040/1040/1040
f 1043/1043/1043 1041/1041/1041 1044/1044/1044
f 1044/1044/1044 1041/1041/1041 1042/1042/1042
f 1043/1043/1043 1044/1044/1044 1045/1045/1045
f 1045/1045/1045 1044/1044/1044 1046/1046/1046
f 1047/1047/1047 1048/1048/1048 1049/1049/1049
f 1049/1049/1049 1048/1048/1048 1050/1050/1050
f 1051/1051/1051 1047/1047/1047 1052/1052/1052
f 1052/1052/1052 1047/1047/1047 1049/1049/1049
f 1053/1053/1053 1051/1051/1051 1054/1054/1054
f 1054/1054/1054 1051/1051/1051 1052/1052/1052
f 1055/1055/1055 1053/1053/1053 1056/1056/1056
f 1056/1056/1056 1053/1053/1053 1054/1054/1054
f 1055/1055/1055 1056/1056/1056 1057/1057/1057
f 1057/1057/1057 1056/1056/1056 1058/1058/1058
f 1059/1059/1059 1057/1057/1057 1060/1060/1060
f 1060/1060/1060 1057/1057/1057 1058/1058/1058
f 1061/1061/1061 1062/1062/1062 1034/1034/1034
f 1034/1034/1034 1062/1062/1062 1036/1036/1036
f 1059/1059/1059 1060/1060/1060 1063/1063/1063
f 1063/1063/1063 1060/1060/1060 1064/1064/1064
f 1065/1065/1065 1066/1066/1066 1061/1061/1061
f 1061/1061/1061 1066/1066/1066 1062/1062/1062
f 1063/1063/1063 1064/1064/1064 1067/1067/1067
f 1067/1067/1067 1064/1064/1064 1068/1068/1068
f 1065/1065/1065 1069/1069/1069 1066/1066/1066
f 1066/1066/1066 1069/1069/1069 1070/1070/1070
f 1067/1067/1067 1068/1068/1068 1071/1071/1071
f 1071/1071/1071 1068/1068/1068 1072/1072/1072
f 1073/1073/1073 1074/1074/1074 1069/1069/1069
f 1069/1069/1069 1074/1074/1074 1070/1070/1070
f 1071/1071/1071 1072/1072/1072 1073/1073/1073
f 1073/1073/1073 1072/1072/1072 1074/1074/1074
f 1048/1048/1048 1075/1075/1075 1050/1050/1050
f 1050/1050/1050 1075/1075/1075 1076/1076/1076
f 1077/1077/1077 1078/1078/1078 1075/1075/1075
f 1075/1075/1075 1078/1078/1078 1076/1076/1076
f 1079/1079/1079 1080/1080/1080 1077/1077/1077
f 1077/1077/1077 1080/1080/1080 1078/1078/1078
f 1079/1079/1079 1081/1081/1081 1080/1080/1080
f 1080/1080/1080 1081/1081/1081 1082/1082/1082
f 1081/1081/1081 1083/1083/1083 1082/1082/1082
f 1082/1082/1082 1083/1083/1083 1084/1084/1084
f 1083/1083/1083 1085/1085/1085 1084/1084/1084
f 1084/1084/1084 1085/1085/1085 1086/1086/1086
f 1085/1085/1085 1087/1087/1087 1086/1086/1086
f 1086/1086/1086 1087/1087/1087 1088/1088/1088
f 1087/1087/1087 1089/1089/1089 1088/1088/1088
f 1088/1088/1088 1089/1089/1089 1090/1090/1090
f 1089/1089/1089 1091/1091/1091 1090/1090/1090
f 1090/1090/1090 1091/1091/1091 1092/1092/1092
f 1091/1091/1091 1093/1093/1093 1092/1092/1092
f 1092/1092/1092 1093/1093/1093 1094/1094/1094
f 1094/1094/1094 1093/1093/1093 1095/1095/1095
f 1095/1095/1095 1093/1093/1093 1096/1096/1096
f 1097/1097/1097 1098/1098/1098 1096/1096/1096
f 1096/1096/1096 1098/1098/1098 1095/1095/1095
f 1097/1097/1097 1099/1099/1099 1098/1098/1098
f 1098/1098/1098 1099/1099/1099 1100/1100/1100
f 1101/1101/1101 1099/1099/1099 968/968/968
f 968/968/968 1099/1099/1099 965/965/965
f 1101/1101/1101 1102/1102/1102 1103/1103/1103
f 1103/1103/1103 1102/1102/1102 1104/1104/1104
f 1045/1045/1045 1046/1046/1046 1102/1102/1102
f 1102/1102/1102 1046/1046/1046 1104/1104/1104
f 1099/1099/1099 1101/1101/1101 1100/1100/1100
f 1100/1100/1100 1101/1101/1101 1103/1103/1103
f 1101/1101/1101 968/968/968 1102/1102/1102
f 1102/1102/1102 968/968/968 969/969/969
f 1102/1102/1102 969/969/969 1045/1045/1045
f 1045/1045/1045 969/969/969 972/972/972
f 1043/1043/1043 1045/1045/1045 974/974/974
f 974/974/974 1045/1045/1045 972/972/972
f 1041/1041/1041 1043/1043/1043 975/975/975
f 975/975/975 1043/1043/1043 974/974/974
f 1041/1041/1041 975/975/975 1039/1039/1039
f 1039/1039/1039 975/975/975 977/977/977
f 1037/1037/1037 1039/1039/1039 979/979/979
f 979/979/979 1039/1039/1039 977/977/977
f 1033/1033/1033 1037/1037/1037 981/981/981
f 981/981/981 1037/1037/1037 979/979/979
f 1033/1033/1033 981/981/981 1034/1034/1034
f 1034/1034/1034 981/981/981 983/983/983
f 1034/1034/1034 983/983/983 1061/1061/1061
f 1061/1061/1061 983/983/983 985/985/985
f 1061/1061/1061 985/985/985 1065/1065/1065
f 1065/1065/1065 985/985/985 987/987/987
f 1069/1069/1069 1065/1065/1065 989/989/989
f 989/989/989 1065/1065/1065 987/987/987
f 1073/1073/1073 1069/1069/1069 991/991/991
f 991/991/991 1069/1069/1069 989/989/989
f 1073/1073/1073 991/991/991 1071/1071/1071
f 1071/1071/1071 991/991/991 993/993/993
f 1071/1071/1071 993/993/993 1067/1067/1067
f 1067/1067/1067 993/993/993 996/996/996
f 1067/1067/1067 996/996/996 1063/1063/1063
f 1063/1063/1063 996/996/996 998/998/998
f 1063/1063/1063 998/998/998 1059/1059/1059
f 1059/1059/1059 998/998/998 1000/1000/1000
f 1057/1057/1057 1059/1059/1059 1002/1002/1002
f 1002/1002/1002 1059/1059/1059 1000/1000/1000
f 1055/1055/1055 1057/1057/1057 1003/1003/1003
f 1003/1003/1003 1057/1057/1057 1002/1002/1002
f 1053/1053/1053 1055/1055/1055 1005/1005/1005
f 1005/1005/1005 1055/1055/1055 1003/1003/1003
f 1051/1051/1051 1053/1053/1053 1007/1007/1007
f 1007/1007/1007 1053/1053/1053 1005/1005/1005
f 1047/1047/1047 1051/1051/1051 1010/1010/1010
f 1010/1010/1010 1051/1051/1051 1007/1007/1007
f 1048/1048/1048 1047/1047/1047 1011/1011/1011
f 1011/1011/1011 1047/1047/1047 1010/1010/1010
f 1075/1075/1075 1048/1048/1048 1014/1014/1014
f 1014/1014/1014 1048/1048/1048 1011/1011/1011
f 1077/1077/1077 1075/1075/1075 1015/1015/1015
f 1015/1015/1015 1075/1075/1075 1014/1014/1014
f 1077/1077/1077 1015/1015/1015 1079/1079/1079
f 1079/1079/1079 1015/1015/1015 1017/1017/1017
f 1081/1081/1081 1079/1079/1079 1020/1020/1020
f 1020/1020/1020 1079/1079/1079 1017/1017/1017
f 1083/1083/1083 1081/1081/1081 1022/1022/1022
f 1022/1022/1022 1081/1081/1081 1020/1020/1020
f 1085/1085/1085 1083/1083/1083 1024/1024/1024
f 1024/1024/1024 1083/1083/1083 1022/1022/1022
f 1087/1087/1087 1085/1085/1085 1025/1025/1025
f 1025/1025/1025 1085/1085/1085 1024/1024/1024
f 1089/1089/1089 1087/1087/1087 1027/1027/1027
f 1027/1027/1027 1087/1087/1087 1025/1025/1025
f 1091/1091/1091 1089/1089/1089 1029/1029/1029
f 1029/1029/1029 1089/1089/1089 1027/1027/1027
f 1093/1093/1093 1091/1091/1091 1031/1031/1031
f 1031/1031/1031 1091/1091/1091 1029/1029/1029
f 1096/1096/1096 1093/1093/1093 963/963/963
f 963/963/963 1093/1093/1093 1031/1031/1031
f 1096/1096/1096 963/963/963 1097/1097/1097
f 1097/1097/1097 963/963/963 964/964/964
f 1099/1099/1099 1097/1097/1097 965/965/965
f 965/965/965 1097/1097/1097 964/964/964
f 1105/1105/1105 1106/1106/1106 1107/1107/1107
f 1107/1107/1107 1106/1106/1106 1108/1108/1108
f 1105/1105/1105 1109/1109/1109 1106/1106/1106
f 1106/1106/1106 1109/1109/1109 1110/1110/1110
f 1111/1111/1111 1112/1112/1112 1113/1113/1113
f 1114/1114/1114 1115/1115/1115 1116/1116/1116
f 1109/1109/1109 1117/1117/1117 1110/1110/1110
f 1110/1110/1110 1117/1117/1117 1118/1118/1118
f 1119/1119/1119 1120/1120/1120 1121/1121/1121
f 1122/1122/1122 1120/1120/1120 1123/1123/1123
f 1123/1123/1123 1120/1120/1120 1124/1124/1124
f 1123/1123/1123 1124/1124/1124 1125/1125/1125
f 1125/1125/1125 1124/1124/1124 1126/1126/1126
f 1126/1126/1126 1127/1127/1127 1125/1125/1125
f 1125/1125/1125 1127/1127/1127 1128/1128/1128
f 1127/1127/1127 1129/1129/1129 1128/1128/1128
f 1128/1128/1128 1129/1129/1129 1130/1130/1130
f 1130/1130/1130 1129/1129/1129 1131/1131/1131
f 1131/1131/1131 1129/1129/1129 1132/1132/1132
f 1131/1131/1131 1132/1132/1132 1133/1133/1133
f 1133/1133/1133 1132/1132/1132 1134/1134/1134
f 1135/1135/1135 1136/1136/1136 1134/1134/1134
f 1134/1134/1134 1136/1136/1136 1133/1133/1133
f 1115/1115/1115 1114/1114/1114 1137/1137/1137
f 1137/1137/1137 1114/1114/1114 1138/1138/1138
f 1110/1110/1110 1118/1118/1118 1139/1139/1139
f 1139/1139/1139 1118/1118/1118 1140/1140/1140
f 1139/1139/1139 1141/1141/1141 1110/1110/1110
f 1110/1110/1110 1141/1141/1141 1106/1106/1106
f 1118/1118/1118 1142/1142/1142 1140/1140/1140
f 1140/1140/1140 1142/1142/1142 1143/1143/1143
f 1142/1142/1142 1144/1144/1144 1143/1143/1143
f 1143/1143/1143 1144/1144/1144 1145/1145/1145
f 1144/1144/1144 1146/1146/1146 1145/1145/1145
f 1145/1145/1145 1146/1146/1146 1147/1147/1147
f 1120/1120/1120 1122/1122/1122 1121/1121/1121
f 1121/1121/1121 1122/1122/1122 1148/1148/1148
f 1149/1149/1149 1150/1150/1150 1151/1151/1151
f 1151/1151/1151 1150/1150/1150 1152/1152/1152
f 1151/1151/1151 1152/1152/1152 1153/1153/1153
f 1153/1153/1153 1152/1152/1152 1154/1154/1154
f 1153/1153/1153 1154/1154/1154 1155/1155/1155
f 1155/1155/1155 1154/1154/1154 1156/1156/1156
f 1155/1155/1155 1156/1156/1156 1157/1157/1157
f 1157/1157/1157 1156/1156/1156 1158/1158/1158
f 1157/1157/1157 1158/1158/1158 1159/1159/1159
f 1159/1159/1159 1158/1158/1158 1160/1160/1160
f 1161/1161/1161 1162/1162/1162 1163/1163/1163
f 1163/1163/1163 1162/1162/1162 1164/1164/1164
f 1162/1162/1162 1165/1165/1165 1164/1164/1164
f 1164/1164/1164 1165/1165/1165 1166/1166/1166
f 1165/1165/1165 1167/1167/1167 1166/1166/1166
f 1166/1166/1166 1167/1167/1167 1168/1168/1168
f 1167/1167/1167 1169/1169/1169 1168/1168/1168
f 1168/1168/1168 1169/1169/1169 1170/1170/1170
f 1170/1170/1170 1169/1169/1169 1171/1171/1171
f 1171/1171/1171 1169/1169/1169 1172/1172/1172
f 1171/1171/1171 1172/1172/1172 1173/1173/1173
f 1173/1173/1173 1172/1172/1172 1174/1174/1174
f 1173/1173/1173 1174/1174/1174 1175/1175/1175
f 1175/1175/1175 1174/1174/1174 1176/1176/1176
f 1175/1175/1175 1176/1176/1176 1177/1177/1177
f 1177/1177/1177 1176/1176/1176 1178/1178/1178
f 1177/1177/1177 1178/1178/1178 1179/1179/1179
f 1179/1179/1179 1178/1178/1178 1180/1180/1180
f 1179/1179/1179 1180/1180/1180 1181/1181/1181
f 1181/1181/1181 1180/1180/1180 1182/1182/1182
f 1181/1181/1181 1182/1182/1182 1183/1183/1183
f 1183/1183/1183 1182/1182/1182 1184/1184/1184
f 1184/1184/1184 1185/1185/1185 1183/1183/1183
f 1183/1183/1183 1185/1185/1185 1186/1186/1186
f 1187/1187/1187 1188/1188/1188 1189/1189/1189
f 1189/1189/1189 1188/1188/1188 1190/1190/1190
f 1191/1191/1191 1192/1192/1192 1193/1193/1193
f 1193/1193/1193 1192/1192/1192 1194/1194/1194
f 1192/1192/1192 1195/1195/1195 1194/1194/1194
f 1194/1194/1194 1195/1195/1195 1196/1196/1196
f 1195/1195/1195 1197/1197/1197 1196/1196/1196
f 1196/1196/1196 1197/1197/1197 1198/1198/1198
f 1199/1199/1199 1108/1108/1108 1141/1141/1141
f 1141/1141/1141 1108/1108/1108 1106/1106/1106
f 1200/1200/1200 1201/1201/1201 1202/1202/1202
f 1202/1202/1202 1201/1201/1201 1203/1203/1203
f 1204/1204/1204 1205/1205/1205 1206/1206/1206
f 1206/1206/1206 1205/1205/1205 1207/1207/1207
f 1206/1206/1206 1208/1208/1208 1204/1204/1204
f 1204/1204/1204 1208/1208/1208 1209/1209/1209
f 1209/1209/1209 1208/1208/1208 1210/1210/1210
f 1210/1210/1210 1208/1208/1208 1211/1211/1211
f 1212/1212/1212 1210/1210/1210 1213/1213/1213
f 1213/1213/1213 1210/1210/1210 1211/1211/1211
f 1214/1214/1214 1215/1215/1215 1213/1213/1213
f 1213/1213/1213 1215/1215/1215 1212/1212/1212
f 1215/1215/1215 1214/1214/1214 1216/1216/1216
f 1216/1216/1216 1214/1214/1214 1217/1217/1217
f 1216/1216/1216 1217/1217/1217 1218/1218/1218
f 1218/1218/1218 1217/1217/1217 1219/1219/1219
f 1218/1218/1218 1219/1219/1219 1220/1220/1220
f 1220/1220/1220 1219/1219/1219 1221/1221/1221
f 1222/1222/1222 1223/1223/1223 1221/1221/1221
f 1221/1221/1221 1223/1223/1223 1220/1220/1220
f 1223/1223/1223 1222/1222/1222 1224/1224/1224
f 1224/1224/1224 1222/1222/1222 1225/1225/1225
f 1226/1226/1226 1227/1227/1227 1225/1225/1225
f 1225/1225/1225 1227/1227/1227 1224/1224/1224
f 1228/1228/1228 1229/1229/1229 1226/1226/1226
f 1226/1226/1226 1229/1229/1229 1227/1227/1227
f 1230/1230/1230 1229/1229/1229 1231/1231/1231
f 1231/1231/1231 1229/1229/1229 1228/1228/1228
f 1232/1232/1232 1230/1230/1230 1233/1233/1233
f 1233/1233/1233 1230/1230/1230 1231/1231/1231
f 1234/1234/1234 1235/1235/1235 1233/1233/1233
f 1233/1233/1233 1235/1235/1235 1232/1232/1232
f 1235/1235/1235 1234/1234/1234 1236/1236/1236
f 1236/1236/1236 1234/1234/1234 1237/1237/1237
f 1238/1238/1238 1236/1236/1236 1239/1239/1239
f 1239/1239/1239 1236/1236/1236 1237/1237/1237
f 1240/1240/1240 1238/1238/1238 1241/1241/1241
f 1241/1241/1241 1238/1238/1238 1239/1239/1239
f 1242/1242/1242 1240/1240/1240 1243/1243/1243
f 1243/1243/1243 1240/1240/1240 1241/1241/1241
f 1242/1242/1242 1243/1243/1243 1244/1244/1244
f 1244/1244/1244 1243/1243/1243 1245/1245/1245
f 1246/1246/1246 1247/1247/1247 1245/1245/1245
f 1245/1245/1245 1247/1247/1247 1244/1244/1244
f 1248/1248/1248 1249/1249/1249 1246/1246/1246
f 1246/1246/1246 1249/1249/1249 1247/1247/1247
f 1240/1240/1240 1242/1242/1242 1250/1250/1250
f 1250/1250/1250 1242/1242/1242 1251/1251/1251
f 1238/1238/1238 1240/1240/1240 1252/1252/1252
f 1252/1252/1252 1240/1240/1240 1250/1250/1250
f 1238/1238/1238 1252/1252/1252 1112/1112/1112
f 1112/1112/1112 1252/1252/1252 1253/1253/1253
f 1111/1111/1111 1236/1236/1236 1112/1112/1112
f 1112/1112/1112 1236/1236/1236 1238/1238/1238
f 1254/1254/1254 1235/1235/1235 1111/1111/1111
f 1111/1111/1111 1235/1235/1235 1236/1236/1236
f 1255/1255/1255 1232/1232/1232 1254/1254/1254
f 1254/1254/1254 1232/1232/1232 1235/1235/1235
f 1232/1232/1232 1255/1255/1255 1230/1230/1230
f 1230/1230/1230 1255/1255/1255 1137/1137/1137
f 1230/1230/1230 1137/1137/1137 1229/1229/1229
f 1229/1229/1229 1137/1137/1137 1138/1138/1138
f 1256/1256/1256 1227/1227/1227 1138/1138/1138
f 1138/1138/1138 1227/1227/1227 1229/1229/1229
f 1135/1135/1135 1224/1224/1224 1256/1256/1256
f 1256/1256/1256 1224/1224/1224 1227/1227/1227
f 1134/1134/1134 1223/1223/1223 1135/1135/1135
f 1135/1135/1135 1223/1223/1223 1224/1224/1224
f 1218/1218/1218 1220/1220/1220 1134/1134/1134
f 1134/1134/1134 1220/1220/1220 1223/1223/1223
f 1216/1216/1216 1218/1218/1218 1132/1132/1132
f 1132/1132/1132 1218/1218/1218 1134/1134/1134
f 1215/1215/1215 1216/1216/1216 1129/1129/1129
f 1129/1129/1129 1216/1216/1216 1132/1132/1132
f 1212/1212/1212 1215/1215/1215 1127/1127/1127
f 1127/1127/1127 1215/1215/1215 1129/1129/1129
f 1212/1212/1212 1127/1127/1127 1210/1210/1210
f 1210/1210/1210 1127/1127/1127 1126/1126/1126
f 1210/1210/1210 1126/1126/1126 1209/1209/1209
f 1204/1204/1204 1209/1209/1209 1124/1124/1124
f 1124/1124/1124 1209/1209/1209 1126/1126/1126
f 1120/1120/1120 1205/1205/1205 1124/1124/1124
f 1124/1124/1124 1205/1205/1205 1204/1204/1204
f 1119/1119/1119 1202/1202/1202 1120/1120/1120
f 1120/1120/1120 1202/1202/1202 1205/1205/1205
f 1146/1146/1146 1150/1150/1150 1147/1147/1147
f 1147/1147/1147 1150/1150/1150 1149/1149/1149
f 1202/1202/1202 1203/1203/1203 1205/1205/1205
f 1205/1205/1205 1203/1203/1203 1207/1207/1207
f 1117/1117/1117 1257/1257/1257 1118/1118/1118
f 1118/1118/1118 1257/1257/1257 1142/1142/1142
f 1258/1258/1258 1259/1259/1259 1260/1260/1260
f 1260/1260/1260 1259/1259/1259 1261/1261/1261
f 1262/1262/1262 1258/1258/1258 1263/1263/1263
f 1263/1263/1263 1258/1258/1258 1260/1260/1260
f 1264/1264/1264 1265/1265/1265 1263/1263/1263
f 1263/1263/1263 1265/1265/1265 1262/1262/1262
f 1266/1266/1266 1265/1265/1265 1267/1267/1267
f 1267/1267/1267 1265/1265/1265 1264/1264/1264
f 1259/1259/1259 1268/1268/1268 1261/1261/1261
f 1261/1261/1261 1268/1268/1268 1269/1269/1269
f 1270/1270/1270 1269/1269/1269 1271/1271/1271
f 1271/1271/1271 1269/1269/1269 1268/1268/1268
f 1272/1272/1272 1270/1270/1270 1273/1273/1273
f 1273/1273/1273 1270/1270/1270 1271/1271/1271
f 1274/1274/1274 1272/1272/1272 1275/1275/1275
f 1275/1275/1275 1272/1272/1272 1273/1273/1273
f 1276/1276/1276 1274/1274/1274 1277/1277/1277
f 1277/1277/1277 1274/1274/1274 1275/1275/1275
f 1277/1277/1277 1278/1278/1278 1276/1276/1276
f 1276/1276/1276 1278/1278/1278 1279/1279/1279
f 1279/1279/1279 1278/1278/1278 1280/1280/1280
f 1280/1280/1280 1278/1278/1278 1281/1281/1281
f 1282/1282/1282 1280/1280/1280 1283/1283/1283
f 1283/1283/1283 1280/1280/1280 1281/1281/1281
f 1283/1283/1283 1284/1284/1284 1282/1282/1282
f 1282/1282/1282 1284/1284/1284 1285/1285/1285
f 1286/1286/1286 1285/1285/1285 1287/1287/1287
f 1287/1287/1287 1285/1285/1285 1284/1284/1284
f 1288/1288/1288 1286/1286/1286 1289/1289/1289
f 1289/1289/1289 1286/1286/1286 1287/1287/1287
f 1289/1289/1289 1290/1290/1290 1288/1288/1288
f 1288/1288/1288 1290/1290/1290 1291/1291/1291
f 1292/1292/1292 1293/1293/1293 1294/1294/1294
f 1294/1294/1294 1293/1293/1293 1295/1295/1295
f 1294/1294/1294 1296/1296/1296 1292/1292/1292
f 1292/1292/1292 1296/1296/1296 1297/1297/1297
f 1297/1297/1297 1296/1296/1296 1298/1298/1298
f 1298/1298/1298 1296/1296/1296 1299/1299/1299
f 1300/1300/1300 1298/1298/1298 1301/1301/1301
f 1301/1301/1301 1298/1298/1298 1299/1299/1299
f 1302/1302/1302 1300/1300/1300 1303/1303/1303
f 1303/1303/1303 1300/1300/1300 1301/1301/1301
f 1303/1303/1303 1304/1304/1304 1302/1302/1302
f 1302/1302/1302 1304/1304/1304 1305/1305/1305
f 1306/1306/1306 1305/1305/1305 1307/1307/1307
f 1307/1307/1307 1305/1305/1305 1304/1304/1304
f 1308/1308/1308 1306/1306/1306 1309/1309/1309
f 1309/1309/1309 1306/1306/1306 1307/1307/1307
f 1280/1280/1280 1282/1282/1282 1310/1310/1310
f 1310/1310/1310 1282/1282/1282 1311/1311/1311
f 1312/1312/1312 1279/1279/1279 1310/1310/1310
f 1310/1310/1310 1279/1279/1279 1280/1280/1280
f 1313/1313/1313 1276/1276/1276 1312/1312/1312
f 1312/1312/1312 1276/1276/1276 1279/1279/1279
f 1276/1276/1276 1313/1313/1313 1274/1274/1274
f 1274/1274/1274 1313/1313/1313 1314/1314/1314
f 1285/1285/1285 1315/1315/1315 1282/1282/1282
f 1282/1282/1282 1315/1315/1315 1311/1311/1311
f 1286/1286/1286 1316/1316/1316 1285/1285/1285
f 1285/1285/1285 1316/1316/1316 1315/1315/1315
f 1286/1286/1286 1288/1288/1288 1316/1316/1316
f 1316/1316/1316 1288/1288/1288 1317/1317/1317
f 1288/1288/1288 1291/1291/1291 1317/1317/1317
f 1317/1317/1317 1291/1291/1291 1318/1318/1318
f 1319/1319/1319 1320/1320/1320 1292/1292/1292
f 1292/1292/1292 1320/1320/1320 1293/1293/1293
f 1292/1292/1292 1297/1297/1297 1319/1319/1319
f 1319/1319/1319 1297/1297/1297 1321/1321/1321
f 1322/1322/1322 1321/1321/1321 1298/1298/1298
f 1298/1298/1298 1321/1321/1321 1297/1297/1297
f 1300/1300/1300 1323/1323/1323 1298/1298/1298
f 1298/1298/1298 1323/1323/1323 1322/1322/1322
f 1274/1274/1274 1314/1314/1314 1272/1272/1272
f 1272/1272/1272 1314/1314/1314 1324/1324/1324
f 1325/1325/1325 1270/1270/1270 1324/1324/1324
f 1324/1324/1324 1270/1270/1270 1272/1272/1272
f 1270/1270/1270 1325/1325/1325 1269/1269/1269
f 1269/1269/1269 1325/1325/1325 1326/1326/1326
f 1302/1302/1302 1327/1327/1327 1300/1300/1300
f 1300/1300/1300 1327/1327/1327 1323/1323/1323
f 1328/1328/1328 1327/1327/1327 1305/1305/1305
f 1305/1305/1305 1327/1327/1327 1302/1302/1302
f 1305/1305/1305 1306/1306/1306 1328/1328/1328
f 1328/1328/1328 1306/1306/1306 1329/1329/1329
f 1330/1330/1330 1329/1329/1329 1308/1308/1308
f 1308/1308/1308 1329/1329/1329 1306/1306/1306
f 1105/1105/1105 1107/1107/1107 1331/1331/1331
f 1331/1331/1331 1107/1107/1107 1332/1332/1332
f 1109/1109/1109 1105/1105/1105 1333/1333/1333
f 1333/1333/1333 1105/1105/1105 1331/1331/1331
f 1109/1109/1109 1333/1333/1333 1117/1117/1117
f 1117/1117/1117 1333/1333/1333 1334/1334/1334
f 1117/1117/1117 1334/1334/1334 1257/1257/1257
f 1257/1257/1257 1334/1334/1334 1335/1335/1335
f 1266/1266/1266 1267/1267/1267 1335/1335/1335
f 1335/1335/1335 1267/1267/1267 1257/1257/1257
f 1144/1144/1144 1142/1142/1142 1267/1267/1267
f 1267/1267/1267 1142/1142/1142 1257/1257/1257
f 1267/1267/1267 1264/1264/1264 1144/1144/1144
f 1144/1144/1144 1264/1264/1264 1146/1146/1146
f 1264/1264/1264 1336/1336/1336 1146/1146/1146
f 1146/1146/1146 1336/1336/1336 1150/1150/1150
f 1337/1337/1337 1338/1338/1338 1339/1339/1339
f 1339/1339/1339 1338/1338/1338 1340/1340/1340
f 1339/1339/1339 1341/1341/1341 1337/1337/1337
f 1337/1337/1337 1341/1341/1341 1342/1342/1342
f 1343/1343/1343 1342/1342/1342 1344/1344/1344
f 1344/1344/1344 1342/1342/1342 1341/1341/1341
f 1345/1345/1345 1346/1346/1346 1347/1347/1347
f 1347/1347/1347 1346/1346/1346 1348/1348/1348
f 1347/1347/1347 1348/1348/1348 1349/1349/1349
f 1349/1349/1349 1348/1348/1348 1350/1350/1350
f 1351/1351/1351 1352/1352/1352 1350/1350/1350
f 1350/1350/1350 1352/1352/1352 1349/1349/1349
f 1352/1352/1352 1351/1351/1351 1353/1353/1353
f 1353/1353/1353 1351/1351/1351 1354/1354/1354
f 1355/1355/1355 1353/1353/1353 1356/1356/1356
f 1356/1356/1356 1353/1353/1353 1354/1354/1354
f 1355/1355/1355 1356/1356/1356 1357/1357/1357
f 1357/1357/1357 1356/1356/1356 1358/1358/1358
f 1359/1359/1359 1357/1357/1357 1360/1360/1360
f 1360/1360/1360 1357/1357/1357 1358/1358/1358
f 1361/1361/1361 1359/1359/1359 1362/1362/1362
f 1362/1362/1362 1359/1359/1359 1360/1360/1360
f 1363/1363/1363 1364/1364/1364 1365/1365/1365
f 1365/1365/1365 1364/1364/1364 1366/1366/1366
f 1364/1364/1364 1363/1363/1363 1367/1367/1367
f 1367/1367/1367 1363/1363/1363 1368/1368/1368
f 1368/1368/1368 1369/1369/1369 1367/1367/1367
f 1367/1367/1367 1369/1369/1369 1370/1370/1370
f 1371/1371/1371 1370/1370/1370 1372/1372/1372
f 1372/1372/1372 1370/1370/1370 1369/1369/1369
f 1373/1373/1373 1374/1374/1374 1372/1372/1372
f 1372/1372/1372 1374/1374/1374 1371/1371/1371
f 1374/1374/1374 1373/1373/1373 1375/1375/1375
f 1375/1375/1375 1373/1373/1373 1376/1376/1376
f 1375/1375/1375 1376/1376/1376 1377/1377/1377
f 1377/1377/1377 1376/1376/1376 1378/1378/1378
f 1379/1379/1379 1380/1380/1380 1378/1378/1378
f 1378/1378/1378 1380/1380/1380 1377/1377/1377
f 1380/1380/1380 1379/1379/1379 1381/1381/1381
f 1381/1381/1381 1379/1379/1379 1382/1382/1382
f 1381/1381/1381 1382/1382/1382 1383/1383/1383
f 1383/1383/1383 1382/1382/1382 1384/1384/1384
f 1385/1385/1385 1386/1386/1386 1384/1384/1384
f 1384/1384/1384 1386/1386/1386 1383/1383/1383
f 1386/1386/1386 1385/1385/1385 1387/1387/1387
f 1387/1387/1387 1385/1385/1385 1388/1388/1388
f 1387/1387/1387 1388/1388/1388 1389/1389/1389
f 1389/1389/1389 1388/1388/1388 1390/1390/1390
f 1389/1389/1389 1390/1390/1390 1391/1391/1391
f 1391/1391/1391 1390/1390/1390 1392/1392/1392
f 1393/1393/1393 1394/1394/1394 1392/1392/1392
f 1392/1392/1392 1394/1394/1394 1391/1391/1391
f 1395/1395/1395 1396/1396/1396 1393/1393/1393
f 1393/1393/1393 1396/1396/1396 1394/1394/1394
f 1396/1396/1396 1395/1395/1395 1397/1397/1397
f 1397/1397/1397 1395/1395/1395 1398/1398/1398
f 1397/1397/1397 1398/1398/1398 1338/1338/1338
f 1338/1338/1338 1398/1398/1398 1340/1340/1340
f 1399/1399/1399 1381/1381/1381 1400/1400/1400
f 1400/1400/1400 1381/1381/1381 1383/1383/1383
f 1381/1381/1381 1399/1399/1399 1380/1380/1380
f 1380/1380/1380 1399/1399/1399 1401/1401/1401
f 1400/1400/1400 1383/1383/1383 1402/1402/1402
f 1402/1402/1402 1383/1383/1383 1386/1386/1386
f 1402/1402/1402 1386/1386/1386 1403/1403/1403
f 1403/1403/1403 1386/1386/1386 1387/1387/1387
f 1389/1389/1389 1404/1404/1404 1387/1387/1387
f 1387/1387/1387 1404/1404/1404 1403/1403/1403
f 1404/1404/1404 1389/1389/1389 1405/1405/1405
f 1405/1405/1405 1389/1389/1389 1391/1391/1391
f 1405/1405/1405 1391/1391/1391 1406/1406/1406
f 1406/1406/1406 1391/1391/1391 1394/1394/1394
f 1396/1396/1396 1407/1407/1407 1394/1394/1394
f 1394/1394/1394 1407/1407/1407 1406/1406/1406
f 1408/1408/1408 1407/1407/1407 1397/1397/1397
f 1397/1397/1397 1407/1407/1407 1396/1396/1396
f 1409/1409/1409 1408/1408/1408 1338/1338/1338
f 1338/1338/1338 1408/1408/1408 1397/1397/1397
f 1338/1338/1338 1337/1337/1337 1409/1409/1409
f 1409/1409/1409 1337/1337/1337 1410/1410/1410
f 1411/1411/1411 1410/1410/1410 1342/1342/1342
f 1342/1342/1342 1410/1410/1410 1337/1337/1337
f 1412/1412/1412 1411/1411/1411 1343/1343/1343
f 1343/1343/1343 1411/1411/1411 1342/1342/1342
f 1345/1345/1345 1347/1347/1347 1413/1413/1413
f 1413/1413/1413 1347/1347/1347 1414/1414/1414
f 1414/1414/1414 1347/1347/1347 1415/1415/1415
f 1415/1415/1415 1347/1347/1347 1349/1349/1349
f 1415/1415/1415 1349/1349/1349 1416/1416/1416
f 1416/1416/1416 1349/1349/1349 1352/1352/1352
f 1416/1416/1416 1352/1352/1352 1417/1417/1417
f 1417/1417/1417 1352/1352/1352 1353/1353/1353
f 1417/1417/1417 1353/1353/1353 1418/1418/1418
f 1418/1418/1418 1353/1353/1353 1355/1355/1355
f 1418/1418/1418 1355/1355/1355 1419/1419/1419
f 1419/1419/1419 1355/1355/1355 1357/1357/1357
f 1419/1419/1419 1357/1357/1357 1420/1420/1420
f 1420/1420/1420 1357/1357/1357 1359/1359/1359
f 1420/1420/1420 1359/1359/1359 1421/1421/1421
f 1421/1421/1421 1359/1359/1359 1361/1361/1361
f 1422/1422/1422 1366/1366/1366 1423/1423/1423
f 1423/1423/1423 1366/1366/1366 1364/1364/1364
f 1424/1424/1424 1423/1423/1423 1367/1367/1367
f 1367/1367/1367 1423/1423/1423 1364/1364/1364
f 1425/1425/1425 1424/1424/1424 1370/1370/1370
f 1370/1370/1370 1424/1424/1424 1367/1367/1367
f 1370/1370/1370 1371/1371/1371 1425/1425/1425
f 1425/1425/1425 1371/1371/1371 1426/1426/1426
f 1371/1371/1371 1374/1374/1374 1426/1426/1426
f 1426/1426/1426 1374/1374/1374 1427/1427/1427
f 1427/1427/1427 1374/1374/1374 1428/1428/1428
f 1428/1428/1428 1374/1374/1374 1375/1375/1375
f 1375/1375/1375 1377/1377/1377 1428/1428/1428
f 1428/1428/1428 1377/1377/1377 1429/1429/1429
f 1429/1429/1429 1377/1377/1377 1401/1401/1401
f 1401/1401/1401 1377/1377/1377 1380/1380/1380
f 1430/1430/1430 1261/1261/1261 1326/1326/1326
f 1326/1326/1326 1261/1261/1261 1269/1269/1269
f 1431/1431/1431 1260/1260/1260 1430/1430/1430
f 1430/1430/1430 1260/1260/1260 1261/1261/1261
f 1432/1432/1432 1263/1263/1263 1431/1431/1431
f 1431/1431/1431 1263/1263/1263 1260/1260/1260
f 1263/1263/1263 1432/1432/1432 1264/1264/1264
f 1264/1264/1264 1432/1432/1432 1336/1336/1336
f 1323/1323/1323 1433/1433/1433 1322/1322/1322
f 1322/1322/1322 1433/1433/1433 1434/1434/1434
f 1322/1322/1322 1434/1434/1434 1321/1321/1321
f 1321/1321/1321 1434/1434/1434 1435/1435/1435
f 1321/1321/1321 1435/1435/1435 1319/1319/1319
f 1319/1319/1319 1435/1435/1435 1436/1436/1436
f 1436/1436/1436 1437/1437/1437 1319/1319/1319
f 1319/1319/1319 1437/1437/1437 1320/1320/1320
f 1318/1318/1318 1438/1438/1438 1317/1317/1317
f 1317/1317/1317 1438/1438/1438 1439/1439/1439
f 1317/1317/1317 1439/1439/1439 1316/1316/1316
f 1316/1316/1316 1439/1439/1439 1440/1440/1440
f 1316/1316/1316 1440/1440/1440 1315/1315/1315
f 1315/1315/1315 1440/1440/1440 1441/1441/1441
f 1315/1315/1315 1441/1441/1441 1311/1311/1311
f 1311/1311/1311 1441/1441/1441 1442/1442/1442
f 1311/1311/1311 1442/1442/1442 1310/1310/1310
f 1310/1310/1310 1442/1442/1442 1443/1443/1443
f 1310/1310/1310 1443/1443/1443 1312/1312/1312
f 1312/1312/1312 1443/1443/1443 1444/1444/1444
f 1444/1444/1444 1445/1445/1445 1312/1312/1312
f 1312/1312/1312 1445/1445/1445 1313/1313/1313
f 1336/1336/1336 1446/1446/1446 1150/1150/1150
f 1150/1150/1150 1446/1446/1446 1152/1152/1152
f 1431/1431/1431 1447/1447/1447 1432/1432/1432
f 1432/1432/1432 1447/1447/1447 1448/1448/1448
f 1325/1325/1325 1449/1449/1449 1326/1326/1326
f 1326/1326/1326 1449/1449/1449 1450/1450/1450
f 1432/1432/1432 1448/1448/1448 1336/1336/1336
f 1336/1336/1336 1448/1448/1448 1446/1446/1446
f 1326/1326/1326 1450/1450/1450 1430/1430/1430
f 1430/1430/1430 1450/1450/1450 1451/1451/1451
f 1431/1431/1431 1430/1430/1430 1447/1447/1447
f 1447/1447/1447 1430/1430/1430 1451/1451/1451
f 1452/1452/1452 1449/1449/1449 1324/1324/1324
f 1324/1324/1324 1449/1449/1449 1325/1325/1325
f 1452/1452/1452 1324/1324/1324 1453/1453/1453
f 1453/1453/1453 1324/1324/1324 1314/1314/1314
f 1313/1313/1313 1445/1445/1445 1314/1314/1314
f 1314/1314/1314 1445/1445/1445 1453/1453/1453
f 1445/1445/1445 1444/1444/1444 1453/1453/1453
f 1453/1453/1453 1444/1444/1444 1452/1452/1452
f 1451/1451/1451 1450/1450/1450 1452/1452/1452
f 1452/1452/1452 1450/1450/1450 1449/1449/1449
f 1446/1446/1446 1448/1448/1448 1451/1451/1451
f 1451/1451/1451 1448/1448/1448 1447/1447/1447
f 1152/1152/1152 1446/1446/1446 1154/1154/1154
f 1154/1154/1154 1446/1446/1446 1454/1454/1454
f 1455/1455/1455 1156/1156/1156 1454/1454/1454
f 1454/1454/1454 1156/1156/1156 1154/1154/1154
f 1456/1456/1456 1158/1158/1158 1455/1455/1455
f 1455/1455/1455 1158/1158/1158 1156/1156/1156
f 1457/1457/1457 1160/1160/1160 1456/1456/1456
f 1456/1456/1456 1160/1160/1160 1158/1158/1158
f 1451/1451/1451 1458/1458/1458 1446/1446/1446
f 1446/1446/1446 1458/1458/1458 1454/1454/1454
f 1451/1451/1451 1452/1452/1452 1458/1458/1458
f 1458/1458/1458 1452/1452/1452 1459/1459/1459
f 1460/1460/1460 1459/1459/1459 1444/1444/1444
f 1444/1444/1444 1459/1459/1459 1452/1452/1452
f 1461/1461/1461 1462/1462/1462 1459/1459/1459
f 1459/1459/1459 1462/1462/1462 1458/1458/1458
f 1454/1454/1454 1458/1458/1458 1455/1455/1455
f 1455/1455/1455 1458/1458/1458 1462/1462/1462
f 1463/1463/1463 1456/1456/1456 1462/1462/1462
f 1462/1462/1462 1456/1456/1456 1455/1455/1455
f 1464/1464/1464 1463/1463/1463 1461/1461/1461
f 1461/1461/1461 1463/1463/1463 1462/1462/1462
f 1456/1456/1456 1463/1463/1463 1457/1457/1457
f 1457/1457/1457 1463/1463/1463 1465/1465/1465
f 1465/1465/1465 1463/1463/1463 1466/1466/1466
f 1466/1466/1466 1463/1463/1463 1464/1464/1464
f 1467/1467/1467 1443/1443/1443 1468/1468/1468
f 1468/1468/1468 1443/1443/1443 1442/1442/1442
f 1460/1460/1460 1444/1444/1444 1467/1467/1467
f 1467/1467/1467 1444/1444/1444 1443/1443/1443
f 1442/1442/1442 1441/1441/1441 1468/1468/1468
f 1468/1468/1468 1441/1441/1441 1469/1469/1469
f 1460/1460/1460 1467/1467/1467 1469/1469/1469
f 1469/1469/1469 1467/1467/1467 1468/1468/1468
f 1470/1470/1470 1440/1440/1440 1471/1471/1471
f 1471/1471/1471 1440/1440/1440 1439/1439/1439
f 1440/1440/1440 1470/1470/1470 1441/1441/1441
f 1441/1441/1441 1470/1470/1470 1469/1469/1469
f 1472/1472/1472 1471/1471/1471 1438/1438/1438
f 1438/1438/1438 1471/1471/1471 1439/1439/1439
f 1471/1471/1471 1472/1472/1472 1470/1470/1470
f 1470/1470/1470 1472/1472/1472 1469/1469/1469
f 1436/1436/1436 1435/1435/1435 1473/1473/1473
f 1473/1473/1473 1435/1435/1435 1474/1474/1474
f 1475/1475/1475 1437/1437/1437 1473/1473/1473
f 1473/1473/1473 1437/1437/1437 1436/1436/1436
f 1476/1476/1476 1474/1474/1474 1434/1434/1434
f 1434/1434/1434 1474/1474/1474 1435/1435/1435
f 1474/1474/1474 1476/1476/1476 1473/1473/1473
f 1473/1473/1473 1476/1476/1476 1475/1475/1475
f 1476/1476/1476 1434/1434/1434 1477/1477/1477
f 1477/1477/1477 1434/1434/1434 1433/1433/1433
f 1478/1478/1478 1464/1464/1464 1479/1479/1479
f 1479/1479/1479 1464/1464/1464 1461/1461/1461
f 1480/1480/1480 1466/1466/1466 1478/1478/1478
f 1478/1478/1478 1466/1466/1466 1464/1464/1464
f 1461/1461/1461 1459/1459/1459 1479/1479/1479
f 1479/1479/1479 1459/1459/1459 1460/1460/1460
f 1478/1478/1478 1479/1479/1479 1480/1480/1480
f 1480/1480/1480 1479/1479/1479 1460/1460/1460
f 1469/1469/1469 1481/1481/1481 1460/1460/1460
f 1460/1460/1460 1481/1481/1481 1480/1480/1480
f 1481/1481/1481 1469/1469/1469 1482/1482/1482
f 1482/1482/1482 1469/1469/1469 1472/1472/1472
f 1483/1483/1483 1484/1484/1484 1485/1485/1485
f 1485/1485/1485 1484/1484/1484 1486/1486/1486
f 1487/1487/1487 1488/1488/1488 1483/1483/1483
f 1483/1483/1483 1488/1488/1488 1484/1484/1484
f 1489/1489/1489 1490/1490/1490 1491/1491/1491
f 1491/1491/1491 1490/1490/1490 1492/1492/1492
f 1493/1493/1493 1492/1492/1492 1494/1494/1494
f 1494/1494/1494 1492/1492/1492 1490/1490/1490
f 1491/1491/1491 1495/1495/1495 1489/1489/1489
f 1489/1489/1489 1495/1495/1495 1496/1496/1496
f 1495/1495/1495 1497/1497/1497 1496/1496/1496
f 1496/1496/1496 1497/1497/1497 1498/1498/1498
f 1497/1497/1497 1499/1499/1499 1498/1498/1498
f 1498/1498/1498 1499/1499/1499 1500/1500/1500
f 1501/1501/1501 1500/1500/1500 1502/1502/1502
f 1502/1502/1502 1500/1500/1500 1499/1499/1499
f 1502/1502/1502 1503/1503/1503 1501/1501/1501
f 1501/1501/1501 1503/1503/1503 1504/1504/1504
f 1505/1505/1505 1506/1506/1506 1503/1503/1503
f 1503/1503/1503 1506/1506/1506 1504/1504/1504
f 1506/1506/1506 1505/1505/1505 1507/1507/1507
f 1507/1507/1507 1505/1505/1505 1508/1508/1508
f 1508/1508/1508 1509/1509/1509 1507/1507/1507
f 1507/1507/1507 1509/1509/1509 1510/1510/1510
f 1509/1509/1509 1511/1511/1511 1510/1510/1510
f 1510/1510/1510 1511/1511/1511 1512/1512/1512
f 1511/1511/1511 1513/1513/1513 1512/1512/1512
f 1512/1512/1512 1513/1513/1513 1514/1514/1514
f 1513/1513/1513 1515/1515/1515 1514/1514/1514
f 1514/1514/1514 1515/1515/1515 1516/1516/1516
f 1515/1515/1515 1517/1517/1517 1516/1516/1516
f 1516/1516/1516 1517/1517/1517 1518/1518/1518
f 1517/1517/1517 1519/1519/1519 1518/1518/1518
f 1518/1518/1518 1519/1519/1519 1520/1520/1520
f 1521/1521/1521 1522/1522/1522 1519/1519/1519
f 1519/1519/1519 1522/1522/1522 1520/1520/1520
f 1522/1522/1522 1521/1521/1521 1523/1523/1523
f 1523/1523/1523 1521/1521/1521 1524/1524/1524
f 1523/1523/1523 1524/1524/1524 1525/1525/1525
f 1525/1525/1525 1524/1524/1524 1526/1526/1526
f 1525/1525/1525 1526/1526/1526 1527/1527/1527
f 1527/1527/1527 1526/1526/1526 1528/1528/1528
f 1527/1527/1527 1528/1528/1528 1529/1529/1529
f 1529/1529/1529 1528/1528/1528 1530/1530/1530
f 1529/1529/1529 1530/1530/1530 1531/1531/1531
f 1531/1531/1531 1530/1530/1530 1532/1532/1532
f 1533/1533/1533 1534/1534/1534 1532/1532/1532
f 1532/1532/1532 1534/1534/1534 1531/1531/1531
f 1535/1535/1535 1536/1536/1536 1533/1533/1533
f 1533/1533/1533 1536/1536/1536 1534/1534/1534
f 1536/1536/1536 1535/1535/1535 1537/1537/1537
f 1537/1537/1537 1535/1535/1535 1538/1538/1538
f 1537/1537/1537 1538/1538/1538 1539/1539/1539
f 1539/1539/1539 1538/1538/1538 1540/1540/1540
f 1539/1539/1539 1540/1540/1540 1541/1541/1541
f 1541/1541/1541 1540/1540/1540 1542/1542/1542
f 1541/1541/1541 1542/1542/1542 1543/1543/1543
f 1543/1543/1543 1542/1542/1542 1544/1544/1544
f 1543/1543/1543 1544/1544/1544 1545/1545/1545
f 1545/1545/1545 1544/1544/1544 1546/1546/1546
f 1547/1547/1547 1548/1548/1548 1546/1546/1546
f 1546/1546/1546 1548/1548/1548 1545/1545/1545
f 1549/1549/1549 1550/1550/1550 1551/1551/1551
f 1551/1551/1551 1550/1550/1550 1552/1552/1552
f 1550/1550/1550 1553/1553/1553 1552/1552/1552
f 1552/1552/1552 1553/1553/1553 1554/1554/1554
f 1554/1554/1554 1553/1553/1553 1555/1555/1555
f 1555/1555/1555 1553/1553/1553 1556/1556/1556
f 1556/1556/1556 1557/1557/1557 1555/1555/1555
f 1555/1555/1555 1557/1557/1557 1558/1558/1558
f 1557/1557/1557 1559/1559/1559 1558/1558/1558
f 1558/1558/1558 1559/1559/1559 1560/1560/1560
f 1493/1493/1493 1494/1494/1494 1559/1559/1559
f 1559/1559/1559 1494/1494/1494 1560/1560/1560
f 1505/1505/1505 1561/1561/1561 1508/1508/1508
f 1508/1508/1508 1561/1561/1561 1562/1562/1562
f 1561/1561/1561 1505/1505/1505 1563/1563/1563
f 1563/1563/1563 1505/1505/1505 1503/1503/1503
f 1502/1502/1502 1564/1564/1564 1503/1503/1503
f 1503/1503/1503 1564/1564/1564 1563/1563/1563
f 1499/1499/1499 1565/1565/1565 1502/1502/1502
f 1502/1502/1502 1565/1565/1565 1564/1564/1564
f 1497/1497/1497 1566/1566/1566 1499/1499/1499
f 1499/1499/1499 1566/1566/1566 1565/1565/1565
f 1495/1495/1495 1567/1567/1567 1497/1497/1497
f 1497/1497/1497 1567/1567/1567 1566/1566/1566
f 1568/1568/1568 1567/1567/1567 1491/1491/1491
f 1491/1491/1491 1567/1567/1567 1495/1495/1495
f 1492/1492/1492 1569/1569/1569 1491/1491/1491
f 1491/1491/1491 1569/1569/1569 1568/1568/1568
f 1493/1493/1493 1570/1570/1570 1492/1492/1492
f 1492/1492/1492 1570/1570/1570 1569/1569/1569
f 1570/1570/1570 1493/1493/1493 1571/1571/1571
f 1571/1571/1571 1493/1493/1493 1559/1559/1559
f 1571/1571/1571 1559/1559/1559 1572/1572/1572
f 1572/1572/1572 1559/1559/1559 1557/1557/1557
f 1573/1573/1573 1572/1572/1572 1556/1556/1556
f 1556/1556/1556 1572/1572/1572 1557/1557/1557
f 1574/1574/1574 1573/1573/1573 1553/1553/1553
f 1553/1553/1553 1573/1573/1573 1556/1556/1556
f 1553/1553/1553 1550/1550/1550 1574/1574/1574
f 1574/1574/1574 1550/1550/1550 1575/1575/1575
f 1550/1550/1550 1549/1549/1549 1575/1575/1575
f 1575/1575/1575 1549/1549/1549 1576/1576/1576
f 1546/1546/1546 1577/1577/1577 1547/1547/1547
f 1547/1547/1547 1577/1577/1577 1578/1578/1578
f 1544/1544/1544 1579/1579/1579 1546/1546/1546
f 1546/1546/1546 1579/1579/1579 1577/1577/1577
f 1542/1542/1542 1580/1580/1580 1544/1544/1544
f 1544/1544/1544 1580/1580/1580 1579/1579/1579
f 1540/1540/1540 1581/1581/1581 1542/1542/1542
f 1542/1542/1542 1581/1581/1581 1580/1580/1580
f 1538/1538/1538 1582/1582/1582 1540/1540/1540
f 1540/1540/1540 1582/1582/1582 1581/1581/1581
f 1535/1535/1535 1583/1583/1583 1538/1538/1538
f 1538/1538/1538 1583/1583/1583 1582/1582/1582
f 1535/1535/1535 1533/1533/1533 1583/1583/1583
f 1583/1583/1583 1533/1533/1533 1584/1584/1584
f 1532/1532/1532 1585/1585/1585 1533/1533/1533
f 1533/1533/1533 1585/1585/1585 1584/1584/1584
f 1530/1530/1530 1586/1586/1586 1532/1532/1532
f 1532/1532/1532 1586/1586/1586 1585/1585/1585
f 1530/1530/1530 1528/1528/1528 1586/1586/1586
f 1586/1586/1586 1528/1528/1528 1587/1587/1587
f 1526/1526/1526 1588/1588/1588 1528/1528/1528
f 1528/1528/1528 1588/1588/1588 1587/1587/1587
f 1524/1524/1524 1589/1589/1589 1526/1526/1526
f 1526/1526/1526 1589/1589/1589 1588/1588/1588
f 1521/1521/1521 1590/1590/1590 1524/1524/1524
f 1524/1524/1524 1590/1590/1590 1589/1589/1589
f 1519/1519/1519 1591/1591/1591 1521/1521/1521
f 1521/1521/1521 1591/1591/1591 1590/1590/1590
f 1517/1517/1517 1592/1592/1592 1519/1519/1519
f 1519/1519/1519 1592/1592/1592 1591/1591/1591
f 1515/1515/1515 1593/1593/1593 1517/1517/1517
f 1517/1517/1517 1593/1593/1593 1592/1592/1592
f 1513/1513/1513 1594/1594/1594 1515/1515/1515
f 1515/1515/1515 1594/1594/1594 1593/1593/1593
f 1511/1511/1511 1595/1595/1595 1513/1513/1513
f 1513/1513/1513 1595/1595/1595 1594/1594/1594
f 1509/1509/1509 1596/1596/1596 1511/1511/1511
f 1511/1511/1511 1596/1596/1596 1595/1595/1595
f 1508/1508/1508 1562/1562/1562 1509/1509/1509
f 1509/1509/1509 1562/1562/1562 1596/1596/1596
f 1597/1597/1597 1598/1598/1598 1599/1599/1599
f 1599/1599/1599 1598/1598/1598 1600/1600/1600
f 1178/1178/1178 1176/1176/1176 1599/1599/1599
f 1599/1599/1599 1176/1176/1176 1597/1597/1597
f 1599/1599/1599 1600/1600/1600 1601/1601/1601
f 1601/1601/1601 1600/1600/1600 1602/1602/1602
f 1599/1599/1599 1601/1601/1601 1178/1178/1178
f 1178/1178/1178 1601/1601/1601 1603/1603/1603
f 1178/1178/1178 1603/1603/1603 1180/1180/1180
f 1180/1180/1180 1603/1603/1603 1604/1604/1604
f 1597/1597/1597 1605/1605/1605 1598/1598/1598
f 1598/1598/1598 1605/1605/1605 1606/1606/1606
f 1607/1607/1607 1608/1608/1608 1605/1605/1605
f 1605/1605/1605 1608/1608/1608 1606/1606/1606
f 1608/1608/1608 1607/1607/1607 1609/1609/1609
f 1609/1609/1609 1607/1607/1607 1610/1610/1610
f 1607/1607/1607 1605/1605/1605 1611/1611/1611
f 1611/1611/1611 1605/1605/1605 1612/1612/1612
f 1612/1612/1612 1176/1176/1176 1611/1611/1611
f 1611/1611/1611 1176/1176/1176 1174/1174/1174
f 1605/1605/1605 1597/1597/1597 1612/1612/1612
f 1612/1612/1612 1597/1597/1597 1176/1176/1176
f 1174/1174/1174 1610/1610/1610 1611/1611/1611
f 1611/1611/1611 1610/1610/1610 1607/1607/1607
f 1613/1613/1613 1614/1614/1614 1615/1615/1615
f 1615/1615/1615 1614/1614/1614 1616/1616/1616
f 1610/1610/1610 1615/1615/1615 1609/1609/1609
f 1609/1609/1609 1615/1615/1615 1616/1616/1616
f 1614/1614/1614 1613/1613/1613 1617/1617/1617
f 1617/1617/1617 1613/1613/1613 1618/1618/1618
f 1613/1613/1613 1615/1615/1615 1618/1618/1618
f 1618/1618/1618 1615/1615/1615 1610/1610/1610
f 1619/1619/1619 1620/1620/1620 1621/1621/1621
f 1621/1621/1621 1620/1620/1620 1622/1622/1622
f 1617/1617/1617 1618/1618/1618 1619/1619/1619
f 1619/1619/1619 1618/1618/1618 1620/1620/1620
f 1623/1623/1623 1621/1621/1621 1624/1624/1624
f 1624/1624/1624 1621/1621/1621 1622/1622/1622
f 1624/1624/1624 1625/1625/1625 1623/1623/1623
f 1623/1623/1623 1625/1625/1625 1626/1626/1626
f 1627/1627/1627 1626/1626/1626 1628/1628/1628
f 1628/1628/1628 1626/1626/1626 1625/1625/1625
f 1628/1628/1628 1625/1625/1625 1629/1629/1629
f 1629/1629/1629 1625/1625/1625 1630/1630/1630
f 1631/1631/1631 1630/1630/1630 1624/1624/1624
f 1624/1624/1624 1630/1630/1630 1625/1625/1625
f 1172/1172/1172 1632/1632/1632 1174/1174/1174
f 1174/1174/1174 1632/1632/1632 1610/1610/1610
f 1632/1632/1632 1172/1172/1172 1633/1633/1633
f 1633/1633/1633 1172/1172/1172 1169/1169/1169
f 1169/1169/1169 1167/1167/1167 1633/1633/1633
f 1633/1633/1633 1167/1167/1167 1634/1634/1634
f 1165/1165/1165 1635/1635/1635 1167/1167/1167
f 1167/1167/1167 1635/1635/1635 1634/1634/1634
f 1635/1635/1635 1165/1165/1165 1636/1636/1636
f 1636/1636/1636 1165/1165/1165 1162/1162/1162
f 1162/1162/1162 1161/1161/1161 1636/1636/1636
f 1636/1636/1636 1161/1161/1161 1637/1637/1637
f 1636/1636/1636 1637/1637/1637 1635/1635/1635
f 1635/1635/1635 1637/1637/1637 1638/1638/1638
f 1631/1631/1631 1634/1634/1634 1638/1638/1638
f 1638/1638/1638 1634/1634/1634 1635/1635/1635
f 1632/1632/1632 1633/1633/1633 1639/1639/1639
f 1639/1639/1639 1633/1633/1633 1640/1640/1640
f 1610/1610/1610 1632/1632/1632 1618/1618/1618
f 1618/1618/1618 1632/1632/1632 1639/1639/1639
f 1618/1618/1618 1639/1639/1639 1620/1620/1620
f 1620/1620/1620 1639/1639/1639 1641/1641/1641
f 1642/1642/1642 1622/1622/1622 1641/1641/1641
f 1641/1641/1641 1622/1622/1622 1620/1620/1620
f 1642/1642/1642 1641/1641/1641 1640/1640/1640
f 1640/1640/1640 1641/1641/1641 1639/1639/1639
f 1631/1631/1631 1624/1624/1624 1642/1642/1642
f 1642/1642/1642 1624/1624/1624 1622/1622/1622
f 1634/1634/1634 1640/1640/1640 1633/1633/1633
f 1640/1640/1640 1634/1634/1634 1642/1642/1642
f 1642/1642/1642 1634/1634/1634 1631/1631/1631
f 1643/1643/1643 1644/1644/1644 1629/1629/1629
f 1629/1629/1629 1644/1644/1644 1628/1628/1628
f 1645/1645/1645 1486/1486/1486 1646/1646/1646
f 1646/1646/1646 1486/1486/1486 1484/1484/1484
f 1646/1646/1646 1484/1484/1484 1647/1647/1647
f 1647/1647/1647 1484/1484/1484 1488/1488/1488
f 1647/1647/1647 1488/1488/1488 1648/1648/1648
f 1648/1648/1648 1488/1488/1488 1649/1649/1649
f 1650/1650/1650 1651/1651/1651 1192/1192/1192
f 1192/1192/1192 1651/1651/1651 1195/1195/1195
f 1650/1650/1650 1192/1192/1192 1652/1652/1652
f 1652/1652/1652 1192/1192/1192 1191/1191/1191
f 1191/1191/1191 1185/1185/1185 1652/1652/1652
f 1652/1652/1652 1185/1185/1185 1653/1653/1653
f 1185/1185/1185 1184/1184/1184 1653/1653/1653
f 1653/1653/1653 1184/1184/1184 1654/1654/1654
f 1182/1182/1182 1655/1655/1655 1184/1184/1184
f 1184/1184/1184 1655/1655/1655 1654/1654/1654
f 1655/1655/1655 1182/1182/1182 1604/1604/1604
f 1604/1604/1604 1182/1182/1182 1180/1180/1180
f 1602/1602/1602 1656/1656/1656 1601/1601/1601
f 1601/1601/1601 1656/1656/1656 1657/1657/1657
f 1658/1658/1658 1603/1603/1603 1657/1657/1657
f 1657/1657/1657 1603/1603/1603 1601/1601/1601
f 1659/1659/1659 1604/1604/1604 1658/1658/1658
f 1658/1658/1658 1604/1604/1604 1603/1603/1603
f 1604/1604/1604 1659/1659/1659 1655/1655/1655
f 1628/1628/1628 1660/1660/1660 1627/1627/1627
f 1627/1627/1627 1660/1660/1660 1661/1661/1661
f 1661/1661/1661 1660/1660/1660 1662/1662/1662
f 1662/1662/1662 1660/1660/1660 1663/1663/1663
f 1662/1662/1662 1663/1663/1663 1664/1664/1664
f 1664/1664/1664 1663/1663/1663 1665/1665/1665
f 1664/1664/1664 1665/1665/1665 1666/1666/1666
f 1666/1666/1666 1665/1665/1665 1667/1667/1667
f 1666/1666/1666 1667/1667/1667 1668/1668/1668
f 1668/1668/1668 1667/1667/1667 1669/1669/1669
f 1668/1668/1668 1669/1669/1669 1670/1670/1670
f 1670/1670/1670 1669/1669/1669 1671/1671/1671
f 1628/1628/1628 1644/1644/1644 1660/1660/1660
f 1660/1660/1660 1644/1644/1644 1672/1672/1672
f 1646/1646/1646 1673/1673/1673 1645/1645/1645
f 1645/1645/1645 1673/1673/1673 1674/1674/1674
f 1647/1647/1647 1675/1675/1675 1646/1646/1646
f 1646/1646/1646 1675/1675/1675 1673/1673/1673
f 1648/1648/1648 1676/1676/1676 1647/1647/1647
f 1647/1647/1647 1676/1676/1676 1675/1675/1675
f 1650/1650/1650 1677/1677/1677 1648/1648/1648
f 1648/1648/1648 1677/1677/1677 1676/1676/1676
f 1652/1652/1652 1678/1678/1678 1650/1650/1650
f 1650/1650/1650 1678/1678/1678 1677/1677/1677
f 1652/1652/1652 1653/1653/1653 1678/1678/1678
f 1678/1678/1678 1653/1653/1653 1679/1679/1679
f 1654/1654/1654 1680/1680/1680 1653/1653/1653
f 1653/1653/1653 1680/1680/1680 1679/1679/1679
f 1655/1655/1655 1681/1681/1681 1654/1654/1654
f 1654/1654/1654 1681/1681/1681 1680/1680/1680
f 1655/1655/1655 1659/1659/1659 1681/1681/1681
f 1681/1681/1681 1659/1659/1659 1682/1682/1682
f 1658/1658/1658 1683/1683/1683 1659/1659/1659
f 1659/1659/1659 1683/1683/1683 1682/1682/1682
f 1657/1657/1657 1684/1684/1684 1658/1658/1658
f 1658/1658/1658 1684/1684/1684 1683/1683/1683
f 1656/1656/1656 1685/1685/1685 1657/1657/1657
f 1657/1657/1657 1685/1685/1685 1684/1684/1684
f 1671/1671/1671 1686/1686/1686 1670/1670/1670
f 1670/1670/1670 1686/1686/1686 1687/1687/1687
f 1688/1688/1688 1689/1689/1689 1690/1690/1690
f 1690/1690/1690 1689/1689/1689 1691/1691/1691
f 1689/1689/1689 1684/1684/1684 1691/1691/1691
f 1691/1691/1691 1684/1684/1684 1685/1685/1685
f 1688/1688/1688 1683/1683/1683 1689/1689/1689
f 1689/1689/1689 1683/1683/1683 1684/1684/1684
f 1692/1692/1692 1693/1693/1693 1694/1694/1694
f 1694/1694/1694 1693/1693/1693 1695/1695/1695
f 1688/1688/1688 1690/1690/1690 1694/1694/1694
f 1694/1694/1694 1690/1690/1690 1692/1692/1692
f 1696/1696/1696 1695/1695/1695 1697/1697/1697
f 1697/1697/1697 1695/1695/1695 1693/1693/1693
f 1688/1688/1688 1694/1694/1694 1696/1696/1696
f 1696/1696/1696 1694/1694/1694 1695/1695/1695
f 1698/1698/1698 1699/1699/1699 1700/1700/1700
f 1700/1700/1700 1699/1699/1699 1701/1701/1701
f 1696/1696/1696 1697/1697/1697 1698/1698/1698
f 1698/1698/1698 1697/1697/1697 1699/1699/1699
f 1702/1702/1702 1700/1700/1700 1703/1703/1703
f 1703/1703/1703 1700/1700/1700 1701/1701/1701
f 1700/1700/1700 1702/1702/1702 1698/1698/1698
f 1698/1698/1698 1702/1702/1702 1696/1696/1696
f 1704/1704/1704 1705/1705/1705 1706/1706/1706
f 1706/1706/1706 1705/1705/1705 1707/1707/1707
f 1705/1705/1705 1704/1704/1704 1703/1703/1703
f 1703/1703/1703 1704/1704/1704 1702/1702/1702
f 1707/1707/1707 1708/1708/1708 1706/1706/1706
f 1706/1706/1706 1708/1708/1708 1709/1709/1709
f 1706/1706/1706 1709/1709/1709 1704/1704/1704
f 1704/1704/1704 1709/1709/1709 1702/1702/1702
f 1709/1709/1709 1708/1708/1708 1710/1710/1710
f 1710/1710/1710 1708/1708/1708 1711/1711/1711
f 1687/1687/1687 1686/1686/1686 1711/1711/1711
f 1711/1711/1711 1686/1686/1686 1710/1710/1710
f 1686/1686/1686 1671/1671/1671 1712/1712/1712
f 1712/1712/1712 1671/1671/1671 1713/1713/1713
f 1709/1709/1709 1710/1710/1710 1712/1712/1712
f 1712/1712/1712 1710/1710/1710 1686/1686/1686
f 1660/1660/1660 1672/1672/1672 1663/1663/1663
f 1663/1663/1663 1672/1672/1672 1714/1714/1714
f 1715/1715/1715 1667/1667/1667 1716/1716/1716
f 1716/1716/1716 1667/1667/1667 1665/1665/1665
f 1714/1714/1714 1716/1716/1716 1663/1663/1663
f 1663/1663/1663 1716/1716/1716 1665/1665/1665
f 1717/1717/1717 1669/1669/1669 1715/1715/1715
f 1715/1715/1715 1669/1669/1669 1667/1667/1667
f 1717/1717/1717 1715/1715/1715 1714/1714/1714
f 1714/1714/1714 1715/1715/1715 1716/1716/1716
f 1718/1718/1718 1671/1671/1671 1717/1717/1717
f 1717/1717/1717 1671/1671/1671 1669/1669/1669
f 1671/1671/1671 1718/1718/1718 1713/1713/1713
f 1713/1713/1713 1718/1718/1718 1719/1719/1719
f 1720/1720/1720 1721/1721/1721 1673/1673/1673
f 1673/1673/1673 1721/1721/1721 1674/1674/1674
f 1722/1722/1722 1723/1723/1723 1720/1720/1720
f 1720/1720/1720 1723/1723/1723 1721/1721/1721
f 1724/1724/1724 1725/1725/1725 1722/1722/1722
f 1722/1722/1722 1725/1725/1725 1723/1723/1723
f 1726/1726/1726 1727/1727/1727 1724/1724/1724
f 1724/1724/1724 1727/1727/1727 1725/1725/1725
f 1720/1720/1720 1673/1673/1673 1728/1728/1728
f 1728/1728/1728 1673/1673/1673 1675/1675/1675
f 1729/1729/1729 1722/1722/1722 1728/1728/1728
f 1728/1728/1728 1722/1722/1722 1720/1720/1720
f 1730/1730/1730 1724/1724/1724 1729/1729/1729
f 1729/1729/1729 1724/1724/1724 1722/1722/1722
f 1731/1731/1731 1726/1726/1726 1730/1730/1730
f 1730/1730/1730 1726/1726/1726 1724/1724/1724
f 1676/1676/1676 1732/1732/1732 1675/1675/1675
f 1675/1675/1675 1732/1732/1732 1728/1728/1728
f 1732/1732/1732 1733/1733/1733 1728/1728/1728
f 1728/1728/1728 1733/1733/1733 1729/1729/1729
f 1733/1733/1733 1734/1734/1734 1729/1729/1729
f 1729/1729/1729 1734/1734/1734 1730/1730/1730
f 1731/1731/1731 1730/1730/1730 1735/1735/1735
f 1735/1735/1735 1730/1730/1730 1734/1734/1734
f 1732/1732/1732 1676/1676/1676 1736/1736/1736
f 1736/1736/1736 1676/1676/1676 1677/1677/1677
f 1733/1733/1733 1732/1732/1732 1737/1737/1737
f 1737/1737/1737 1732/1732/1732 1736/1736/1736
f 1734/1734/1734 1733/1733/1733 1738/1738/1738
f 1738/1738/1738 1733/1733/1733 1737/1737/1737
f 1735/1735/1735 1734/1734/1734 1739/1739/1739
f 1739/1739/1739 1734/1734/1734 1738/1738/1738
f 1678/1678/1678 1740/1740/1740 1677/1677/1677
f 1677/1677/1677 1740/1740/1740 1736/1736/1736
f 1740/1740/1740 1741/1741/1741 1736/1736/1736
f 1736/1736/1736 1741/1741/1741 1737/1737/1737
f 1741/1741/1741 1742/1742/1742 1737/1737/1737
f 1737/1737/1737 1742/1742/1742 1738/1738/1738
f 1742/1742/1742 1743/1743/1743 1738/1738/1738
f 1738/1738/1738 1743/1743/1743 1739/1739/1739
f 1740/1740/1740 1678/1678/1678 1741/1741/1741
f 1741/1741/1741 1678/1678/1678 1679/1679/1679
f 1742/1742/1742 1741/1741/1741 1744/1744/1744
f 1744/1744/1744 1741/1741/1741 1679/1679/1679
f 1743/1743/1743 1742/1742/1742 1745/1745/1745
f 1745/1745/1745 1742/1742/1742 1744/1744/1744
f 1746/1746/1746 1744/1744/1744 1680/1680/1680
f 1680/1680/1680 1744/1744/1744 1679/1679/1679
f 1747/1747/1747 1745/1745/1745 1746/1746/1746
f 1746/1746/1746 1745/1745/1745 1744/1744/1744
f 1748/1748/1748 1746/1746/1746 1681/1681/1681
f 1681/1681/1681 1746/1746/1746 1680/1680/1680
f 1746/1746/1746 1748/1748/1748 1747/1747/1747
f 1747/1747/1747 1748/1748/1748 1749/1749/1749
f 1748/1748/1748 1681/1681/1681 1750/1750/1750
f 1750/1750/1750 1681/1681/1681 1682/1682/1682
f 1750/1750/1750 1751/1751/1751 1748/1748/1748
f 1748/1748/1748 1751/1751/1751 1749/1749/1749
f 1750/1750/1750 1682/1682/1682 1688/1688/1688
f 1688/1688/1688 1682/1682/1682 1683/1683/1683
f 1750/1750/1750 1688/1688/1688 1751/1751/1751
f 1751/1751/1751 1688/1688/1688 1696/1696/1696
f 1752/1752/1752 1696/1696/1696 1753/1753/1753
f 1753/1753/1753 1696/1696/1696 1702/1702/1702
f 1754/1754/1754 1751/1751/1751 1752/1752/1752
f 1752/1752/1752 1751/1751/1751 1696/1696/1696
f 1755/1755/1755 1749/1749/1749 1754/1754/1754
f 1754/1754/1754 1749/1749/1749 1751/1751/1751
f 1709/1709/1709 1756/1756/1756 1702/1702/1702
f 1702/1702/1702 1756/1756/1756 1753/1753/1753
f 1709/1709/1709 1712/1712/1712 1756/1756/1756
f 1756/1756/1756 1712/1712/1712 1757/1757/1757
f 1758/1758/1758 1757/1757/1757 1713/1713/1713
f 1713/1713/1713 1757/1757/1757 1712/1712/1712
f 1759/1759/1759 1758/1758/1758 1719/1719/1719
f 1719/1719/1719 1758/1758/1758 1713/1713/1713
f 1760/1760/1760 1761/1761/1761 1726/1726/1726
f 1726/1726/1726 1761/1761/1761 1727/1727/1727
f 1726/1726/1726 1731/1731/1731 1760/1760/1760
f 1760/1760/1760 1731/1731/1731 1762/1762/1762
f 1735/1735/1735 1763/1763/1763 1731/1731/1731
f 1731/1731/1731 1763/1763/1763 1762/1762/1762
f 1739/1739/1739 1764/1764/1764 1735/1735/1735
f 1735/1735/1735 1764/1764/1764 1763/1763/1763
f 1743/1743/1743 1765/1765/1765 1739/1739/1739
f 1739/1739/1739 1765/1765/1765 1764/1764/1764
f 1765/1765/1765 1743/1743/1743 1766/1766/1766
f 1766/1766/1766 1743/1743/1743 1745/1745/1745
f 1766/1766/1766 1745/1745/1745 1767/1767/1767
f 1767/1767/1767 1745/1745/1745 1747/1747/1747
f 1747/1747/1747 1749/1749/1749 1767/1767/1767
f 1767/1767/1767 1749/1749/1749 1755/1755/1755
f 1768/1768/1768 1769/1769/1769 1770/1770/1770
f 1770/1770/1770 1769/1769/1769 1771/1771/1771
f 1772/1772/1772 1773/1773/1773 1774/1774/1774
f 1774/1774/1774 1773/1773/1773 1775/1775/1775
f 1769/1769/1769 1776/1776/1776 1771/1771/1771
f 1771/1771/1771 1776/1776/1776 1777/1777/1777
f 1778/1778/1778 1772/1772/1772 1779/1779/1779
f 1779/1779/1779 1772/1772/1772 1774/1774/1774
f 1780/1780/1780 1769/1769/1769 1781/1781/1781
f 1781/1781/1781 1769/1769/1769 1768/1768/1768
f 1782/1782/1782 1780/1780/1780 1783/1783/1783
f 1783/1783/1783 1780/1780/1780 1781/1781/1781
f 1784/1784/1784 1785/1785/1785 1783/1783/1783
f 1783/1783/1783 1785/1785/1785 1782/1782/1782
f 1786/1786/1786 1787/1787/1787 1784/1784/1784
f 1784/1784/1784 1787/1787/1787 1785/1785/1785
f 1786/1786/1786 1765/1765/1765 1788/1788/1788
f 1788/1788/1788 1765/1765/1765 1766/1766/1766
f 1788/1788/1788 1789/1789/1789 1786/1786/1786
f 1786/1786/1786 1789/1789/1789 1787/1787/1787
f 1790/1790/1790 1791/1791/1791 1792/1792/1792
f 1792/1792/1792 1791/1791/1791 1793/1793/1793
f 1794/1794/1794 1790/1790/1790 1795/1795/1795
f 1795/1795/1795 1790/1790/1790 1792/1792/1792
f 1795/1795/1795 1796/1796/1796 1794/1794/1794
f 1794/1794/1794 1796/1796/1796 1797/1797/1797
f 1796/1796/1796 1752/1752/1752 1798/1798/1798
f 1798/1798/1798 1752/1752/1752 1753/1753/1753
f 1799/1799/1799 1797/1797/1797 1798/1798/1798
f 1798/1798/1798 1797/1797/1797 1796/1796/1796
f 1800/1800/1800 1801/1801/1801 1798/1798/1798
f 1798/1798/1798 1801/1801/1801 1799/1799/1799
f 1802/1802/1802 1803/1803/1803 1800/1800/1800
f 1800/1800/1800 1803/1803/1803 1801/1801/1801
f 1804/1804/1804 1776/1776/1776 1780/1780/1780
f 1780/1780/1780 1776/1776/1776 1769/1769/1769
f 1805/1805/1805 1804/1804/1804 1782/1782/1782
f 1782/1782/1782 1804/1804/1804 1780/1780/1780
f 1806/1806/1806 1805/1805/1805 1785/1785/1785
f 1785/1785/1785 1805/1805/1805 1782/1782/1782
f 1785/1785/1785 1787/1787/1787 1806/1806/1806
f 1806/1806/1806 1787/1787/1787 1807/1807/1807
f 1765/1765/1765 1786/1786/1786 1764/1764/1764
f 1764/1764/1764 1786/1786/1786 1784/1784/1784
f 1789/1789/1789 1808/1808/1808 1787/1787/1787
f 1787/1787/1787 1808/1808/1808 1807/1807/1807
f 1809/1809/1809 1810/1810/1810 1790/1790/1790
f 1790/1790/1790 1810/1810/1810 1791/1791/1791
f 1811/1811/1811 1809/1809/1809 1794/1794/1794
f 1794/1794/1794 1809/1809/1809 1790/1790/1790
f 1794/1794/1794 1797/1797/1797 1811/1811/1811
f 1811/1811/1811 1797/1797/1797 1812/1812/1812
f 1795/1795/1795 1754/1754/1754 1796/1796/1796
f 1796/1796/1796 1754/1754/1754 1752/1752/1752
f 1813/1813/1813 1812/1812/1812 1799/1799/1799
f 1799/1799/1799 1812/1812/1812 1797/1797/1797
f 1801/1801/1801 1814/1814/1814 1799/1799/1799
f 1799/1799/1799 1814/1814/1814 1813/1813/1813
f 1803/1803/1803 1815/1815/1815 1801/1801/1801
f 1801/1801/1801 1815/1815/1815 1814/1814/1814
f 1798/1798/1798 1753/1753/1753 1800/1800/1800
f 1800/1800/1800 1753/1753/1753 1756/1756/1756
f 1803/1803/1803 1802/1802/1802 1772/1772/1772
f 1772/1772/1772 1802/1802/1802 1773/1773/1773
f 1815/1815/1815 1803/1803/1803 1778/1778/1778
f 1778/1778/1778 1803/1803/1803 1772/1772/1772
f 1800/1800/1800 1756/1756/1756 1802/1802/1802
f 1802/1802/1802 1756/1756/1756 1757/1757/1757
f 1757/1757/1757 1758/1758/1758 1802/1802/1802
f 1802/1802/1802 1758/1758/1758 1773/1773/1773
f 1775/1775/1775 1773/1773/1773 1759/1759/1759
f 1759/1759/1759 1773/1773/1773 1758/1758/1758
f 1761/1761/1761 1760/1760/1760 1770/1770/1770
f 1770/1770/1770 1760/1760/1760 1768/1768/1768
f 1781/1781/1781 1768/1768/1768 1762/1762/1762
f 1762/1762/1762 1768/1768/1768 1760/1760/1760
f 1781/1781/1781 1762/1762/1762 1783/1783/1783
f 1783/1783/1783 1762/1762/1762 1763/1763/1763
f 1764/1764/1764 1784/1784/1784 1763/1763/1763
f 1763/1763/1763 1784/1784/1784 1783/1783/1783
f 1788/1788/1788 1793/1793/1793 1789/1789/1789
f 1789/1789/1789 1793/1793/1793 1791/1791/1791
f 1789/1789/1789 1791/1791/1791 1808/1808/1808
f 1808/1808/1808 1791/1791/1791 1810/1810/1810
f 1788/1788/1788 1766/1766/1766 1793/1793/1793
f 1793/1793/1793 1766/1766/1766 1767/1767/1767
f 1767/1767/1767 1755/1755/1755 1793/1793/1793
f 1793/1793/1793 1755/1755/1755 1792/1792/1792
f 1754/1754/1754 1795/1795/1795 1755/1755/1755
f 1755/1755/1755 1795/1795/1795 1792/1792/1792
f 1816/1816/1816 1817/1817/1817 1818/1818/1818
f 1819/1819/1819 1820/1820/1820 1821/1821/1821
f 1822/1822/1822 1823/1823/1823 1824/1824/1824
f 1825/1825/1825 1826/1826/1826 1827/1827/1827
f 1827/1827/1827 1826/1826/1826 1824/1824/1824
f 1824/1824/1824 1826/1826/1826 1822/1822/1822
f 1828/1828/1828 1829/1829/1829 1819/1819/1819
f 1819/1819/1819 1829/1829/1829 1822/1822/1822
f 1819/1819/1819 1816/1816/1816 1820/1820/1820
f 1820/1820/1820 1816/1816/1816 1818/1818/1818
f 1830/1830/1830 1831/1831/1831 1826/1826/1826
f 1826/1826/1826 1831/1831/1831 1816/1816/1816
f 1832/1832/1832 1824/1824/1824 1833/1833/1833
f 1833/1833/1833 1824/1824/1824 1823/1823/1823
f 1820/1820/1820 1834/1834/1834 1821/1821/1821
f 1821/1821/1821 1834/1834/1834 1835/1835/1835
f 1818/1818/1818 1817/1817/1817 1836/1836/1836
f 1836/1836/1836 1817/1817/1817 1837/1837/1837
f 1825/1825/1825 1827/1827/1827 1838/1838/1838
f 1838/1838/1838 1827/1827/1827 1839/1839/1839
f 1840/1840/1840 1841/1841/1841 1842/1842/1842
f 1842/1842/1842 1841/1841/1841 1843/1843/1843
f 1844/1844/1844 1845/1845/1845 1846/1846/1846
f 1846/1846/1846 1845/1845/1845 1847/1847/1847
f 1848/1848/1848 1849/1849/1849 1850/1850/1850
f 1850/1850/1850 1849/1849/1849 1851/1851/1851
f 1852/1852/1852 1853/1853/1853 1854/1854/1854
f 1854/1854/1854 1853/1853/1853 1855/1855/1855
f 1854/1854/1854 1855/1855/1855 1843/1843/1843
f 1843/1843/1843 1855/1855/1855 1842/1842/1842
f 1840/1840/1840 1847/1847/1847 1841/1841/1841
f 1841/1841/1841 1847/1847/1847 1845/1845/1845
f 1846/1846/1846 1849/1849/1849 1844/1844/1844
f 1844/1844/1844 1849/1849/1849 1848/1848/1848
f 1850/1850/1850 1851/1851/1851 1852/1852/1852
f 1852/1852/1852 1851/1851/1851 1853/1853/1853
f 1856/1856/1856 1829/1829/1829 1857/1857/1857
f 1857/1857/1857 1829/1829/1829 1828/1828/1828
f 1824/1824/1824 1832/1832/1832 1827/1827/1827
f 1827/1827/1827 1832/1832/1832 1839/1839/1839
f 1831/1831/1831 1830/1830/1830 1858/1858/1858
f 1858/1858/1858 1830/1830/1830 1859/1859/1859
f 1836/1836/1836 1834/1834/1834 1818/1818/1818
f 1818/1818/1818 1834/1834/1834 1820/1820/1820
f 1819/1819/1819 1822/1822/1822 1816/1816/1816
f 1816/1816/1816 1822/1822/1822 1826/1826/1826
f 1840/1840/1840 1860/1860/1860 1847/1847/1847
f 1847/1847/1847 1860/1860/1860 1861/1861/1861
f 1862/1862/1862 1853/1853/1853 1863/1863/1863
f 1863/1863/1863 1853/1853/1853 1851/1851/1851
f 1853/1853/1853 1862/1862/1862 1864/1864/1864
f 1864/1864/1864 1862/1862/1862 1865/1865/1865
f 1851/1851/1851 1866/1866/1866 1863/1863/1863
f 1863/1863/1863 1866/1866/1866 1867/1867/1867
f 1868/1868/1868 1869/1869/1869 1870/1870/1870
f 1870/1870/1870 1869/1869/1869 1871/1871/1871
f 1870/1870/1870 1867/1867/1867 1868/1868/1868
f 1868/1868/1868 1867/1867/1867 1866/1866/1866
f 1872/1872/1872 1873/1873/1873 1874/1874/1874
f 1874/1874/1874 1873/1873/1873 1875/1875/1875
f 1875/1875/1875 1873/1873/1873 1865/1865/1865
f 1865/1865/1865 1873/1873/1873 1864/1864/1864
f 1872/1872/1872 1874/1874/1874 1869/1869/1869
f 1869/1869/1869 1874/1874/1874 1871/1871/1871
f 1876/1876/1876 1877/1877/1877 1878/1878/1878
f 1878/1878/1878 1877/1877/1877 1879/1879/1879
f 1880/1880/1880 1881/1881/1881 1882/1882/1882
f 1882/1882/1882 1881/1881/1881 1883/1883/1883
f 1884/1884/1884 1885/1885/1885 1886/1886/1886
f 1886/1886/1886 1885/1885/1885 1887/1887/1887
f 1888/1888/1888 1889/1889/1889 1890/1890/1890
f 1890/1890/1890 1889/1889/1889 1891/1891/1891
f 1885/1885/1885 1884/1884/1884 1892/1892/1892
f 1889/1889/1889 1893/1893/1893 1891/1891/1891
f 1894/1894/1894 1878/1878/1878 1879/1879/1879
f 1880/1880/1880 1882/1882/1882 1895/1895/1895
f 1895/1895/1895 1892/1892/1892 1880/1880/1880
f 1880/1880/1880 1892/1892/1892 1884/1884/1884
f 1896/1896/1896 1892/1892/1892 1897/1897/1897
f 1897/1897/1897 1892/1892/1892 1893/1893/1893
f 1893/1893/1893 1894/1894/1894 1891/1891/1891
f 1891/1891/1891 1894/1894/1894 1879/1879/1879
f 1895/1895/1895 1898/1898/1898 1894/1894/1894
f 1894/1894/1894 1898/1898/1898 1899/1899/1899
f 1894/1894/1894 1893/1893/1893 1895/1895/1895
f 1895/1895/1895 1893/1893/1893 1892/1892/1892
f 1900/1900/1900 1896/1896/1896 1901/1901/1901
f 1901/1901/1901 1896/1896/1896 1897/1897/1897
f 1886/1886/1886 1881/1881/1881 1884/1884/1884
f 1884/1884/1884 1881/1881/1881 1880/1880/1880
f 1879/1879/1879 1877/1877/1877 1891/1891/1891
f 1891/1891/1891 1877/1877/1877 1890/1890/1890
f 1899/1899/1899 1898/1898/1898 1902/1902/1902
f 1902/1902/1902 1898/1898/1898 1903/1903/1903
f 1860/1860/1860 1840/1840/1840 1904/1904/1904
f 1904/1904/1904 1840/1840/1840 1842/1842/1842
f 1905/1905/1905 1846/1846/1846 1861/1861/1861
f 1847/1847/1847 1861/1861/1861 1846/1846/1846
f 1906/1906/1906 1849/1849/1849 1905/1905/1905
f 1905/1905/1905 1849/1849/1849 1846/1846/1846
f 1866/1866/1866 1851/1851/1851 1906/1906/1906
f 1906/1906/1906 1851/1851/1851 1849/1849/1849
f 1906/1906/1906 1907/1907/1907 1866/1866/1866
f 1866/1866/1866 1907/1907/1907 1868/1868/1868
f 1868/1868/1868 1907/1907/1907 1869/1869/1869
f 1869/1869/1869 1907/1907/1907 1908/1908/1908
f 1869/1869/1869 1908/1908/1908 1872/1872/1872
f 1872/1872/1872 1908/1908/1908 1909/1909/1909
f 1909/1909/1909 1910/1910/1910 1872/1872/1872
f 1872/1872/1872 1910/1910/1910 1873/1873/1873
f 1911/1911/1911 1864/1864/1864 1910/1910/1910
f 1910/1910/1910 1864/1864/1864 1873/1873/1873
f 1911/1911/1911 1855/1855/1855 1864/1864/1864
f 1864/1864/1864 1855/1855/1855 1853/1853/1853
f 1842/1842/1842 1855/1855/1855 1904/1904/1904
f 1904/1904/1904 1855/1855/1855 1911/1911/1911
f 1912/1912/1912 1913/1913/1913 1914/1914/1914
f 1914/1914/1914 1913/1913/1913 1915/1915/1915
f 1912/1912/1912 1914/1914/1914 1916/1916/1916
f 1916/1916/1916 1914/1914/1914 1917/1917/1917
f 1917/1917/1917 1918/1918/1918 1916/1916/1916
f 1916/1916/1916 1918/1918/1918 1919/1919/1919
f 1918/1918/1918 1920/1920/1920 1919/1919/1919
f 1919/1919/1919 1920/1920/1920 1921/1921/1921
f 1920/1920/1920 1922/1922/1922 1921/1921/1921
f 1921/1921/1921 1922/1922/1922 1923/1923/1923
f 1924/1924/1924 1925/1925/1925 1922/1922/1922
f 1922/1922/1922 1925/1925/1925 1923/1923/1923
f 1925/1925/1925 1924/1924/1924 1926/1926/1926
f 1926/1926/1926 1924/1924/1924 1927/1927/1927
f 1928/1928/1928 1926/1926/1926 1929/1929/1929
f 1929/1929/1929 1926/1926/1926 1927/1927/1927
f 1930/1930/1930 1931/1931/1931 1932/1932/1932
f 1932/1932/1932 1931/1931/1931 1933/1933/1933
f 1934/1934/1934 1930/1930/1930 1935/1935/1935
f 1935/1935/1935 1930/1930/1930 1932/1932/1932
f 1935/1935/1935 1936/1936/1936 1934/1934/1934
f 1934/1934/1934 1936/1936/1936 1937/1937/1937
f 1937/1937/1937 1936/1936/1936 1938/1938/1938
f 1938/1938/1938 1936/1936/1936 1939/1939/1939
f 1940/1940/1940 1941/1941/1941 1939/1939/1939
f 1939/1939/1939 1941/1941/1941 1938/1938/1938
f 1940/1940/1940 1860/1860/1860 1942/1942/1942
f 1942/1942/1942 1860/1860/1860 1904/1904/1904
f 1943/1943/1943 1942/1942/1942 1911/1911/1911
f 1911/1911/1911 1942/1942/1942 1904/1904/1904
f 1943/1943/1943 1941/1941/1941 1942/1942/1942
f 1942/1942/1942 1941/1941/1941 1940/1940/1940
f 1911/1911/1911 1910/1910/1910 1943/1943/1943
f 1941/1941/1941 1943/1943/1943 1910/1910/1910
f 1941/1941/1941 1910/1910/1910 1938/1938/1938
f 1938/1938/1938 1910/1910/1910 1909/1909/1909
f 1909/1909/1909 1944/1944/1944 1938/1938/1938
f 1938/1938/1938 1944/1944/1944 1937/1937/1937
f 1934/1934/1934 1937/1937/1937 1945/1945/1945
f 1945/1945/1945 1937/1937/1937 1944/1944/1944
f 1930/1930/1930 1934/1934/1934 1946/1946/1946
f 1946/1946/1946 1934/1934/1934 1945/1945/1945
f 1931/1931/1931 1930/1930/1930 1947/1947/1947
f 1947/1947/1947 1930/1930/1930 1946/1946/1946
f 1948/1948/1948 1949/1949/1949 1928/1928/1928
f 1928/1928/1928 1949/1949/1949 1926/1926/1926
f 1925/1925/1925 1926/1926/1926 1950/1950/1950
f 1950/1950/1950 1926/1926/1926 1949/1949/1949
f 1951/1951/1951 1923/1923/1923 1950/1950/1950
f 1950/1950/1950 1923/1923/1923 1925/1925/1925
f 1951/1951/1951 1952/1952/1952 1923/1923/1923
f 1923/1923/1923 1952/1952/1952 1921/1921/1921
f 1921/1921/1921 1952/1952/1952 1919/1919/1919
f 1919/1919/1919 1952/1952/1952 1953/1953/1953
f 1916/1916/1916 1919/1919/1919 1954/1954/1954
f 1954/1954/1954 1919/1919/1919 1953/1953/1953
f 1954/1954/1954 1955/1955/1955 1916/1916/1916
f 1916/1916/1916 1955/1955/1955 1912/1912/1912
f 1912/1912/1912 1956/1956/1956 1913/1913/1913
f 1913/1913/1913 1956/1956/1956 1957/1957/1957
f 1956/1956/1956 1958/1958/1958 1957/1957/1957
f 1957/1957/1957 1958/1958/1958 1959/1959/1959
f 1958/1958/1958 1956/1956/1956 1955/1955/1955
f 1955/1955/1955 1956/1956/1956 1912/1912/1912
f 1955/1955/1955 1960/1960/1960 1958/1958/1958
f 1958/1958/1958 1960/1960/1960 1959/1959/1959
f 1909/1909/1909 1908/1908/1908 1961/1961/1961
f 1961/1961/1961 1908/1908/1908 1962/1962/1962
f 1963/1963/1963 1944/1944/1944 1961/1961/1961
f 1961/1961/1961 1944/1944/1944 1909/1909/1909
f 1945/1945/1945 1944/1944/1944 1964/1964/1964
f 1964/1964/1964 1944/1944/1944 1963/1963/1963
f 1946/1946/1946 1945/1945/1945 1965/1965/1965
f 1965/1965/1965 1945/1945/1945 1964/1964/1964
f 1966/1966/1966 1947/1947/1947 1965/1965/1965
f 1965/1965/1965 1947/1947/1947 1946/1946/1946
f 1966/1966/1966 1965/1965/1965 1967/1967/1967
f 1967/1967/1967 1965/1965/1965 1964/1964/1964
f 1964/1964/1964 1963/1963/1963 1967/1967/1967
f 1967/1967/1967 1963/1963/1963 1968/1968/1968
f 1963/1963/1963 1961/1961/1961 1968/1968/1968
f 1968/1968/1968 1961/1961/1961 1962/1962/1962
f 1969/1969/1969 1960/1960/1960 1970/1970/1970
f 1970/1970/1970 1960/1960/1960 1955/1955/1955
f 1971/1971/1971 1970/1970/1970 1954/1954/1954
f 1954/1954/1954 1970/1970/1970 1955/1955/1955
f 1954/1954/1954 1953/1953/1953 1971/1971/1971
f 1971/1971/1971 1953/1953/1953 1972/1972/1972
f 1952/1952/1952 1973/1973/1973 1953/1953/1953
f 1953/1953/1953 1973/1973/1973 1972/1972/1972
f 1951/1951/1951 1974/1974/1974 1952/1952/1952
f 1952/1952/1952 1974/1974/1974 1973/1973/1973
f 1975/1975/1975 1974/1974/1974 1950/1950/1950
f 1950/1950/1950 1974/1974/1974 1951/1951/1951
f 1976/1976/1976 1975/1975/1975 1949/1949/1949
f 1949/1949/1949 1975/1975/1975 1950/1950/1950
f 1948/1948/1948 1977/1977/1977 1949/1949/1949
f 1949/1949/1949 1977/1977/1977 1976/1976/1976
f 1188/1188/1188 1978/1978/1978 1190/1190/1190
f 1190/1190/1190 1978/1978/1978 1979/1979/1979
f 1974/1974/1974 1975/1975/1975 1979/1979/1979
f 1979/1979/1979 1975/1975/1975 1976/1976/1976
f 1978/1978/1978 1973/1973/1973 1979/1979/1979
f 1979/1979/1979 1973/1973/1973 1974/1974/1974
f 1973/1973/1973 1978/1978/1978 1972/1972/1972
f 1972/1972/1972 1978/1978/1978 1980/1980/1980
f 1972/1972/1972 1980/1980/1980 1971/1971/1971
f 1971/1971/1971 1980/1980/1980 1970/1970/1970
f 1187/1187/1187 1980/1980/1980 1188/1188/1188
f 1188/1188/1188 1980/1980/1980 1978/1978/1978
f 1980/1980/1980 1187/1187/1187 1970/1970/1970
f 1970/1970/1970 1187/1187/1187 1969/1969/1969
f 1976/1976/1976 1977/1977/1977 1190/1190/1190
f 1190/1190/1190 1977/1977/1977 1189/1189/1189
f 1979/1979/1979 1976/1976/1976 1190/1190/1190
f 1185/1185/1185 1191/1191/1191 1186/1186/1186
f 1186/1186/1186 1191/1191/1191 1193/1193/1193
f 1981/1981/1981 589/589/589 1982/1982/1982
f 1982/1982/1982 589/589/589 590/590/590
f 1983/1983/1983 1981/1981/1981 1984/1984/1984
f 1984/1984/1984 1981/1981/1981 1982/1982/1982
f 1985/1985/1985 1986/1986/1986 1984/1984/1984
f 1984/1984/1984 1986/1986/1986 1983/1983/1983
f 1987/1987/1987 1988/1988/1988 1985/1985/1985
f 1985/1985/1985 1988/1988/1988 1986/1986/1986
f 1989/1989/1989 1990/1990/1990 1987/1987/1987
f 1987/1987/1987 1990/1990/1990 1988/1988/1988
f 1991/1991/1991 1990/1990/1990 1992/1992/1992
f 1992/1992/1992 1990/1990/1990 1989/1989/1989
f 1993/1993/1993 1991/1991/1991 1994/1994/1994
f 1994/1994/1994 1991/1991/1991 1992/1992/1992
f 1995/1995/1995 1993/1993/1993 1996/1996/1996
f 1996/1996/1996 1993/1993/1993 1994/1994/1994
f 1997/1997/1997 1998/1998/1998 1996/1996/1996
f 1996/1996/1996 1998/1998/1998 1995/1995/1995
f 1999/1999/1999 2000/2000/2000 1997/1997/1997
f 1997/1997/1997 2000/2000/2000 1998/1998/1998
f 2001/2001/2001 2002/2002/2002 1999/1999/1999
f 1999/1999/1999 2002/2002/2002 2000/2000/2000
f 2003/2003/2003 2004/2004/2004 2001/2001/2001
f 2001/2001/2001 2004/2004/2004 2002/2002/2002
f 2005/2005/2005 2006/2006/2006 2003/2003/2003
f 2003/2003/2003 2006/2006/2006 2004/2004/2004
f 370/370/370 369/369/369 2005/2005/2005
f 2005/2005/2005 369/369/369 2006/2006/2006
f 2007/2007/2007 1200/1200/1200 1119/1119/1119
f 1119/1119/1119 1200/1200/1200 1202/1202/1202
f 2008/2008/2008 2009/2009/2009 2010/2010/2010
f 2010/2010/2010 2009/2009/2009 2011/2011/2011
f 2012/2012/2012 2013/2013/2013 2008/2008/2008
f 2008/2008/2008 2013/2013/2013 2014/2014/2014
f 2013/2013/2013 2012/2012/2012 2007/2007/2007
f 2007/2007/2007 2012/2012/2012 1200/1200/1200
f 2012/2012/2012 2008/2008/2008 2015/2015/2015
f 2015/2015/2015 2008/2008/2008 2010/2010/2010
f 2012/2012/2012 2015/2015/2015 1200/1200/1200
f 1200/1200/1200 2015/2015/2015 1201/1201/1201
f 2016/2016/2016 2009/2009/2009 2014/2014/2014
f 2014/2014/2014 2009/2009/2009 2008/2008/2008
f 2017/2017/2017 2018/2018/2018 2016/2016/2016
f 2016/2016/2016 2018/2018/2018 2009/2009/2009
f 2009/2009/2009 2018/2018/2018 2011/2011/2011
f 2011/2011/2011 2018/2018/2018 2019/2019/2019
f 2020/2020/2020 2018/2018/2018 2021/2021/2021
f 2021/2021/2021 2018/2018/2018 2017/2017/2017
f 2020/2020/2020 2022/2022/2022 2018/2018/2018
f 2018/2018/2018 2022/2022/2022 2019/2019/2019
f 2023/2023/2023 1251/1251/1251 1244/1244/1244
f 1244/1244/1244 1251/1251/1251 1242/1242/1242
f 2024/2024/2024 2023/2023/2023 1247/1247/1247
f 1247/1247/1247 2023/2023/2023 1244/1244/1244
f 2024/2024/2024 1247/1247/1247 2025/2025/2025
f 2025/2025/2025 1247/1247/1247 1249/1249/1249
f 2026/2026/2026 2027/2027/2027 2028/2028/2028
f 2028/2028/2028 2027/2027/2027 2029/2029/2029
f 2030/2030/2030 2020/2020/2020 2031/2031/2031
f 2031/2031/2031 2020/2020/2020 2021/2021/2021
f 2028/2028/2028 2029/2029/2029 2032/2032/2032
f 2032/2032/2032 2029/2029/2029 2033/2033/2033
f 2034/2034/2034 2022/2022/2022 2030/2030/2030
f 2030/2030/2030 2022/2022/2022 2020/2020/2020
f 2035/2035/2035 2034/2034/2034 2036/2036/2036
f 2036/2036/2036 2034/2034/2034 2030/2030/2030
f 2037/2037/2037 2038/2038/2038 1330/1330/1330
f 1330/1330/1330 2038/2038/2038 2039/2039/2039
f 2038/2038/2038 2037/2037/2037 2040/2040/2040
f 2040/2040/2040 2037/2037/2037 2041/2041/2041
f 1108/1108/1108 1199/1199/1199 2042/2042/2042
f 2042/2042/2042 1199/1199/1199 2043/2043/2043
f 2044/2044/2044 2045/2045/2045 2043/2043/2043
f 2043/2043/2043 2045/2045/2045 2042/2042/2042
f 2037/2037/2037 2045/2045/2045 2041/2041/2041
f 2041/2041/2041 2045/2045/2045 2044/2044/2044
f 1107/1107/1107 1108/1108/1108 2046/2046/2046
f 2046/2046/2046 1108/1108/1108 2042/2042/2042
f 1308/1308/1308 2047/2047/2047 1330/1330/1330
f 1330/1330/1330 2047/2047/2047 2037/2037/2037
f 2048/2048/2048 2045/2045/2045 2047/2047/2047
f 2047/2047/2047 2045/2045/2045 2037/2037/2037
f 2046/2046/2046 2042/2042/2042 2048/2048/2048
f 2048/2048/2048 2042/2042/2042 2045/2045/2045
f 1309/1309/1309 2049/2049/2049 1308/1308/1308
f 1308/1308/1308 2049/2049/2049 2047/2047/2047
f 1332/1332/1332 1107/1107/1107 2050/2050/2050
f 2050/2050/2050 1107/1107/1107 2046/2046/2046
f 2049/2049/2049 2051/2051/2051 2047/2047/2047
f 2047/2047/2047 2051/2051/2051 2048/2048/2048
f 2048/2048/2048 2051/2051/2051 2046/2046/2046
f 2046/2046/2046 2051/2051/2051 2050/2050/2050
f 2052/2052/2052 2053/2053/2053 2054/2054/2054
f 2054/2054/2054 2053/2053/2053 2055/2055/2055
f 2056/2056/2056 2057/2057/2057 2058/2058/2058
f 2058/2058/2058 2057/2057/2057 2059/2059/2059
f 2060/2060/2060 2052/2052/2052 2061/2061/2061
f 2061/2061/2061 2052/2052/2052 2054/2054/2054
f 2056/2056/2056 2060/2060/2060 2057/2057/2057
f 2057/2057/2057 2060/2060/2060 2061/2061/2061
f 2052/2052/2052 2062/2062/2062 2053/2053/2053
f 2053/2053/2053 2062/2062/2062 2063/2063/2063
f 2064/2064/2064 412/412/412 2065/2065/2065
f 2056/2056/2056 2058/2058/2058 2066/2066/2066
f 2066/2066/2066 2058/2058/2058 2067/2067/2067
f 413/413/413 412/412/412 2068/2068/2068
f 412/412/412 438/438/438 2068/2068/2068
f 415/415/415 412/412/412 411/411/411
f 417/417/417 412/412/412 414/414/414
f 419/419/419 412/412/412 416/416/416
f 421/421/421 412/412/412 418/418/418
f 423/423/423 412/412/412 420/420/420
f 425/425/425 412/412/412 422/422/422
f 427/427/427 412/412/412 424/424/424
f 429/429/429 412/412/412 426/426/426
f 431/431/431 412/412/412 428/428/428
f 433/433/433 412/412/412 430/430/430
f 435/435/435 412/412/412 432/432/432
f 437/437/437 412/412/412 434/434/434
f 2065/2065/2065 412/412/412 436/436/436
f 2069/2069/2069 412/412/412 2064/2064/2064
f 412/412/412 2069/2069/2069 2070/2070/2070
f 439/439/439 412/412/412 2070/2070/2070
f 2060/2060/2060 2056/2056/2056 2071/2071/2071
f 2071/2071/2071 2056/2056/2056 2066/2066/2066
f 2071/2071/2071 2062/2062/2062 2060/2060/2060
f 2060/2060/2060 2062/2062/2062 2052/2052/2052
f 2072/2072/2072 2026/2026/2026 2036/2036/2036
f 2036/2036/2036 2026/2026/2026 2028/2028/2028
f 2036/2036/2036 2030/2030/2030 2072/2072/2072
f 2072/2072/2072 2030/2030/2030 2031/2031/2031
f 2036/2036/2036 2028/2028/2028 2035/2035/2035
f 2035/2035/2035 2028/2028/2028 2032/2032/2032
f 2073/2073/2073 2029/2029/2029 2074/2074/2074
f 2074/2074/2074 2029/2029/2029 2027/2027/2027
f 2075/2075/2075 2033/2033/2033 2073/2073/2073
f 2073/2073/2073 2033/2033/2033 2029/2029/2029
f 2076/2076/2076 2038/2038/2038 2077/2077/2077
f 2077/2077/2077 2038/2038/2038 2040/2040/2040
f 2078/2078/2078 2076/2076/2076 2079/2079/2079
f 2079/2079/2079 2076/2076/2076 2077/2077/2077
f 2080/2080/2080 2073/2073/2073 2081/2081/2081
f 2081/2081/2081 2073/2073/2073 2074/2074/2074
f 2082/2082/2082 2075/2075/2075 2080/2080/2080
f 2080/2080/2080 2075/2075/2075 2073/2073/2073
f 2083/2083/2083 2084/2084/2084 2081/2081/2081
f 2081/2081/2081 2084/2084/2084 2080/2080/2080
f 2085/2085/2085 2086/2086/2086 1249/1249/1249
f 1249/1249/1249 2086/2086/2086 2025/2025/2025
f 2084/2084/2084 2087/2087/2087 2080/2080/2080
f 2080/2080/2080 2087/2087/2087 2082/2082/2082
f 2088/2088/2088 2085/2085/2085 1248/1248/1248
f 1248/1248/1248 2085/2085/2085 1249/1249/1249
f 2087/2087/2087 2084/2084/2084 2089/2089/2089
f 2089/2089/2089 2084/2084/2084 2090/2090/2090
f 2091/2091/2091 1329/1329/1329 2039/2039/2039
f 2039/2039/2039 1329/1329/1329 1330/1330/1330
f 2092/2092/2092 1328/1328/1328 2091/2091/2091
f 2091/2091/2091 1328/1328/1328 1329/1329/1329
f 2093/2093/2093 2039/2039/2039 2076/2076/2076
f 2076/2076/2076 2039/2039/2039 2038/2038/2038
f 2094/2094/2094 2091/2091/2091 2093/2093/2093
f 2093/2093/2093 2091/2091/2091 2039/2039/2039
f 2095/2095/2095 2078/2078/2078 2096/2096/2096
f 2096/2096/2096 2078/2078/2078 2079/2079/2079
f 2097/2097/2097 2095/2095/2095 2098/2098/2098
f 2098/2098/2098 2095/2095/2095 2096/2096/2096
f 2099/2099/2099 2097/2097/2097 2100/2100/2100
f 2100/2100/2100 2097/2097/2097 2098/2098/2098
f 2101/2101/2101 2102/2102/2102 2099/2099/2099
f 2099/2099/2099 2102/2102/2102 2097/2097/2097
f 1197/1197/1197 2103/2103/2103 1198/1198/1198
f 1198/1198/1198 2103/2103/2103 2104/2104/2104
f 2105/2105/2105 2106/2106/2106 2103/2103/2103
f 2103/2103/2103 2106/2106/2106 2104/2104/2104
f 2107/2107/2107 2108/2108/2108 2109/2109/2109
f 2109/2109/2109 2108/2108/2108 2110/2110/2110
f 2111/2111/2111 1648/1648/1648 2107/2107/2107
f 2107/2107/2107 1648/1648/1648 1649/1649/1649
f 2111/2111/2111 2107/2107/2107 2109/2109/2109
f 2111/2111/2111 1197/1197/1197 1651/1651/1651
f 1651/1651/1651 1197/1197/1197 1195/1195/1195
f 2111/2111/2111 2109/2109/2109 1197/1197/1197
f 1197/1197/1197 2109/2109/2109 2103/2103/2103
f 1651/1651/1651 1650/1650/1650 2111/2111/2111
f 2111/2111/2111 1650/1650/1650 1648/1648/1648
f 2109/2109/2109 2110/2110/2110 2103/2103/2103
f 2103/2103/2103 2110/2110/2110 2105/2105/2105
f 2112/2112/2112 2113/2113/2113 2114/2114/2114
f 2093/2093/2093 2112/2112/2112 2094/2094/2094
f 2094/2094/2094 2112/2112/2112 2114/2114/2114
f 2112/2112/2112 2093/2093/2093 2078/2078/2078
f 2078/2078/2078 2093/2093/2093 2076/2076/2076
f 2113/2113/2113 2112/2112/2112 2095/2095/2095
f 2095/2095/2095 2112/2112/2112 2078/2078/2078
f 2102/2102/2102 2113/2113/2113 2097/2097/2097
f 2097/2097/2097 2113/2113/2113 2095/2095/2095
f 2115/2115/2115 2108/2108/2108 1649/1649/1649
f 1649/1649/1649 2108/2108/2108 2107/2107/2107
f 2116/2116/2116 2117/2117/2117 2118/2118/2118
f 1649/1649/1649 1488/1488/1488 2115/2115/2115
f 2115/2115/2115 1488/1488/1488 1487/1487/1487
f 2117/2117/2117 2102/2102/2102 2118/2118/2118
f 2118/2118/2118 2102/2102/2102 2101/2101/2101
f 2117/2117/2117 2114/2114/2114 2102/2102/2102
f 2102/2102/2102 2114/2114/2114 2113/2113/2113
f 2119/2119/2119 1433/1433/1433 1327/1327/1327
f 1327/1327/1327 1433/1433/1433 1323/1323/1323
f 2092/2092/2092 2119/2119/2119 1328/1328/1328
f 1328/1328/1328 2119/2119/2119 1327/1327/1327
f 2120/2120/2120 2119/2119/2119 2092/2092/2092
f 2116/2116/2116 1477/1477/1477 2119/2119/2119
f 2119/2119/2119 1477/1477/1477 1433/1433/1433
f 2119/2119/2119 2120/2120/2120 2116/2116/2116
f 2116/2116/2116 2120/2120/2120 2117/2117/2117
f 2120/2120/2120 2092/2092/2092 2094/2094/2094
f 2094/2094/2094 2092/2092/2092 2091/2091/2091
f 2117/2117/2117 2120/2120/2120 2114/2114/2114
f 2114/2114/2114 2120/2120/2120 2094/2094/2094
f 2090/2090/2090 2121/2121/2121 2085/2085/2085
f 2085/2085/2085 2121/2121/2121 2086/2086/2086
f 2121/2121/2121 2090/2090/2090 2083/2083/2083
f 2083/2083/2083 2090/2090/2090 2084/2084/2084
f 2089/2089/2089 2090/2090/2090 2088/2088/2088
f 2088/2088/2088 2090/2090/2090 2085/2085/2085
f 2122/2122/2122 2123/2123/2123 2124/2124/2124
f 2124/2124/2124 2123/2123/2123 2125/2125/2125
f 2123/2123/2123 2126/2126/2126 2127/2127/2127
f 2126/2126/2126 2128/2128/2128 2127/2127/2127
f 2125/2125/2125 2129/2129/2129 2130/2130/2130
f 2130/2130/2130 2129/2129/2129 2131/2131/2131
f 2023/2023/2023 2024/2024/2024 2132/2132/2132
f 2133/2133/2133 2132/2132/2132 2024/2024/2024
f 2023/2023/2023 2134/2134/2134 1251/1251/1251
f 1251/1251/1251 2134/2134/2134 2135/2135/2135
f 1251/1251/1251 2135/2135/2135 2136/2136/2136
f 1251/1251/1251 2137/2137/2137 1250/1250/1250
f 1250/1250/1250 2137/2137/2137 2138/2138/2138
f 2137/2137/2137 1251/1251/1251 2136/2136/2136
f 1250/1250/1250 2138/2138/2138 2139/2139/2139
f 2140/2140/2140 2141/2141/2141 1250/1250/1250
f 1250/1250/1250 2141/2141/2141 1252/1252/1252
f 2140/2140/2140 1250/1250/1250 2139/2139/2139
f 1252/1252/1252 2141/2141/2141 2142/2142/2142
f 1252/1252/1252 2143/2143/2143 1253/1253/1253
f 1253/1253/1253 2143/2143/2143 2144/2144/2144
f 2143/2143/2143 1252/1252/1252 2142/2142/2142
f 1253/1253/1253 2144/2144/2144 2145/2145/2145
f 2146/2146/2146 1253/1253/1253 2145/2145/2145
f 2024/2024/2024 2147/2147/2147 2133/2133/2133
f 2023/2023/2023 2148/2148/2148 2134/2134/2134
f 2023/2023/2023 2132/2132/2132 2148/2148/2148
f 2149/2149/2149 2150/2150/2150 2151/2151/2151
f 2151/2151/2151 2150/2150/2150 2152/2152/2152
f 2151/2151/2151 2152/2152/2152 2130/2130/2130
f 2130/2130/2130 2152/2152/2152 2153/2153/2153
f 2130/2130/2130 2131/2131/2131 2151/2151/2151
f 2151/2151/2151 2131/2131/2131 2154/2154/2154
f 2155/2155/2155 2149/2149/2149 2154/2154/2154
f 2154/2154/2154 2149/2149/2149 2151/2151/2151
f 2131/2131/2131 2156/2156/2156 2154/2154/2154
f 2154/2154/2154 2156/2156/2156 2157/2157/2157
f 2158/2158/2158 2155/2155/2155 2157/2157/2157
f 2157/2157/2157 2155/2155/2155 2154/2154/2154
f 2159/2159/2159 2160/2160/2160 2156/2156/2156
f 2156/2156/2156 2160/2160/2160 2157/2157/2157
f 2161/2161/2161 2158/2158/2158 2160/2160/2160
f 2160/2160/2160 2158/2158/2158 2157/2157/2157
f 2159/2159/2159 2162/2162/2162 2160/2160/2160
f 2160/2160/2160 2162/2162/2162 2163/2163/2163
f 2164/2164/2164 2161/2161/2161 2163/2163/2163
f 2163/2163/2163 2161/2161/2161 2160/2160/2160
f 2165/2165/2165 2166/2166/2166 2162/2162/2162
f 2162/2162/2162 2166/2166/2166 2163/2163/2163
f 2167/2167/2167 2164/2164/2164 2166/2166/2166
f 2166/2166/2166 2164/2164/2164 2163/2163/2163
f 2165/2165/2165 2168/2168/2168 2166/2166/2166
f 2166/2166/2166 2168/2168/2168 2169/2169/2169
f 2169/2169/2169 2170/2170/2170 2166/2166/2166
f 2166/2166/2166 2170/2170/2170 2167/2167/2167
f 2171/2171/2171 2172/2172/2172 2168/2168/2168
f 2168/2168/2168 2172/2172/2172 2169/2169/2169
f 2173/2173/2173 2170/2170/2170 2172/2172/2172
f 2172/2172/2172 2170/2170/2170 2169/2169/2169
f 2171/2171/2171 2174/2174/2174 2172/2172/2172
f 2172/2172/2172 2174/2174/2174 2175/2175/2175
f 2175/2175/2175 2176/2176/2176 2172/2172/2172
f 2172/2172/2172 2176/2176/2176 2173/2173/2173
f 2174/2174/2174 1113/1113/1113 2175/2175/2175
f 2175/2175/2175 1113/1113/1113 2177/2177/2177
f 2178/2178/2178 2176/2176/2176 2177/2177/2177
f 2177/2177/2177 2176/2176/2176 2175/2175/2175
f 2146/2146/2146 2179/2179/2179 1113/1113/1113
f 1113/1113/1113 2179/2179/2179 2177/2177/2177
f 2180/2180/2180 2178/2178/2178 2179/2179/2179
f 2179/2179/2179 2178/2178/2178 2177/2177/2177
f 2181/2181/2181 2182/2182/2182 2183/2183/2183
f 2183/2183/2183 2182/2182/2182 2184/2184/2184
f 2183/2183/2183 2144/2144/2144 2181/2181/2181
f 2181/2181/2181 2144/2144/2144 2143/2143/2143
f 2184/2184/2184 2185/2185/2185 2183/2183/2183
f 2183/2183/2183 2185/2185/2185 2186/2186/2186
f 2183/2183/2183 2186/2186/2186 2144/2144/2144
f 2144/2144/2144 2186/2186/2186 2145/2145/2145
f 2146/2146/2146 2145/2145/2145 2179/2179/2179
f 2179/2179/2179 2145/2145/2145 2186/2186/2186
f 2185/2185/2185 2180/2180/2180 2186/2186/2186
f 2186/2186/2186 2180/2180/2180 2179/2179/2179
f 2143/2143/2143 2142/2142/2142 2181/2181/2181
f 2181/2181/2181 2142/2142/2142 2187/2187/2187
f 2188/2188/2188 2182/2182/2182 2187/2187/2187
f 2187/2187/2187 2182/2182/2182 2181/2181/2181
f 2189/2189/2189 2190/2190/2190 2191/2191/2191
f 2191/2191/2191 2190/2190/2190 2192/2192/2192
f 2189/2189/2189 2191/2191/2191 2139/2139/2139
f 2139/2139/2139 2191/2191/2191 2140/2140/2140
f 2191/2191/2191 2192/2192/2192 2193/2193/2193
f 2193/2193/2193 2192/2192/2192 2194/2194/2194
f 2191/2191/2191 2193/2193/2193 2140/2140/2140
f 2140/2140/2140 2193/2193/2193 2141/2141/2141
f 2141/2141/2141 2193/2193/2193 2142/2142/2142
f 2142/2142/2142 2193/2193/2193 2187/2187/2187
f 2194/2194/2194 2188/2188/2188 2193/2193/2193
f 2193/2193/2193 2188/2188/2188 2187/2187/2187
f 2138/2138/2138 2195/2195/2195 2139/2139/2139
f 2139/2139/2139 2195/2195/2195 2189/2189/2189
f 2195/2195/2195 2196/2196/2196 2189/2189/2189
f 2189/2189/2189 2196/2196/2196 2190/2190/2190
f 2138/2138/2138 2137/2137/2137 2195/2195/2195
f 2195/2195/2195 2137/2137/2137 2197/2197/2197
f 2197/2197/2197 2198/2198/2198 2195/2195/2195
f 2195/2195/2195 2198/2198/2198 2196/2196/2196
f 2136/2136/2136 2199/2199/2199 2137/2137/2137
f 2137/2137/2137 2199/2199/2199 2197/2197/2197
f 2199/2199/2199 2200/2200/2200 2197/2197/2197
f 2197/2197/2197 2200/2200/2200 2198/2198/2198
f 2136/2136/2136 2135/2135/2135 2199/2199/2199
f 2199/2199/2199 2135/2135/2135 2201/2201/2201
f 2202/2202/2202 2200/2200/2200 2201/2201/2201
f 2201/2201/2201 2200/2200/2200 2199/2199/2199
f 2135/2135/2135 2134/2134/2134 2201/2201/2201
f 2201/2201/2201 2134/2134/2134 2203/2203/2203
f 2204/2204/2204 2202/2202/2202 2203/2203/2203
f 2203/2203/2203 2202/2202/2202 2201/2201/2201
f 2148/2148/2148 2205/2205/2205 2134/2134/2134
f 2134/2134/2134 2205/2205/2205 2203/2203/2203
f 2206/2206/2206 2204/2204/2204 2205/2205/2205
f 2205/2205/2205 2204/2204/2204 2203/2203/2203
f 2132/2132/2132 2207/2207/2207 2148/2148/2148
f 2148/2148/2148 2207/2207/2207 2205/2205/2205
f 2208/2208/2208 2206/2206/2206 2207/2207/2207
f 2207/2207/2207 2206/2206/2206 2205/2205/2205
f 2132/2132/2132 2133/2133/2133 2207/2207/2207
f 2207/2207/2207 2133/2133/2133 2209/2209/2209
f 2210/2210/2210 2208/2208/2208 2209/2209/2209
f 2209/2209/2209 2208/2208/2208 2207/2207/2207
f 2147/2147/2147 2211/2211/2211 2133/2133/2133
f 2133/2133/2133 2211/2211/2211 2209/2209/2209
f 2211/2211/2211 2212/2212/2212 2209/2209/2209
f 2209/2209/2209 2212/2212/2212 2210/2210/2210
f 2147/2147/2147 2213/2213/2213 2211/2211/2211
f 2211/2211/2211 2213/2213/2213 2214/2214/2214
f 2214/2214/2214 2215/2215/2215 2211/2211/2211
f 2211/2211/2211 2215/2215/2215 2212/2212/2212
f 2213/2213/2213 2216/2216/2216 2214/2214/2214
f 2214/2214/2214 2216/2216/2216 2217/2217/2217
f 2218/2218/2218 2215/2215/2215 2217/2217/2217
f 2217/2217/2217 2215/2215/2215 2214/2214/2214
f 2219/2219/2219 2220/2220/2220 2216/2216/2216
f 2216/2216/2216 2220/2220/2220 2217/2217/2217
f 2220/2220/2220 2221/2221/2221 2217/2217/2217
f 2217/2217/2217 2221/2221/2221 2218/2218/2218
f 2219/2219/2219 2128/2128/2128 2220/2220/2220
f 2220/2220/2220 2128/2128/2128 2222/2222/2222
f 2222/2222/2222 2223/2223/2223 2220/2220/2220
f 2220/2220/2220 2223/2223/2223 2221/2221/2221
f 2126/2126/2126 2224/2224/2224 2128/2128/2128
f 2128/2128/2128 2224/2224/2224 2222/2222/2222
f 2225/2225/2225 2223/2223/2223 2224/2224/2224
f 2224/2224/2224 2223/2223/2223 2222/2222/2222
f 2226/2226/2226 2227/2227/2227 2126/2126/2126
f 2126/2126/2126 2227/2227/2227 2224/2224/2224
f 2228/2228/2228 2225/2225/2225 2227/2227/2227
f 2227/2227/2227 2225/2225/2225 2224/2224/2224
f 2226/2226/2226 2122/2122/2122 2227/2227/2227
f 2227/2227/2227 2122/2122/2122 2229/2229/2229
f 2230/2230/2230 2228/2228/2228 2229/2229/2229
f 2229/2229/2229 2228/2228/2228 2227/2227/2227
f 2150/2150/2150 2231/2231/2231 2152/2152/2152
f 2152/2152/2152 2231/2231/2231 2232/2232/2232
f 2232/2232/2232 2124/2124/2124 2152/2152/2152
f 2152/2152/2152 2124/2124/2124 2153/2153/2153
f 2122/2122/2122 2124/2124/2124 2229/2229/2229
f 2229/2229/2229 2124/2124/2124 2232/2232/2232
f 2231/2231/2231 2230/2230/2230 2232/2232/2232
f 2232/2232/2232 2230/2230/2230 2229/2229/2229
f 2233/2233/2233 2234/2234/2234 2129/2129/2129
f 2129/2129/2129 2234/2234/2234 2235/2235/2235
f 2236/2236/2236 1100/1100/1100 2237/2237/2237
f 2237/2237/2237 1100/1100/1100 1103/1103/1103
f 2238/2238/2238 1098/1098/1098 2236/2236/2236
f 2236/2236/2236 1098/1098/1098 1100/1100/1100
f 2234/2234/2234 1095/1095/1095 2238/2238/2238
f 2238/2238/2238 1095/1095/1095 1098/1098/1098
f 1094/1094/1094 1095/1095/1095 2233/2233/2233
f 2233/2233/2233 1095/1095/1095 2234/2234/2234
f 2239/2239/2239 1092/1092/1092 2233/2233/2233
f 2233/2233/2233 1092/1092/1092 1094/1094/1094
f 2240/2240/2240 1090/1090/1090 2239/2239/2239
f 2239/2239/2239 1090/1090/1090 1092/1092/1092
f 2241/2241/2241 1088/1088/1088 2240/2240/2240
f 2240/2240/2240 1088/1088/1088 1090/1090/1090
f 2242/2242/2242 1086/1086/1086 2241/2241/2241
f 2241/2241/2241 1086/1086/1086 1088/1088/1088
f 2243/2243/2243 1084/1084/1084 2242/2242/2242
f 2242/2242/2242 1084/1084/1084 1086/1086/1086
f 2244/2244/2244 1082/1082/1082 2243/2243/2243
f 2243/2243/2243 1082/1082/1082 1084/1084/1084
f 2244/2244/2244 2245/2245/2245 1082/1082/1082
f 1082/1082/1082 2245/2245/2245 1080/1080/1080
f 2245/2245/2245 2246/2246/2246 1080/1080/1080
f 1080/1080/1080 2246/2246/2246 1078/1078/1078
f 2246/2246/2246 2247/2247/2247 1078/1078/1078
f 1078/1078/1078 2247/2247/2247 1076/1076/1076
f 2247/2247/2247 2248/2248/2248 1076/1076/1076
f 1076/1076/1076 2248/2248/2248 1050/1050/1050
f 2248/2248/2248 2249/2249/2249 1050/1050/1050
f 1050/1050/1050 2249/2249/2249 1049/1049/1049
f 2249/2249/2249 2250/2250/2250 1049/1049/1049
f 1049/1049/1049 2250/2250/2250 1052/1052/1052
f 2250/2250/2250 2251/2251/2251 1052/1052/1052
f 1052/1052/1052 2251/2251/2251 1054/1054/1054
f 2251/2251/2251 2252/2252/2252 1054/1054/1054
f 1054/1054/1054 2252/2252/2252 1056/1056/1056
f 2252/2252/2252 2253/2253/2253 1056/1056/1056
f 1056/1056/1056 2253/2253/2253 1058/1058/1058
f 2253/2253/2253 2254/2254/2254 1058/1058/1058
f 1058/1058/1058 2254/2254/2254 1060/1060/1060
f 2254/2254/2254 2255/2255/2255 1060/1060/1060
f 1060/1060/1060 2255/2255/2255 1064/1064/1064
f 2255/2255/2255 2256/2256/2256 1064/1064/1064
f 1064/1064/1064 2256/2256/2256 1068/1068/1068
f 2257/2257/2257 1072/1072/1072 2256/2256/2256
f 2256/2256/2256 1072/1072/1072 1068/1068/1068
f 2258/2258/2258 1074/1074/1074 2257/2257/2257
f 2257/2257/2257 1074/1074/1074 1072/1072/1072
f 2259/2259/2259 1070/1070/1070 2258/2258/2258
f 2258/2258/2258 1070/1070/1070 1074/1074/1074
f 2260/2260/2260 1066/1066/1066 2259/2259/2259
f 2259/2259/2259 1066/1066/1066 1070/1070/1070
f 2261/2261/2261 1062/1062/1062 2260/2260/2260
f 2260/2260/2260 1062/1062/1062 1066/1066/1066
f 2262/2262/2262 1036/1036/1036 2261/2261/2261
f 2261/2261/2261 1036/1036/1036 1062/1062/1062
f 2263/2263/2263 1035/1035/1035 2262/2262/2262
f 2262/2262/2262 1035/1035/1035 1036/1036/1036
f 2263/2263/2263 2264/2264/2264 1035/1035/1035
f 1035/1035/1035 2264/2264/2264 1038/1038/1038
f 2265/2265/2265 1040/1040/1040 2264/2264/2264
f 2264/2264/2264 1040/1040/1040 1038/1038/1038
f 2266/2266/2266 1042/1042/1042 2265/2265/2265
f 2265/2265/2265 1042/1042/1042 1040/1040/1040
f 2266/2266/2266 2267/2267/2267 1042/1042/1042
f 1042/1042/1042 2267/2267/2267 1044/1044/1044
f 2268/2268/2268 1046/1046/1046 2267/2267/2267
f 2267/2267/2267 1046/1046/1046 1044/1044/1044
f 2268/2268/2268 2269/2269/2269 1046/1046/1046
f 1046/1046/1046 2269/2269/2269 1104/1104/1104
f 2237/2237/2237 1103/1103/1103 2269/2269/2269
f 2269/2269/2269 1103/1103/1103 1104/1104/1104
f 2270/2270/2270 2271/2271/2271 2235/2235/2235
f 2235/2235/2235 2271/2271/2271 2272/2272/2272
f 2273/2273/2273 2270/2270/2270 2274/2274/2274
f 2274/2274/2274 2270/2270/2270 2275/2275/2275
f 2276/2276/2276 2275/2275/2275 2277/2277/2277
f 2277/2277/2277 2275/2275/2275 2278/2278/2278
f 2279/2279/2279 2280/2280/2280 2281/2281/2281
f 2281/2281/2281 2280/2280/2280 2282/2282/2282
f 2282/2282/2282 2283/2283/2283 2284/2284/2284
f 2284/2284/2284 2283/2283/2283 2285/2285/2285
f 2286/2286/2286 2287/2287/2287 2288/2288/2288
f 2288/2288/2288 2287/2287/2287 2289/2289/2289
f 2277/2277/2277 2278/2278/2278 2290/2290/2290
f 2291/2291/2291 2292/2292/2292 2293/2293/2293
f 1119/1119/1119 1121/1121/1121 2294/2294/2294
f 2294/2294/2294 1121/1121/1121 2295/2295/2295
f 1119/1119/1119 2294/2294/2294 2007/2007/2007
f 2007/2007/2007 2294/2294/2294 2296/2296/2296
f 2014/2014/2014 2297/2297/2297 2016/2016/2016
f 2016/2016/2016 2297/2297/2297 2298/2298/2298
f 2299/2299/2299 2297/2297/2297 2013/2013/2013
f 2013/2013/2013 2297/2297/2297 2014/2014/2014
f 2007/2007/2007 2296/2296/2296 2013/2013/2013
f 2013/2013/2013 2296/2296/2296 2299/2299/2299
f 2017/2017/2017 2016/2016/2016 2300/2300/2300
f 2300/2300/2300 2016/2016/2016 2298/2298/2298
f 2021/2021/2021 2017/2017/2017 2301/2301/2301
f 2301/2301/2301 2017/2017/2017 2300/2300/2300
f 2031/2031/2031 2021/2021/2021 2302/2302/2302
f 2302/2302/2302 2021/2021/2021 2301/2301/2301
f 2027/2027/2027 2026/2026/2026 2303/2303/2303
f 2303/2303/2303 2026/2026/2026 2304/2304/2304
f 2086/2086/2086 2305/2305/2305 2025/2025/2025
f 2025/2025/2025 2305/2305/2305 2306/2306/2306
f 2024/2024/2024 2025/2025/2025 2307/2307/2307
f 2307/2307/2307 2025/2025/2025 2306/2306/2306
f 2026/2026/2026 2072/2072/2072 2304/2304/2304
f 2304/2304/2304 2072/2072/2072 2308/2308/2308
f 2072/2072/2072 2031/2031/2031 2308/2308/2308
f 2308/2308/2308 2031/2031/2031 2302/2302/2302
f 2074/2074/2074 2027/2027/2027 2309/2309/2309
f 2309/2309/2309 2027/2027/2027 2303/2303/2303
f 2081/2081/2081 2074/2074/2074 2310/2310/2310
f 2310/2310/2310 2074/2074/2074 2309/2309/2309
f 2081/2081/2081 2310/2310/2310 2083/2083/2083
f 2083/2083/2083 2310/2310/2310 2311/2311/2311
f 2121/2121/2121 2312/2312/2312 2086/2086/2086
f 2086/2086/2086 2312/2312/2312 2305/2305/2305
f 2083/2083/2083 2311/2311/2311 2121/2121/2121
f 2121/2121/2121 2311/2311/2311 2312/2312/2312
f 2153/2153/2153 2124/2124/2124 2125/2125/2125
f 2122/2122/2122 2226/2226/2226 2123/2123/2123
f 2125/2125/2125 2130/2130/2130 2153/2153/2153
f 2123/2123/2123 2226/2226/2226 2126/2126/2126
f 2129/2129/2129 2156/2156/2156 2131/2131/2131
f 2127/2127/2127 2128/2128/2128 2219/2219/2219
f 2313/2313/2313 2127/2127/2127 2216/2216/2216
f 2216/2216/2216 2127/2127/2127 2219/2219/2219
f 2216/2216/2216 2213/2213/2213 2313/2313/2313
f 2313/2313/2313 2213/2213/2213 2307/2307/2307
f 2147/2147/2147 2024/2024/2024 2213/2213/2213
f 2213/2213/2213 2024/2024/2024 2307/2307/2307
f 2269/2269/2269 2280/2280/2280 2237/2237/2237
f 2237/2237/2237 2280/2280/2280 2278/2278/2278
f 2275/2275/2275 2236/2236/2236 2278/2278/2278
f 2278/2278/2278 2236/2236/2236 2237/2237/2237
f 2238/2238/2238 2236/2236/2236 2270/2270/2270
f 2270/2270/2270 2236/2236/2236 2275/2275/2275
f 2234/2234/2234 2238/2238/2238 2235/2235/2235
f 2235/2235/2235 2238/2238/2238 2270/2270/2270
f 2233/2233/2233 2129/2129/2129 2239/2239/2239
f 2239/2239/2239 2129/2129/2129 2125/2125/2125
f 2123/2123/2123 2240/2240/2240 2125/2125/2125
f 2125/2125/2125 2240/2240/2240 2239/2239/2239
f 2127/2127/2127 2241/2241/2241 2123/2123/2123
f 2123/2123/2123 2241/2241/2241 2240/2240/2240
f 2313/2313/2313 2242/2242/2242 2127/2127/2127
f 2127/2127/2127 2242/2242/2242 2241/2241/2241
f 2307/2307/2307 2243/2243/2243 2313/2313/2313
f 2313/2313/2313 2243/2243/2243 2242/2242/2242
f 2306/2306/2306 2244/2244/2244 2307/2307/2307
f 2307/2307/2307 2244/2244/2244 2243/2243/2243
f 2245/2245/2245 2244/2244/2244 2305/2305/2305
f 2305/2305/2305 2244/2244/2244 2306/2306/2306
f 2246/2246/2246 2245/2245/2245 2312/2312/2312
f 2312/2312/2312 2245/2245/2245 2305/2305/2305
f 2247/2247/2247 2246/2246/2246 2311/2311/2311
f 2311/2311/2311 2246/2246/2246 2312/2312/2312
f 2310/2310/2310 2248/2248/2248 2311/2311/2311
f 2311/2311/2311 2248/2248/2248 2247/2247/2247
f 2249/2249/2249 2248/2248/2248 2309/2309/2309
f 2309/2309/2309 2248/2248/2248 2310/2310/2310
f 2303/2303/2303 2250/2250/2250 2309/2309/2309
f 2309/2309/2309 2250/2250/2250 2249/2249/2249
f 2251/2251/2251 2250/2250/2250 2304/2304/2304
f 2304/2304/2304 2250/2250/2250 2303/2303/2303
f 2252/2252/2252 2251/2251/2251 2308/2308/2308
f 2308/2308/2308 2251/2251/2251 2304/2304/2304
f 2253/2253/2253 2252/2252/2252 2302/2302/2302
f 2302/2302/2302 2252/2252/2252 2308/2308/2308
f 2254/2254/2254 2253/2253/2253 2301/2301/2301
f 2301/2301/2301 2253/2253/2253 2302/2302/2302
f 2255/2255/2255 2254/2254/2254 2300/2300/2300
f 2300/2300/2300 2254/2254/2254 2301/2301/2301
f 2256/2256/2256 2255/2255/2255 2298/2298/2298
f 2298/2298/2298 2255/2255/2255 2300/2300/2300
f 2297/2297/2297 2257/2257/2257 2298/2298/2298
f 2298/2298/2298 2257/2257/2257 2256/2256/2256
f 2299/2299/2299 2258/2258/2258 2297/2297/2297
f 2297/2297/2297 2258/2258/2258 2257/2257/2257
f 2296/2296/2296 2259/2259/2259 2299/2299/2299
f 2299/2299/2299 2259/2259/2259 2258/2258/2258
f 2260/2260/2260 2259/2259/2259 2294/2294/2294
f 2294/2294/2294 2259/2259/2259 2296/2296/2296
f 2295/2295/2295 2261/2261/2261 2294/2294/2294
f 2294/2294/2294 2261/2261/2261 2260/2260/2260
f 2262/2262/2262 2261/2261/2261 2314/2314/2314
f 2314/2314/2314 2261/2261/2261 2295/2295/2295
f 2287/2287/2287 2263/2263/2263 2314/2314/2314
f 2314/2314/2314 2263/2263/2263 2262/2262/2262
f 2264/2264/2264 2263/2263/2263 2286/2286/2286
f 2286/2286/2286 2263/2263/2263 2287/2287/2287
f 2291/2291/2291 2265/2265/2265 2286/2286/2286
f 2286/2286/2286 2265/2265/2265 2264/2264/2264
f 2266/2266/2266 2265/2265/2265 2293/2293/2293
f 2293/2293/2293 2265/2265/2265 2291/2291/2291
f 2283/2283/2283 2267/2267/2267 2293/2293/2293
f 2293/2293/2293 2267/2267/2267 2266/2266/2266
f 2268/2268/2268 2267/2267/2267 2282/2282/2282
f 2282/2282/2282 2267/2267/2267 2283/2283/2283
f 2269/2269/2269 2268/2268/2268 2280/2280/2280
f 2280/2280/2280 2268/2268/2268 2282/2282/2282
f 2165/2165/2165 2315/2315/2315 2168/2168/2168
f 2168/2168/2168 2315/2315/2315 2316/2316/2316
f 2162/2162/2162 2317/2317/2317 2165/2165/2165
f 2165/2165/2165 2317/2317/2317 2315/2315/2315
f 2159/2159/2159 2318/2318/2318 2162/2162/2162
f 2162/2162/2162 2318/2318/2318 2317/2317/2317
f 2168/2168/2168 2316/2316/2316 2171/2171/2171
f 2171/2171/2171 2316/2316/2316 2319/2319/2319
f 2320/2320/2320 1116/1116/1116 2321/2321/2321
f 2321/2321/2321 1116/1116/1116 2322/2322/2322
f 2156/2156/2156 2323/2323/2323 2159/2159/2159
f 2159/2159/2159 2323/2323/2323 2318/2318/2318
f 2277/2277/2277 2290/2290/2290 2324/2324/2324
f 2320/2320/2320 2321/2321/2321 2325/2325/2325
f 2325/2325/2325 2321/2321/2321 2326/2326/2326
f 2171/2171/2171 2319/2319/2319 2174/2174/2174
f 2174/2174/2174 2319/2319/2319 2327/2327/2327
f 2174/2174/2174 2328/2328/2328 1111/1111/1111
f 1111/1111/1111 2328/2328/2328 2329/2329/2329
f 2330/2330/2330 1111/1111/1111 2329/2329/2329
f 2174/2174/2174 2327/2327/2327 2328/2328/2328
f 1111/1111/1111 2331/2331/2331 1254/1254/1254
f 1254/1254/1254 2331/2331/2331 2332/2332/2332
f 1254/1254/1254 2332/2332/2332 2333/2333/2333
f 2334/2334/2334 2335/2335/2335 2336/2336/2336
f 1254/1254/1254 2337/2337/2337 1255/1255/1255
f 1255/1255/1255 2337/2337/2337 2338/2338/2338
f 2337/2337/2337 1254/1254/1254 2333/2333/2333
f 1255/1255/1255 2338/2338/2338 2339/2339/2339
f 2340/2340/2340 2341/2341/2341 1255/1255/1255
f 1255/1255/1255 2341/2341/2341 1137/1137/1137
f 1255/1255/1255 2339/2339/2339 2340/2340/2340
f 1137/1137/1137 2341/2341/2341 2342/2342/2342
f 1137/1137/1137 2343/2343/2343 1115/1115/1115
f 1115/1115/1115 2343/2343/2343 2344/2344/2344
f 1137/1137/1137 2342/2342/2342 2343/2343/2343
f 1115/1115/1115 2344/2344/2344 2345/2345/2345
f 2325/2325/2325 2326/2326/2326 2346/2346/2346
f 2346/2346/2346 2326/2326/2326 2347/2347/2347
f 2346/2346/2346 2347/2347/2347 2348/2348/2348
f 2348/2348/2348 2347/2347/2347 2349/2349/2349
f 2348/2348/2348 2349/2349/2349 2290/2290/2290
f 2290/2290/2290 2349/2349/2349 2324/2324/2324
f 2345/2345/2345 2322/2322/2322 1115/1115/1115
f 1115/1115/1115 2322/2322/2322 1116/1116/1116
f 2350/2350/2350 2271/2271/2271 2270/2270/2270
f 2272/2272/2272 2323/2323/2323 2235/2235/2235
f 2156/2156/2156 2129/2129/2129 2323/2323/2323
f 2323/2323/2323 2129/2129/2129 2235/2235/2235
f 2270/2270/2270 2273/2273/2273 2350/2350/2350
f 2274/2274/2274 2275/2275/2275 2351/2351/2351
f 2276/2276/2276 2351/2351/2351 2275/2275/2275
f 2352/2352/2352 2353/2353/2353 2354/2354/2354
f 2354/2354/2354 2353/2353/2353 2355/2355/2355
f 2354/2354/2354 2355/2355/2355 2349/2349/2349
f 2349/2349/2349 2355/2355/2355 2324/2324/2324
f 2353/2353/2353 2356/2356/2356 2355/2355/2355
f 2355/2355/2355 2356/2356/2356 2357/2357/2357
f 2355/2355/2355 2357/2357/2357 2324/2324/2324
f 2324/2324/2324 2357/2357/2357 2277/2277/2277
f 2356/2356/2356 2358/2358/2358 2357/2357/2357
f 2357/2357/2357 2358/2358/2358 2359/2359/2359
f 2357/2357/2357 2359/2359/2359 2277/2277/2277
f 2277/2277/2277 2359/2359/2359 2276/2276/2276
f 2358/2358/2358 2360/2360/2360 2359/2359/2359
f 2359/2359/2359 2360/2360/2360 2361/2361/2361
f 2359/2359/2359 2361/2361/2361 2276/2276/2276
f 2276/2276/2276 2361/2361/2361 2351/2351/2351
f 2361/2361/2361 2360/2360/2360 2362/2362/2362
f 2362/2362/2362 2360/2360/2360 2363/2363/2363
f 2362/2362/2362 2274/2274/2274 2361/2361/2361
f 2361/2361/2361 2274/2274/2274 2351/2351/2351
f 2363/2363/2363 2364/2364/2364 2362/2362/2362
f 2362/2362/2362 2364/2364/2364 2365/2365/2365
f 2365/2365/2365 2273/2273/2273 2362/2362/2362
f 2362/2362/2362 2273/2273/2273 2274/2274/2274
f 2365/2365/2365 2364/2364/2364 2366/2366/2366
f 2366/2366/2366 2364/2364/2364 2367/2367/2367
f 2365/2365/2365 2366/2366/2366 2273/2273/2273
f 2273/2273/2273 2366/2366/2366 2350/2350/2350
f 2349/2349/2349 2347/2347/2347 2354/2354/2354
f 2354/2354/2354 2347/2347/2347 2368/2368/2368
f 2369/2369/2369 2352/2352/2352 2368/2368/2368
f 2368/2368/2368 2352/2352/2352 2354/2354/2354
f 2326/2326/2326 2370/2370/2370 2347/2347/2347
f 2347/2347/2347 2370/2370/2370 2368/2368/2368
f 2370/2370/2370 2371/2371/2371 2368/2368/2368
f 2368/2368/2368 2371/2371/2371 2369/2369/2369
f 2326/2326/2326 2321/2321/2321 2370/2370/2370
f 2370/2370/2370 2321/2321/2321 2372/2372/2372
f 2372/2372/2372 2373/2373/2373 2370/2370/2370
f 2370/2370/2370 2373/2373/2373 2371/2371/2371
f 2322/2322/2322 2374/2374/2374 2321/2321/2321
f 2321/2321/2321 2374/2374/2374 2372/2372/2372
f 2375/2375/2375 2373/2373/2373 2374/2374/2374
f 2374/2374/2374 2373/2373/2373 2372/2372/2372
f 2322/2322/2322 2345/2345/2345 2374/2374/2374
f 2374/2374/2374 2345/2345/2345 2376/2376/2376
f 2377/2377/2377 2375/2375/2375 2376/2376/2376
f 2376/2376/2376 2375/2375/2375 2374/2374/2374
f 2344/2344/2344 2378/2378/2378 2345/2345/2345
f 2345/2345/2345 2378/2378/2378 2376/2376/2376
f 2378/2378/2378 2379/2379/2379 2376/2376/2376
f 2376/2376/2376 2379/2379/2379 2377/2377/2377
f 2344/2344/2344 2343/2343/2343 2378/2378/2378
f 2378/2378/2378 2343/2343/2343 2380/2380/2380
f 2381/2381/2381 2379/2379/2379 2380/2380/2380
f 2380/2380/2380 2379/2379/2379 2378/2378/2378
f 2343/2343/2343 2342/2342/2342 2380/2380/2380
f 2380/2380/2380 2342/2342/2342 2382/2382/2382
f 2383/2383/2383 2381/2381/2381 2382/2382/2382
f 2382/2382/2382 2381/2381/2381 2380/2380/2380
f 2342/2342/2342 2341/2341/2341 2382/2382/2382
f 2382/2382/2382 2341/2341/2341 2384/2384/2384
f 2385/2385/2385 2383/2383/2383 2384/2384/2384
f 2384/2384/2384 2383/2383/2383 2382/2382/2382
f 2340/2340/2340 2386/2386/2386 2341/2341/2341
f 2341/2341/2341 2386/2386/2386 2384/2384/2384
f 2386/2386/2386 2387/2387/2387 2384/2384/2384
f 2384/2384/2384 2387/2387/2387 2385/2385/2385
f 2340/2340/2340 2339/2339/2339 2386/2386/2386
f 2386/2386/2386 2339/2339/2339 2388/2388/2388
f 2388/2388/2388 2389/2389/2389 2386/2386/2386
f 2386/2386/2386 2389/2389/2389 2387/2387/2387
f 2338/2338/2338 2390/2390/2390 2339/2339/2339
f 2339/2339/2339 2390/2390/2390 2388/2388/2388
f 2390/2390/2390 2391/2391/2391 2388/2388/2388
f 2388/2388/2388 2391/2391/2391 2389/2389/2389
f 2337/2337/2337 2392/2392/2392 2338/2338/2338
f 2338/2338/2338 2392/2392/2392 2390/2390/2390
f 2392/2392/2392 2393/2393/2393 2390/2390/2390
f 2390/2390/2390 2393/2393/2393 2391/2391/2391
f 2337/2337/2337 2333/2333/2333 2392/2392/2392
f 2392/2392/2392 2333/2333/2333 2394/2394/2394
f 2395/2395/2395 2393/2393/2393 2394/2394/2394
f 2394/2394/2394 2393/2393/2393 2392/2392/2392
f 2332/2332/2332 2396/2396/2396 2333/2333/2333
f 2333/2333/2333 2396/2396/2396 2394/2394/2394
f 2396/2396/2396 2397/2397/2397 2394/2394/2394
f 2394/2394/2394 2397/2397/2397 2395/2395/2395
f 2332/2332/2332 2331/2331/2331 2396/2396/2396
f 2396/2396/2396 2331/2331/2331 2398/2398/2398
f 2399/2399/2399 2397/2397/2397 2398/2398/2398
f 2398/2398/2398 2397/2397/2397 2396/2396/2396
f 2330/2330/2330 2400/2400/2400 2331/2331/2331
f 2331/2331/2331 2400/2400/2400 2398/2398/2398
f 2401/2401/2401 2399/2399/2399 2400/2400/2400
f 2400/2400/2400 2399/2399/2399 2398/2398/2398
f 2329/2329/2329 2402/2402/2402 2330/2330/2330
f 2330/2330/2330 2402/2402/2402 2400/2400/2400
f 2402/2402/2402 2403/2403/2403 2400/2400/2400
f 2400/2400/2400 2403/2403/2403 2401/2401/2401
f 2329/2329/2329 2328/2328/2328 2402/2402/2402
f 2402/2402/2402 2328/2328/2328 2404/2404/2404
f 2404/2404/2404 2405/2405/2405 2402/2402/2402
f 2402/2402/2402 2405/2405/2405 2403/2403/2403
f 2328/2328/2328 2327/2327/2327 2404/2404/2404
f 2404/2404/2404 2327/2327/2327 2406/2406/2406
f 2406/2406/2406 2407/2407/2407 2404/2404/2404
f 2404/2404/2404 2407/2407/2407 2405/2405/2405
f 2319/2319/2319 2408/2408/2408 2327/2327/2327
f 2327/2327/2327 2408/2408/2408 2406/2406/2406
f 2408/2408/2408 2409/2409/2409 2406/2406/2406
f 2406/2406/2406 2409/2409/2409 2407/2407/2407
f 2319/2319/2319 2316/2316/2316 2408/2408/2408
f 2408/2408/2408 2316/2316/2316 2410/2410/2410
f 2411/2411/2411 2409/2409/2409 2410/2410/2410
f 2410/2410/2410 2409/2409/2409 2408/2408/2408
f 2315/2315/2315 2412/2412/2412 2316/2316/2316
f 2316/2316/2316 2412/2412/2412 2410/2410/2410
f 2412/2412/2412 2413/2413/2413 2410/2410/2410
f 2410/2410/2410 2413/2413/2413 2411/2411/2411
f 2315/2315/2315 2317/2317/2317 2412/2412/2412
f 2412/2412/2412 2317/2317/2317 2414/2414/2414
f 2415/2415/2415 2413/2413/2413 2414/2414/2414
f 2414/2414/2414 2413/2413/2413 2412/2412/2412
f 2318/2318/2318 2416/2416/2416 2317/2317/2317
f 2317/2317/2317 2416/2416/2416 2414/2414/2414
f 2417/2417/2417 2415/2415/2415 2416/2416/2416
f 2416/2416/2416 2415/2415/2415 2414/2414/2414
f 2323/2323/2323 2418/2418/2418 2318/2318/2318
f 2318/2318/2318 2418/2418/2418 2416/2416/2416
f 2419/2419/2419 2417/2417/2417 2418/2418/2418
f 2418/2418/2418 2417/2417/2417 2416/2416/2416
f 2323/2323/2323 2272/2272/2272 2418/2418/2418
f 2418/2418/2418 2272/2272/2272 2420/2420/2420
f 2421/2421/2421 2419/2419/2419 2420/2420/2420
f 2420/2420/2420 2419/2419/2419 2418/2418/2418
f 2366/2366/2366 2367/2367/2367 2422/2422/2422
f 2422/2422/2422 2367/2367/2367 2423/2423/2423
f 2422/2422/2422 2271/2271/2271 2366/2366/2366
f 2366/2366/2366 2271/2271/2271 2350/2350/2350
f 2272/2272/2272 2271/2271/2271 2420/2420/2420
f 2420/2420/2420 2271/2271/2271 2422/2422/2422
f 2422/2422/2422 2423/2423/2423 2420/2420/2420
f 2420/2420/2420 2423/2423/2423 2421/2421/2421
f 2346/2346/2346 2424/2424/2424 2325/2325/2325
f 2325/2325/2325 2424/2424/2424 2425/2425/2425
f 2346/2346/2346 2348/2348/2348 2424/2424/2424
f 2424/2424/2424 2348/2348/2348 2426/2426/2426
f 2348/2348/2348 2290/2290/2290 2426/2426/2426
f 2426/2426/2426 2290/2290/2290 2427/2427/2427
f 2325/2325/2325 2425/2425/2425 2320/2320/2320
f 2320/2320/2320 2425/2425/2425 2428/2428/2428
f 2429/2429/2429 2430/2430/2430 2431/2431/2431
f 2431/2431/2431 2430/2430/2430 2432/2432/2432
f 2431/2431/2431 2432/2432/2432 2433/2433/2433
f 2433/2433/2433 2432/2432/2432 2434/2434/2434
f 2433/2433/2433 2434/2434/2434 2435/2435/2435
f 2435/2435/2435 2434/2434/2434 2436/2436/2436
f 2429/2429/2429 2437/2437/2437 2430/2430/2430
f 2430/2430/2430 2437/2437/2437 2438/2438/2438
f 2437/2437/2437 2439/2439/2439 2438/2438/2438
f 2438/2438/2438 2439/2439/2439 2440/2440/2440
f 2435/2435/2435 2436/2436/2436 2441/2441/2441
f 2441/2441/2441 2436/2436/2436 2442/2442/2442
f 2320/2320/2320 2428/2428/2428 1116/1116/1116
f 1116/1116/1116 2428/2428/2428 2443/2443/2443
f 2444/2444/2444 2445/2445/2445 1114/1114/1114
f 1114/1114/1114 2445/2445/2445 1138/1138/1138
f 1138/1138/1138 2445/2445/2445 2446/2446/2446
f 1116/1116/1116 2443/2443/2443 1114/1114/1114
f 1114/1114/1114 2443/2443/2443 2444/2444/2444
f 1138/1138/1138 2447/2447/2447 1256/1256/1256
f 1256/1256/1256 2447/2447/2447 2448/2448/2448
f 2447/2447/2447 1138/1138/1138 2446/2446/2446
f 1256/1256/1256 2448/2448/2448 2449/2449/2449
f 2450/2450/2450 2451/2451/2451 1256/1256/1256
f 1256/1256/1256 2451/2451/2451 1135/1135/1135
f 1256/1256/1256 2449/2449/2449 2450/2450/2450
f 1135/1135/1135 2451/2451/2451 2452/2452/2452
f 1135/1135/1135 2453/2453/2453 1136/1136/1136
f 1136/1136/1136 2453/2453/2453 2454/2454/2454
f 2453/2453/2453 1135/1135/1135 2452/2452/2452
f 1136/1136/1136 2454/2454/2454 2455/2455/2455
f 1133/1133/1133 1136/1136/1136 2456/2456/2456
f 2456/2456/2456 1136/1136/1136 2457/2457/2457
f 2457/2457/2457 1136/1136/1136 2455/2455/2455
f 1133/1133/1133 2456/2456/2456 2458/2458/2458
f 1133/1133/1133 2458/2458/2458 2439/2439/2439
f 2458/2458/2458 2440/2440/2440 2439/2439/2439
f 2459/2459/2459 2460/2460/2460 2280/2280/2280
f 2280/2280/2280 2460/2460/2460 2278/2278/2278
f 2279/2279/2279 2459/2459/2459 2280/2280/2280
f 2281/2281/2281 2282/2282/2282 2461/2461/2461
f 2284/2284/2284 2461/2461/2461 2282/2282/2282
f 2285/2285/2285 2283/2283/2283 2462/2462/2462
f 2283/2283/2283 2293/2293/2293 2462/2462/2462
f 2462/2462/2462 2293/2293/2293 2442/2442/2442
f 2278/2278/2278 2460/2460/2460 2290/2290/2290
f 2290/2290/2290 2460/2460/2460 2427/2427/2427
f 2441/2441/2441 2442/2442/2442 2292/2292/2292
f 2292/2292/2292 2442/2442/2442 2293/2293/2293
f 2463/2463/2463 2464/2464/2464 2465/2465/2465
f 2465/2465/2465 2464/2464/2464 2466/2466/2466
f 2465/2465/2465 2466/2466/2466 2285/2285/2285
f 2285/2285/2285 2466/2466/2466 2284/2284/2284
f 2464/2464/2464 2467/2467/2467 2466/2466/2466
f 2466/2466/2466 2467/2467/2467 2468/2468/2468
f 2468/2468/2468 2461/2461/2461 2466/2466/2466
f 2466/2466/2466 2461/2461/2461 2284/2284/2284
f 2467/2467/2467 2469/2469/2469 2468/2468/2468
f 2468/2468/2468 2469/2469/2469 2470/2470/2470
f 2468/2468/2468 2470/2470/2470 2461/2461/2461
f 2461/2461/2461 2470/2470/2470 2281/2281/2281
f 2470/2470/2470 2469/2469/2469 2471/2471/2471
f 2471/2471/2471 2469/2469/2469 2472/2472/2472
f 2471/2471/2471 2279/2279/2279 2470/2470/2470
f 2470/2470/2470 2279/2279/2279 2281/2281/2281
f 2472/2472/2472 2473/2473/2473 2471/2471/2471
f 2471/2471/2471 2473/2473/2473 2474/2474/2474
f 2471/2471/2471 2474/2474/2474 2279/2279/2279
f 2279/2279/2279 2474/2474/2474 2459/2459/2459
f 2462/2462/2462 2475/2475/2475 2285/2285/2285
f 2285/2285/2285 2475/2475/2475 2465/2465/2465
f 2476/2476/2476 2463/2463/2463 2475/2475/2475
f 2475/2475/2475 2463/2463/2463 2465/2465/2465
f 2442/2442/2442 2477/2477/2477 2462/2462/2462
f 2462/2462/2462 2477/2477/2477 2475/2475/2475
f 2478/2478/2478 2476/2476/2476 2477/2477/2477
f 2477/2477/2477 2476/2476/2476 2475/2475/2475
f 2442/2442/2442 2436/2436/2436 2477/2477/2477
f 2477/2477/2477 2436/2436/2436 2479/2479/2479
f 2480/2480/2480 2478/2478/2478 2479/2479/2479
f 2479/2479/2479 2478/2478/2478 2477/2477/2477
f 2434/2434/2434 2481/2481/2481 2436/2436/2436
f 2436/2436/2436 2481/2481/2481 2479/2479/2479
f 2482/2482/2482 2480/2480/2480 2481/2481/2481
f 2481/2481/2481 2480/2480/2480 2479/2479/2479
f 2434/2434/2434 2432/2432/2432 2481/2481/2481
f 2481/2481/2481 2432/2432/2432 2483/2483/2483
f 2484/2484/2484 2482/2482/2482 2483/2483/2483
f 2483/2483/2483 2482/2482/2482 2481/2481/2481
f 2430/2430/2430 2485/2485/2485 2432/2432/2432
f 2432/2432/2432 2485/2485/2485 2483/2483/2483
f 2486/2486/2486 2484/2484/2484 2485/2485/2485
f 2485/2485/2485 2484/2484/2484 2483/2483/2483
f 2430/2430/2430 2438/2438/2438 2485/2485/2485
f 2485/2485/2485 2438/2438/2438 2487/2487/2487
f 2488/2488/2488 2486/2486/2486 2487/2487/2487
f 2487/2487/2487 2486/2486/2486 2485/2485/2485
f 2440/2440/2440 2489/2489/2489 2438/2438/2438
f 2438/2438/2438 2489/2489/2489 2487/2487/2487
f 2489/2489/2489 2490/2490/2490 2487/2487/2487
f 2487/2487/2487 2490/2490/2490 2488/2488/2488
f 2440/2440/2440 2458/2458/2458 2489/2489/2489
f 2489/2489/2489 2458/2458/2458 2491/2491/2491
f 2491/2491/2491 2492/2492/2492 2489/2489/2489
f 2489/2489/2489 2492/2492/2492 2490/2490/2490
f 2456/2456/2456 2493/2493/2493 2458/2458/2458
f 2458/2458/2458 2493/2493/2493 2491/2491/2491
f 2494/2494/2494 2492/2492/2492 2493/2493/2493
f 2493/2493/2493 2492/2492/2492 2491/2491/2491
f 2456/2456/2456 2457/2457/2457 2493/2493/2493
f 2493/2493/2493 2457/2457/2457 2495/2495/2495
f 2496/2496/2496 2494/2494/2494 2495/2495/2495
f 2495/2495/2495 2494/2494/2494 2493/2493/2493
f 2455/2455/2455 2497/2497/2497 2457/2457/2457
f 2457/2457/2457 2497/2497/2497 2495/2495/2495
f 2497/2497/2497 2498/2498/2498 2495/2495/2495
f 2495/2495/2495 2498/2498/2498 2496/2496/2496
f 2455/2455/2455 2454/2454/2454 2497/2497/2497
f 2497/2497/2497 2454/2454/2454 2499/2499/2499
f 2499/2499/2499 2500/2500/2500 2497/2497/2497
f 2497/2497/2497 2500/2500/2500 2498/2498/2498
f 2453/2453/2453 2501/2501/2501 2454/2454/2454
f 2454/2454/2454 2501/2501/2501 2499/2499/2499
f 2502/2502/2502 2500/2500/2500 2501/2501/2501
f 2501/2501/2501 2500/2500/2500 2499/2499/2499
f 2452/2452/2452 2503/2503/2503 2453/2453/2453
f 2453/2453/2453 2503/2503/2503 2501/2501/2501
f 2504/2504/2504 2502/2502/2502 2503/2503/2503
f 2503/2503/2503 2502/2502/2502 2501/2501/2501
f 2452/2452/2452 2451/2451/2451 2503/2503/2503
f 2503/2503/2503 2451/2451/2451 2505/2505/2505
f 2506/2506/2506 2504/2504/2504 2505/2505/2505
f 2505/2505/2505 2504/2504/2504 2503/2503/2503
f 2450/2450/2450 2507/2507/2507 2451/2451/2451
f 2451/2451/2451 2507/2507/2507 2505/2505/2505
f 2507/2507/2507 2508/2508/2508 2505/2505/2505
f 2505/2505/2505 2508/2508/2508 2506/2506/2506
f 2450/2450/2450 2449/2449/2449 2507/2507/2507
f 2507/2507/2507 2449/2449/2449 2509/2509/2509
f 2510/2510/2510 2508/2508/2508 2509/2509/2509
f 2509/2509/2509 2508/2508/2508 2507/2507/2507
f 2448/2448/2448 2511/2511/2511 2449/2449/2449
f 2449/2449/2449 2511/2511/2511 2509/2509/2509
f 2512/2512/2512 2510/2510/2510 2511/2511/2511
f 2511/2511/2511 2510/2510/2510 2509/2509/2509
f 2447/2447/2447 2513/2513/2513 2448/2448/2448
f 2448/2448/2448 2513/2513/2513 2511/2511/2511
f 2514/2514/2514 2512/2512/2512 2513/2513/2513
f 2513/2513/2513 2512/2512/2512 2511/2511/2511
f 2447/2447/2447 2446/2446/2446 2513/2513/2513
f 2513/2513/2513 2446/2446/2446 2515/2515/2515
f 2516/2516/2516 2514/2514/2514 2515/2515/2515
f 2515/2515/2515 2514/2514/2514 2513/2513/2513
f 2446/2446/2446 2445/2445/2445 2515/2515/2515
f 2515/2515/2515 2445/2445/2445 2517/2517/2517
f 2518/2518/2518 2516/2516/2516 2517/2517/2517
f 2517/2517/2517 2516/2516/2516 2515/2515/2515
f 2444/2444/2444 2519/2519/2519 2445/2445/2445
f 2445/2445/2445 2519/2519/2519 2517/2517/2517
f 2520/2520/2520 2518/2518/2518 2519/2519/2519
f 2519/2519/2519 2518/2518/2518 2517/2517/2517
f 2444/2444/2444 2443/2443/2443 2519/2519/2519
f 2519/2519/2519 2443/2443/2443 2521/2521/2521
f 2522/2522/2522 2520/2520/2520 2521/2521/2521
f 2521/2521/2521 2520/2520/2520 2519/2519/2519
f 2428/2428/2428 2523/2523/2523 2443/2443/2443
f 2443/2443/2443 2523/2523/2523 2521/2521/2521
f 2524/2524/2524 2522/2522/2522 2523/2523/2523
f 2523/2523/2523 2522/2522/2522 2521/2521/2521
f 2428/2428/2428 2425/2425/2425 2523/2523/2523
f 2523/2523/2523 2425/2425/2425 2525/2525/2525
f 2526/2526/2526 2524/2524/2524 2525/2525/2525
f 2525/2525/2525 2524/2524/2524 2523/2523/2523
f 2424/2424/2424 2527/2527/2527 2425/2425/2425
f 2425/2425/2425 2527/2527/2527 2525/2525/2525
f 2528/2528/2528 2526/2526/2526 2527/2527/2527
f 2527/2527/2527 2526/2526/2526 2525/2525/2525
f 2426/2426/2426 2529/2529/2529 2424/2424/2424
f 2424/2424/2424 2529/2529/2529 2527/2527/2527
f 2530/2530/2530 2528/2528/2528 2529/2529/2529
f 2529/2529/2529 2528/2528/2528 2527/2527/2527
f 2426/2426/2426 2427/2427/2427 2529/2529/2529
f 2529/2529/2529 2427/2427/2427 2531/2531/2531
f 2532/2532/2532 2530/2530/2530 2531/2531/2531
f 2531/2531/2531 2530/2530/2530 2529/2529/2529
f 2460/2460/2460 2533/2533/2533 2427/2427/2427
f 2427/2427/2427 2533/2533/2533 2531/2531/2531
f 2534/2534/2534 2532/2532/2532 2533/2533/2533
f 2533/2533/2533 2532/2532/2532 2531/2531/2531
f 2460/2460/2460 2459/2459/2459 2533/2533/2533
f 2533/2533/2533 2459/2459/2459 2474/2474/2474
f 2473/2473/2473 2534/2534/2534 2474/2474/2474
f 2474/2474/2474 2534/2534/2534 2533/2533/2533
f 2435/2435/2435 2441/2441/2441 2535/2535/2535
f 2535/2535/2535 2441/2441/2441 2536/2536/2536
f 2433/2433/2433 2435/2435/2435 2537/2537/2537
f 2537/2537/2537 2435/2435/2435 2535/2535/2535
f 2433/2433/2433 2537/2537/2537 2431/2431/2431
f 2431/2431/2431 2537/2537/2537 2538/2538/2538
f 2431/2431/2431 2538/2538/2538 2429/2429/2429
f 2429/2429/2429 2538/2538/2538 2539/2539/2539
f 2429/2429/2429 2539/2539/2539 2437/2437/2437
f 2437/2437/2437 2539/2539/2539 2540/2540/2540
f 2437/2437/2437 2540/2540/2540 2439/2439/2439
f 2439/2439/2439 2540/2540/2540 2541/2541/2541
f 2542/2542/2542 2536/2536/2536 2292/2292/2292
f 2292/2292/2292 2536/2536/2536 2441/2441/2441
f 2543/2543/2543 2544/2544/2544 1133/1133/1133
f 2544/2544/2544 1131/1131/1131 1133/1133/1133
f 2439/2439/2439 2541/2541/2541 1133/1133/1133
f 1133/1133/1133 2541/2541/2541 2543/2543/2543
f 1131/1131/1131 2544/2544/2544 2545/2545/2545
f 1131/1131/1131 2545/2545/2545 2546/2546/2546
f 2547/2547/2547 1130/1130/1130 2548/2548/2548
f 2548/2548/2548 1130/1130/1130 1131/1131/1131
f 2548/2548/2548 1131/1131/1131 2546/2546/2546
f 1130/1130/1130 2547/2547/2547 2549/2549/2549
f 1130/1130/1130 2550/2550/2550 1128/1128/1128
f 1128/1128/1128 2550/2550/2550 2551/2551/2551
f 1128/1128/1128 2551/2551/2551 2552/2552/2552
f 2550/2550/2550 1130/1130/1130 2549/2549/2549
f 2553/2553/2553 1125/1125/1125 2554/2554/2554
f 2554/2554/2554 1125/1125/1125 1128/1128/1128
f 2554/2554/2554 1128/1128/1128 2552/2552/2552
f 1125/1125/1125 2553/2553/2553 2555/2555/2555
f 1125/1125/1125 2556/2556/2556 1123/1123/1123
f 1123/1123/1123 2556/2556/2556 2557/2557/2557
f 1125/1125/1125 2555/2555/2555 2556/2556/2556
f 1123/1123/1123 2557/2557/2557 2558/2558/2558
f 2559/2559/2559 1122/1122/1122 2560/2560/2560
f 2560/2560/2560 1122/1122/1122 1123/1123/1123
f 1123/1123/1123 2558/2558/2558 2560/2560/2560
f 1122/1122/1122 2559/2559/2559 2561/2561/2561
f 2562/2562/2562 2563/2563/2563 1148/1148/1148
f 1148/1148/1148 2563/2563/2563 1121/1121/1121
f 2562/2562/2562 1148/1148/1148 2561/2561/2561
f 2561/2561/2561 1148/1148/1148 1122/1122/1122
f 2564/2564/2564 2565/2565/2565 2286/2286/2286
f 2286/2286/2286 2565/2565/2565 2291/2291/2291
f 2288/2288/2288 2564/2564/2564 2286/2286/2286
f 2289/2289/2289 2287/2287/2287 2566/2566/2566
f 2314/2314/2314 2567/2567/2567 2287/2287/2287
f 2287/2287/2287 2567/2567/2567 2566/2566/2566
f 2295/2295/2295 2568/2568/2568 2314/2314/2314
f 2314/2314/2314 2568/2568/2568 2567/2567/2567
f 2542/2542/2542 2292/2292/2292 2565/2565/2565
f 2565/2565/2565 2292/2292/2292 2291/2291/2291
f 2563/2563/2563 2568/2568/2568 1121/1121/1121
f 1121/1121/1121 2568/2568/2568 2295/2295/2295
f 2569/2569/2569 2570/2570/2570 2571/2571/2571
f 2571/2571/2571 2570/2570/2570 2572/2572/2572
f 2571/2571/2571 2572/2572/2572 2541/2541/2541
f 2541/2541/2541 2572/2572/2572 2543/2543/2543
f 2540/2540/2540 2573/2573/2573 2541/2541/2541
f 2541/2541/2541 2573/2573/2573 2571/2571/2571
f 2574/2574/2574 2569/2569/2569 2573/2573/2573
f 2573/2573/2573 2569/2569/2569 2571/2571/2571
f 2539/2539/2539 2575/2575/2575 2540/2540/2540
f 2540/2540/2540 2575/2575/2575 2573/2573/2573
f 2576/2576/2576 2574/2574/2574 2575/2575/2575
f 2575/2575/2575 2574/2574/2574 2573/2573/2573
f 2539/2539/2539 2538/2538/2538 2575/2575/2575
f 2575/2575/2575 2538/2538/2538 2577/2577/2577
f 2577/2577/2577 2578/2578/2578 2575/2575/2575
f 2575/2575/2575 2578/2578/2578 2576/2576/2576
f 2572/2572/2572 2570/2570/2570 2579/2579/2579
f 2579/2579/2579 2570/2570/2570 2580/2580/2580
f 2579/2579/2579 2544/2544/2544 2572/2572/2572
f 2572/2572/2572 2544/2544/2544 2543/2543/2543
f 2579/2579/2579 2580/2580/2580 2581/2581/2581
f 2581/2581/2581 2580/2580/2580 2582/2582/2582
f 2579/2579/2579 2581/2581/2581 2544/2544/2544
f 2544/2544/2544 2581/2581/2581 2545/2545/2545
f 2582/2582/2582 2583/2583/2583 2581/2581/2581
f 2581/2581/2581 2583/2583/2583 2584/2584/2584
f 2581/2581/2581 2584/2584/2584 2545/2545/2545
f 2545/2545/2545 2584/2584/2584 2546/2546/2546
f 2584/2584/2584 2583/2583/2583 2585/2585/2585
f 2585/2585/2585 2583/2583/2583 2586/2586/2586
f 2585/2585/2585 2548/2548/2548 2584/2584/2584
f 2584/2584/2584 2548/2548/2548 2546/2546/2546
f 2585/2585/2585 2586/2586/2586 2587/2587/2587
f 2587/2587/2587 2586/2586/2586 2588/2588/2588
f 2587/2587/2587 2547/2547/2547 2585/2585/2585
f 2585/2585/2585 2547/2547/2547 2548/2548/2548
f 2587/2587/2587 2588/2588/2588 2589/2589/2589
f 2589/2589/2589 2588/2588/2588 2590/2590/2590
f 2587/2587/2587 2589/2589/2589 2547/2547/2547
f 2547/2547/2547 2589/2589/2589 2549/2549/2549
f 2591/2591/2591 2592/2592/2592 2593/2593/2593
f 2593/2593/2593 2592/2592/2592 2594/2594/2594
f 2591/2591/2591 2593/2593/2593 2535/2535/2535
f 2595/2595/2595 2596/2596/2596 2597/2597/2597
f 2537/2537/2537 2593/2593/2593 2538/2538/2538
f 2538/2538/2538 2593/2593/2593 2577/2577/2577
f 2593/2593/2593 2594/2594/2594 2577/2577/2577
f 2577/2577/2577 2594/2594/2594 2578/2578/2578
f 2536/2536/2536 2598/2598/2598 2535/2535/2535
f 2535/2535/2535 2598/2598/2598 2591/2591/2591
f 2598/2598/2598 2599/2599/2599 2591/2591/2591
f 2591/2591/2591 2599/2599/2599 2592/2592/2592
f 2536/2536/2536 2542/2542/2542 2598/2598/2598
f 2598/2598/2598 2542/2542/2542 2600/2600/2600
f 2600/2600/2600 2601/2601/2601 2598/2598/2598
f 2598/2598/2598 2601/2601/2601 2599/2599/2599
f 2565/2565/2565 2602/2602/2602 2542/2542/2542
f 2542/2542/2542 2602/2602/2602 2600/2600/2600
f 2602/2602/2602 2603/2603/2603 2600/2600/2600
f 2600/2600/2600 2603/2603/2603 2601/2601/2601
f 2565/2565/2565 2564/2564/2564 2602/2602/2602
f 2602/2602/2602 2564/2564/2564 2604/2604/2604
f 2605/2605/2605 2603/2603/2603 2604/2604/2604
f 2604/2604/2604 2603/2603/2603 2602/2602/2602
f 2288/2288/2288 2606/2606/2606 2564/2564/2564
f 2564/2564/2564 2606/2606/2606 2604/2604/2604
f 2606/2606/2606 2607/2607/2607 2604/2604/2604
f 2604/2604/2604 2607/2607/2607 2605/2605/2605
f 2288/2288/2288 2289/2289/2289 2606/2606/2606
f 2606/2606/2606 2289/2289/2289 2608/2608/2608
f 2608/2608/2608 2609/2609/2609 2606/2606/2606
f 2606/2606/2606 2609/2609/2609 2607/2607/2607
f 2566/2566/2566 2610/2610/2610 2289/2289/2289
f 2289/2289/2289 2610/2610/2610 2608/2608/2608
f 2610/2610/2610 2611/2611/2611 2608/2608/2608
f 2608/2608/2608 2611/2611/2611 2609/2609/2609
f 2567/2567/2567 2612/2612/2612 2566/2566/2566
f 2566/2566/2566 2612/2612/2612 2610/2610/2610
f 2613/2613/2613 2611/2611/2611 2612/2612/2612
f 2612/2612/2612 2611/2611/2611 2610/2610/2610
f 2567/2567/2567 2568/2568/2568 2612/2612/2612
f 2612/2612/2612 2568/2568/2568 2614/2614/2614
f 2615/2615/2615 2613/2613/2613 2614/2614/2614
f 2614/2614/2614 2613/2613/2613 2612/2612/2612
f 2563/2563/2563 2616/2616/2616 2568/2568/2568
f 2568/2568/2568 2616/2616/2616 2614/2614/2614
f 2617/2617/2617 2615/2615/2615 2616/2616/2616
f 2616/2616/2616 2615/2615/2615 2614/2614/2614
f 2562/2562/2562 2618/2618/2618 2563/2563/2563
f 2563/2563/2563 2618/2618/2618 2616/2616/2616
f 2619/2619/2619 2617/2617/2617 2618/2618/2618
f 2618/2618/2618 2617/2617/2617 2616/2616/2616
f 2562/2562/2562 2561/2561/2561 2618/2618/2618
f 2618/2618/2618 2561/2561/2561 2620/2620/2620
f 2621/2621/2621 2619/2619/2619 2620/2620/2620
f 2620/2620/2620 2619/2619/2619 2618/2618/2618
f 2559/2559/2559 2622/2622/2622 2561/2561/2561
f 2561/2561/2561 2622/2622/2622 2620/2620/2620
f 2623/2623/2623 2621/2621/2621 2622/2622/2622
f 2622/2622/2622 2621/2621/2621 2620/2620/2620
f 2560/2560/2560 2624/2624/2624 2559/2559/2559
f 2559/2559/2559 2624/2624/2624 2622/2622/2622
f 2625/2625/2625 2623/2623/2623 2624/2624/2624
f 2624/2624/2624 2623/2623/2623 2622/2622/2622
f 2560/2560/2560 2558/2558/2558 2624/2624/2624
f 2624/2624/2624 2558/2558/2558 2626/2626/2626
f 2627/2627/2627 2625/2625/2625 2626/2626/2626
f 2626/2626/2626 2625/2625/2625 2624/2624/2624
f 2557/2557/2557 2628/2628/2628 2558/2558/2558
f 2558/2558/2558 2628/2628/2628 2626/2626/2626
f 2628/2628/2628 2629/2629/2629 2626/2626/2626
f 2626/2626/2626 2629/2629/2629 2627/2627/2627
f 2557/2557/2557 2556/2556/2556 2628/2628/2628
f 2628/2628/2628 2556/2556/2556 2630/2630/2630
f 2631/2631/2631 2629/2629/2629 2630/2630/2630
f 2630/2630/2630 2629/2629/2629 2628/2628/2628
f 2555/2555/2555 2632/2632/2632 2556/2556/2556
f 2556/2556/2556 2632/2632/2632 2630/2630/2630
f 2633/2633/2633 2631/2631/2631 2632/2632/2632
f 2632/2632/2632 2631/2631/2631 2630/2630/2630
f 2555/2555/2555 2553/2553/2553 2632/2632/2632
f 2632/2632/2632 2553/2553/2553 2634/2634/2634
f 2635/2635/2635 2633/2633/2633 2634/2634/2634
f 2634/2634/2634 2633/2633/2633 2632/2632/2632
f 2554/2554/2554 2636/2636/2636 2553/2553/2553
f 2553/2553/2553 2636/2636/2636 2634/2634/2634
f 2637/2637/2637 2635/2635/2635 2636/2636/2636
f 2636/2636/2636 2635/2635/2635 2634/2634/2634
f 2554/2554/2554 2552/2552/2552 2636/2636/2636
f 2636/2636/2636 2552/2552/2552 2638/2638/2638
f 2639/2639/2639 2637/2637/2637 2638/2638/2638
f 2638/2638/2638 2637/2637/2637 2636/2636/2636
f 2551/2551/2551 2640/2640/2640 2552/2552/2552
f 2552/2552/2552 2640/2640/2640 2638/2638/2638
f 2640/2640/2640 2641/2641/2641 2638/2638/2638
f 2638/2638/2638 2641/2641/2641 2639/2639/2639
f 2589/2589/2589 2590/2590/2590 2642/2642/2642
f 2642/2642/2642 2590/2590/2590 2643/2643/2643
f 2642/2642/2642 2550/2550/2550 2589/2589/2589
f 2589/2589/2589 2550/2550/2550 2549/2549/2549
f 2550/2550/2550 2642/2642/2642 2551/2551/2551
f 2551/2551/2551 2642/2642/2642 2640/2640/2640
f 2642/2642/2642 2643/2643/2643 2640/2640/2640
f 2640/2640/2640 2643/2643/2643 2641/2641/2641
f 2174/2174/2174 1111/1111/1111 1113/1113/1113
f 1112/1112/1112 2146/2146/2146 1113/1113/1113
f 1112/1112/1112 1253/1253/1253 2146/2146/2146
f 2644/2644/2644 2645/2645/2645 2646/2646/2646
f 2646/2646/2646 2645/2645/2645 2647/2647/2647
f 2648/2648/2648 2647/2647/2647 2649/2649/2649
f 2649/2649/2649 2647/2647/2647 2645/2645/2645
f 2650/2650/2650 2651/2651/2651 2652/2652/2652
f 2652/2652/2652 2651/2651/2651 2653/2653/2653
f 2652/2652/2652 2654/2654/2654 2650/2650/2650
f 2650/2650/2650 2654/2654/2654 2655/2655/2655
f 2656/2656/2656 2644/2644/2644 2657/2657/2657
f 2657/2657/2657 2644/2644/2644 2646/2646/2646
f 2658/2658/2658 2659/2659/2659 2657/2657/2657
f 2657/2657/2657 2659/2659/2659 2656/2656/2656
f 2660/2660/2660 2661/2661/2661 2658/2658/2658
f 2658/2658/2658 2661/2661/2661 2659/2659/2659
f 2661/2661/2661 2660/2660/2660 2662/2662/2662
f 2662/2662/2662 2660/2660/2660 2663/2663/2663
f 2664/2664/2664 2665/2665/2665 2663/2663/2663
f 2663/2663/2663 2665/2665/2665 2662/2662/2662
f 2665/2665/2665 2664/2664/2664 2666/2666/2666
f 2666/2666/2666 2664/2664/2664 2667/2667/2667
f 2668/2668/2668 2669/2669/2669 2667/2667/2667
f 2667/2667/2667 2669/2669/2669 2666/2666/2666
f 2670/2670/2670 2671/2671/2671 2668/2668/2668
f 2668/2668/2668 2671/2671/2671 2669/2669/2669
f 2672/2672/2672 2673/2673/2673 2670/2670/2670
f 2670/2670/2670 2673/2673/2673 2671/2671/2671
f 2673/2673/2673 2672/2672/2672 2674/2674/2674
f 2674/2674/2674 2672/2672/2672 2675/2675/2675
f 2676/2676/2676 2674/2674/2674 2677/2677/2677
f 2677/2677/2677 2674/2674/2674 2675/2675/2675
f 2677/2677/2677 2678/2678/2678 2676/2676/2676
f 2676/2676/2676 2678/2678/2678 2679/2679/2679
f 2680/2680/2680 2679/2679/2679 2681/2681/2681
f 2681/2681/2681 2679/2679/2679 2678/2678/2678
f 2682/2682/2682 2683/2683/2683 2684/2684/2684
f 2685/2685/2685 2686/2686/2686 2687/2687/2687
f 2686/2686/2686 2688/2688/2688 2687/2687/2687
f 2687/2687/2687 2688/2688/2688 2689/2689/2689
f 2690/2690/2690 2691/2691/2691 2692/2692/2692
f 2692/2692/2692 2691/2691/2691 2693/2693/2693
f 2688/2688/2688 2693/2693/2693 2689/2689/2689
f 2689/2689/2689 2693/2693/2693 2691/2691/2691
f 2692/2692/2692 2694/2694/2694 2690/2690/2690
f 2690/2690/2690 2694/2694/2694 2695/2695/2695
f 2694/2694/2694 2696/2696/2696 2695/2695/2695
f 2695/2695/2695 2696/2696/2696 2697/2697/2697
f 2698/2698/2698 2699/2699/2699 2700/2700/2700
f 2700/2700/2700 2699/2699/2699 2701/2701/2701
f 2699/2699/2699 2702/2702/2702 2701/2701/2701
f 2701/2701/2701 2702/2702/2702 2703/2703/2703
f 2704/2704/2704 2705/2705/2705 2702/2702/2702
f 2702/2702/2702 2705/2705/2705 2703/2703/2703
f 2706/2706/2706 2707/2707/2707 2704/2704/2704
f 2704/2704/2704 2707/2707/2707 2705/2705/2705
f 2708/2708/2708 2709/2709/2709 2706/2706/2706
f 2706/2706/2706 2709/2709/2709 2707/2707/2707
f 2710/2710/2710 2711/2711/2711 2708/2708/2708
f 2708/2708/2708 2711/2711/2711 2709/2709/2709
f 2712/2712/2712 2713/2713/2713 2710/2710/2710
f 2710/2710/2710 2713/2713/2713 2711/2711/2711
f 2712/2712/2712 2714/2714/2714 2713/2713/2713
f 2713/2713/2713 2714/2714/2714 2715/2715/2715
f 2714/2714/2714 2716/2716/2716 2715/2715/2715
f 2715/2715/2715 2716/2716/2716 2717/2717/2717
f 2716/2716/2716 2655/2655/2655 2717/2717/2717
f 2717/2717/2717 2655/2655/2655 2654/2654/2654
f 2681/2681/2681 2718/2718/2718 2680/2680/2680
f 2680/2680/2680 2718/2718/2718 2719/2719/2719
f 2720/2720/2720 2721/2721/2721 2722/2722/2722
f 2722/2722/2722 2721/2721/2721 2723/2723/2723
f 2724/2724/2724 2720/2720/2720 2725/2725/2725
f 2725/2725/2725 2720/2720/2720 2722/2722/2722
f 2725/2725/2725 2726/2726/2726 2724/2724/2724
f 2724/2724/2724 2726/2726/2726 2727/2727/2727
f 2726/2726/2726 2728/2728/2728 2727/2727/2727
f 2727/2727/2727 2728/2728/2728 2729/2729/2729
f 2728/2728/2728 2730/2730/2730 2729/2729/2729
f 2729/2729/2729 2730/2730/2730 2731/2731/2731
f 2730/2730/2730 2732/2732/2732 2731/2731/2731
f 2731/2731/2731 2732/2732/2732 2733/2733/2733
f 2734/2734/2734 2735/2735/2735 2732/2732/2732
f 2732/2732/2732 2735/2735/2735 2733/2733/2733
f 2736/2736/2736 2737/2737/2737 2734/2734/2734
f 2734/2734/2734 2737/2737/2737 2735/2735/2735
f 2737/2737/2737 2736/2736/2736 2738/2738/2738
f 2738/2738/2738 2736/2736/2736 2739/2739/2739
f 2740/2740/2740 2741/2741/2741 2739/2739/2739
f 2739/2739/2739 2741/2741/2741 2738/2738/2738
f 2741/2741/2741 2740/2740/2740 2742/2742/2742
f 2742/2742/2742 2740/2740/2740 2743/2743/2743
f 2744/2744/2744 2745/2745/2745 2743/2743/2743
f 2743/2743/2743 2745/2745/2745 2742/2742/2742
f 2746/2746/2746 2745/2745/2745 2747/2747/2747
f 2747/2747/2747 2745/2745/2745 2744/2744/2744
f 2747/2747/2747 2748/2748/2748 2746/2746/2746
f 2746/2746/2746 2748/2748/2748 2749/2749/2749
f 2748/2748/2748 2750/2750/2750 2749/2749/2749
f 2749/2749/2749 2750/2750/2750 2751/2751/2751
f 2752/2752/2752 2751/2751/2751 2753/2753/2753
f 2753/2753/2753 2751/2751/2751 2750/2750/2750
f 2754/2754/2754 2755/2755/2755 2756/2756/2756
f 2756/2756/2756 2755/2755/2755 2757/2757/2757
f 2758/2758/2758 2754/2754/2754 2759/2759/2759
f 2759/2759/2759 2754/2754/2754 2756/2756/2756
f 2723/2723/2723 2721/2721/2721 2760/2760/2760
f 2760/2760/2760 2721/2721/2721 2761/2761/2761
f 2760/2760/2760 2761/2761/2761 2762/2762/2762
f 2762/2762/2762 2761/2761/2761 2763/2763/2763
f 2763/2763/2763 2764/2764/2764 2762/2762/2762
f 2762/2762/2762 2764/2764/2764 2765/2765/2765
f 2765/2765/2765 2764/2764/2764 2766/2766/2766
f 2766/2766/2766 2764/2764/2764 2767/2767/2767
f 2766/2766/2766 2767/2767/2767 2768/2768/2768
f 2768/2768/2768 2767/2767/2767 2769/2769/2769
f 2770/2770/2770 2771/2771/2771 2769/2769/2769
f 2769/2769/2769 2771/2771/2771 2768/2768/2768
f 2771/2771/2771 2770/2770/2770 2772/2772/2772
f 2772/2772/2772 2770/2770/2770 2773/2773/2773
f 2772/2772/2772 2773/2773/2773 2774/2774/2774
f 2774/2774/2774 2773/2773/2773 2775/2775/2775
f 2774/2774/2774 2775/2775/2775 2776/2776/2776
f 2776/2776/2776 2775/2775/2775 2777/2777/2777
f 2778/2778/2778 2776/2776/2776 2779/2779/2779
f 2779/2779/2779 2776/2776/2776 2777/2777/2777
f 2779/2779/2779 2780/2780/2780 2778/2778/2778
f 2778/2778/2778 2780/2780/2780 2781/2781/2781
f 2782/2782/2782 2781/2781/2781 2783/2783/2783
f 2783/2783/2783 2781/2781/2781 2780/2780/2780
f 2784/2784/2784 2785/2785/2785 2786/2786/2786
f 2786/2786/2786 2785/2785/2785 2787/2787/2787
f 2759/2759/2759 2787/2787/2787 2758/2758/2758
f 2758/2758/2758 2787/2787/2787 2785/2785/2785
f 2753/2753/2753 2757/2757/2757 2752/2752/2752
f 2752/2752/2752 2757/2757/2757 2755/2755/2755
f 2788/2788/2788 2751/2751/2751 2789/2789/2789
f 2789/2789/2789 2751/2751/2751 2752/2752/2752
f 2752/2752/2752 2755/2755/2755 2789/2789/2789
f 2789/2789/2789 2755/2755/2755 2790/2790/2790
f 2790/2790/2790 2755/2755/2755 2791/2791/2791
f 2791/2791/2791 2755/2755/2755 2754/2754/2754
f 2791/2791/2791 2754/2754/2754 2792/2792/2792
f 2792/2792/2792 2754/2754/2754 2758/2758/2758
f 2792/2792/2792 2758/2758/2758 2793/2793/2793
f 2793/2793/2793 2758/2758/2758 2785/2785/2785
f 2784/2784/2784 2794/2794/2794 2785/2785/2785
f 2785/2785/2785 2794/2794/2794 2793/2793/2793
f 2783/2783/2783 2795/2795/2795 2784/2784/2784
f 2784/2784/2784 2795/2795/2795 2794/2794/2794
f 2751/2751/2751 2788/2788/2788 2749/2749/2749
f 2749/2749/2749 2788/2788/2788 2796/2796/2796
f 2746/2746/2746 2749/2749/2749 2797/2797/2797
f 2797/2797/2797 2749/2749/2749 2796/2796/2796
f 2797/2797/2797 2798/2798/2798 2746/2746/2746
f 2746/2746/2746 2798/2798/2798 2745/2745/2745
f 2742/2742/2742 2745/2745/2745 2799/2799/2799
f 2799/2799/2799 2745/2745/2745 2798/2798/2798
f 2799/2799/2799 2800/2800/2800 2742/2742/2742
f 2742/2742/2742 2800/2800/2800 2741/2741/2741
f 2800/2800/2800 2801/2801/2801 2741/2741/2741
f 2741/2741/2741 2801/2801/2801 2738/2738/2738
f 2802/2802/2802 2737/2737/2737 2801/2801/2801
f 2801/2801/2801 2737/2737/2737 2738/2738/2738
f 2803/2803/2803 2735/2735/2735 2802/2802/2802
f 2802/2802/2802 2735/2735/2735 2737/2737/2737
f 2804/2804/2804 2733/2733/2733 2803/2803/2803
f 2803/2803/2803 2733/2733/2733 2735/2735/2735
f 2731/2731/2731 2733/2733/2733 2805/2805/2805
f 2805/2805/2805 2733/2733/2733 2804/2804/2804
f 2729/2729/2729 2731/2731/2731 2806/2806/2806
f 2806/2806/2806 2731/2731/2731 2805/2805/2805
f 2727/2727/2727 2729/2729/2729 2807/2807/2807
f 2807/2807/2807 2729/2729/2729 2806/2806/2806
f 2724/2724/2724 2727/2727/2727 2808/2808/2808
f 2808/2808/2808 2727/2727/2727 2807/2807/2807
f 2808/2808/2808 2809/2809/2809 2724/2724/2724
f 2724/2724/2724 2809/2809/2809 2720/2720/2720
f 2721/2721/2721 2720/2720/2720 2810/2810/2810
f 2810/2810/2810 2720/2720/2720 2809/2809/2809
f 2761/2761/2761 2721/2721/2721 2811/2811/2811
f 2811/2811/2811 2721/2721/2721 2810/2810/2810
f 2761/2761/2761 2811/2811/2811 2763/2763/2763
f 2763/2763/2763 2811/2811/2811 2812/2812/2812
f 2813/2813/2813 2764/2764/2764 2812/2812/2812
f 2812/2812/2812 2764/2764/2764 2763/2763/2763
f 2814/2814/2814 2767/2767/2767 2813/2813/2813
f 2813/2813/2813 2767/2767/2767 2764/2764/2764
f 2815/2815/2815 2780/2780/2780 2816/2816/2816
f 2816/2816/2816 2780/2780/2780 2779/2779/2779
f 2817/2817/2817 2816/2816/2816 2777/2777/2777
f 2777/2777/2777 2816/2816/2816 2779/2779/2779
f 2817/2817/2817 2777/2777/2777 2818/2818/2818
f 2818/2818/2818 2777/2777/2777 2775/2775/2775
f 2773/2773/2773 2819/2819/2819 2775/2775/2775
f 2775/2775/2775 2819/2819/2819 2818/2818/2818
f 2770/2770/2770 2820/2820/2820 2773/2773/2773
f 2773/2773/2773 2820/2820/2820 2819/2819/2819
f 2769/2769/2769 2821/2821/2821 2770/2770/2770
f 2770/2770/2770 2821/2821/2821 2820/2820/2820
f 2821/2821/2821 2769/2769/2769 2814/2814/2814
f 2814/2814/2814 2769/2769/2769 2767/2767/2767
f 2791/2791/2791 2792/2792/2792 2822/2822/2822
f 2822/2822/2822 2792/2792/2792 2793/2793/2793
f 2794/2794/2794 2823/2823/2823 2793/2793/2793
f 2793/2793/2793 2823/2823/2823 2822/2822/2822
f 2795/2795/2795 2824/2824/2824 2794/2794/2794
f 2794/2794/2794 2824/2824/2824 2823/2823/2823
f 2815/2815/2815 2816/2816/2816 2825/2825/2825
f 2825/2825/2825 2816/2816/2816 2826/2826/2826
f 2827/2827/2827 2826/2826/2826 2817/2817/2817
f 2817/2817/2817 2826/2826/2826 2816/2816/2816
f 2817/2817/2817 2818/2818/2818 2827/2827/2827
f 2827/2827/2827 2818/2818/2818 2819/2819/2819
f 2820/2820/2820 2828/2828/2828 2819/2819/2819
f 2819/2819/2819 2828/2828/2828 2827/2827/2827
f 2828/2828/2828 2820/2820/2820 2829/2829/2829
f 2829/2829/2829 2820/2820/2820 2821/2821/2821
f 2789/2789/2789 2790/2790/2790 2822/2822/2822
f 2790/2790/2790 2791/2791/2791 2822/2822/2822
f 2788/2788/2788 2789/2789/2789 2830/2830/2830
f 2830/2830/2830 2789/2789/2789 2822/2822/2822
f 2831/2831/2831 2796/2796/2796 2830/2830/2830
f 2830/2830/2830 2796/2796/2796 2788/2788/2788
f 2832/2832/2832 2797/2797/2797 2831/2831/2831
f 2831/2831/2831 2797/2797/2797 2796/2796/2796
f 2833/2833/2833 2798/2798/2798 2832/2832/2832
f 2832/2832/2832 2798/2798/2798 2797/2797/2797
f 2834/2834/2834 2799/2799/2799 2833/2833/2833
f 2833/2833/2833 2799/2799/2799 2798/2798/2798
f 2799/2799/2799 2834/2834/2834 2800/2800/2800
f 2800/2800/2800 2834/2834/2834 2801/2801/2801
f 2835/2835/2835 2802/2802/2802 2834/2834/2834
f 2834/2834/2834 2802/2802/2802 2801/2801/2801
f 2802/2802/2802 2835/2835/2835 2803/2803/2803
f 2803/2803/2803 2835/2835/2835 2836/2836/2836
f 2837/2837/2837 2804/2804/2804 2836/2836/2836
f 2836/2836/2836 2804/2804/2804 2803/2803/2803
f 2838/2838/2838 2805/2805/2805 2837/2837/2837
f 2837/2837/2837 2805/2805/2805 2804/2804/2804
f 2805/2805/2805 2838/2838/2838 2806/2806/2806
f 2806/2806/2806 2838/2838/2838 2839/2839/2839
f 2808/2808/2808 2807/2807/2807 2839/2839/2839
f 2839/2839/2839 2807/2807/2807 2806/2806/2806
f 2839/2839/2839 2840/2840/2840 2808/2808/2808
f 2808/2808/2808 2840/2840/2840 2809/2809/2809
f 2810/2810/2810 2809/2809/2809 2841/2841/2841
f 2841/2841/2841 2809/2809/2809 2840/2840/2840
f 2811/2811/2811 2810/2810/2810 2842/2842/2842
f 2842/2842/2842 2810/2810/2810 2841/2841/2841
f 2812/2812/2812 2811/2811/2811 2843/2843/2843
f 2843/2843/2843 2811/2811/2811 2842/2842/2842
f 2814/2814/2814 2844/2844/2844 2821/2821/2821
f 2821/2821/2821 2844/2844/2844 2829/2829/2829
f 2844/2844/2844 2814/2814/2814 2845/2845/2845
f 2845/2845/2845 2814/2814/2814 2813/2813/2813
f 2845/2845/2845 2813/2813/2813 2843/2843/2843
f 2843/2843/2843 2813/2813/2813 2812/2812/2812
f 2834/2834/2834 2833/2833/2833 2835/2835/2835
f 2835/2835/2835 2833/2833/2833 2846/2846/2846
f 2847/2847/2847 2836/2836/2836 2846/2846/2846
f 2846/2846/2846 2836/2836/2836 2835/2835/2835
f 2836/2836/2836 2847/2847/2847 2837/2837/2837
f 2837/2837/2837 2847/2847/2847 2848/2848/2848
f 2838/2838/2838 2849/2849/2849 2839/2839/2839
f 2839/2839/2839 2849/2849/2849 2840/2840/2840
f 2837/2837/2837 2848/2848/2848 2838/2838/2838
f 2838/2838/2838 2848/2848/2848 2849/2849/2849
f 2850/2850/2850 2851/2851/2851 2852/2852/2852
f 2852/2852/2852 2851/2851/2851 2853/2853/2853
f 2845/2845/2845 2843/2843/2843 2854/2854/2854
f 2854/2854/2854 2843/2843/2843 2855/2855/2855
f 2845/2845/2845 2854/2854/2854 2844/2844/2844
f 2844/2844/2844 2854/2854/2854 2856/2856/2856
f 2856/2856/2856 2857/2857/2857 2844/2844/2844
f 2844/2844/2844 2857/2857/2857 2829/2829/2829
f 2858/2858/2858 2855/2855/2855 2842/2842/2842
f 2842/2842/2842 2855/2855/2855 2843/2843/2843
f 2849/2849/2849 2859/2859/2859 2840/2840/2840
f 2840/2840/2840 2859/2859/2859 2841/2841/2841
f 2859/2859/2859 2858/2858/2858 2841/2841/2841
f 2841/2841/2841 2858/2858/2858 2842/2842/2842
f 2828/2828/2828 2860/2860/2860 2827/2827/2827
f 2827/2827/2827 2860/2860/2860 2826/2826/2826
f 2860/2860/2860 2828/2828/2828 2857/2857/2857
f 2857/2857/2857 2828/2828/2828 2829/2829/2829
f 2826/2826/2826 2856/2856/2856 2825/2825/2825
f 2825/2825/2825 2856/2856/2856 2861/2861/2861
f 2859/2859/2859 2849/2849/2849 2851/2851/2851
f 2851/2851/2851 2849/2849/2849 2848/2848/2848
f 2824/2824/2824 2862/2862/2862 2823/2823/2823
f 2823/2823/2823 2862/2862/2862 2863/2863/2863
f 2852/2852/2852 2853/2853/2853 2864/2864/2864
f 2864/2864/2864 2853/2853/2853 2865/2865/2865
f 2795/2795/2795 2783/2783/2783 2815/2815/2815
f 2815/2815/2815 2783/2783/2783 2780/2780/2780
f 2847/2847/2847 2853/2853/2853 2848/2848/2848
f 2848/2848/2848 2853/2853/2853 2851/2851/2851
f 2864/2864/2864 2865/2865/2865 2831/2831/2831
f 2831/2831/2831 2865/2865/2865 2832/2832/2832
f 2846/2846/2846 2865/2865/2865 2847/2847/2847
f 2847/2847/2847 2865/2865/2865 2853/2853/2853
f 2833/2833/2833 2832/2832/2832 2846/2846/2846
f 2846/2846/2846 2832/2832/2832 2865/2865/2865
f 2863/2863/2863 2864/2864/2864 2830/2830/2830
f 2830/2830/2830 2864/2864/2864 2831/2831/2831
f 2823/2823/2823 2863/2863/2863 2822/2822/2822
f 2822/2822/2822 2863/2863/2863 2830/2830/2830
f 2857/2857/2857 2856/2856/2856 2860/2860/2860
f 2860/2860/2860 2856/2856/2856 2826/2826/2826
f 2851/2851/2851 2850/2850/2850 2859/2859/2859
f 2859/2859/2859 2850/2850/2850 2858/2858/2858
f 2854/2854/2854 2855/2855/2855 2866/2866/2866
f 2866/2866/2866 2855/2855/2855 2867/2867/2867
f 2855/2855/2855 2858/2858/2858 2867/2867/2867
f 2867/2867/2867 2858/2858/2858 2850/2850/2850
f 2854/2854/2854 2866/2866/2866 2856/2856/2856
f 2856/2856/2856 2866/2866/2866 2861/2861/2861
f 2866/2866/2866 2867/2867/2867 2861/2861/2861
f 2861/2861/2861 2867/2867/2867 2850/2850/2850
f 2783/2783/2783 2784/2784/2784 2782/2782/2782
f 2782/2782/2782 2784/2784/2784 2786/2786/2786
f 2824/2824/2824 2795/2795/2795 2825/2825/2825
f 2825/2825/2825 2795/2795/2795 2815/2815/2815
f 2862/2862/2862 2824/2824/2824 2861/2861/2861
f 2861/2861/2861 2824/2824/2824 2825/2825/2825
f 2852/2852/2852 2862/2862/2862 2850/2850/2850
f 2850/2850/2850 2862/2862/2862 2861/2861/2861
f 2864/2864/2864 2863/2863/2863 2852/2852/2852
f 2852/2852/2852 2863/2863/2863 2862/2862/2862
f 2868/2868/2868 2869/2869/2869 2870/2870/2870
f 2868/2868/2868 2870/2870/2870 2871/2871/2871
f 2868/2868/2868 2871/2871/2871 2872/2872/2872
f 2868/2868/2868 2872/2872/2872 2873/2873/2873
f 2868/2868/2868 2873/2873/2873 2874/2874/2874
f 2868/2868/2868 2874/2874/2874 2875/2875/2875
f 2868/2868/2868 2875/2875/2875 2876/2876/2876
f 2868/2868/2868 2876/2876/2876 2877/2877/2877
f 2868/2868/2868 2877/2877/2877 2878/2878/2878
f 2868/2868/2868 2878/2878/2878 2879/2879/2879
f 2868/2868/2868 2879/2879/2879 2880/2880/2880
f 2868/2868/2868 2880/2880/2880 2881/2881/2881
f 2868/2868/2868 2881/2881/2881 2882/2882/2882
f 2868/2868/2868 2882/2882/2882 2883/2883/2883
f 2868/2868/2868 2883/2883/2883 2884/2884/2884
f 2868/2868/2868 2884/2884/2884 2885/2885/2885
f 2868/2868/2868 2885/2885/2885 2886/2886/2886
f 2868/2868/2868 2886/2886/2886 2887/2887/2887
f 2868/2868/2868 2887/2887/2887 2888/2888/2888
f 2868/2868/2868 2888/2888/2888 2889/2889/2889
f 2868/2868/2868 2889/2889/2889 2890/2890/2890
f 2868/2868/2868 2890/2890/2890 2891/2891/2891
f 2868/2868/2868 2891/2891/2891 2892/2892/2892
f 2868/2868/2868 2892/2892/2892 2893/2893/2893
f 2868/2868/2868 2893/2893/2893 2894/2894/2894
f 2868/2868/2868 2894/2894/2894 2895/2895/2895
f 2868/2868/2868 2895/2895/2895 2896/2896/2896
f 2868/2868/2868 2896/2896/2896 2897/2897/2897
f 2868/2868/2868 2897/2897/2897 2898/2898/2898
f 2868/2868/2868 2898/2898/2898 2899/2899/2899
f 2868/2868/2868 2899/2899/2899 2900/2900/2900
f 2868/2868/2868 2900/2900/2900 2901/2901/2901
f 2868/2868/2868 2901/2901/2901 2902/2902/2902
f 2868/2868/2868 2902/2902/2902 2903/2903/2903
f 2868/2868/2868 2903/2903/2903 2904/2904/2904
f 2868/2868/2868 2904/2904/2904 2869/2869/2869
f 2905/2905/2905 2906/2906/2906 2903/2903/2903
f 2903/2903/2903 2906/2906/2906 2904/2904/2904
f 2907/2907/2907 2905/2905/2905 2902/2902/2902
f 2902/2902/2902 2905/2905/2905 2903/2903/2903
f 2906/2906/2906 2908/2908/2908 2904/2904/2904
f 2904/2904/2904 2908/2908/2908 2869/2869/2869
f 2869/2869/2869 2908/2908/2908 2870/2870/2870
f 2870/2870/2870 2908/2908/2908 2909/2909/2909
f 2910/2910/2910 2871/2871/2871 2909/2909/2909
f 2909/2909/2909 2871/2871/2871 2870/2870/2870
f 2872/2872/2872 2871/2871/2871 2911/2911/2911
f 2911/2911/2911 2871/2871/2871 2910/2910/2910
f 2873/2873/2873 2872/2872/2872 2912/2912/2912
f 2912/2912/2912 2872/2872/2872 2911/2911/2911
f 2913/2913/2913 2874/2874/2874 2912/2912/2912
f 2912/2912/2912 2874/2874/2874 2873/2873/2873
f 2874/2874/2874 2913/2913/2913 2875/2875/2875
f 2875/2875/2875 2913/2913/2913 2914/2914/2914
f 2875/2875/2875 2914/2914/2914 2876/2876/2876
f 2876/2876/2876 2914/2914/2914 2915/2915/2915
f 2876/2876/2876 2915/2915/2915 2877/2877/2877
f 2877/2877/2877 2915/2915/2915 2916/2916/2916
f 2917/2917/2917 2878/2878/2878 2916/2916/2916
f 2916/2916/2916 2878/2878/2878 2877/2877/2877
f 2878/2878/2878 2917/2917/2917 2879/2879/2879
f 2879/2879/2879 2917/2917/2917 2918/2918/2918
f 2880/2880/2880 2879/2879/2879 2919/2919/2919
f 2919/2919/2919 2879/2879/2879 2918/2918/2918
f 2881/2881/2881 2880/2880/2880 2920/2920/2920
f 2920/2920/2920 2880/2880/2880 2919/2919/2919
f 2920/2920/2920 2921/2921/2921 2881/2881/2881
f 2881/2881/2881 2921/2921/2921 2882/2882/2882
f 2883/2883/2883 2882/2882/2882 2922/2922/2922
f 2922/2922/2922 2882/2882/2882 2921/2921/2921
f 2922/2922/2922 2923/2923/2923 2883/2883/2883
f 2883/2883/2883 2923/2923/2923 2884/2884/2884
f 2885/2885/2885 2884/2884/2884 2924/2924/2924
f 2924/2924/2924 2884/2884/2884 2923/2923/2923
f 2886/2886/2886 2885/2885/2885 2925/2925/2925
f 2925/2925/2925 2885/2885/2885 2924/2924/2924
f 2925/2925/2925 2926/2926/2926 2886/2886/2886
f 2886/2886/2886 2926/2926/2926 2887/2887/2887
f 2888/2888/2888 2887/2887/2887 2927/2927/2927
f 2927/2927/2927 2887/2887/2887 2926/2926/2926
f 2927/2927/2927 2928/2928/2928 2888/2888/2888
f 2888/2888/2888 2928/2928/2928 2889/2889/2889
f 2928/2928/2928 2929/2929/2929 2889/2889/2889
f 2889/2889/2889 2929/2929/2929 2890/2890/2890
f 2891/2891/2891 2890/2890/2890 2930/2930/2930
f 2930/2930/2930 2890/2890/2890 2929/2929/2929
f 2892/2892/2892 2891/2891/2891 2931/2931/2931
f 2931/2931/2931 2891/2891/2891 2930/2930/2930
f 2895/2895/2895 2894/2894/2894 2932/2932/2932
f 2932/2932/2932 2894/2894/2894 2933/2933/2933
f 2934/2934/2934 2933/2933/2933 2893/2893/2893
f 2893/2893/2893 2933/2933/2933 2894/2894/2894
f 2931/2931/2931 2934/2934/2934 2892/2892/2892
f 2892/2892/2892 2934/2934/2934 2893/2893/2893
f 2932/2932/2932 2935/2935/2935 2895/2895/2895
f 2895/2895/2895 2935/2935/2935 2896/2896/2896
f 2935/2935/2935 2936/2936/2936 2896/2896/2896
f 2896/2896/2896 2936/2936/2936 2897/2897/2897
f 2936/2936/2936 2937/2937/2937 2897/2897/2897
f 2897/2897/2897 2937/2937/2937 2898/2898/2898
f 2899/2899/2899 2898/2898/2898 2938/2938/2938
f 2938/2938/2938 2898/2898/2898 2937/2937/2937
f 2899/2899/2899 2938/2938/2938 2900/2900/2900
f 2900/2900/2900 2938/2938/2938 2939/2939/2939
f 2900/2900/2900 2939/2939/2939 2901/2901/2901
f 2901/2901/2901 2939/2939/2939 2940/2940/2940
f 2940/2940/2940 2907/2907/2907 2901/2901/2901
f 2901/2901/2901 2907/2907/2907 2902/2902/2902
f 2941/2941/2941 2942/2942/2942 2943/2943/2943
f 2943/2943/2943 2942/2942/2942 2944/2944/2944
f 2943/2943/2943 2944/2944/2944 2945/2945/2945
f 2945/2945/2945 2944/2944/2944 2946/2946/2946
f 2945/2945/2945 2946/2946/2946 2947/2947/2947
f 2947/2947/2947 2946/2946/2946 2948/2948/2948
f 2947/2947/2947 2948/2948/2948 2949/2949/2949
f 2949/2949/2949 2948/2948/2948 2950/2950/2950
f 2949/2949/2949 2950/2950/2950 2951/2951/2951
f 2951/2951/2951 2950/2950/2950 2952/2952/2952
f 2951/2951/2951 2952/2952/2952 2953/2953/2953
f 2953/2953/2953 2952/2952/2952 2954/2954/2954
f 2953/2953/2953 2954/2954/2954 2955/2955/2955
f 2955/2955/2955 2954/2954/2954 2956/2956/2956
f 2955/2955/2955 2956/2956/2956 2957/2957/2957
f 2957/2957/2957 2956/2956/2956 2958/2958/2958
f 2957/2957/2957 2958/2958/2958 2959/2959/2959
f 2959/2959/2959 2958/2958/2958 2960/2960/2960
f 2959/2959/2959 2960/2960/2960 2961/2961/2961
f 2961/2961/2961 2960/2960/2960 2962/2962/2962
f 2961/2961/2961 2962/2962/2962 2963/2963/2963
f 2963/2963/2963 2962/2962/2962 2964/2964/2964
f 2963/2963/2963 2964/2964/2964 2965/2965/2965
f 2965/2965/2965 2964/2964/2964 2966/2966/2966
f 2965/2965/2965 2966/2966/2966 2967/2967/2967
f 2967/2967/2967 2966/2966/2966 2968/2968/2968
f 2967/2967/2967 2968/2968/2968 2969/2969/2969
f 2969/2969/2969 2968/2968/2968 2970/2970/2970
f 2969/2969/2969 2970/2970/2970 2971/2971/2971
f 2971/2971/2971 2970/2970/2970 2972/2972/2972
f 2971/2971/2971 2972/2972/2972 2973/2973/2973
f 2973/2973/2973 2972/2972/2972 2974/2974/2974
f 2973/2973/2973 2974/2974/2974 2975/2975/2975
f 2975/2975/2975 2974/2974/2974 2976/2976/2976
f 2977/2977/2977 2975/2975/2975 2978/2978/2978
f 2978/2978/2978 2975/2975/2975 2976/2976/2976
f 2979/2979/2979 2977/2977/2977 2980/2980/2980
f 2980/2980/2980 2977/2977/2977 2978/2978/2978
f 2981/2981/2981 2979/2979/2979 2982/2982/2982
f 2982/2982/2982 2979/2979/2979 2980/2980/2980
f 2983/2983/2983 2981/2981/2981 2984/2984/2984
f 2984/2984/2984 2981/2981/2981 2982/2982/2982
f 2985/2985/2985 2983/2983/2983 2986/2986/2986
f 2986/2986/2986 2983/2983/2983 2984/2984/2984
f 2987/2987/2987 2985/2985/2985 2988/2988/2988
f 2988/2988/2988 2985/2985/2985 2986/2986/2986
f 2989/2989/2989 2987/2987/2987 2990/2990/2990
f 2990/2990/2990 2987/2987/2987 2988/2988/2988
f 2991/2991/2991 2989/2989/2989 2992/2992/2992
f 2992/2992/2992 2989/2989/2989 2990/2990/2990
f 2993/2993/2993 2991/2991/2991 2994/2994/2994
f 2994/2994/2994 2991/2991/2991 2992/2992/2992
f 2995/2995/2995 2993/2993/2993 2996/2996/2996
f 2996/2996/2996 2993/2993/2993 2994/2994/2994
f 2997/2997/2997 2995/2995/2995 2998/2998/2998
f 2998/2998/2998 2995/2995/2995 2996/2996/2996
f 2999/2999/2999 2997/2997/2997 3000/3000/3000
f 3000/3000/3000 2997/2997/2997 2998/2998/2998
f 3001/3001/3001 2999/2999/2999 3002/3002/3002
f 3002/3002/3002 2999/2999/2999 3000/3000/3000
f 3003/3003/3003 3001/3001/3001 3004/3004/3004
f 3004/3004/3004 3001/3001/3001 3002/3002/3002
f 3005/3005/3005 3003/3003/3003 3006/3006/3006
f 3006/3006/3006 3003/3003/3003 3004/3004/3004
f 3007/3007/3007 3005/3005/3005 3008/3008/3008
f 3008/3008/3008 3005/3005/3005 3006/3006/3006
f 3009/3009/3009 3007/3007/3007 3010/3010/3010
f 3010/3010/3010 3007/3007/3007 3008/3008/3008
f 3010/3010/3010 3011/3011/3011 3009/3009/3009
f 3009/3009/3009 3011/3011/3011 3012/3012/3012
f 2941/2941/2941 3013/3013/3013 2942/2942/2942
f 2942/2942/2942 3013/3013/3013 3014/3014/3014
f 3015/3015/3015 3016/3016/3016 3017/3017/3017
f 3017/3017/3017 3016/3016/3016 3018/3018/3018
f 3019/3019/3019 3020/3020/3020 3021/3021/3021
f 3021/3021/3021 3020/3020/3020 3022/3022/3022
f 3023/3023/3023 3018/3018/3018 3024/3024/3024
f 3024/3024/3024 3018/3018/3018 3016/3016/3016
f 3025/3025/3025 3026/3026/3026 3024/3024/3024
f 3024/3024/3024 3026/3026/3026 3023/3023/3023
f 3027/3027/3027 3028/3028/3028 3025/3025/3025
f 3025/3025/3025 3028/3028/3028 3026/3026/3026
f 3029/3029/3029 3030/3030/3030 3027/3027/3027
f 3027/3027/3027 3030/3030/3030 3028/3028/3028
f 3031/3031/3031 3032/3032/3032 3029/3029/3029
f 3029/3029/3029 3032/3032/3032 3030/3030/3030
f 3033/3033/3033 3034/3034/3034 3031/3031/3031
f 3031/3031/3031 3034/3034/3034 3032/3032/3032
f 3035/3035/3035 3036/3036/3036 3033/3033/3033
f 3033/3033/3033 3036/3036/3036 3034/3034/3034
f 3037/3037/3037 3038/3038/3038 3035/3035/3035
f 3035/3035/3035 3038/3038/3038 3036/3036/3036
f 3039/3039/3039 3040/3040/3040 3037/3037/3037
f 3037/3037/3037 3040/3040/3040 3038/3038/3038
f 3041/3041/3041 3042/3042/3042 3039/3039/3039
f 3039/3039/3039 3042/3042/3042 3040/3040/3040
f 3043/3043/3043 3044/3044/3044 3041/3041/3041
f 3041/3041/3041 3044/3044/3044 3042/3042/3042
f 3045/3045/3045 3046/3046/3046 3043/3043/3043
f 3043/3043/3043 3046/3046/3046 3044/3044/3044
f 3047/3047/3047 3048/3048/3048 3045/3045/3045
f 3045/3045/3045 3048/3048/3048 3046/3046/3046
f 3049/3049/3049 3050/3050/3050 3047/3047/3047
f 3047/3047/3047 3050/3050/3050 3048/3048/3048
f 3051/3051/3051 3052/3052/3052 3049/3049/3049
f 3049/3049/3049 3052/3052/3052 3050/3050/3050
f 3053/3053/3053 3054/3054/3054 3051/3051/3051
f 3051/3051/3051 3054/3054/3054 3052/3052/3052
f 3055/3055/3055 3056/3056/3056 3053/3053/3053
f 3053/3053/3053 3056/3056/3056 3054/3054/3054
f 3057/3057/3057 3058/3058/3058 3055/3055/3055
f 3055/3055/3055 3058/3058/3058 3056/3056/3056
f 3059/3059/3059 3060/3060/3060 3057/3057/3057
f 3057/3057/3057 3060/3060/3060 3058/3058/3058
f 3061/3061/3061 3062/3062/3062 3059/3059/3059
f 3059/3059/3059 3062/3062/3062 3060/3060/3060
f 3063/3063/3063 3062/3062/3062 3064/3064/3064
f 3064/3064/3064 3062/3062/3062 3061/3061/3061
f 3065/3065/3065 3063/3063/3063 3066/3066/3066
f 3066/3066/3066 3063/3063/3063 3064/3064/3064
f 3067/3067/3067 3065/3065/3065 3068/3068/3068
f 3068/3068/3068 3065/3065/3065 3066/3066/3066
f 3069/3069/3069 3067/3067/3067 3070/3070/3070
f 3070/3070/3070 3067/3067/3067 3068/3068/3068
f 3071/3071/3071 3069/3069/3069 3072/3072/3072
f 3072/3072/3072 3069/3069/3069 3070/3070/3070
f 3073/3073/3073 3071/3071/3071 3074/3074/3074
f 3074/3074/3074 3071/3071/3071 3072/3072/3072
f 3075/3075/3075 3073/3073/3073 3076/3076/3076
f 3076/3076/3076 3073/3073/3073 3074/3074/3074
f 3077/3077/3077 3075/3075/3075 3078/3078/3078
f 3078/3078/3078 3075/3075/3075 3076/3076/3076
f 3079/3079/3079 3077/3077/3077 3080/3080/3080
f 3080/3080/3080 3077/3077/3077 3078/3078/3078
f 3081/3081/3081 3079/3079/3079 3082/3082/3082
f 3082/3082/3082 3079/3079/3079 3080/3080/3080
f 3083/3083/3083 3081/3081/3081 3084/3084/3084
f 3084/3084/3084 3081/3081/3081 3082/3082/3082
f 3085/3085/3085 3083/3083/3083 3086/3086/3086
f 3086/3086/3086 3083/3083/3083 3084/3084/3084
f 3087/3087/3087 3085/3085/3085 3088/3088/3088
f 3088/3088/3088 3085/3085/3085 3086/3086/3086
f 3020/3020/3020 3087/3087/3087 3022/3022/3022
f 3022/3022/3022 3087/3087/3087 3088/3088/3088
f 3089/3089/3089 3090/3090/3090 3091/3091/3091
f 3091/3091/3091 3090/3090/3090 3092/3092/3092
f 3093/3093/3093 3094/3094/3094 3089/3089/3089
f 3089/3089/3089 3094/3094/3094 3090/3090/3090
f 3093/3093/3093 3095/3095/3095 3094/3094/3094
f 3094/3094/3094 3095/3095/3095 3096/3096/3096
f 3095/3095/3095 3097/3097/3097 3096/3096/3096
f 3096/3096/3096 3097/3097/3097 3098/3098/3098
f 3091/3091/3091 3092/3092/3092 3099/3099/3099
f 3099/3099/3099 3092/3092/3092 3100/3100/3100
f 3100/3100/3100 3101/3101/3101 3099/3099/3099
f 3099/3099/3099 3101/3101/3101 3102/3102/3102
f 3103/3103/3103 3104/3104/3104 3101/3101/3101
f 3101/3101/3101 3104/3104/3104 3102/3102/3102
f 3103/3103/3103 3105/3105/3105 3104/3104/3104
f 3104/3104/3104 3105/3105/3105 3106/3106/3106
f 3105/3105/3105 3107/3107/3107 3106/3106/3106
f 3106/3106/3106 3107/3107/3107 3108/3108/3108
f 3107/3107/3107 3109/3109/3109 3108/3108/3108
f 3108/3108/3108 3109/3109/3109 3110/3110/3110
f 3111/3111/3111 3110/3110/3110 3112/3112/3112
f 3112/3112/3112 3110/3110/3110 3109/3109/3109
f 3112/3112/3112 3113/3113/3113 3111/3111/3111
f 3111/3111/3111 3113/3113/3113 3114/3114/3114
f 3115/3115/3115 3116/3116/3116 3113/3113/3113
f 3113/3113/3113 3116/3116/3116 3114/3114/3114
f 3116/3116/3116 3115/3115/3115 3117/3117/3117
f 3117/3117/3117 3115/3115/3115 3118/3118/3118
f 3119/3119/3119 3120/3120/3120 3118/3118/3118
f 3118/3118/3118 3120/3120/3120 3117/3117/3117
f 3121/3121/3121 3120/3120/3120 3122/3122/3122
f 3122/3122/3122 3120/3120/3120 3119/3119/3119
f 3123/3123/3123 3124/3124/3124 3122/3122/3122
f 3122/3122/3122 3124/3124/3124 3121/3121/3121
f 3125/3125/3125 3126/3126/3126 3123/3123/3123
f 3123/3123/3123 3126/3126/3126 3124/3124/3124
f 3125/3125/3125 3127/3127/3127 3126/3126/3126
f 3126/3126/3126 3127/3127/3127 3128/3128/3128
f 3127/3127/3127 3129/3129/3129 3128/3128/3128
f 3128/3128/3128 3129/3129/3129 3130/3130/3130
f 3129/3129/3129 3131/3131/3131 3130/3130/3130
f 3130/3130/3130 3131/3131/3131 3132/3132/3132
f 3132/3132/3132 3131/3131/3131 3133/3133/3133
f 3133/3133/3133 3131/3131/3131 3134/3134/3134
f 3135/3135/3135 3133/3133/3133 3136/3136/3136
f 3136/3136/3136 3133/3133/3133 3134/3134/3134
f 3137/3137/3137 3135/3135/3135 3138/3138/3138
f 3138/3138/3138 3135/3135/3135 3136/3136/3136
f 3138/3138/3138 3139/3139/3139 3137/3137/3137
f 3137/3137/3137 3139/3139/3139 3140/3140/3140
f 3141/3141/3141 3142/3142/3142 3139/3139/3139
f 3139/3139/3139 3142/3142/3142 3140/3140/3140
f 3142/3142/3142 3141/3141/3141 3143/3143/3143
f 3143/3143/3143 3141/3141/3141 3144/3144/3144
f 3145/3145/3145 3146/3146/3146 3144/3144/3144
f 3144/3144/3144 3146/3146/3146 3143/3143/3143
f 3145/3145/3145 3147/3147/3147 3146/3146/3146
f 3146/3146/3146 3147/3147/3147 3148/3148/3148
f 3147/3147/3147 3149/3149/3149 3148/3148/3148
f 3148/3148/3148 3149/3149/3149 3150/3150/3150
f 3149/3149/3149 3151/3151/3151 3150/3150/3150
f 3150/3150/3150 3151/3151/3151 3152/3152/3152
f 3153/3153/3153 3152/3152/3152 3154/3154/3154
f 3154/3154/3154 3152/3152/3152 3151/3151/3151
f 3154/3154/3154 3155/3155/3155 3153/3153/3153
f 3153/3153/3153 3155/3155/3155 3156/3156/3156
f 3157/3157/3157 3156/3156/3156 3158/3158/3158
f 3158/3158/3158 3156/3156/3156 3155/3155/3155
f 3159/3159/3159 3157/3157/3157 3160/3160/3160
f 3160/3160/3160 3157/3157/3157 3158/3158/3158
f 3097/3097/3097 3159/3159/3159 3098/3098/3098
f 3098/3098/3098 3159/3159/3159 3160/3160/3160
f 3145/3145/3145 3161/3161/3161 3147/3147/3147
f 3147/3147/3147 3161/3161/3161 3149/3149/3149
f 3149/3149/3149 3161/3161/3161 3151/3151/3151
f 3151/3151/3151 3161/3161/3161 3154/3154/3154
f 3154/3154/3154 3161/3161/3161 3155/3155/3155
f 3155/3155/3155 3161/3161/3161 3158/3158/3158
f 3158/3158/3158 3161/3161/3161 3160/3160/3160
f 3160/3160/3160 3161/3161/3161 3098/3098/3098
f 3098/3098/3098 3161/3161/3161 3096/3096/3096
f 3096/3096/3096 3161/3161/3161 3094/3094/3094
f 3094/3094/3094 3161/3161/3161 3090/3090/3090
f 3090/3090/3090 3161/3161/3161 3092/3092/3092
f 3092/3092/3092 3161/3161/3161 3100/3100/3100
f 3100/3100/3100 3161/3161/3161 3101/3101/3101
f 3101/3101/3101 3161/3161/3161 3103/3103/3103
f 3103/3103/3103 3161/3161/3161 3105/3105/3105
f 3105/3105/3105 3161/3161/3161 3107/3107/3107
f 3107/3107/3107 3161/3161/3161 3109/3109/3109
f 3109/3109/3109 3161/3161/3161 3112/3112/3112
f 3112/3112/3112 3161/3161/3161 3113/3113/3113
f 3113/3113/3113 3161/3161/3161 3115/3115/3115
f 3115/3115/3115 3161/3161/3161 3118/3118/3118
f 3118/3118/3118 3161/3161/3161 3119/3119/3119
f 3119/3119/3119 3161/3161/3161 3122/3122/3122
f 3122/3122/3122 3161/3161/3161 3123/3123/3123
f 3123/3123/3123 3161/3161/3161 3125/3125/3125
f 3125/3125/3125 3161/3161/3161 3127/3127/3127
f 3127/3127/3127 3161/3161/3161 3129/3129/3129
f 3129/3129/3129 3161/3161/3161 3131/3131/3131
f 3131/3131/3131 3161/3161/3161 3134/3134/3134
f 3134/3134/3134 3161/3161/3161 3136/3136/3136
f 3136/3136/3136 3161/3161/3161 3138/3138/3138
f 3138/3138/3138 3161/3161/3161 3139/3139/3139
f 3139/3139/3139 3161/3161/3161 3141/3141/3141
f 3141/3141/3141 3161/3161/3161 3144/3144/3144
f 3144/3144/3144 3161/3161/3161 3145/3145/3145
f 3162/3162/3162 3163/3163/3163 3164/3164/3164
f 3164/3164/3164 3163/3163/3163 3165/3165/3165
f 3166/3166/3166 3167/3167/3167 3168/3168/3168
f 3168/3168/3168 3167/3167/3167 3169/3169/3169
f 3170/3170/3170 3171/3171/3171 3172/3172/3172
f 3172/3172/3172 3171/3171/3171 3173/3173/3173
f 3174/3174/3174 3175/3175/3175 3170/3170/3170
f 3170/3170/3170 3175/3175/3175 3171/3171/3171
f 3176/3176/3176 3177/3177/3177 3178/3178/3178
f 3178/3178/3178 3177/3177/3177 3179/3179/3179
f 3180/3180/3180 3181/3181/3181 3182/3182/3182
f 3182/3182/3182 3181/3181/3181 3183/3183/3183
f 3184/3184/3184 3185/3185/3185 3186/3186/3186
f 3186/3186/3186 3185/3185/3185 3187/3187/3187
f 3186/3186/3186 3187/3187/3187 3188/3188/3188
f 3188/3188/3188 3187/3187/3187 3189/3189/3189
f 3188/3188/3188 3189/3189/3189 3174/3174/3174
f 3174/3174/3174 3189/3189/3189 3175/3175/3175
f 3190/3190/3190 3191/3191/3191 3192/3192/3192
f 3192/3192/3192 3191/3191/3191 3193/3193/3193
f 3194/3194/3194 3195/3195/3195 3196/3196/3196
f 3196/3196/3196 3195/3195/3195 3197/3197/3197
f 3198/3198/3198 3199/3199/3199 3200/3200/3200
f 3200/3200/3200 3199/3199/3199 3201/3201/3201
f 3202/3202/3202 3203/3203/3203 3204/3204/3204
f 3204/3204/3204 3203/3203/3203 3205/3205/3205
f 3202/3202/3202 3206/3206/3206 3203/3203/3203
f 3203/3203/3203 3206/3206/3206 3207/3207/3207
f 3208/3208/3208 3209/3209/3209 3210/3210/3210
f 3210/3210/3210 3209/3209/3209 3211/3211/3211
f 3212/3212/3212 3213/3213/3213 3214/3214/3214
f 3214/3214/3214 3213/3213/3213 3215/3215/3215
f 3216/3216/3216 3217/3217/3217 3218/3218/3218
f 3218/3218/3218 3217/3217/3217 3219/3219/3219
f 3220/3220/3220 3192/3192/3192 3219/3219/3219
f 3219/3219/3219 3192/3192/3192 3218/3218/3218
f 3192/3192/3192 3220/3220/3220 3190/3190/3190
f 3190/3190/3190 3220/3220/3220 3221/3221/3221
f 3222/3222/3222 3223/3223/3223 3224/3224/3224
f 3224/3224/3224 3223/3223/3223 3225/3225/3225
f 3183/3183/3183 3177/3177/3177 3226/3226/3226
f 3226/3226/3226 3177/3177/3177 3227/3227/3227
f 3182/3182/3182 3183/3183/3183 3228/3228/3228
f 3228/3228/3228 3183/3183/3183 3226/3226/3226
f 3229/3229/3229 3182/3182/3182 3230/3230/3230
f 3230/3230/3230 3182/3182/3182 3228/3228/3228
f 3165/3165/3165 3229/3229/3229 3231/3231/3231
f 3231/3231/3231 3229/3229/3229 3230/3230/3230
f 3231/3231/3231 3232/3232/3232 3165/3165/3165
f 3165/3165/3165 3232/3232/3232 3164/3164/3164
f 3167/3167/3167 3166/3166/3166 3233/3233/3233
f 3233/3233/3233 3166/3166/3166 3234/3234/3234
f 3235/3235/3235 3167/3167/3167 3236/3236/3236
f 3236/3236/3236 3167/3167/3167 3233/3233/3233
f 3204/3204/3204 3237/3237/3237 3238/3238/3238
f 3238/3238/3238 3237/3237/3237 3239/3239/3239
f 3240/3240/3240 3202/3202/3202 3238/3238/3238
f 3238/3238/3238 3202/3202/3202 3204/3204/3204
f 3240/3240/3240 3241/3241/3241 3202/3202/3202
f 3202/3202/3202 3241/3241/3241 3206/3206/3206
f 3241/3241/3241 3242/3242/3242 3206/3206/3206
f 3206/3206/3206 3242/3242/3242 3208/3208/3208
f 3242/3242/3242 3243/3243/3243 3208/3208/3208
f 3208/3208/3208 3243/3243/3243 3209/3209/3209
f 3244/3244/3244 3245/3245/3245 3246/3246/3246
f 3246/3246/3246 3245/3245/3245 3215/3215/3215
f 3200/3200/3200 3247/3247/3247 3248/3248/3248
f 3248/3248/3248 3247/3247/3247 3249/3249/3249
f 3248/3248/3248 3250/3250/3250 3200/3200/3200
f 3200/3200/3200 3250/3250/3250 3198/3198/3198
f 3251/3251/3251 3252/3252/3252 3196/3196/3196
f 3196/3196/3196 3252/3252/3252 3194/3194/3194
f 3253/3253/3253 3254/3254/3254 3252/3252/3252
f 3252/3252/3252 3254/3254/3254 3194/3194/3194
f 3170/3170/3170 3255/3255/3255 3174/3174/3174
f 3174/3174/3174 3255/3255/3255 3256/3256/3256
f 3172/3172/3172 3257/3257/3257 3170/3170/3170
f 3170/3170/3170 3257/3257/3257 3255/3255/3255
f 3258/3258/3258 3188/3188/3188 3256/3256/3256
f 3256/3256/3256 3188/3188/3188 3174/3174/3174
f 3188/3188/3188 3258/3258/3258 3186/3186/3186
f 3186/3186/3186 3258/3258/3258 3259/3259/3259
f 3260/3260/3260 3261/3261/3261 3262/3262/3262
f 3262/3262/3262 3261/3261/3261 3184/3184/3184
f 3163/3163/3163 3263/3263/3263 3165/3165/3165
f 3165/3165/3165 3263/3263/3263 3229/3229/3229
f 3254/3254/3254 3264/3264/3264 3194/3194/3194
f 3194/3194/3194 3264/3264/3264 3195/3195/3195
f 3181/3181/3181 3179/3179/3179 3183/3183/3183
f 3183/3183/3183 3179/3179/3179 3177/3177/3177
f 3263/3263/3263 3180/3180/3180 3229/3229/3229
f 3229/3229/3229 3180/3180/3180 3182/3182/3182
f 3261/3261/3261 3265/3265/3265 3184/3184/3184
f 3184/3184/3184 3265/3265/3265 3185/3185/3185
f 3218/3218/3218 3266/3266/3266 3216/3216/3216
f 3216/3216/3216 3266/3266/3266 3267/3267/3267
f 3216/3216/3216 3267/3267/3267 3261/3261/3261
f 3261/3261/3261 3267/3267/3267 3265/3265/3265
f 3192/3192/3192 3193/3193/3193 3218/3218/3218
f 3218/3218/3218 3193/3193/3193 3266/3266/3266
f 3176/3176/3176 3178/3178/3178 3225/3225/3225
f 3225/3225/3225 3178/3178/3178 3268/3268/3268
f 3225/3225/3225 3268/3268/3268 3224/3224/3224
f 3224/3224/3224 3268/3268/3268 3269/3269/3269
f 3224/3224/3224 3269/3269/3269 3190/3190/3190
f 3190/3190/3190 3269/3269/3269 3191/3191/3191
f 3235/3235/3235 3270/3270/3270 3167/3167/3167
f 3167/3167/3167 3270/3270/3270 3169/3169/3169
f 3196/3196/3196 3197/3197/3197 3198/3198/3198
f 3198/3198/3198 3197/3197/3197 3199/3199/3199
f 3204/3204/3204 3205/3205/3205 3237/3237/3237
f 3237/3237/3237 3205/3205/3205 3271/3271/3271
f 3237/3237/3237 3271/3271/3271 3235/3235/3235
f 3235/3235/3235 3271/3271/3271 3270/3270/3270
f 3206/3206/3206 3208/3208/3208 3207/3207/3207
f 3207/3207/3207 3208/3208/3208 3210/3210/3210
f 3272/3272/3272 3211/3211/3211 3246/3246/3246
f 3246/3246/3246 3211/3211/3211 3209/3209/3209
f 3246/3246/3246 3215/3215/3215 3272/3272/3272
f 3272/3272/3272 3215/3215/3215 3213/3213/3213
f 3200/3200/3200 3201/3201/3201 3247/3247/3247
f 3247/3247/3247 3201/3201/3201 3273/3273/3273
f 3214/3214/3214 3247/3247/3247 3212/3212/3212
f 3212/3212/3212 3247/3247/3247 3273/3273/3273
f 3217/3217/3217 3216/3216/3216 3260/3260/3260
f 3260/3260/3260 3216/3216/3216 3261/3261/3261
f 3190/3190/3190 3221/3221/3221 3224/3224/3224
f 3224/3224/3224 3221/3221/3221 3222/3222/3222
f 3176/3176/3176 3225/3225/3225 3274/3274/3274
f 3274/3274/3274 3225/3225/3225 3223/3223/3223
f 3274/3274/3274 3227/3227/3227 3176/3176/3176
f 3176/3176/3176 3227/3227/3227 3177/3177/3177
f 3236/3236/3236 3239/3239/3239 3235/3235/3235
f 3235/3235/3235 3239/3239/3239 3237/3237/3237
f 3246/3246/3246 3209/3209/3209 3244/3244/3244
f 3244/3244/3244 3209/3209/3209 3243/3243/3243
f 3214/3214/3214 3215/3215/3215 3275/3275/3275
f 3275/3275/3275 3215/3215/3215 3245/3245/3245
f 3275/3275/3275 3249/3249/3249 3214/3214/3214
f 3214/3214/3214 3249/3249/3249 3247/3247/3247
f 3196/3196/3196 3198/3198/3198 3251/3251/3251
f 3251/3251/3251 3198/3198/3198 3250/3250/3250
f 3262/3262/3262 3184/3184/3184 3259/3259/3259
f 3259/3259/3259 3184/3184/3184 3186/3186/3186
f 3276/3276/3276 3277/3277/3277 3278/3278/3278
f 3278/3278/3278 3277/3277/3277 3279/3279/3279
f 3280/3280/3280 3281/3281/3281 3282/3282/3282
f 3282/3282/3282 3281/3281/3281 3283/3283/3283
f 3284/3284/3284 3282/3282/3282 3285/3285/3285
f 3285/3285/3285 3282/3282/3282 3286/3286/3286
f 3287/3287/3287 3288/3288/3288 3289/3289/3289
f 3289/3289/3289 3288/3288/3288 3290/3290/3290
f 3291/3291/3291 3292/3292/3292 3289/3289/3289
f 3289/3289/3289 3292/3292/3292 3287/3287/3287
f 3293/3293/3293 3294/3294/3294 3295/3295/3295
f 3295/3295/3295 3294/3294/3294 3296/3296/3296
f 3297/3297/3297 3298/3298/3298 3278/3278/3278
f 3278/3278/3278 3298/3298/3298 3299/3299/3299
f 3300/3300/3300 3298/3298/3298 3301/3301/3301
f 3301/3301/3301 3298/3298/3298 3297/3297/3297
f 3294/3294/3294 3302/3302/3302 3296/3296/3296
f 3296/3296/3296 3302/3302/3302 3303/3303/3303
f 3292/3292/3292 3304/3304/3304 3287/3287/3287
f 3287/3287/3287 3304/3304/3304 3305/3305/3305
f 3305/3305/3305 3306/3306/3306 3287/3287/3287
f 3287/3287/3287 3306/3306/3306 3288/3288/3288
f 3307/3307/3307 3280/3280/3280 3284/3284/3284
f 3284/3284/3284 3280/3280/3280 3282/3282/3282
f 3308/3308/3308 3285/3285/3285 3309/3309/3309
f 3309/3309/3309 3285/3285/3285 3286/3286/3286
f 3310/3310/3310 3290/3290/3290 3308/3308/3308
f 3308/3308/3308 3290/3290/3290 3285/3285/3285
f 3291/3291/3291 3311/3311/3311 3295/3295/3295
f 3295/3295/3295 3311/3311/3311 3312/3312/3312
f 3313/3313/3313 3293/3293/3293 3312/3312/3312
f 3312/3312/3312 3293/3293/3293 3295/3295/3295
f 3278/3278/3278 3299/3299/3299 3276/3276/3276
f 3276/3276/3276 3299/3299/3299 3314/3314/3314
f 3315/3315/3315 3316/3316/3316 3276/3276/3276
f 3276/3276/3276 3316/3316/3316 3277/3277/3277
f 3317/3317/3317 3318/3318/3318 3319/3319/3319
f 3319/3319/3319 3318/3318/3318 3320/3320/3320
f 3317/3317/3317 3319/3319/3319 3321/3321/3321
f 3321/3321/3321 3319/3319/3319 3322/3322/3322
f 3309/3309/3309 3323/3323/3323 3308/3308/3308
f 3308/3308/3308 3323/3323/3323 3324/3324/3324
f 3323/3323/3323 3325/3325/3325 3324/3324/3324
f 3324/3324/3324 3325/3325/3325 3326/3326/3326
f 3327/3327/3327 3310/3310/3310 3324/3324/3324
f 3324/3324/3324 3310/3310/3310 3308/3308/3308
f 3311/3311/3311 3328/3328/3328 3312/3312/3312
f 3312/3312/3312 3328/3328/3328 3329/3329/3329
f 3330/3330/3330 3313/3313/3313 3329/3329/3329
f 3329/3329/3329 3313/3313/3313 3312/3312/3312
f 3331/3331/3331 3315/3315/3315 3314/3314/3314
f 3314/3314/3314 3315/3315/3315 3276/3276/3276
f 3327/3327/3327 3332/3332/3332 3333/3333/3333
f 3333/3333/3333 3332/3332/3332 3334/3334/3334
f 3335/3335/3335 3328/3328/3328 3334/3334/3334
f 3334/3334/3334 3328/3328/3328 3333/3333/3333
f 3336/3336/3336 3330/3330/3330 3337/3337/3337
f 3337/3337/3337 3330/3330/3330 3329/3329/3329
f 3331/3331/3331 3338/3338/3338 3315/3315/3315
f 3315/3315/3315 3338/3338/3338 3339/3339/3339
f 3340/3340/3340 3341/3341/3341 3342/3342/3342
f 3342/3342/3342 3341/3341/3341 3343/3343/3343
f 3325/3325/3325 3344/3344/3344 3326/3326/3326
f 3326/3326/3326 3344/3344/3344 3345/3345/3345
f 3346/3346/3346 3318/3318/3318 3347/3347/3347
f 3347/3347/3347 3318/3318/3318 3348/3348/3348
f 3317/3317/3317 3321/3321/3321 3349/3349/3349
f 3349/3349/3349 3321/3321/3321 3350/3350/3350
f 3351/3351/3351 3352/3352/3352 3321/3321/3321
f 3321/3321/3321 3352/3352/3352 3350/3350/3350
f 3340/3340/3340 3353/3353/3353 3341/3341/3341
f 3341/3341/3341 3353/3353/3353 3354/3354/3354
f 3340/3340/3340 3355/3355/3355 3353/3353/3353
f 3353/3353/3353 3355/3355/3355 3356/3356/3356
f 3326/3326/3326 3345/3345/3345 3332/3332/3332
f 3332/3332/3332 3345/3345/3345 3357/3357/3357
f 3334/3334/3334 3358/3358/3358 3335/3335/3335
f 3335/3335/3335 3358/3358/3358 3359/3359/3359
f 3330/3330/3330 3336/3336/3336 3360/3360/3360
f 3360/3360/3360 3336/3336/3336 3361/3361/3361
f 3330/3330/3330 3360/3360/3360 3313/3313/3313
f 3313/3313/3313 3360/3360/3360 3362/3362/3362
f 3313/3313/3313 3362/3362/3362 3293/3293/3293
f 3293/3293/3293 3362/3362/3362 3363/3363/3363
f 3293/3293/3293 3363/3363/3363 3294/3294/3294
f 3294/3294/3294 3363/3363/3363 3364/3364/3364
f 3302/3302/3302 3294/3294/3294 3365/3365/3365
f 3365/3365/3365 3294/3294/3294 3364/3364/3364
f 3354/3354/3354 3366/3366/3366 3367/3367/3367
f 3367/3367/3367 3366/3366/3366 3368/3368/3368
f 3367/3367/3367 3368/3368/3368 3352/3352/3352
f 3352/3352/3352 3368/3368/3368 3369/3369/3369
f 3370/3370/3370 3371/3371/3371 3301/3301/3301
f 3301/3301/3301 3371/3371/3371 3372/3372/3372
f 3373/3373/3373 3374/3374/3374 3375/3375/3375
f 3375/3375/3375 3374/3374/3374 3376/3376/3376
f 3377/3377/3377 3300/3300/3300 3372/3372/3372
f 3372/3372/3372 3300/3300/3300 3301/3301/3301
f 3378/3378/3378 3379/3379/3379 3373/3373/3373
f 3373/3373/3373 3379/3379/3379 3374/3374/3374
f 3380/3380/3380 3381/3381/3381 3382/3382/3382
f 3382/3382/3382 3381/3381/3381 3383/3383/3383
f 3384/3384/3384 3385/3385/3385 3307/3307/3307
f 3307/3307/3307 3385/3385/3385 3280/3280/3280
f 3386/3386/3386 3387/3387/3387 3384/3384/3384
f 3384/3384/3384 3387/3387/3387 3385/3385/3385
f 3388/3388/3388 3382/3382/3382 3389/3389/3389
f 3389/3389/3389 3382/3382/3382 3390/3390/3390
f 3391/3391/3391 3392/3392/3392 3393/3393/3393
f 3393/3393/3393 3392/3392/3392 3380/3380/3380
f 3394/3394/3394 3395/3395/3395 3396/3396/3396
f 3396/3396/3396 3395/3395/3395 3397/3397/3397
f 3396/3396/3396 3397/3397/3397 3398/3398/3398
f 3398/3398/3398 3397/3397/3397 3378/3378/3378
f 3365/3365/3365 3399/3399/3399 3302/3302/3302
f 3302/3302/3302 3399/3399/3399 3400/3400/3400
f 3401/3401/3401 3303/3303/3303 3400/3400/3400
f 3400/3400/3400 3303/3303/3303 3302/3302/3302
f 3402/3402/3402 3304/3304/3304 3401/3401/3401
f 3401/3401/3401 3304/3304/3304 3303/3303/3303
f 3403/3403/3403 3404/3404/3404 3305/3305/3305
f 3305/3305/3305 3404/3404/3404 3306/3306/3306
f 3386/3386/3386 3405/3405/3405 3389/3389/3389
f 3389/3389/3389 3405/3405/3405 3388/3388/3388
f 3406/3406/3406 3407/3407/3407 3408/3408/3408
f 3408/3408/3408 3407/3407/3407 3409/3409/3409
f 3410/3410/3410 3411/3411/3411 3393/3393/3393
f 3393/3393/3393 3411/3411/3411 3391/3391/3391
f 3412/3412/3412 3413/3413/3413 3414/3414/3414
f 3414/3414/3414 3413/3413/3413 3406/3406/3406
f 3400/3400/3400 3415/3415/3415 3401/3401/3401
f 3401/3401/3401 3415/3415/3415 3416/3416/3416
f 3417/3417/3417 3418/3418/3418 3378/3378/3378
f 3378/3378/3378 3418/3418/3418 3379/3379/3379
f 3279/3279/3279 3419/3419/3419 3278/3278/3278
f 3278/3278/3278 3419/3419/3419 3297/3297/3297
f 3419/3419/3419 3370/3370/3370 3297/3297/3297
f 3297/3297/3297 3370/3370/3370 3301/3301/3301
f 3282/3282/3282 3283/3283/3283 3286/3286/3286
f 3286/3286/3286 3283/3283/3283 3420/3420/3420
f 3286/3286/3286 3420/3420/3420 3309/3309/3309
f 3309/3309/3309 3420/3420/3420 3421/3421/3421
f 3285/3285/3285 3290/3290/3290 3284/3284/3284
f 3284/3284/3284 3290/3290/3290 3288/3288/3288
f 3292/3292/3292 3291/3291/3291 3296/3296/3296
f 3296/3296/3296 3291/3291/3291 3295/3295/3295
f 3296/3296/3296 3303/3303/3303 3292/3292/3292
f 3292/3292/3292 3303/3303/3303 3304/3304/3304
f 3284/3284/3284 3288/3288/3288 3307/3307/3307
f 3307/3307/3307 3288/3288/3288 3306/3306/3306
f 3290/3290/3290 3310/3310/3310 3289/3289/3289
f 3289/3289/3289 3310/3310/3310 3422/3422/3422
f 3311/3311/3311 3291/3291/3291 3422/3422/3422
f 3422/3422/3422 3291/3291/3291 3289/3289/3289
f 3342/3342/3342 3423/3423/3423 3340/3340/3340
f 3340/3340/3340 3423/3423/3423 3355/3355/3355
f 3355/3355/3355 3423/3423/3423 3339/3339/3339
f 3339/3339/3339 3423/3423/3423 3424/3424/3424
f 3424/3424/3424 3316/3316/3316 3339/3339/3339
f 3339/3339/3339 3316/3316/3316 3315/3315/3315
f 3425/3425/3425 3426/3426/3426 3325/3325/3325
f 3325/3325/3325 3426/3426/3426 3344/3344/3344
f 3346/3346/3346 3344/3344/3344 3427/3427/3427
f 3427/3427/3427 3344/3344/3344 3426/3426/3426
f 3428/3428/3428 3425/3425/3425 3323/3323/3323
f 3323/3323/3323 3425/3425/3425 3325/3325/3325
f 3309/3309/3309 3421/3421/3421 3323/3323/3323
f 3323/3323/3323 3421/3421/3421 3428/3428/3428
f 3427/3427/3427 3320/3320/3320 3346/3346/3346
f 3346/3346/3346 3320/3320/3320 3318/3318/3318
f 3321/3321/3321 3322/3322/3322 3351/3351/3351
f 3351/3351/3351 3322/3322/3322 3429/3429/3429
f 3310/3310/3310 3327/3327/3327 3422/3422/3422
f 3422/3422/3422 3327/3327/3327 3333/3333/3333
f 3328/3328/3328 3311/3311/3311 3333/3333/3333
f 3333/3333/3333 3311/3311/3311 3422/3422/3422
f 3332/3332/3332 3327/3327/3327 3326/3326/3326
f 3326/3326/3326 3327/3327/3327 3324/3324/3324
f 3328/3328/3328 3335/3335/3335 3329/3329/3329
f 3329/3329/3329 3335/3335/3335 3337/3337/3337
f 3430/3430/3430 3343/3343/3343 3431/3431/3431
f 3431/3431/3431 3343/3343/3343 3341/3341/3341
f 3351/3351/3351 3429/3429/3429 3431/3431/3431
f 3431/3431/3431 3429/3429/3429 3430/3430/3430
f 3347/3347/3347 3345/3345/3345 3346/3346/3346
f 3346/3346/3346 3345/3345/3345 3344/3344/3344
f 3349/3349/3349 3348/3348/3348 3317/3317/3317
f 3317/3317/3317 3348/3348/3348 3318/3318/3318
f 3352/3352/3352 3351/3351/3351 3367/3367/3367
f 3367/3367/3367 3351/3351/3351 3431/3431/3431
f 3431/3431/3431 3341/3341/3341 3367/3367/3367
f 3367/3367/3367 3341/3341/3341 3354/3354/3354
f 3338/3338/3338 3356/3356/3356 3339/3339/3339
f 3339/3339/3339 3356/3356/3356 3355/3355/3355
f 3332/3332/3332 3357/3357/3357 3334/3334/3334
f 3334/3334/3334 3357/3357/3357 3358/3358/3358
f 3349/3349/3349 3358/3358/3358 3348/3348/3348
f 3348/3348/3348 3358/3358/3358 3357/3357/3357
f 3348/3348/3348 3357/3357/3357 3347/3347/3347
f 3347/3347/3347 3357/3357/3357 3345/3345/3345
f 3335/3335/3335 3359/3359/3359 3337/3337/3337
f 3337/3337/3337 3359/3359/3359 3369/3369/3369
f 3352/3352/3352 3369/3369/3369 3350/3350/3350
f 3350/3350/3350 3369/3369/3369 3359/3359/3359
f 3350/3350/3350 3359/3359/3359 3349/3349/3349
f 3349/3349/3349 3359/3359/3359 3358/3358/3358
f 3360/3360/3360 3361/3361/3361 3331/3331/3331
f 3331/3331/3331 3361/3361/3361 3338/3338/3338
f 3314/3314/3314 3362/3362/3362 3331/3331/3331
f 3331/3331/3331 3362/3362/3362 3360/3360/3360
f 3299/3299/3299 3363/3363/3363 3314/3314/3314
f 3314/3314/3314 3363/3363/3363 3362/3362/3362
f 3298/3298/3298 3364/3364/3364 3299/3299/3299
f 3299/3299/3299 3364/3364/3364 3363/3363/3363
f 3365/3365/3365 3364/3364/3364 3300/3300/3300
f 3300/3300/3300 3364/3364/3364 3298/3298/3298
f 3336/3336/3336 3368/3368/3368 3361/3361/3361
f 3361/3361/3361 3368/3368/3368 3366/3366/3366
f 3361/3361/3361 3366/3366/3366 3338/3338/3338
f 3338/3338/3338 3366/3366/3366 3356/3356/3356
f 3356/3356/3356 3366/3366/3366 3353/3353/3353
f 3353/3353/3353 3366/3366/3366 3354/3354/3354
f 3337/3337/3337 3369/3369/3369 3336/3336/3336
f 3336/3336/3336 3369/3369/3369 3368/3368/3368
f 3385/3385/3385 3432/3432/3432 3280/3280/3280
f 3280/3280/3280 3432/3432/3432 3281/3281/3281
f 3390/3390/3390 3433/3433/3433 3387/3387/3387
f 3387/3387/3387 3433/3433/3433 3434/3434/3434
f 3387/3387/3387 3434/3434/3434 3385/3385/3385
f 3385/3385/3385 3434/3434/3434 3432/3432/3432
f 3371/3371/3371 3376/3376/3376 3372/3372/3372
f 3372/3372/3372 3376/3376/3376 3374/3374/3374
f 3372/3372/3372 3374/3374/3374 3377/3377/3377
f 3377/3377/3377 3374/3374/3374 3379/3379/3379
f 3373/3373/3373 3375/3375/3375 3435/3435/3435
f 3435/3435/3435 3375/3375/3375 3436/3436/3436
f 3435/3435/3435 3436/3436/3436 3398/3398/3398
f 3398/3398/3398 3436/3436/3436 3437/3437/3437
f 3398/3398/3398 3437/3437/3437 3396/3396/3396
f 3396/3396/3396 3437/3437/3437 3438/3438/3438
f 3396/3396/3396 3438/3438/3438 3394/3394/3394
f 3394/3394/3394 3438/3438/3438 3439/3439/3439
f 3394/3394/3394 3439/3439/3439 3440/3440/3440
f 3440/3440/3440 3439/3439/3439 3441/3441/3441
f 3440/3440/3440 3441/3441/3441 3392/3392/3392
f 3392/3392/3392 3441/3441/3441 3442/3442/3442
f 3392/3392/3392 3442/3442/3442 3380/3380/3380
f 3380/3380/3380 3442/3442/3442 3381/3381/3381
f 3382/3382/3382 3383/3383/3383 3390/3390/3390
f 3390/3390/3390 3383/3383/3383 3433/3433/3433
f 3387/3387/3387 3386/3386/3386 3390/3390/3390
f 3390/3390/3390 3386/3386/3386 3389/3389/3389
f 3382/3382/3382 3388/3388/3388 3380/3380/3380
f 3380/3380/3380 3388/3388/3388 3393/3393/3393
f 3392/3392/3392 3391/3391/3391 3440/3440/3440
f 3440/3440/3440 3391/3391/3391 3443/3443/3443
f 3395/3395/3395 3394/3394/3394 3443/3443/3443
f 3443/3443/3443 3394/3394/3394 3440/3440/3440
f 3399/3399/3399 3365/3365/3365 3377/3377/3377
f 3377/3377/3377 3365/3365/3365 3300/3300/3300
f 3304/3304/3304 3402/3402/3402 3305/3305/3305
f 3305/3305/3305 3402/3402/3402 3403/3403/3403
f 3307/3307/3307 3306/3306/3306 3384/3384/3384
f 3384/3384/3384 3306/3306/3306 3404/3404/3404
f 3393/3393/3393 3388/3388/3388 3410/3410/3410
f 3410/3410/3410 3388/3388/3388 3405/3405/3405
f 3403/3403/3403 3410/3410/3410 3404/3404/3404
f 3404/3404/3404 3410/3410/3410 3405/3405/3405
f 3384/3384/3384 3404/3404/3404 3386/3386/3386
f 3386/3386/3386 3404/3404/3404 3405/3405/3405
f 3406/3406/3406 3408/3408/3408 3414/3414/3414
f 3414/3414/3414 3408/3408/3408 3444/3444/3444
f 3443/3443/3443 3444/3444/3444 3395/3395/3395
f 3395/3395/3395 3444/3444/3444 3408/3408/3408
f 3397/3397/3397 3395/3395/3395 3409/3409/3409
f 3409/3409/3409 3395/3395/3395 3408/3408/3408
f 3391/3391/3391 3411/3411/3411 3443/3443/3443
f 3443/3443/3443 3411/3411/3411 3444/3444/3444
f 3444/3444/3444 3411/3411/3411 3414/3414/3414
f 3414/3414/3414 3411/3411/3411 3412/3412/3412
f 3403/3403/3403 3412/3412/3412 3410/3410/3410
f 3410/3410/3410 3412/3412/3412 3411/3411/3411
f 3407/3407/3407 3406/3406/3406 3416/3416/3416
f 3416/3416/3416 3406/3406/3406 3413/3413/3413
f 3402/3402/3402 3401/3401/3401 3413/3413/3413
f 3413/3413/3413 3401/3401/3401 3416/3416/3416
f 3403/3403/3403 3402/3402/3402 3412/3412/3412
f 3412/3412/3412 3402/3402/3402 3413/3413/3413
f 3407/3407/3407 3416/3416/3416 3445/3445/3445
f 3445/3445/3445 3416/3416/3416 3415/3415/3415
f 3377/3377/3377 3379/3379/3379 3399/3399/3399
f 3399/3399/3399 3379/3379/3379 3418/3418/3418
f 3399/3399/3399 3418/3418/3418 3400/3400/3400
f 3400/3400/3400 3418/3418/3418 3415/3415/3415
f 3445/3445/3445 3415/3415/3415 3417/3417/3417
f 3417/3417/3417 3415/3415/3415 3418/3418/3418
f 3378/3378/3378 3397/3397/3397 3417/3417/3417
f 3417/3417/3417 3397/3397/3397 3409/3409/3409
f 3417/3417/3417 3409/3409/3409 3445/3445/3445
f 3445/3445/3445 3409/3409/3409 3407/3407/3407
f 3398/3398/3398 3378/3378/3378 3435/3435/3435
f 3435/3435/3435 3378/3378/3378 3373/3373/3373
f 3446/3446/3446 3447/3447/3447 3448/3448/3448
f 3448/3448/3448 3447/3447/3447 3449/3449/3449
f 3450/3450/3450 3451/3451/3451 3452/3452/3452
f 3452/3452/3452 3451/3451/3451 3453/3453/3453
f 3453/3453/3453 3454/3454/3454 3452/3452/3452
f 3452/3452/3452 3454/3454/3454 3455/3455/3455
f 3456/3456/3456 3457/3457/3457 3458/3458/3458
f 3458/3458/3458 3457/3457/3457 3459/3459/3459
f 3460/3460/3460 3461/3461/3461 3459/3459/3459
f 3459/3459/3459 3461/3461/3461 3458/3458/3458
f 3462/3462/3462 3463/3463/3463 3464/3464/3464
f 3464/3464/3464 3463/3463/3463 3465/3465/3465
f 3466/3466/3466 3467/3467/3467 3465/3465/3465
f 3465/3465/3465 3467/3467/3467 3464/3464/3464
f 3468/3468/3468 3469/3469/3469 3470/3470/3470
f 3470/3470/3470 3469/3469/3469 3471/3471/3471
f 3470/3470/3470 3472/3472/3472 3468/3468/3468
f 3468/3468/3468 3472/3472/3472 3473/3473/3473
f 3470/3470/3470 3471/3471/3471 3474/3474/3474
f 3474/3474/3474 3471/3471/3471 3475/3475/3475
f 3474/3474/3474 3476/3476/3476 3470/3470/3470
f 3470/3470/3470 3476/3476/3476 3472/3472/3472
f 3447/3447/3447 3477/3477/3477 3449/3449/3449
f 3449/3449/3449 3477/3477/3477 3478/3478/3478
f 3477/3477/3477 3479/3479/3479 3478/3478/3478
f 3478/3478/3478 3479/3479/3479 3480/3480/3480
f 3479/3479/3479 3481/3481/3481 3480/3480/3480
f 3480/3480/3480 3481/3481/3481 3482/3482/3482
f 3481/3481/3481 3483/3483/3483 3482/3482/3482
f 3482/3482/3482 3483/3483/3483 3484/3484/3484
f 3483/3483/3483 3485/3485/3485 3484/3484/3484
f 3484/3484/3484 3485/3485/3485 3486/3486/3486
f 3485/3485/3485 3487/3487/3487 3486/3486/3486
f 3486/3486/3486 3487/3487/3487 3488/3488/3488
f 3487/3487/3487 3489/3489/3489 3488/3488/3488
f 3488/3488/3488 3489/3489/3489 3490/3490/3490
f 3489/3489/3489 3491/3491/3491 3490/3490/3490
f 3490/3490/3490 3491/3491/3491 3492/3492/3492
f 3491/3491/3491 3493/3493/3493 3492/3492/3492
f 3492/3492/3492 3493/3493/3493 3494/3494/3494
f 3493/3493/3493 3495/3495/3495 3494/3494/3494
f 3494/3494/3494 3495/3495/3495 3496/3496/3496
f 3495/3495/3495 3497/3497/3497 3496/3496/3496
f 3496/3496/3496 3497/3497/3497 3498/3498/3498
f 3497/3497/3497 3499/3499/3499 3498/3498/3498
f 3498/3498/3498 3499/3499/3499 3500/3500/3500
f 3499/3499/3499 3501/3501/3501 3500/3500/3500
f 3500/3500/3500 3501/3501/3501 3502/3502/3502
f 3501/3501/3501 3503/3503/3503 3502/3502/3502
f 3502/3502/3502 3503/3503/3503 3504/3504/3504
f 3503/3503/3503 3505/3505/3505 3504/3504/3504
f 3504/3504/3504 3505/3505/3505 3506/3506/3506
f 3505/3505/3505 3507/3507/3507 3506/3506/3506
f 3506/3506/3506 3507/3507/3507 3508/3508/3508
f 3507/3507/3507 3509/3509/3509 3508/3508/3508
f 3508/3508/3508 3509/3509/3509 3510/3510/3510
f 3511/3511/3511 3455/3455/3455 3512/3512/3512
f 3512/3512/3512 3455/3455/3455 3454/3454/3454
f 3513/3513/3513 3511/3511/3511 3514/3514/3514
f 3514/3514/3514 3511/3511/3511 3512/3512/3512
f 3515/3515/3515 3513/3513/3513 3516/3516/3516
f 3516/3516/3516 3513/3513/3513 3514/3514/3514
f 3517/3517/3517 3515/3515/3515 3518/3518/3518
f 3518/3518/3518 3515/3515/3515 3516/3516/3516
f 3519/3519/3519 3517/3517/3517 3520/3520/3520
f 3520/3520/3520 3517/3517/3517 3518/3518/3518
f 3521/3521/3521 3519/3519/3519 3522/3522/3522
f 3522/3522/3522 3519/3519/3519 3520/3520/3520
f 3523/3523/3523 3521/3521/3521 3524/3524/3524
f 3524/3524/3524 3521/3521/3521 3522/3522/3522
f 3525/3525/3525 3523/3523/3523 3526/3526/3526
f 3526/3526/3526 3523/3523/3523 3524/3524/3524
f 3527/3527/3527 3528/3528/3528 3529/3529/3529
f 3529/3529/3529 3528/3528/3528 3530/3530/3530
f 3531/3531/3531 3527/3527/3527 3532/3532/3532
f 3532/3532/3532 3527/3527/3527 3529/3529/3529
f 3533/3533/3533 3531/3531/3531 3534/3534/3534
f 3534/3534/3534 3531/3531/3531 3532/3532/3532
f 3535/3535/3535 3533/3533/3533 3536/3536/3536
f 3536/3536/3536 3533/3533/3533 3534/3534/3534
f 3537/3537/3537 3535/3535/3535 3538/3538/3538
f 3538/3538/3538 3535/3535/3535 3536/3536/3536
f 3539/3539/3539 3537/3537/3537 3540/3540/3540
f 3540/3540/3540 3537/3537/3537 3538/3538/3538
f 3541/3541/3541 3542/3542/3542 3540/3540/3540
f 3540/3540/3540 3542/3542/3542 3539/3539/3539
f 3543/3543/3543 3542/3542/3542 3544/3544/3544
f 3544/3544/3544 3542/3542/3542 3541/3541/3541
f 3545/3545/3545 3543/3543/3543 3546/3546/3546
f 3546/3546/3546 3543/3543/3543 3544/3544/3544
f 3547/3547/3547 3545/3545/3545 3548/3548/3548
f 3548/3548/3548 3545/3545/3545 3546/3546/3546
f 3549/3549/3549 3547/3547/3547 3550/3550/3550
f 3550/3550/3550 3547/3547/3547 3548/3548/3548
f 3551/3551/3551 3552/3552/3552 3550/3550/3550
f 3550/3550/3550 3552/3552/3552 3549/3549/3549
f 3553/3553/3553 3554/3554/3554 3551/3551/3551
f 3551/3551/3551 3554/3554/3554 3552/3552/3552
f 3555/3555/3555 3556/3556/3556 3553/3553/3553
f 3553/3553/3553 3556/3556/3556 3554/3554/3554
f 3557/3557/3557 3558/3558/3558 3555/3555/3555
f 3555/3555/3555 3558/3558/3558 3556/3556/3556
f 3559/3559/3559 3560/3560/3560 3557/3557/3557
f 3557/3557/3557 3560/3560/3560 3558/3558/3558
f 3561/3561/3561 3562/3562/3562 3559/3559/3559
f 3559/3559/3559 3562/3562/3562 3560/3560/3560
f 3563/3563/3563 3564/3564/3564 3561/3561/3561
f 3561/3561/3561 3564/3564/3564 3562/3562/3562
f 3565/3565/3565 3566/3566/3566 3563/3563/3563
f 3563/3563/3563 3566/3566/3566 3564/3564/3564
f 3567/3567/3567 3568/3568/3568 3565/3565/3565
f 3565/3565/3565 3568/3568/3568 3566/3566/3566
f 3569/3569/3569 3570/3570/3570 3567/3567/3567
f 3567/3567/3567 3570/3570/3570 3568/3568/3568
f 3571/3571/3571 3572/3572/3572 3569/3569/3569
f 3569/3569/3569 3572/3572/3572 3570/3570/3570
f 3573/3573/3573 3574/3574/3574 3571/3571/3571
f 3571/3571/3571 3574/3574/3574 3572/3572/3572
f 3575/3575/3575 3576/3576/3576 3573/3573/3573
f 3573/3573/3573 3576/3576/3576 3574/3574/3574
f 3451/3451/3451 3450/3450/3450 3575/3575/3575
f 3575/3575/3575 3450/3450/3450 3576/3576/3576
f 3463/3463/3463 3462/3462/3462 3577/3577/3577
f 3577/3577/3577 3462/3462/3462 3578/3578/3578
f 3577/3577/3577 3578/3578/3578 3579/3579/3579
f 3579/3579/3579 3578/3578/3578 3580/3580/3580
f 3579/3579/3579 3580/3580/3580 3581/3581/3581
f 3581/3581/3581 3580/3580/3580 3582/3582/3582
f 3581/3581/3581 3582/3582/3582 3583/3583/3583
f 3583/3583/3583 3582/3582/3582 3584/3584/3584
f 3583/3583/3583 3584/3584/3584 3585/3585/3585
f 3585/3585/3585 3584/3584/3584 3586/3586/3586
f 3585/3585/3585 3586/3586/3586 3587/3587/3587
f 3587/3587/3587 3586/3586/3586 3588/3588/3588
f 3587/3587/3587 3588/3588/3588 3589/3589/3589
f 3589/3589/3589 3588/3588/3588 3590/3590/3590
f 3589/3589/3589 3590/3590/3590 3591/3591/3591
f 3591/3591/3591 3590/3590/3590 3592/3592/3592
f 3591/3591/3591 3592/3592/3592 3593/3593/3593
f 3593/3593/3593 3592/3592/3592 3594/3594/3594
f 3593/3593/3593 3594/3594/3594 3595/3595/3595
f 3595/3595/3595 3594/3594/3594 3596/3596/3596
f 3595/3595/3595 3596/3596/3596 3597/3597/3597
f 3597/3597/3597 3596/3596/3596 3598/3598/3598
f 3597/3597/3597 3598/3598/3598 3599/3599/3599
f 3599/3599/3599 3598/3598/3598 3600/3600/3600
f 3599/3599/3599 3600/3600/3600 3601/3601/3601
f 3601/3601/3601 3600/3600/3600 3602/3602/3602
f 3601/3601/3601 3602/3602/3602 3603/3603/3603
f 3603/3603/3603 3602/3602/3602 3604/3604/3604
f 3603/3603/3603 3604/3604/3604 3605/3605/3605
f 3605/3605/3605 3604/3604/3604 3606/3606/3606
f 3605/3605/3605 3606/3606/3606 3607/3607/3607
f 3607/3607/3607 3606/3606/3606 3608/3608/3608
f 3607/3607/3607 3608/3608/3608 3609/3609/3609
f 3609/3609/3609 3608/3608/3608 3610/3610/3610
f 3611/3611/3611 3612/3612/3612 3613/3613/3613
f 3613/3613/3613 3612/3612/3612 3614/3614/3614
f 3613/3613/3613 3614/3614/3614 3615/3615/3615
f 3615/3615/3615 3614/3614/3614 3616/3616/3616
f 3615/3615/3615 3616/3616/3616 3617/3617/3617
f 3617/3617/3617 3616/3616/3616 3618/3618/3618
f 3617/3617/3617 3618/3618/3618 3619/3619/3619
f 3619/3619/3619 3618/3618/3618 3620/3620/3620
f 3619/3619/3619 3620/3620/3620 3621/3621/3621
f 3621/3621/3621 3620/3620/3620 3622/3622/3622
f 3621/3621/3621 3622/3622/3622 3623/3623/3623
f 3623/3623/3623 3622/3622/3622 3624/3624/3624
f 3623/3623/3623 3624/3624/3624 3625/3625/3625
f 3625/3625/3625 3624/3624/3624 3626/3626/3626
f 3625/3625/3625 3626/3626/3626 3627/3627/3627
f 3627/3627/3627 3626/3626/3626 3628/3628/3628
f 3627/3627/3627 3628/3628/3628 3629/3629/3629
f 3629/3629/3629 3628/3628/3628 3630/3630/3630
f 3629/3629/3629 3630/3630/3630 3631/3631/3631
f 3631/3631/3631 3630/3630/3630 3632/3632/3632
f 3631/3631/3631 3632/3632/3632 3633/3633/3633
f 3633/3633/3633 3632/3632/3632 3634/3634/3634
f 3633/3633/3633 3634/3634/3634 3635/3635/3635
f 3635/3635/3635 3634/3634/3634 3636/3636/3636
f 3635/3635/3635 3636/3636/3636 3637/3637/3637
f 3637/3637/3637 3636/3636/3636 3638/3638/3638
f 3637/3637/3637 3638/3638/3638 3639/3639/3639
f 3639/3639/3639 3638/3638/3638 3640/3640/3640
f 3639/3639/3639 3640/3640/3640 3641/3641/3641
f 3641/3641/3641 3640/3640/3640 3642/3642/3642
f 3641/3641/3641 3642/3642/3642 3643/3643/3643
f 3643/3643/3643 3642/3642/3642 3644/3644/3644
f 3643/3643/3643 3644/3644/3644 3466/3466/3466
f 3466/3466/3466 3644/3644/3644 3467/3467/3467
f 3645/3645/3645 3646/3646/3646 3460/3460/3460
f 3460/3460/3460 3646/3646/3646 3461/3461/3461
f 3647/3647/3647 3648/3648/3648 3645/3645/3645
f 3645/3645/3645 3648/3648/3648 3646/3646/3646
f 3649/3649/3649 3650/3650/3650 3647/3647/3647
f 3647/3647/3647 3650/3650/3650 3648/3648/3648
f 3651/3651/3651 3652/3652/3652 3649/3649/3649
f 3649/3649/3649 3652/3652/3652 3650/3650/3650
f 3653/3653/3653 3654/3654/3654 3651/3651/3651
f 3651/3651/3651 3654/3654/3654 3652/3652/3652
f 3655/3655/3655 3656/3656/3656 3653/3653/3653
f 3653/3653/3653 3656/3656/3656 3654/3654/3654
f 3657/3657/3657 3658/3658/3658 3655/3655/3655
f 3655/3655/3655 3658/3658/3658 3656/3656/3656
f 3659/3659/3659 3660/3660/3660 3657/3657/3657
f 3657/3657/3657 3660/3660/3660 3658/3658/3658
f 3661/3661/3661 3662/3662/3662 3659/3659/3659
f 3659/3659/3659 3662/3662/3662 3660/3660/3660
f 3663/3663/3663 3664/3664/3664 3661/3661/3661
f 3661/3661/3661 3664/3664/3664 3662/3662/3662
f 3665/3665/3665 3666/3666/3666 3663/3663/3663
f 3663/3663/3663 3666/3666/3666 3664/3664/3664
f 3667/3667/3667 3668/3668/3668 3665/3665/3665
f 3665/3665/3665 3668/3668/3668 3666/3666/3666
f 3669/3669/3669 3670/3670/3670 3667/3667/3667
f 3667/3667/3667 3670/3670/3670 3668/3668/3668
f 3671/3671/3671 3672/3672/3672 3669/3669/3669
f 3669/3669/3669 3672/3672/3672 3670/3670/3670
f 3673/3673/3673 3674/3674/3674 3671/3671/3671
f 3671/3671/3671 3674/3674/3674 3672/3672/3672
f 3675/3675/3675 3676/3676/3676 3673/3673/3673
f 3673/3673/3673 3676/3676/3676 3674/3674/3674
f 3677/3677/3677 3678/3678/3678 3675/3675/3675
f 3675/3675/3675 3678/3678/3678 3676/3676/3676
f 3679/3679/3679 3680/3680/3680 3677/3677/3677
f 3677/3677/3677 3680/3680/3680 3678/3678/3678
f 3681/3681/3681 3682/3682/3682 3679/3679/3679
f 3679/3679/3679 3682/3682/3682 3680/3680/3680
f 3683/3683/3683 3684/3684/3684 3681/3681/3681
f 3681/3681/3681 3684/3684/3684 3682/3682/3682
f 3685/3685/3685 3686/3686/3686 3683/3683/3683
f 3683/3683/3683 3686/3686/3686 3684/3684/3684
f 3687/3687/3687 3688/3688/3688 3685/3685/3685
f 3685/3685/3685 3688/3688/3688 3686/3686/3686
f 3689/3689/3689 3690/3690/3690 3687/3687/3687
f 3687/3687/3687 3690/3690/3690 3688/3688/3688
f 3691/3691/3691 3692/3692/3692 3689/3689/3689
f 3689/3689/3689 3692/3692/3692 3690/3690/3690
f 3693/3693/3693 3694/3694/3694 3691/3691/3691
f 3691/3691/3691 3694/3694/3694 3692/3692/3692
f 3695/3695/3695 3696/3696/3696 3693/3693/3693
f 3693/3693/3693 3696/3696/3696 3694/3694/3694
f 3697/3697/3697 3698/3698/3698 3695/3695/3695
f 3695/3695/3695 3698/3698/3698 3696/3696/3696
f 3699/3699/3699 3700/3700/3700 3697/3697/3697
f 3697/3697/3697 3700/3700/3700 3698/3698/3698
f 3701/3701/3701 3702/3702/3702 3699/3699/3699
f 3699/3699/3699 3702/3702/3702 3700/3700/3700
f 3703/3703/3703 3704/3704/3704 3701/3701/3701
f 3701/3701/3701 3704/3704/3704 3702/3702/3702
f 3705/3705/3705 3706/3706/3706 3703/3703/3703
f 3703/3703/3703 3706/3706/3706 3704/3704/3704
f 3707/3707/3707 3708/3708/3708 3705/3705/3705
f 3705/3705/3705 3708/3708/3708 3706/3706/3706
f 3709/3709/3709 3710/3710/3710 3707/3707/3707
f 3707/3707/3707 3710/3710/3710 3708/3708/3708
f 3457/3457/3457 3456/3456/3456 3709/3709/3709
f 3709/3709/3709 3456/3456/3456 3710/3710/3710
f 3471/3471/3471 3711/3711/3711 3475/3475/3475
f 3475/3475/3475 3711/3711/3711 3712/3712/3712
f 3711/3711/3711 3713/3713/3713 3712/3712/3712
f 3712/3712/3712 3713/3713/3713 3714/3714/3714
f 3713/3713/3713 3715/3715/3715 3714/3714/3714
f 3714/3714/3714 3715/3715/3715 3716/3716/3716
f 3715/3715/3715 3717/3717/3717 3716/3716/3716
f 3716/3716/3716 3717/3717/3717 3718/3718/3718
f 3717/3717/3717 3719/3719/3719 3718/3718/3718
f 3718/3718/3718 3719/3719/3719 3720/3720/3720
f 3719/3719/3719 3721/3721/3721 3720/3720/3720
f 3720/3720/3720 3721/3721/3721 3722/3722/3722
f 3721/3721/3721 3723/3723/3723 3722/3722/3722
f 3722/3722/3722 3723/3723/3723 3724/3724/3724
f 3723/3723/3723 3725/3725/3725 3724/3724/3724
f 3724/3724/3724 3725/3725/3725 3726/3726/3726
f 3725/3725/3725 3727/3727/3727 3726/3726/3726
f 3726/3726/3726 3727/3727/3727 3728/3728/3728
f 3727/3727/3727 3729/3729/3729 3728/3728/3728
f 3728/3728/3728 3729/3729/3729 3730/3730/3730
f 3729/3729/3729 3731/3731/3731 3730/3730/3730
f 3730/3730/3730 3731/3731/3731 3732/3732/3732
f 3731/3731/3731 3733/3733/3733 3732/3732/3732
f 3732/3732/3732 3733/3733/3733 3734/3734/3734
f 3733/3733/3733 3735/3735/3735 3734/3734/3734
f 3734/3734/3734 3735/3735/3735 3736/3736/3736
f 3735/3735/3735 3737/3737/3737 3736/3736/3736
f 3736/3736/3736 3737/3737/3737 3738/3738/3738
f 3737/3737/3737 3739/3739/3739 3738/3738/3738
f 3738/3738/3738 3739/3739/3739 3740/3740/3740
f 3739/3739/3739 3741/3741/3741 3740/3740/3740
f 3740/3740/3740 3741/3741/3741 3742/3742/3742
f 3741/3741/3741 3743/3743/3743 3742/3742/3742
f 3742/3742/3742 3743/3743/3743 3744/3744/3744
f 3743/3743/3743 3745/3745/3745 3744/3744/3744
f 3744/3744/3744 3745/3745/3745 3746/3746/3746
f 3745/3745/3745 3747/3747/3747 3746/3746/3746
f 3746/3746/3746 3747/3747/3747 3748/3748/3748
f 3747/3747/3747 3749/3749/3749 3748/3748/3748
f 3748/3748/3748 3749/3749/3749 3750/3750/3750
f 3749/3749/3749 3751/3751/3751 3750/3750/3750
f 3750/3750/3750 3751/3751/3751 3752/3752/3752
f 3751/3751/3751 3753/3753/3753 3752/3752/3752
f 3752/3752/3752 3753/3753/3753 3754/3754/3754
f 3753/3753/3753 3755/3755/3755 3754/3754/3754
f 3754/3754/3754 3755/3755/3755 3756/3756/3756
f 3755/3755/3755 3757/3757/3757 3756/3756/3756
f 3756/3756/3756 3757/3757/3757 3758/3758/3758
f 3757/3757/3757 3759/3759/3759 3758/3758/3758
f 3758/3758/3758 3759/3759/3759 3760/3760/3760
f 3759/3759/3759 3761/3761/3761 3760/3760/3760
f 3760/3760/3760 3761/3761/3761 3762/3762/3762
f 3761/3761/3761 3763/3763/3763 3762/3762/3762
f 3762/3762/3762 3763/3763/3763 3764/3764/3764
f 3763/3763/3763 3765/3765/3765 3764/3764/3764
f 3764/3764/3764 3765/3765/3765 3766/3766/3766
f 3765/3765/3765 3767/3767/3767 3766/3766/3766
f 3766/3766/3766 3767/3767/3767 3768/3768/3768
f 3767/3767/3767 3769/3769/3769 3768/3768/3768
f 3768/3768/3768 3769/3769/3769 3770/3770/3770
f 3769/3769/3769 3771/3771/3771 3770/3770/3770
f 3770/3770/3770 3771/3771/3771 3772/3772/3772
f 3771/3771/3771 3773/3773/3773 3772/3772/3772
f 3772/3772/3772 3773/3773/3773 3774/3774/3774
f 3773/3773/3773 3775/3775/3775 3774/3774/3774
f 3774/3774/3774 3775/3775/3775 3776/3776/3776
f 3775/3775/3775 3472/3472/3472 3776/3776/3776
f 3776/3776/3776 3472/3472/3472 3476/3476/3476
f 3472/3472/3472 3775/3775/3775 3473/3473/3473
f 3473/3473/3473 3775/3775/3775 3777/3777/3777
f 3775/3775/3775 3773/3773/3773 3777/3777/3777
f 3777/3777/3777 3773/3773/3773 3778/3778/3778
f 3773/3773/3773 3771/3771/3771 3778/3778/3778
f 3778/3778/3778 3771/3771/3771 3779/3779/3779
f 3771/3771/3771 3769/3769/3769 3779/3779/3779
f 3779/3779/3779 3769/3769/3769 3780/3780/3780
f 3769/3769/3769 3767/3767/3767 3780/3780/3780
f 3780/3780/3780 3767/3767/3767 3781/3781/3781
f 3767/3767/3767 3765/3765/3765 3781/3781/3781
f 3781/3781/3781 3765/3765/3765 3782/3782/3782
f 3765/3765/3765 3763/3763/3763 3782/3782/3782
f 3782/3782/3782 3763/3763/3763 3783/3783/3783
f 3763/3763/3763 3761/3761/3761 3783/3783/3783
f 3783/3783/3783 3761/3761/3761 3784/3784/3784
f 3761/3761/3761 3759/3759/3759 3784/3784/3784
f 3784/3784/3784 3759/3759/3759 3785/3785/3785
f 3759/3759/3759 3757/3757/3757 3785/3785/3785
f 3785/3785/3785 3757/3757/3757 3786/3786/3786
f 3757/3757/3757 3755/3755/3755 3786/3786/3786
f 3786/3786/3786 3755/3755/3755 3787/3787/3787
f 3755/3755/3755 3753/3753/3753 3787/3787/3787
f 3787/3787/3787 3753/3753/3753 3788/3788/3788
f 3753/3753/3753 3751/3751/3751 3788/3788/3788
f 3788/3788/3788 3751/3751/3751 3789/3789/3789
f 3751/3751/3751 3749/3749/3749 3789/3789/3789
f 3789/3789/3789 3749/3749/3749 3790/3790/3790
f 3749/3749/3749 3747/3747/3747 3790/3790/3790
f 3790/3790/3790 3747/3747/3747 3791/3791/3791
f 3747/3747/3747 3745/3745/3745 3791/3791/3791
f 3791/3791/3791 3745/3745/3745 3792/3792/3792
f 3745/3745/3745 3743/3743/3743 3792/3792/3792
f 3792/3792/3792 3743/3743/3743 3793/3793/3793
f 3743/3743/3743 3741/3741/3741 3793/3793/3793
f 3793/3793/3793 3741/3741/3741 3794/3794/3794
f 3741/3741/3741 3739/3739/3739 3794/3794/3794
f 3794/3794/3794 3739/3739/3739 3795/3795/3795
f 3739/3739/3739 3737/3737/3737 3795/3795/3795
f 3795/3795/3795 3737/3737/3737 3796/3796/3796
f 3737/3737/3737 3735/3735/3735 3796/3796/3796
f 3796/3796/3796 3735/3735/3735 3797/3797/3797
f 3735/3735/3735 3733/3733/3733 3797/3797/3797
f 3797/3797/3797 3733/3733/3733 3798/3798/3798
f 3733/3733/3733 3731/3731/3731 3798/3798/3798
f 3798/3798/3798 3731/3731/3731 3799/3799/3799
f 3731/3731/3731 3729/3729/3729 3799/3799/3799
f 3799/3799/3799 3729/3729/3729 3800/3800/3800
f 3729/3729/3729 3727/3727/3727 3800/3800/3800
f 3800/3800/3800 3727/3727/3727 3801/3801/3801
f 3727/3727/3727 3725/3725/3725 3801/3801/3801
f 3801/3801/3801 3725/3725/3725 3802/3802/3802
f 3725/3725/3725 3723/3723/3723 3802/3802/3802
f 3802/3802/3802 3723/3723/3723 3803/3803/3803
f 3723/3723/3723 3721/3721/3721 3803/3803/3803
f 3803/3803/3803 3721/3721/3721 3804/3804/3804
f 3721/3721/3721 3719/3719/3719 3804/3804/3804
f 3804/3804/3804 3719/3719/3719 3805/3805/3805
f 3719/3719/3719 3717/3717/3717 3805/3805/3805
f 3805/3805/3805 3717/3717/3717 3806/3806/3806
f 3717/3717/3717 3715/3715/3715 3806/3806/3806
f 3806/3806/3806 3715/3715/3715 3807/3807/3807
f 3715/3715/3715 3713/3713/3713 3807/3807/3807
f 3807/3807/3807 3713/3713/3713 3808/3808/3808
f 3713/3713/3713 3711/3711/3711 3808/3808/3808
f 3808/3808/3808 3711/3711/3711 3809/3809/3809
f 3711/3711/3711 3471/3471/3471 3809/3809/3809
f 3809/3809/3809 3471/3471/3471 3469/3469/3469
f 3528/3528/3528 3525/3525/3525 3530/3530/3530
f 3530/3530/3530 3525/3525/3525 3526/3526/3526
f 3810/3810/3810 3811/3811/3811 3579/3579/3579
f 3579/3579/3579 3811/3811/3811 3577/3577/3577
f 3812/3812/3812 3810/3810/3810 3581/3581/3581
f 3581/3581/3581 3810/3810/3810 3579/3579/3579
f 3813/3813/3813 3812/3812/3812 3583/3583/3583
f 3583/3583/3583 3812/3812/3812 3581/3581/3581
f 3814/3814/3814 3813/3813/3813 3585/3585/3585
f 3585/3585/3585 3813/3813/3813 3583/3583/3583
f 3815/3815/3815 3814/3814/3814 3587/3587/3587
f 3587/3587/3587 3814/3814/3814 3585/3585/3585
f 3816/3816/3816 3815/3815/3815 3589/3589/3589
f 3589/3589/3589 3815/3815/3815 3587/3587/3587
f 3817/3817/3817 3816/3816/3816 3591/3591/3591
f 3591/3591/3591 3816/3816/3816 3589/3589/3589
f 3818/3818/3818 3817/3817/3817 3593/3593/3593
f 3593/3593/3593 3817/3817/3817 3591/3591/3591
f 3819/3819/3819 3818/3818/3818 3595/3595/3595
f 3595/3595/3595 3818/3818/3818 3593/3593/3593
f 3820/3820/3820 3819/3819/3819 3597/3597/3597
f 3597/3597/3597 3819/3819/3819 3595/3595/3595
f 3821/3821/3821 3820/3820/3820 3599/3599/3599
f 3599/3599/3599 3820/3820/3820 3597/3597/3597
f 3822/3822/3822 3821/3821/3821 3601/3601/3601
f 3601/3601/3601 3821/3821/3821 3599/3599/3599
f 3823/3823/3823 3822/3822/3822 3603/3603/3603
f 3603/3603/3603 3822/3822/3822 3601/3601/3601
f 3824/3824/3824 3823/3823/3823 3605/3605/3605
f 3605/3605/3605 3823/3823/3823 3603/3603/3603
f 3825/3825/3825 3824/3824/3824 3607/3607/3607
f 3607/3607/3607 3824/3824/3824 3605/3605/3605
f 3826/3826/3826 3825/3825/3825 3609/3609/3609
f 3609/3609/3609 3825/3825/3825 3607/3607/3607
f 3827/3827/3827 3828/3828/3828 3613/3613/3613
f 3613/3613/3613 3828/3828/3828 3611/3611/3611
f 3829/3829/3829 3827/3827/3827 3615/3615/3615
f 3615/3615/3615 3827/3827/3827 3613/3613/3613
f 3830/3830/3830 3829/3829/3829 3617/3617/3617
f 3617/3617/3617 3829/3829/3829 3615/3615/3615
f 3831/3831/3831 3830/3830/3830 3619/3619/3619
f 3619/3619/3619 3830/3830/3830 3617/3617/3617
f 3832/3832/3832 3831/3831/3831 3621/3621/3621
f 3621/3621/3621 3831/3831/3831 3619/3619/3619
f 3833/3833/3833 3832/3832/3832 3623/3623/3623
f 3623/3623/3623 3832/3832/3832 3621/3621/3621
f 3834/3834/3834 3833/3833/3833 3625/3625/3625
f 3625/3625/3625 3833/3833/3833 3623/3623/3623
f 3835/3835/3835 3834/3834/3834 3627/3627/3627
f 3627/3627/3627 3834/3834/3834 3625/3625/3625
f 3836/3836/3836 3835/3835/3835 3629/3629/3629
f 3629/3629/3629 3835/3835/3835 3627/3627/3627
f 3837/3837/3837 3836/3836/3836 3631/3631/3631
f 3631/3631/3631 3836/3836/3836 3629/3629/3629
f 3838/3838/3838 3837/3837/3837 3633/3633/3633
f 3633/3633/3633 3837/3837/3837 3631/3631/3631
f 3839/3839/3839 3838/3838/3838 3635/3635/3635
f 3635/3635/3635 3838/3838/3838 3633/3633/3633
f 3840/3840/3840 3839/3839/3839 3637/3637/3637
f 3637/3637/3637 3839/3839/3839 3635/3635/3635
f 3841/3841/3841 3840/3840/3840 3639/3639/3639
f 3639/3639/3639 3840/3840/3840 3637/3637/3637
f 3842/3842/3842 3841/3841/3841 3641/3641/3641
f 3641/3641/3641 3841/3841/3841 3639/3639/3639
f 3843/3843/3843 3842/3842/3842 3643/3643/3643
f 3643/3643/3643 3842/3842/3842 3641/3641/3641
f 3844/3844/3844 3843/3843/3843 3466/3466/3466
f 3466/3466/3466 3843/3843/3843 3643/3643/3643
f 3845/3845/3845 3844/3844/3844 3465/3465/3465
f 3465/3465/3465 3844/3844/3844 3466/3466/3466
f 3846/3846/3846 3845/3845/3845 3463/3463/3463
f 3463/3463/3463 3845/3845/3845 3465/3465/3465
f 3811/3811/3811 3846/3846/3846 3577/3577/3577
f 3577/3577/3577 3846/3846/3846 3463/3463/3463
f 3710/3710/3710 3511/3511/3511 3708/3708/3708
f 3708/3708/3708 3511/3511/3511 3513/3513/3513
f 3708/3708/3708 3513/3513/3513 3706/3706/3706
f 3706/3706/3706 3513/3513/3513 3515/3515/3515
f 3706/3706/3706 3515/3515/3515 3704/3704/3704
f 3704/3704/3704 3515/3515/3515 3517/3517/3517
f 3704/3704/3704 3517/3517/3517 3702/3702/3702
f 3702/3702/3702 3517/3517/3517 3519/3519/3519
f 3702/3702/3702 3519/3519/3519 3700/3700/3700
f 3700/3700/3700 3519/3519/3519 3521/3521/3521
f 3700/3700/3700 3521/3521/3521 3698/3698/3698
f 3698/3698/3698 3521/3521/3521 3523/3523/3523
f 3698/3698/3698 3523/3523/3523 3696/3696/3696
f 3696/3696/3696 3523/3523/3523 3525/3525/3525
f 3696/3696/3696 3525/3525/3525 3694/3694/3694
f 3694/3694/3694 3525/3525/3525 3528/3528/3528
f 3694/3694/3694 3528/3528/3528 3692/3692/3692
f 3692/3692/3692 3528/3528/3528 3527/3527/3527
f 3692/3692/3692 3527/3527/3527 3690/3690/3690
f 3690/3690/3690 3527/3527/3527 3531/3531/3531
f 3690/3690/3690 3531/3531/3531 3688/3688/3688
f 3688/3688/3688 3531/3531/3531 3533/3533/3533
f 3688/3688/3688 3533/3533/3533 3686/3686/3686
f 3686/3686/3686 3533/3533/3533 3535/3535/3535
f 3686/3686/3686 3535/3535/3535 3684/3684/3684
f 3684/3684/3684 3535/3535/3535 3537/3537/3537
f 3684/3684/3684 3537/3537/3537 3682/3682/3682
f 3682/3682/3682 3537/3537/3537 3539/3539/3539
f 3682/3682/3682 3539/3539/3539 3680/3680/3680
f 3680/3680/3680 3539/3539/3539 3542/3542/3542
f 3680/3680/3680 3542/3542/3542 3678/3678/3678
f 3678/3678/3678 3542/3542/3542 3543/3543/3543
f 3678/3678/3678 3543/3543/3543 3676/3676/3676
f 3676/3676/3676 3543/3543/3543 3545/3545/3545
f 3676/3676/3676 3545/3545/3545 3674/3674/3674
f 3674/3674/3674 3545/3545/3545 3547/3547/3547
f 3674/3674/3674 3547/3547/3547 3672/3672/3672
f 3672/3672/3672 3547/3547/3547 3549/3549/3549
f 3549/3549/3549 3552/3552/3552 3672/3672/3672
f 3672/3672/3672 3552/3552/3552 3670/3670/3670
f 3552/3552/3552 3554/3554/3554 3670/3670/3670
f 3670/3670/3670 3554/3554/3554 3668/3668/3668
f 3554/3554/3554 3556/3556/3556 3668/3668/3668
f 3668/3668/3668 3556/3556/3556 3666/3666/3666
f 3556/3556/3556 3558/3558/3558 3666/3666/3666
f 3666/3666/3666 3558/3558/3558 3664/3664/3664
f 3558/3558/3558 3560/3560/3560 3664/3664/3664
f 3664/3664/3664 3560/3560/3560 3662/3662/3662
f 3560/3560/3560 3562/3562/3562 3662/3662/3662
f 3662/3662/3662 3562/3562/3562 3660/3660/3660
f 3562/3562/3562 3564/3564/3564 3660/3660/3660
f 3660/3660/3660 3564/3564/3564 3658/3658/3658
f 3564/3564/3564 3566/3566/3566 3658/3658/3658
f 3658/3658/3658 3566/3566/3566 3656/3656/3656
f 3566/3566/3566 3568/3568/3568 3656/3656/3656
f 3656/3656/3656 3568/3568/3568 3654/3654/3654
f 3568/3568/3568 3570/3570/3570 3654/3654/3654
f 3654/3654/3654 3570/3570/3570 3652/3652/3652
f 3570/3570/3570 3572/3572/3572 3652/3652/3652
f 3652/3652/3652 3572/3572/3572 3650/3650/3650
f 3572/3572/3572 3574/3574/3574 3650/3650/3650
f 3650/3650/3650 3574/3574/3574 3648/3648/3648
f 3574/3574/3574 3576/3576/3576 3648/3648/3648
f 3648/3648/3648 3576/3576/3576 3646/3646/3646
f 3576/3576/3576 3450/3450/3450 3646/3646/3646
f 3646/3646/3646 3450/3450/3450 3461/3461/3461
f 3450/3450/3450 3452/3452/3452 3461/3461/3461
f 3461/3461/3461 3452/3452/3452 3458/3458/3458
f 3458/3458/3458 3452/3452/3452 3456/3456/3456
f 3456/3456/3456 3452/3452/3452 3455/3455/3455
f 3456/3456/3456 3455/3455/3455 3710/3710/3710
f 3710/3710/3710 3455/3455/3455 3511/3511/3511
f 3809/3809/3809 3847/3847/3847 3808/3808/3808
f 3808/3808/3808 3847/3847/3847 3807/3807/3807
f 3807/3807/3807 3847/3847/3847 3806/3806/3806
f 3806/3806/3806 3847/3847/3847 3805/3805/3805
f 3805/3805/3805 3847/3847/3847 3804/3804/3804
f 3804/3804/3804 3847/3847/3847 3803/3803/3803
f 3803/3803/3803 3847/3847/3847 3802/3802/3802
f 3802/3802/3802 3847/3847/3847 3801/3801/3801
f 3801/3801/3801 3847/3847/3847 3800/3800/3800
f 3800/3800/3800 3847/3847/3847 3799/3799/3799
f 3799/3799/3799 3847/3847/3847 3798/3798/3798
f 3798/3798/3798 3847/3847/3847 3797/3797/3797
f 3797/3797/3797 3847/3847/3847 3796/3796/3796
f 3796/3796/3796 3847/3847/3847 3795/3795/3795
f 3795/3795/3795 3847/3847/3847 3794/3794/3794
f 3794/3794/3794 3847/3847/3847 3793/3793/3793
f 3793/3793/3793 3847/3847/3847 3792/3792/3792
f 3792/3792/3792 3847/3847/3847 3791/3791/3791
f 3791/3791/3791 3847/3847/3847 3790/3790/3790
f 3790/3790/3790 3847/3847/3847 3789/3789/3789
f 3789/3789/3789 3847/3847/3847 3788/3788/3788
f 3788/3788/3788 3847/3847/3847 3787/3787/3787
f 3787/3787/3787 3847/3847/3847 3786/3786/3786
f 3786/3786/3786 3847/3847/3847 3785/3785/3785
f 3785/3785/3785 3847/3847/3847 3784/3784/3784
f 3784/3784/3784 3847/3847/3847 3783/3783/3783
f 3783/3783/3783 3847/3847/3847 3782/3782/3782
f 3782/3782/3782 3847/3847/3847 3781/3781/3781
f 3781/3781/3781 3847/3847/3847 3780/3780/3780
f 3780/3780/3780 3847/3847/3847 3779/3779/3779
f 3779/3779/3779 3847/3847/3847 3778/3778/3778
f 3778/3778/3778 3847/3847/3847 3777/3777/3777
f 3777/3777/3777 3847/3847/3847 3473/3473/3473
f 3473/3473/3473 3847/3847/3847 3468/3468/3468
f 3468/3468/3468 3847/3847/3847 3469/3469/3469
f 3469/3469/3469 3847/3847/3847 3809/3809/3809
f 3848/3848/3848 3448/3448/3448 3849/3849/3849
f 3849/3849/3849 3448/3448/3448 3449/3449/3449
f 3510/3510/3510 3850/3850/3850 3508/3508/3508
f 3508/3508/3508 3850/3850/3850 3851/3851/3851
f 3508/3508/3508 3851/3851/3851 3506/3506/3506
f 3506/3506/3506 3851/3851/3851 3852/3852/3852
f 3506/3506/3506 3852/3852/3852 3504/3504/3504
f 3504/3504/3504 3852/3852/3852 3853/3853/3853
f 3504/3504/3504 3853/3853/3853 3502/3502/3502
f 3502/3502/3502 3853/3853/3853 3854/3854/3854
f 3502/3502/3502 3854/3854/3854 3500/3500/3500
f 3500/3500/3500 3854/3854/3854 3855/3855/3855
f 3500/3500/3500 3855/3855/3855 3498/3498/3498
f 3498/3498/3498 3855/3855/3855 3856/3856/3856
f 3498/3498/3498 3856/3856/3856 3496/3496/3496
f 3496/3496/3496 3856/3856/3856 3857/3857/3857
f 3496/3496/3496 3857/3857/3857 3494/3494/3494
f 3494/3494/3494 3857/3857/3857 3858/3858/3858
f 3494/3494/3494 3858/3858/3858 3492/3492/3492
f 3492/3492/3492 3858/3858/3858 3859/3859/3859
f 3492/3492/3492 3859/3859/3859 3490/3490/3490
f 3490/3490/3490 3859/3859/3859 3860/3860/3860
f 3490/3490/3490 3860/3860/3860 3488/3488/3488
f 3488/3488/3488 3860/3860/3860 3861/3861/3861
f 3488/3488/3488 3861/3861/3861 3486/3486/3486
f 3486/3486/3486 3861/3861/3861 3862/3862/3862
f 3486/3486/3486 3862/3862/3862 3484/3484/3484
f 3484/3484/3484 3862/3862/3862 3863/3863/3863
f 3484/3484/3484 3863/3863/3863 3482/3482/3482
f 3482/3482/3482 3863/3863/3863 3864/3864/3864
f 3482/3482/3482 3864/3864/3864 3480/3480/3480
f 3480/3480/3480 3864/3864/3864 3865/3865/3865
f 3480/3480/3480 3865/3865/3865 3478/3478/3478
f 3478/3478/3478 3865/3865/3865 3866/3866/3866
f 3478/3478/3478 3866/3866/3866 3449/3449/3449
f 3449/3449/3449 3866/3866/3866 3849/3849/3849
f 3867/3867/3867 3868/3868/3868 3869/3869/3869
f 3869/3869/3869 3868/3868/3868 3870/3870/3870
f 3871/3871/3871 3872/3872/3872 3870/3870/3870
f 3870/3870/3870 3872/3872/3872 3869/3869/3869
f 3873/3873/3873 3874/3874/3874 3875/3875/3875
f 3875/3875/3875 3874/3874/3874 3876/3876/3876
f 3877/3877/3877 3878/3878/3878 3879/3879/3879
f 3879/3879/3879 3878/3878/3878 3880/3880/3880
f 3881/3881/3881 3882/3882/3882 3883/3883/3883
f 3883/3883/3883 3882/3882/3882 3884/3884/3884
f 3885/3885/3885 3886/3886/3886 3887/3887/3887
f 3887/3887/3887 3886/3886/3886 3888/3888/3888
f 3886/3886/3886 3889/3889/3889 3888/3888/3888
f 3888/3888/3888 3889/3889/3889 3890/3890/3890
f 3889/3889/3889 3891/3891/3891 3890/3890/3890
f 3890/3890/3890 3891/3891/3891 3892/3892/3892
f 3891/3891/3891 3893/3893/3893 3892/3892/3892
f 3892/3892/3892 3893/3893/3893 3894/3894/3894
f 3893/3893/3893 3895/3895/3895 3894/3894/3894
f 3894/3894/3894 3895/3895/3895 3896/3896/3896
f 3895/3895/3895 3897/3897/3897 3896/3896/3896
f 3896/3896/3896 3897/3897/3897 3898/3898/3898
f 3897/3897/3897 3899/3899/3899 3898/3898/3898
f 3898/3898/3898 3899/3899/3899 3900/3900/3900
f 3899/3899/3899 3901/3901/3901 3900/3900/3900
f 3900/3900/3900 3901/3901/3901 3902/3902/3902
f 3901/3901/3901 3903/3903/3903 3902/3902/3902
f 3902/3902/3902 3903/3903/3903 3904/3904/3904
f 3903/3903/3903 3905/3905/3905 3904/3904/3904
f 3904/3904/3904 3905/3905/3905 3906/3906/3906
f 3905/3905/3905 3907/3907/3907 3906/3906/3906
f 3906/3906/3906 3907/3907/3907 3908/3908/3908
f 3907/3907/3907 3909/3909/3909 3908/3908/3908
f 3908/3908/3908 3909/3909/3909 3910/3910/3910
f 3909/3909/3909 3911/3911/3911 3910/3910/3910
f 3910/3910/3910 3911/3911/3911 3912/3912/3912
f 3911/3911/3911 3913/3913/3913 3912/3912/3912
f 3912/3912/3912 3913/3913/3913 3914/3914/3914
f 3913/3913/3913 3915/3915/3915 3914/3914/3914
f 3914/3914/3914 3915/3915/3915 3916/3916/3916
f 3915/3915/3915 3917/3917/3917 3916/3916/3916
f 3916/3916/3916 3917/3917/3917 3918/3918/3918
f 3917/3917/3917 3884/3884/3884 3918/3918/3918
f 3918/3918/3918 3884/3884/3884 3882/3882/3882
f 3874/3874/3874 3873/3873/3873 3919/3919/3919
f 3919/3919/3919 3873/3873/3873 3920/3920/3920
f 3919/3919/3919 3920/3920/3920 3921/3921/3921
f 3921/3921/3921 3920/3920/3920 3922/3922/3922
f 3921/3921/3921 3922/3922/3922 3923/3923/3923
f 3923/3923/3923 3922/3922/3922 3924/3924/3924
f 3924/3924/3924 3925/3925/3925 3923/3923/3923
f 3923/3923/3923 3925/3925/3925 3926/3926/3926
f 3926/3926/3926 3925/3925/3925 3927/3927/3927
f 3927/3927/3927 3925/3925/3925 3928/3928/3928
f 3927/3927/3927 3928/3928/3928 3929/3929/3929
f 3929/3929/3929 3928/3928/3928 3930/3930/3930
f 3929/3929/3929 3930/3930/3930 3931/3931/3931
f 3931/3931/3931 3930/3930/3930 3932/3932/3932
f 3931/3931/3931 3932/3932/3932 3933/3933/3933
f 3933/3933/3933 3932/3932/3932 3934/3934/3934
f 3933/3933/3933 3934/3934/3934 3935/3935/3935
f 3935/3935/3935 3934/3934/3934 3936/3936/3936
f 3935/3935/3935 3936/3936/3936 3937/3937/3937
f 3937/3937/3937 3936/3936/3936 3938/3938/3938
f 3938/3938/3938 3939/3939/3939 3937/3937/3937
f 3937/3937/3937 3939/3939/3939 3940/3940/3940
f 3940/3940/3940 3939/3939/3939 3941/3941/3941
f 3941/3941/3941 3939/3939/3939 3942/3942/3942
f 3941/3941/3941 3942/3942/3942 3943/3943/3943
f 3943/3943/3943 3942/3942/3942 3944/3944/3944
f 3943/3943/3943 3944/3944/3944 3945/3945/3945
f 3945/3945/3945 3944/3944/3944 3946/3946/3946
f 3945/3945/3945 3946/3946/3946 3947/3947/3947
f 3947/3947/3947 3946/3946/3946 3948/3948/3948
f 3947/3947/3947 3948/3948/3948 3949/3949/3949
f 3949/3949/3949 3948/3948/3948 3950/3950/3950
f 3949/3949/3949 3950/3950/3950 3951/3951/3951
f 3951/3951/3951 3950/3950/3950 3952/3952/3952
f 3953/3953/3953 3954/3954/3954 3955/3955/3955
f 3955/3955/3955 3954/3954/3954 3956/3956/3956
f 3956/3956/3956 3954/3954/3954 3957/3957/3957
f 3957/3957/3957 3954/3954/3954 3958/3958/3958
f 3957/3957/3957 3958/3958/3958 3959/3959/3959
f 3959/3959/3959 3958/3958/3958 3960/3960/3960
f 3959/3959/3959 3960/3960/3960 3961/3961/3961
f 3961/3961/3961 3960/3960/3960 3962/3962/3962
f 3961/3961/3961 3962/3962/3962 3963/3963/3963
f 3963/3963/3963 3962/3962/3962 3964/3964/3964
f 3963/3963/3963 3964/3964/3964 3965/3965/3965
f 3965/3965/3965 3964/3964/3964 3966/3966/3966
f 3965/3965/3965 3966/3966/3966 3967/3967/3967
f 3967/3967/3967 3966/3966/3966 3968/3968/3968
f 3967/3967/3967 3968/3968/3968 3969/3969/3969
f 3969/3969/3969 3968/3968/3968 3970/3970/3970
f 3969/3969/3969 3970/3970/3970 3971/3971/3971
f 3971/3971/3971 3970/3970/3970 3972/3972/3972
f 3971/3971/3971 3972/3972/3972 3973/3973/3973
f 3973/3973/3973 3972/3972/3972 3974/3974/3974
f 3973/3973/3973 3974/3974/3974 3975/3975/3975
f 3975/3975/3975 3974/3974/3974 3976/3976/3976
f 3975/3975/3975 3976/3976/3976 3977/3977/3977
f 3977/3977/3977 3976/3976/3976 3978/3978/3978
f 3977/3977/3977 3978/3978/3978 3979/3979/3979
f 3979/3979/3979 3978/3978/3978 3980/3980/3980
f 3979/3979/3979 3980/3980/3980 3981/3981/3981
f 3981/3981/3981 3980/3980/3980 3982/3982/3982
f 3981/3981/3981 3982/3982/3982 3983/3983/3983
f 3983/3983/3983 3982/3982/3982 3984/3984/3984
f 3983/3983/3983 3984/3984/3984 3985/3985/3985
f 3985/3985/3985 3984/3984/3984 3986/3986/3986
f 3985/3985/3985 3986/3986/3986 3877/3877/3877
f 3877/3877/3877 3986/3986/3986 3878/3878/3878
f 3872/3872/3872 3871/3871/3871 3987/3987/3987
f 3987/3987/3987 3871/3871/3871 3988/3988/3988
f 3987/3987/3987 3988/3988/3988 3989/3989/3989
f 3989/3989/3989 3988/3988/3988 3990/3990/3990
f 3989/3989/3989 3990/3990/3990 3991/3991/3991
f 3991/3991/3991 3990/3990/3990 3992/3992/3992
f 3991/3991/3991 3992/3992/3992 3993/3993/3993
f 3993/3993/3993 3992/3992/3992 3994/3994/3994
f 3993/3993/3993 3994/3994/3994 3995/3995/3995
f 3995/3995/3995 3994/3994/3994 3996/3996/3996
f 3995/3995/3995 3996/3996/3996 3997/3997/3997
f 3997/3997/3997 3996/3996/3996 3998/3998/3998
f 3997/3997/3997 3998/3998/3998 3999/3999/3999
f 3999/3999/3999 3998/3998/3998 4000/4000/4000
f 3999/3999/3999 4000/4000/4000 4001/4001/4001
f 4001/4001/4001 4000/4000/4000 4002/4002/4002
f 4001/4001/4001 4002/4002/4002 4003/4003/4003
f 4003/4003/4003 4002/4002/4002 4004/4004/4004
f 4003/4003/4003 4004/4004/4004 4005/4005/4005
f 4005/4005/4005 4004/4004/4004 4006/4006/4006
f 4005/4005/4005 4006/4006/4006 4007/4007/4007
f 4007/4007/4007 4006/4006/4006 4008/4008/4008
f 4007/4007/4007 4008/4008/4008 4009/4009/4009
f 4009/4009/4009 4008/4008/4008 4010/4010/4010
f 4009/4009/4009 4010/4010/4010 4011/4011/4011
f 4011/4011/4011 4010/4010/4010 4012/4012/4012
f 4011/4011/4011 4012/4012/4012 4013/4013/4013
f 4013/4013/4013 4012/4012/4012 4014/4014/4014
f 4013/4013/4013 4014/4014/4014 4015/4015/4015
f 4015/4015/4015 4014/4014/4014 4016/4016/4016
f 4015/4015/4015 4016/4016/4016 4017/4017/4017
f 4017/4017/4017 4016/4016/4016 4018/4018/4018
f 4017/4017/4017 4018/4018/4018 4019/4019/4019
f 4019/4019/4019 4018/4018/4018 4020/4020/4020
f 4021/4021/4021 4022/4022/4022 4023/4023/4023
f 4023/4023/4023 4022/4022/4022 4024/4024/4024
f 4023/4023/4023 4024/4024/4024 4025/4025/4025
f 4025/4025/4025 4024/4024/4024 4026/4026/4026
f 4025/4025/4025 4026/4026/4026 4027/4027/4027
f 4027/4027/4027 4026/4026/4026 4028/4028/4028
f 4027/4027/4027 4028/4028/4028 4029/4029/4029
f 4029/4029/4029 4028/4028/4028 4030/4030/4030
f 4029/4029/4029 4030/4030/4030 4031/4031/4031
f 4031/4031/4031 4030/4030/4030 4032/4032/4032
f 4031/4031/4031 4032/4032/4032 4033/4033/4033
f 4033/4033/4033 4032/4032/4032 4034/4034/4034
f 4033/4033/4033 4034/4034/4034 4035/4035/4035
f 4035/4035/4035 4034/4034/4034 4036/4036/4036
f 4035/4035/4035 4036/4036/4036 4037/4037/4037
f 4037/4037/4037 4036/4036/4036 4038/4038/4038
f 4037/4037/4037 4038/4038/4038 4039/4039/4039
f 4039/4039/4039 4038/4038/4038 4040/4040/4040
f 4039/4039/4039 4040/4040/4040 4041/4041/4041
f 4041/4041/4041 4040/4040/4040 4042/4042/4042
f 4041/4041/4041 4042/4042/4042 4043/4043/4043
f 4043/4043/4043 4042/4042/4042 4044/4044/4044
f 4043/4043/4043 4044/4044/4044 4045/4045/4045
f 4045/4045/4045 4044/4044/4044 4046/4046/4046
f 4045/4045/4045 4046/4046/4046 4047/4047/4047
f 4047/4047/4047 4046/4046/4046 4048/4048/4048
f 4047/4047/4047 4048/4048/4048 4049/4049/4049
f 4049/4049/4049 4048/4048/4048 4050/4050/4050
f 4049/4049/4049 4050/4050/4050 4051/4051/4051
f 4051/4051/4051 4050/4050/4050 4052/4052/4052
f 4051/4051/4051 4052/4052/4052 4053/4053/4053
f 4053/4053/4053 4052/4052/4052 4054/4054/4054
f 4053/4053/4053 4054/4054/4054 3867/3867/3867
f 3867/3867/3867 4054/4054/4054 3868/3868/3868
f 4055/4055/4055 3873/3873/3873 4056/4056/4056
f 4056/4056/4056 3873/3873/3873 3875/3875/3875
f 4057/4057/4057 4058/4058/4058 3990/3990/3990
f 3990/3990/3990 4058/4058/4058 3992/3992/3992
f 4059/4059/4059 3880/3880/3880 4060/4060/4060
f 4060/4060/4060 3880/3880/3880 3878/3878/3878
f 4060/4060/4060 3878/3878/3878 4061/4061/4061
f 4061/4061/4061 3878/3878/3878 3986/3986/3986
f 4061/4061/4061 3986/3986/3986 4062/4062/4062
f 4062/4062/4062 3986/3986/3986 3984/3984/3984
f 4062/4062/4062 3984/3984/3984 4063/4063/4063
f 4063/4063/4063 3984/3984/3984 3982/3982/3982
f 4063/4063/4063 3982/3982/3982 4064/4064/4064
f 4064/4064/4064 3982/3982/3982 3980/3980/3980
f 4064/4064/4064 3980/3980/3980 4065/4065/4065
f 4065/4065/4065 3980/3980/3980 3978/3978/3978
f 4065/4065/4065 3978/3978/3978 4066/4066/4066
f 4066/4066/4066 3978/3978/3978 3976/3976/3976
f 4066/4066/4066 3976/3976/3976 4067/4067/4067
f 4067/4067/4067 3976/3976/3976 3974/3974/3974
f 4067/4067/4067 3974/3974/3974 4068/4068/4068
f 4068/4068/4068 3974/3974/3974 3972/3972/3972
f 4068/4068/4068 3972/3972/3972 4069/4069/4069
f 4069/4069/4069 3972/3972/3972 3970/3970/3970
f 4069/4069/4069 3970/3970/3970 4070/4070/4070
f 4070/4070/4070 3970/3970/3970 3968/3968/3968
f 4070/4070/4070 3968/3968/3968 4071/4071/4071
f 4071/4071/4071 3968/3968/3968 3966/3966/3966
f 4071/4071/4071 3966/3966/3966 4072/4072/4072
f 4072/4072/4072 3966/3966/3966 3964/3964/3964
f 4072/4072/4072 3964/3964/3964 4073/4073/4073
f 4073/4073/4073 3964/3964/3964 3962/3962/3962
f 4073/4073/4073 3962/3962/3962 4074/4074/4074
f 4074/4074/4074 3962/3962/3962 3960/3960/3960
f 4074/4074/4074 3960/3960/3960 4075/4075/4075
f 4075/4075/4075 3960/3960/3960 3958/3958/3958
f 4075/4075/4075 3958/3958/3958 4076/4076/4076
f 4076/4076/4076 3958/3958/3958 3954/3954/3954
f 4076/4076/4076 3954/3954/3954 4077/4077/4077
f 4077/4077/4077 3954/3954/3954 3953/3953/3953
f 4078/4078/4078 3952/3952/3952 4079/4079/4079
f 4079/4079/4079 3952/3952/3952 3950/3950/3950
f 4079/4079/4079 3950/3950/3950 4080/4080/4080
f 4080/4080/4080 3950/3950/3950 3948/3948/3948
f 4080/4080/4080 3948/3948/3948 4081/4081/4081
f 4081/4081/4081 3948/3948/3948 3946/3946/3946
f 4081/4081/4081 3946/3946/3946 4082/4082/4082
f 4082/4082/4082 3946/3946/3946 3944/3944/3944
f 4082/4082/4082 3944/3944/3944 4083/4083/4083
f 4083/4083/4083 3944/3944/3944 3942/3942/3942
f 4083/4083/4083 3942/3942/3942 4084/4084/4084
f 4084/4084/4084 3942/3942/3942 3939/3939/3939
f 4084/4084/4084 3939/3939/3939 4085/4085/4085
f 4085/4085/4085 3939/3939/3939 3938/3938/3938
f 4085/4085/4085 3938/3938/3938 4086/4086/4086
f 4086/4086/4086 3938/3938/3938 3936/3936/3936
f 4086/4086/4086 3936/3936/3936 4087/4087/4087
f 4087/4087/4087 3936/3936/3936 3934/3934/3934
f 4087/4087/4087 3934/3934/3934 4088/4088/4088
f 4088/4088/4088 3934/3934/3934 3932/3932/3932
f 4088/4088/4088 3932/3932/3932 4089/4089/4089
f 4089/4089/4089 3932/3932/3932 3930/3930/3930
f 4089/4089/4089 3930/3930/3930 4090/4090/4090
f 4090/4090/4090 3930/3930/3930 3928/3928/3928
f 4090/4090/4090 3928/3928/3928 4091/4091/4091
f 4091/4091/4091 3928/3928/3928 3925/3925/3925
f 4091/4091/4091 3925/3925/3925 4092/4092/4092
f 4092/4092/4092 3925/3925/3925 3924/3924/3924
f 4092/4092/4092 3924/3924/3924 4093/4093/4093
f 4093/4093/4093 3924/3924/3924 3922/3922/3922
f 4093/4093/4093 3922/3922/3922 4094/4094/4094
f 4094/4094/4094 3922/3922/3922 3920/3920/3920
f 4094/4094/4094 3920/3920/3920 4055/4055/4055
f 4055/4055/4055 3920/3920/3920 3873/3873/3873
f 4058/4058/4058 4095/4095/4095 3992/3992/3992
f 3992/3992/3992 4095/4095/4095 3994/3994/3994
f 4095/4095/4095 4096/4096/4096 3994/3994/3994
f 3994/3994/3994 4096/4096/4096 3996/3996/3996
f 4096/4096/4096 4097/4097/4097 3996/3996/3996
f 3996/3996/3996 4097/4097/4097 3998/3998/3998
f 4097/4097/4097 4098/4098/4098 3998/3998/3998
f 3998/3998/3998 4098/4098/4098 4000/4000/4000
f 4098/4098/4098 4099/4099/4099 4000/4000/4000
f 4000/4000/4000 4099/4099/4099 4002/4002/4002
f 4099/4099/4099 4100/4100/4100 4002/4002/4002
f 4002/4002/4002 4100/4100/4100 4004/4004/4004
f 4100/4100/4100 4101/4101/4101 4004/4004/4004
f 4004/4004/4004 4101/4101/4101 4006/4006/4006
f 4101/4101/4101 4102/4102/4102 4006/4006/4006
f 4006/4006/4006 4102/4102/4102 4008/4008/4008
f 4102/4102/4102 4103/4103/4103 4008/4008/4008
f 4008/4008/4008 4103/4103/4103 4010/4010/4010
f 4103/4103/4103 4104/4104/4104 4010/4010/4010
f 4010/4010/4010 4104/4104/4104 4012/4012/4012
f 4104/4104/4104 4105/4105/4105 4012/4012/4012
f 4012/4012/4012 4105/4105/4105 4014/4014/4014
f 4105/4105/4105 4106/4106/4106 4014/4014/4014
f 4014/4014/4014 4106/4106/4106 4016/4016/4016
f 4106/4106/4106 4107/4107/4107 4016/4016/4016
f 4016/4016/4016 4107/4107/4107 4018/4018/4018
f 4107/4107/4107 4108/4108/4108 4018/4018/4018
f 4018/4018/4018 4108/4108/4108 4020/4020/4020
f 4109/4109/4109 4110/4110/4110 4022/4022/4022
f 4022/4022/4022 4110/4110/4110 4024/4024/4024
f 4110/4110/4110 4111/4111/4111 4024/4024/4024
f 4024/4024/4024 4111/4111/4111 4026/4026/4026
f 4111/4111/4111 4112/4112/4112 4026/4026/4026
f 4026/4026/4026 4112/4112/4112 4028/4028/4028
f 4112/4112/4112 4113/4113/4113 4028/4028/4028
f 4028/4028/4028 4113/4113/4113 4030/4030/4030
f 4113/4113/4113 4114/4114/4114 4030/4030/4030
f 4030/4030/4030 4114/4114/4114 4032/4032/4032
f 4114/4114/4114 4115/4115/4115 4032/4032/4032
f 4032/4032/4032 4115/4115/4115 4034/4034/4034
f 4115/4115/4115 4116/4116/4116 4034/4034/4034
f 4034/4034/4034 4116/4116/4116 4036/4036/4036
f 4116/4116/4116 4117/4117/4117 4036/4036/4036
f 4036/4036/4036 4117/4117/4117 4038/4038/4038
f 4117/4117/4117 4118/4118/4118 4038/4038/4038
f 4038/4038/4038 4118/4118/4118 4040/4040/4040
f 4118/4118/4118 4119/4119/4119 4040/4040/4040
f 4040/4040/4040 4119/4119/4119 4042/4042/4042
f 4119/4119/4119 4120/4120/4120 4042/4042/4042
f 4042/4042/4042 4120/4120/4120 4044/4044/4044
f 4120/4120/4120 4121/4121/4121 4044/4044/4044
f 4044/4044/4044 4121/4121/4121 4046/4046/4046
f 4121/4121/4121 4122/4122/4122 4046/4046/4046
f 4046/4046/4046 4122/4122/4122 4048/4048/4048
f 4122/4122/4122 4123/4123/4123 4048/4048/4048
f 4048/4048/4048 4123/4123/4123 4050/4050/4050
f 4123/4123/4123 4124/4124/4124 4050/4050/4050
f 4050/4050/4050 4124/4124/4124 4052/4052/4052
f 4124/4124/4124 4125/4125/4125 4052/4052/4052
f 4052/4052/4052 4125/4125/4125 4054/4054/4054
f 4125/4125/4125 4126/4126/4126 4054/4054/4054
f 4054/4054/4054 4126/4126/4126 3868/3868/3868
f 4126/4126/4126 4127/4127/4127 3868/3868/3868
f 3868/3868/3868 4127/4127/4127 3870/3870/3870
f 4127/4127/4127 4128/4128/4128 3870/3870/3870
f 3870/3870/3870 4128/4128/4128 3871/3871/3871
f 4128/4128/4128 4129/4129/4129 3871/3871/3871
f 3871/3871/3871 4129/4129/4129 3988/3988/3988
f 4129/4129/4129 4057/4057/4057 3988/3988/3988
f 3988/3988/3988 4057/4057/4057 3990/3990/3990
f 4130/4130/4130 3882/3882/3882 4131/4131/4131
f 4131/4131/4131 3882/3882/3882 3881/3881/3881
f 3882/3882/3882 4130/4130/4130 3918/3918/3918
f 3918/3918/3918 4130/4130/4130 4132/4132/4132
f 3918/3918/3918 4132/4132/4132 3916/3916/3916
f 3916/3916/3916 4132/4132/4132 4133/4133/4133
f 3916/3916/3916 4133/4133/4133 3914/3914/3914
f 3914/3914/3914 4133/4133/4133 4134/4134/4134
f 3914/3914/3914 4134/4134/4134 3912/3912/3912
f 3912/3912/3912 4134/4134/4134 4135/4135/4135
f 3912/3912/3912 4135/4135/4135 3910/3910/3910
f 3910/3910/3910 4135/4135/4135 4136/4136/4136
f 3910/3910/3910 4136/4136/4136 3908/3908/3908
f 3908/3908/3908 4136/4136/4136 4137/4137/4137
f 3908/3908/3908 4137/4137/4137 3906/3906/3906
f 3906/3906/3906 4137/4137/4137 4138/4138/4138
f 3906/3906/3906 4138/4138/4138 3904/3904/3904
f 3904/3904/3904 4138/4138/4138 4139/4139/4139
f 3904/3904/3904 4139/4139/4139 3902/3902/3902
f 3902/3902/3902 4139/4139/4139 4140/4140/4140
f 3902/3902/3902 4140/4140/4140 3900/3900/3900
f 3900/3900/3900 4140/4140/4140 4141/4141/4141
f 3900/3900/3900 4141/4141/4141 3898/3898/3898
f 3898/3898/3898 4141/4141/4141 4142/4142/4142
f 3898/3898/3898 4142/4142/4142 3896/3896/3896
f 3896/3896/3896 4142/4142/4142 4143/4143/4143
f 3896/3896/3896 4143/4143/4143 3894/3894/3894
f 3894/3894/3894 4143/4143/4143 4144/4144/4144
f 3894/3894/3894 4144/4144/4144 3892/3892/3892
f 3892/3892/3892 4144/4144/4144 4145/4145/4145
f 3892/3892/3892 4145/4145/4145 3890/3890/3890
f 3890/3890/3890 4145/4145/4145 4146/4146/4146
f 3890/3890/3890 4146/4146/4146 3888/3888/3888
f 3888/3888/3888 4146/4146/4146 4147/4147/4147
f 3888/3888/3888 4147/4147/4147 3887/3887/3887
f 4148/4148/4148 4149/4149/4149 4150/4150/4150
f 4151/4151/4151 4152/4152/4152 4153/4153/4153
f 4153/4153/4153 4152/4152/4152 4154/4154/4154
f 4152/4152/4152 4155/4155/4155 4154/4154/4154
f 4154/4154/4154 4155/4155/4155 4156/4156/4156
f 4155/4155/4155 4157/4157/4157 4156/4156/4156
f 4156/4156/4156 4157/4157/4157 4158/4158/4158
f 4157/4157/4157 4159/4159/4159 4158/4158/4158
f 4158/4158/4158 4159/4159/4159 4160/4160/4160
f 4159/4159/4159 4161/4161/4161 4160/4160/4160
f 4160/4160/4160 4161/4161/4161 4162/4162/4162
f 4163/4163/4163 4164/4164/4164 4165/4165/4165
f 4165/4165/4165 4164/4164/4164 4166/4166/4166
f 4164/4164/4164 4167/4167/4167 4166/4166/4166
f 4166/4166/4166 4167/4167/4167 4168/4168/4168
f 4167/4167/4167 4169/4169/4169 4168/4168/4168
f 4168/4168/4168 4169/4169/4169 4170/4170/4170
f 4169/4169/4169 4171/4171/4171 4170/4170/4170
f 4170/4170/4170 4171/4171/4171 4172/4172/4172
f 4171/4171/4171 4173/4173/4173 4172/4172/4172
f 4172/4172/4172 4173/4173/4173 4174/4174/4174
f 4173/4173/4173 4175/4175/4175 4174/4174/4174
f 4174/4174/4174 4175/4175/4175 4176/4176/4176
f 4175/4175/4175 4177/4177/4177 4176/4176/4176
f 4176/4176/4176 4177/4177/4177 4178/4178/4178
f 4177/4177/4177 4179/4179/4179 4178/4178/4178
f 4178/4178/4178 4179/4179/4179 4180/4180/4180
f 4179/4179/4179 4181/4181/4181 4180/4180/4180
f 4180/4180/4180 4181/4181/4181 4182/4182/4182
f 4181/4181/4181 4183/4183/4183 4182/4182/4182
f 4182/4182/4182 4183/4183/4183 4184/4184/4184
f 4183/4183/4183 4185/4185/4185 4184/4184/4184
f 4184/4184/4184 4185/4185/4185 4186/4186/4186
f 4185/4185/4185 4187/4187/4187 4186/4186/4186
f 4186/4186/4186 4187/4187/4187 4188/4188/4188
f 4187/4187/4187 4189/4189/4189 4188/4188/4188
f 4188/4188/4188 4189/4189/4189 4190/4190/4190
f 4189/4189/4189 4191/4191/4191 4190/4190/4190
f 4190/4190/4190 4191/4191/4191 4192/4192/4192
f 4191/4191/4191 4193/4193/4193 4192/4192/4192
f 4192/4192/4192 4193/4193/4193 4194/4194/4194
f 4193/4193/4193 4195/4195/4195 4194/4194/4194
f 4194/4194/4194 4195/4195/4195 4196/4196/4196
f 4195/4195/4195 4197/4197/4197 4196/4196/4196
f 4196/4196/4196 4197/4197/4197 4198/4198/4198
f 4197/4197/4197 4199/4199/4199 4198/4198/4198
f 4198/4198/4198 4199/4199/4199 4200/4200/4200
f 4201/4201/4201 4202/4202/4202 4203/4203/4203
f 4203/4203/4203 4202/4202/4202 4204/4204/4204
f 4202/4202/4202 4205/4205/4205 4204/4204/4204
f 4204/4204/4204 4205/4205/4205 4206/4206/4206
f 4205/4205/4205 4207/4207/4207 4206/4206/4206
f 4206/4206/4206 4207/4207/4207 4208/4208/4208
f 4209/4209/4209 4210/4210/4210 4207/4207/4207
f 4207/4207/4207 4210/4210/4210 4208/4208/4208
f 4211/4211/4211 4212/4212/4212 4209/4209/4209
f 4209/4209/4209 4212/4212/4212 4210/4210/4210
f 4213/4213/4213 4214/4214/4214 4211/4211/4211
f 4211/4211/4211 4214/4214/4214 4212/4212/4212
f 4215/4215/4215 4216/4216/4216 4213/4213/4213
f 4213/4213/4213 4216/4216/4216 4214/4214/4214
f 4217/4217/4217 4218/4218/4218 4215/4215/4215
f 4215/4215/4215 4218/4218/4218 4216/4216/4216
f 4219/4219/4219 4220/4220/4220 4217/4217/4217
f 4217/4217/4217 4220/4220/4220 4218/4218/4218
f 4219/4219/4219 4221/4221/4221 4220/4220/4220
f 4220/4220/4220 4221/4221/4221 4222/4222/4222
f 4221/4221/4221 4223/4223/4223 4222/4222/4222
f 4222/4222/4222 4223/4223/4223 4224/4224/4224
f 4223/4223/4223 4225/4225/4225 4224/4224/4224
f 4224/4224/4224 4225/4225/4225 4226/4226/4226
f 4151/4151/4151 4225/4225/4225 4227/4227/4227
f 4227/4227/4227 4225/4225/4225 4228/4228/4228
f 4229/4229/4229 4230/4230/4230 4231/4231/4231
f 4231/4231/4231 4230/4230/4230 4232/4232/4232
f 4233/4233/4233 4234/4234/4234 4229/4229/4229
f 4229/4229/4229 4234/4234/4234 4230/4230/4230
f 4235/4235/4235 4236/4236/4236 4233/4233/4233
f 4233/4233/4233 4236/4236/4236 4234/4234/4234
f 4237/4237/4237 4238/4238/4238 4235/4235/4235
f 4235/4235/4235 4238/4238/4238 4236/4236/4236
f 4239/4239/4239 4240/4240/4240 4237/4237/4237
f 4237/4237/4237 4240/4240/4240 4238/4238/4238
f 4241/4241/4241 4242/4242/4242 4239/4239/4239
f 4239/4239/4239 4242/4242/4242 4240/4240/4240
f 4243/4243/4243 4244/4244/4244 4241/4241/4241
f 4241/4241/4241 4244/4244/4244 4242/4242/4242
f 4245/4245/4245 4246/4246/4246 4243/4243/4243
f 4243/4243/4243 4246/4246/4246 4244/4244/4244
f 4247/4247/4247 4248/4248/4248 4245/4245/4245
f 4245/4245/4245 4248/4248/4248 4246/4246/4246
f 4249/4249/4249 4250/4250/4250 4247/4247/4247
f 4247/4247/4247 4250/4250/4250 4248/4248/4248
f 4251/4251/4251 4252/4252/4252 4249/4249/4249
f 4249/4249/4249 4252/4252/4252 4250/4250/4250
f 4253/4253/4253 4254/4254/4254 4251/4251/4251
f 4251/4251/4251 4254/4254/4254 4252/4252/4252
f 4255/4255/4255 4256/4256/4256 4253/4253/4253
f 4253/4253/4253 4256/4256/4256 4254/4254/4254
f 4257/4257/4257 4258/4258/4258 4255/4255/4255
f 4255/4255/4255 4258/4258/4258 4256/4256/4256
f 4259/4259/4259 4260/4260/4260 4261/4261/4261
f 4261/4261/4261 4260/4260/4260 4262/4262/4262
f 4263/4263/4263 4264/4264/4264 4259/4259/4259
f 4259/4259/4259 4264/4264/4264 4260/4260/4260
f 4265/4265/4265 4266/4266/4266 4263/4263/4263
f 4263/4263/4263 4266/4266/4266 4264/4264/4264
f 4267/4267/4267 4268/4268/4268 4265/4265/4265
f 4265/4265/4265 4268/4268/4268 4266/4266/4266
f 4269/4269/4269 4270/4270/4270 4267/4267/4267
f 4267/4267/4267 4270/4270/4270 4268/4268/4268
f 4271/4271/4271 4272/4272/4272 4269/4269/4269
f 4269/4269/4269 4272/4272/4272 4270/4270/4270
f 4273/4273/4273 4274/4274/4274 4271/4271/4271
f 4271/4271/4271 4274/4274/4274 4272/4272/4272
f 4273/4273/4273 4275/4275/4275 4274/4274/4274
f 4274/4274/4274 4275/4275/4275 4276/4276/4276
f 4275/4275/4275 4277/4277/4277 4276/4276/4276
f 4276/4276/4276 4277/4277/4277 4278/4278/4278
f 4277/4277/4277 4279/4279/4279 4278/4278/4278
f 4278/4278/4278 4279/4279/4279 4280/4280/4280
f 4279/4279/4279 4281/4281/4281 4280/4280/4280
f 4280/4280/4280 4281/4281/4281 4282/4282/4282
f 4281/4281/4281 4283/4283/4283 4282/4282/4282
f 4282/4282/4282 4283/4283/4283 4284/4284/4284
f 4283/4283/4283 4285/4285/4285 4284/4284/4284
f 4284/4284/4284 4285/4285/4285 4286/4286/4286
f 4285/4285/4285 4287/4287/4287 4286/4286/4286
f 4286/4286/4286 4287/4287/4287 4288/4288/4288
f 4287/4287/4287 4289/4289/4289 4288/4288/4288
f 4288/4288/4288 4289/4289/4289 4290/4290/4290
f 4289/4289/4289 4291/4291/4291 4290/4290/4290
f 4290/4290/4290 4291/4291/4291 4292/4292/4292
f 4291/4291/4291 4293/4293/4293 4292/4292/4292
f 4292/4292/4292 4293/4293/4293 4294/4294/4294
f 4295/4295/4295 4296/4296/4296 4293/4293/4293
f 4293/4293/4293 4296/4296/4296 4294/4294/4294
f 4297/4297/4297 4298/4298/4298 4299/4299/4299
f 4299/4299/4299 4298/4298/4298 4300/4300/4300
f 4301/4301/4301 4302/4302/4302 4297/4297/4297
f 4297/4297/4297 4302/4302/4302 4298/4298/4298
f 4303/4303/4303 4304/4304/4304 4301/4301/4301
f 4301/4301/4301 4304/4304/4304 4302/4302/4302
f 4303/4303/4303 4305/4305/4305 4231/4231/4231
f 4231/4231/4231 4305/4305/4305 4306/4306/4306
f 4307/4307/4307 4308/4308/4308 4309/4309/4309
f 4309/4309/4309 4308/4308/4308 4310/4310/4310
f 4311/4311/4311 4312/4312/4312 4313/4313/4313
f 4313/4313/4313 4312/4312/4312 4314/4314/4314
f 4313/4313/4313 4314/4314/4314 4315/4315/4315
f 4315/4315/4315 4314/4314/4314 4316/4316/4316
f 4315/4315/4315 4316/4316/4316 4317/4317/4317
f 4317/4317/4317 4316/4316/4316 4318/4318/4318
f 4317/4317/4317 4318/4318/4318 4319/4319/4319
f 4319/4319/4319 4318/4318/4318 4320/4320/4320
f 4319/4319/4319 4320/4320/4320 4321/4321/4321
f 4321/4321/4321 4320/4320/4320 4322/4322/4322
f 4321/4321/4321 4322/4322/4322 4323/4323/4323
f 4323/4323/4323 4322/4322/4322 4324/4324/4324
f 4323/4323/4323 4324/4324/4324 4325/4325/4325
f 4325/4325/4325 4324/4324/4324 4326/4326/4326
f 4325/4325/4325 4326/4326/4326 4327/4327/4327
f 4327/4327/4327 4326/4326/4326 4328/4328/4328
f 4327/4327/4327 4328/4328/4328 4329/4329/4329
f 4329/4329/4329 4328/4328/4328 4330/4330/4330
f 4329/4329/4329 4330/4330/4330 4331/4331/4331
f 4331/4331/4331 4330/4330/4330 4332/4332/4332
f 4331/4331/4331 4332/4332/4332 4333/4333/4333
f 4333/4333/4333 4332/4332/4332 4334/4334/4334
f 4333/4333/4333 4334/4334/4334 4335/4335/4335
f 4335/4335/4335 4334/4334/4334 4336/4336/4336
f 4335/4335/4335 4336/4336/4336 4337/4337/4337
f 4337/4337/4337 4336/4336/4336 4338/4338/4338
f 4337/4337/4337 4338/4338/4338 4339/4339/4339
f 4339/4339/4339 4338/4338/4338 4340/4340/4340
f 4339/4339/4339 4340/4340/4340 4341/4341/4341
f 4341/4341/4341 4340/4340/4340 4342/4342/4342
f 4341/4341/4341 4342/4342/4342 4343/4343/4343
f 4343/4343/4343 4342/4342/4342 4344/4344/4344
f 4343/4343/4343 4344/4344/4344 4345/4345/4345
f 4345/4345/4345 4344/4344/4344 4346/4346/4346
f 4345/4345/4345 4346/4346/4346 4347/4347/4347
f 4347/4347/4347 4346/4346/4346 4348/4348/4348
f 4349/4349/4349 4350/4350/4350 4351/4351/4351
f 4351/4351/4351 4350/4350/4350 4352/4352/4352
f 4351/4351/4351 4352/4352/4352 4353/4353/4353
f 4353/4353/4353 4352/4352/4352 4354/4354/4354
f 4353/4353/4353 4354/4354/4354 4355/4355/4355
f 4355/4355/4355 4354/4354/4354 4356/4356/4356
f 4355/4355/4355 4356/4356/4356 4357/4357/4357
f 4357/4357/4357 4356/4356/4356 4358/4358/4358
f 4357/4357/4357 4358/4358/4358 4359/4359/4359
f 4359/4359/4359 4358/4358/4358 4360/4360/4360
f 4359/4359/4359 4360/4360/4360 4361/4361/4361
f 4361/4361/4361 4360/4360/4360 4362/4362/4362
f 4361/4361/4361 4362/4362/4362 4363/4363/4363
f 4363/4363/4363 4362/4362/4362 4364/4364/4364
f 4365/4365/4365 4280/4280/4280 4366/4366/4366
f 4366/4366/4366 4280/4280/4280 4282/4282/4282
f 4367/4367/4367 4368/4368/4368 4369/4369/4369
f 4369/4369/4369 4368/4368/4368 4370/4370/4370
f 4369/4369/4369 4370/4370/4370 4371/4371/4371
f 4371/4371/4371 4370/4370/4370 4372/4372/4372
f 4371/4371/4371 4372/4372/4372 4373/4373/4373
f 4373/4373/4373 4372/4372/4372 4374/4374/4374
f 4373/4373/4373 4374/4374/4374 4375/4375/4375
f 4375/4375/4375 4374/4374/4374 4376/4376/4376
f 4375/4375/4375 4376/4376/4376 4377/4377/4377
f 4377/4377/4377 4376/4376/4376 4378/4378/4378
f 4377/4377/4377 4378/4378/4378 4379/4379/4379
f 4379/4379/4379 4378/4378/4378 4380/4380/4380
f 4379/4379/4379 4380/4380/4380 4381/4381/4381
f 4381/4381/4381 4380/4380/4380 4382/4382/4382
f 4381/4381/4381 4382/4382/4382 4383/4383/4383
f 4383/4383/4383 4382/4382/4382 4384/4384/4384
f 4384/4384/4384 4385/4385/4385 4308/4308/4308
f 4308/4308/4308 4385/4385/4385 4386/4386/4386
f 4374/4374/4374 4387/4387/4387 4376/4376/4376
f 4376/4376/4376 4387/4387/4387 4388/4388/4388
f 4376/4376/4376 4388/4388/4388 4378/4378/4378
f 4378/4378/4378 4388/4388/4388 4389/4389/4389
f 4378/4378/4378 4389/4389/4389 4380/4380/4380
f 4380/4380/4380 4389/4389/4389 4390/4390/4390
f 4380/4380/4380 4390/4390/4390 4382/4382/4382
f 4382/4382/4382 4390/4390/4390 4391/4391/4391
f 4382/4382/4382 4391/4391/4391 4384/4384/4384
f 4384/4384/4384 4391/4391/4391 4385/4385/4385
f 4383/4383/4383 4384/4384/4384 4307/4307/4307
f 4307/4307/4307 4384/4384/4384 4308/4308/4308
f 4308/4308/4308 4386/4386/4386 4310/4310/4310
f 4310/4310/4310 4386/4386/4386 4392/4392/4392
f 4312/4312/4312 4393/4393/4393 4314/4314/4314
f 4314/4314/4314 4393/4393/4393 4394/4394/4394
f 4314/4314/4314 4394/4394/4394 4316/4316/4316
f 4316/4316/4316 4394/4394/4394 4395/4395/4395
f 4316/4316/4316 4395/4395/4395 4318/4318/4318
f 4318/4318/4318 4395/4395/4395 4396/4396/4396
f 4318/4318/4318 4396/4396/4396 4320/4320/4320
f 4320/4320/4320 4396/4396/4396 4397/4397/4397
f 4320/4320/4320 4397/4397/4397 4322/4322/4322
f 4322/4322/4322 4397/4397/4397 4398/4398/4398
f 4322/4322/4322 4398/4398/4398 4324/4324/4324
f 4324/4324/4324 4398/4398/4398 4399/4399/4399
f 4324/4324/4324 4399/4399/4399 4326/4326/4326
f 4326/4326/4326 4399/4399/4399 4400/4400/4400
f 4326/4326/4326 4400/4400/4400 4328/4328/4328
f 4328/4328/4328 4400/4400/4400 4401/4401/4401
f 4328/4328/4328 4401/4401/4401 4330/4330/4330
f 4330/4330/4330 4401/4401/4401 4402/4402/4402
f 4330/4330/4330 4402/4402/4402 4332/4332/4332
f 4332/4332/4332 4402/4402/4402 4403/4403/4403
f 4332/4332/4332 4403/4403/4403 4334/4334/4334
f 4334/4334/4334 4403/4403/4403 4404/4404/4404
f 4334/4334/4334 4404/4404/4404 4336/4336/4336
f 4336/4336/4336 4404/4404/4404 4405/4405/4405
f 4336/4336/4336 4405/4405/4405 4338/4338/4338
f 4338/4338/4338 4405/4405/4405 4406/4406/4406
f 4338/4338/4338 4406/4406/4406 4340/4340/4340
f 4340/4340/4340 4406/4406/4406 4407/4407/4407
f 4340/4340/4340 4407/4407/4407 4342/4342/4342
f 4342/4342/4342 4407/4407/4407 4408/4408/4408
f 4342/4342/4342 4408/4408/4408 4344/4344/4344
f 4344/4344/4344 4408/4408/4408 4409/4409/4409
f 4410/4410/4410 4411/4411/4411 4412/4412/4412
f 4412/4412/4412 4411/4411/4411 4413/4413/4413
f 4409/4409/4409 4414/4414/4414 4413/4413/4413
f 4413/4413/4413 4414/4414/4414 4412/4412/4412
f 4350/4350/4350 4415/4415/4415 4352/4352/4352
f 4352/4352/4352 4415/4415/4415 4416/4416/4416
f 4352/4352/4352 4416/4416/4416 4354/4354/4354
f 4354/4354/4354 4416/4416/4416 4417/4417/4417
f 4354/4354/4354 4417/4417/4417 4356/4356/4356
f 4356/4356/4356 4417/4417/4417 4418/4418/4418
f 4356/4356/4356 4418/4418/4418 4358/4358/4358
f 4358/4358/4358 4418/4418/4418 4419/4419/4419
f 4358/4358/4358 4419/4419/4419 4360/4360/4360
f 4360/4360/4360 4419/4419/4419 4420/4420/4420
f 4360/4360/4360 4420/4420/4420 4362/4362/4362
f 4362/4362/4362 4420/4420/4420 4421/4421/4421
f 4362/4362/4362 4421/4421/4421 4364/4364/4364
f 4364/4364/4364 4421/4421/4421 4422/4422/4422
f 4364/4364/4364 4422/4422/4422 4368/4368/4368
f 4368/4368/4368 4422/4422/4422 4423/4423/4423
f 4368/4368/4368 4423/4423/4423 4370/4370/4370
f 4370/4370/4370 4423/4423/4423 4424/4424/4424
f 4370/4370/4370 4424/4424/4424 4372/4372/4372
f 4372/4372/4372 4424/4424/4424 4425/4425/4425
f 4425/4425/4425 4426/4426/4426 4387/4387/4387
f 4387/4387/4387 4426/4426/4426 4427/4427/4427
f 4363/4363/4363 4364/4364/4364 4367/4367/4367
f 4367/4367/4367 4364/4364/4364 4368/4368/4368
f 4366/4366/4366 4282/4282/4282 4428/4428/4428
f 4428/4428/4428 4282/4282/4282 4284/4284/4284
f 4428/4428/4428 4284/4284/4284 4429/4429/4429
f 4429/4429/4429 4284/4284/4284 4286/4286/4286
f 4429/4429/4429 4286/4286/4286 4430/4430/4430
f 4430/4430/4430 4286/4286/4286 4288/4288/4288
f 4430/4430/4430 4288/4288/4288 4431/4431/4431
f 4431/4431/4431 4288/4288/4288 4290/4290/4290
f 4431/4431/4431 4290/4290/4290 4432/4432/4432
f 4432/4432/4432 4290/4290/4290 4292/4292/4292
f 4432/4432/4432 4292/4292/4292 4433/4433/4433
f 4433/4433/4433 4292/4292/4292 4294/4294/4294
f 4433/4433/4433 4294/4294/4294 4434/4434/4434
f 4434/4434/4434 4294/4294/4294 4296/4296/4296
f 4435/4435/4435 4300/4300/4300 4436/4436/4436
f 4436/4436/4436 4300/4300/4300 4298/4298/4298
f 4436/4436/4436 4298/4298/4298 4437/4437/4437
f 4437/4437/4437 4298/4298/4298 4302/4302/4302
f 4437/4437/4437 4302/4302/4302 4438/4438/4438
f 4438/4438/4438 4302/4302/4302 4304/4304/4304
f 4438/4438/4438 4304/4304/4304 4439/4439/4439
f 4439/4439/4439 4304/4304/4304 4232/4232/4232
f 4439/4439/4439 4232/4232/4232 4440/4440/4440
f 4440/4440/4440 4232/4232/4232 4230/4230/4230
f 4440/4440/4440 4230/4230/4230 4441/4441/4441
f 4441/4441/4441 4230/4230/4230 4234/4234/4234
f 4441/4441/4441 4234/4234/4234 4442/4442/4442
f 4442/4442/4442 4234/4234/4234 4236/4236/4236
f 4442/4442/4442 4236/4236/4236 4443/4443/4443
f 4443/4443/4443 4236/4236/4236 4238/4238/4238
f 4443/4443/4443 4238/4238/4238 4444/4444/4444
f 4444/4444/4444 4238/4238/4238 4240/4240/4240
f 4444/4444/4444 4240/4240/4240 4445/4445/4445
f 4445/4445/4445 4240/4240/4240 4242/4242/4242
f 4445/4445/4445 4242/4242/4242 4446/4446/4446
f 4446/4446/4446 4242/4242/4242 4244/4244/4244
f 4446/4446/4446 4244/4244/4244 4447/4447/4447
f 4447/4447/4447 4244/4244/4244 4246/4246/4246
f 4447/4447/4447 4246/4246/4246 4448/4448/4448
f 4448/4448/4448 4246/4246/4246 4248/4248/4248
f 4448/4448/4448 4248/4248/4248 4449/4449/4449
f 4449/4449/4449 4248/4248/4248 4250/4250/4250
f 4449/4449/4449 4250/4250/4250 4450/4450/4450
f 4450/4450/4450 4250/4250/4250 4252/4252/4252
f 4450/4450/4450 4252/4252/4252 4451/4451/4451
f 4451/4451/4451 4252/4252/4252 4254/4254/4254
f 4451/4451/4451 4254/4254/4254 4452/4452/4452
f 4452/4452/4452 4254/4254/4254 4256/4256/4256
f 4452/4452/4452 4256/4256/4256 4453/4453/4453
f 4453/4453/4453 4256/4256/4256 4258/4258/4258
f 4454/4454/4454 4262/4262/4262 4455/4455/4455
f 4455/4455/4455 4262/4262/4262 4260/4260/4260
f 4455/4455/4455 4260/4260/4260 4456/4456/4456
f 4456/4456/4456 4260/4260/4260 4264/4264/4264
f 4456/4456/4456 4264/4264/4264 4457/4457/4457
f 4457/4457/4457 4264/4264/4264 4266/4266/4266
f 4457/4457/4457 4266/4266/4266 4458/4458/4458
f 4458/4458/4458 4266/4266/4266 4268/4268/4268
f 4458/4458/4458 4268/4268/4268 4459/4459/4459
f 4459/4459/4459 4268/4268/4268 4270/4270/4270
f 4459/4459/4459 4270/4270/4270 4460/4460/4460
f 4460/4460/4460 4270/4270/4270 4272/4272/4272
f 4460/4460/4460 4272/4272/4272 4461/4461/4461
f 4461/4461/4461 4272/4272/4272 4274/4274/4274
f 4461/4461/4461 4274/4274/4274 4462/4462/4462
f 4462/4462/4462 4274/4274/4274 4276/4276/4276
f 4462/4462/4462 4276/4276/4276 4463/4463/4463
f 4463/4463/4463 4276/4276/4276 4278/4278/4278
f 4223/4223/4223 4221/4221/4221 4464/4464/4464
f 4464/4464/4464 4221/4221/4221 4465/4465/4465
f 4466/4466/4466 4467/4467/4467 4468/4468/4468
f 4468/4468/4468 4467/4467/4467 4469/4469/4469
f 4470/4470/4470 4467/4467/4467 4471/4471/4471
f 4471/4471/4471 4467/4467/4467 4472/4472/4472
f 4473/4473/4473 4470/4470/4470 4474/4474/4474
f 4474/4474/4474 4470/4470/4470 4471/4471/4471
f 4475/4475/4475 4473/4473/4473 4476/4476/4476
f 4476/4476/4476 4473/4473/4473 4474/4474/4474
f 4477/4477/4477 4475/4475/4475 4478/4478/4478
f 4478/4478/4478 4475/4475/4475 4476/4476/4476
f 4479/4479/4479 4477/4477/4477 4480/4480/4480
f 4480/4480/4480 4477/4477/4477 4478/4478/4478
f 4481/4481/4481 4479/4479/4479 4482/4482/4482
f 4482/4482/4482 4479/4479/4479 4480/4480/4480
f 4483/4483/4483 4481/4481/4481 4484/4484/4484
f 4484/4484/4484 4481/4481/4481 4482/4482/4482
f 4485/4485/4485 4483/4483/4483 4486/4486/4486
f 4486/4486/4486 4483/4483/4483 4484/4484/4484
f 4487/4487/4487 4485/4485/4485 4488/4488/4488
f 4488/4488/4488 4485/4485/4485 4486/4486/4486
f 4489/4489/4489 4487/4487/4487 4490/4490/4490
f 4490/4490/4490 4487/4487/4487 4488/4488/4488
f 4491/4491/4491 4489/4489/4489 4492/4492/4492
f 4492/4492/4492 4489/4489/4489 4490/4490/4490
f 4493/4493/4493 4494/4494/4494 4495/4495/4495
f 4495/4495/4495 4494/4494/4494 4496/4496/4496
f 4497/4497/4497 4493/4493/4493 4498/4498/4498
f 4498/4498/4498 4493/4493/4493 4495/4495/4495
f 4499/4499/4499 4497/4497/4497 4500/4500/4500
f 4500/4500/4500 4497/4497/4497 4498/4498/4498
f 4501/4501/4501 4499/4499/4499 4502/4502/4502
f 4502/4502/4502 4499/4499/4499 4500/4500/4500
f 4503/4503/4503 4501/4501/4501 4504/4504/4504
f 4504/4504/4504 4501/4501/4501 4502/4502/4502
f 4505/4505/4505 4503/4503/4503 4506/4506/4506
f 4506/4506/4506 4503/4503/4503 4504/4504/4504
f 4507/4507/4507 4505/4505/4505 4508/4508/4508
f 4508/4508/4508 4505/4505/4505 4506/4506/4506
f 4509/4509/4509 4507/4507/4507 4510/4510/4510
f 4510/4510/4510 4507/4507/4507 4508/4508/4508
f 4511/4511/4511 4509/4509/4509 4512/4512/4512
f 4512/4512/4512 4509/4509/4509 4510/4510/4510
f 4513/4513/4513 4511/4511/4511 4514/4514/4514
f 4514/4514/4514 4511/4511/4511 4512/4512/4512
f 4515/4515/4515 4513/4513/4513 4516/4516/4516
f 4516/4516/4516 4513/4513/4513 4514/4514/4514
f 4517/4517/4517 4515/4515/4515 4518/4518/4518
f 4518/4518/4518 4515/4515/4515 4516/4516/4516
f 4519/4519/4519 4517/4517/4517 4520/4520/4520
f 4520/4520/4520 4517/4517/4517 4518/4518/4518
f 4521/4521/4521 4519/4519/4519 4522/4522/4522
f 4522/4522/4522 4519/4519/4519 4520/4520/4520
f 4523/4523/4523 4521/4521/4521 4524/4524/4524
f 4524/4524/4524 4521/4521/4521 4522/4522/4522
f 4525/4525/4525 4523/4523/4523 4526/4526/4526
f 4526/4526/4526 4523/4523/4523 4524/4524/4524
f 4527/4527/4527 4525/4525/4525 4528/4528/4528
f 4528/4528/4528 4525/4525/4525 4526/4526/4526
f 4527/4527/4527 4528/4528/4528 4529/4529/4529
f 4529/4529/4529 4528/4528/4528 4530/4530/4530
f 4531/4531/4531 4532/4532/4532 4533/4533/4533
f 4533/4533/4533 4532/4532/4532 4534/4534/4534
f 4533/4533/4533 4534/4534/4534 4535/4535/4535
f 4535/4535/4535 4534/4534/4534 4536/4536/4536
f 4535/4535/4535 4536/4536/4536 4537/4537/4537
f 4537/4537/4537 4536/4536/4536 4538/4538/4538
f 4539/4539/4539 4537/4537/4537 4540/4540/4540
f 4540/4540/4540 4537/4537/4537 4538/4538/4538
f 4194/4194/4194 4196/4196/4196 4541/4541/4541
f 4541/4541/4541 4196/4196/4196 4542/4542/4542
f 4535/4535/4535 4537/4537/4537 4543/4543/4543
f 4543/4543/4543 4537/4537/4537 4544/4544/4544
f 4542/4542/4542 4196/4196/4196 4545/4545/4545
f 4545/4545/4545 4196/4196/4196 4198/4198/4198
f 4535/4535/4535 4543/4543/4543 4533/4533/4533
f 4533/4533/4533 4543/4543/4543 4546/4546/4546
f 4198/4198/4198 4200/4200/4200 4545/4545/4545
f 4545/4545/4545 4200/4200/4200 4547/4547/4547
f 4533/4533/4533 4546/4546/4546 4531/4531/4531
f 4531/4531/4531 4546/4546/4546 4548/4548/4548
f 4203/4203/4203 4204/4204/4204 4549/4549/4549
f 4549/4549/4549 4204/4204/4204 4550/4550/4550
f 4529/4529/4529 4551/4551/4551 4527/4527/4527
f 4527/4527/4527 4551/4551/4551 4552/4552/4552
f 4550/4550/4550 4204/4204/4204 4553/4553/4553
f 4553/4553/4553 4204/4204/4204 4206/4206/4206
f 4525/4525/4525 4527/4527/4527 4554/4554/4554
f 4554/4554/4554 4527/4527/4527 4552/4552/4552
f 4206/4206/4206 4208/4208/4208 4553/4553/4553
f 4553/4553/4553 4208/4208/4208 4555/4555/4555
f 4523/4523/4523 4525/4525/4525 4556/4556/4556
f 4556/4556/4556 4525/4525/4525 4554/4554/4554
f 4555/4555/4555 4208/4208/4208 4557/4557/4557
f 4557/4557/4557 4208/4208/4208 4210/4210/4210
f 4521/4521/4521 4523/4523/4523 4558/4558/4558
f 4558/4558/4558 4523/4523/4523 4556/4556/4556
f 4557/4557/4557 4210/4210/4210 4559/4559/4559
f 4559/4559/4559 4210/4210/4210 4212/4212/4212
f 4519/4519/4519 4521/4521/4521 4560/4560/4560
f 4560/4560/4560 4521/4521/4521 4558/4558/4558
f 4559/4559/4559 4212/4212/4212 4561/4561/4561
f 4561/4561/4561 4212/4212/4212 4214/4214/4214
f 4517/4517/4517 4519/4519/4519 4562/4562/4562
f 4562/4562/4562 4519/4519/4519 4560/4560/4560
f 4561/4561/4561 4214/4214/4214 4563/4563/4563
f 4563/4563/4563 4214/4214/4214 4216/4216/4216
f 4515/4515/4515 4517/4517/4517 4564/4564/4564
f 4564/4564/4564 4517/4517/4517 4562/4562/4562
f 4563/4563/4563 4216/4216/4216 4565/4565/4565
f 4565/4565/4565 4216/4216/4216 4218/4218/4218
f 4513/4513/4513 4515/4515/4515 4566/4566/4566
f 4566/4566/4566 4515/4515/4515 4564/4564/4564
f 4565/4565/4565 4218/4218/4218 4567/4567/4567
f 4567/4567/4567 4218/4218/4218 4220/4220/4220
f 4511/4511/4511 4513/4513/4513 4568/4568/4568
f 4568/4568/4568 4513/4513/4513 4566/4566/4566
f 4567/4567/4567 4220/4220/4220 4569/4569/4569
f 4569/4569/4569 4220/4220/4220 4222/4222/4222
f 4509/4509/4509 4511/4511/4511 4570/4570/4570
f 4570/4570/4570 4511/4511/4511 4568/4568/4568
f 4463/4463/4463 4278/4278/4278 4365/4365/4365
f 4365/4365/4365 4278/4278/4278 4280/4280/4280
f 4507/4507/4507 4509/4509/4509 4571/4571/4571
f 4571/4571/4571 4509/4509/4509 4570/4570/4570
f 4572/4572/4572 4224/4224/4224 4573/4573/4573
f 4573/4573/4573 4224/4224/4224 4226/4226/4226
f 4505/4505/4505 4507/4507/4507 4574/4574/4574
f 4574/4574/4574 4507/4507/4507 4571/4571/4571
f 4226/4226/4226 4153/4153/4153 4573/4573/4573
f 4573/4573/4573 4153/4153/4153 4575/4575/4575
f 4503/4503/4503 4505/4505/4505 4576/4576/4576
f 4576/4576/4576 4505/4505/4505 4574/4574/4574
f 4153/4153/4153 4154/4154/4154 4575/4575/4575
f 4575/4575/4575 4154/4154/4154 4577/4577/4577
f 4501/4501/4501 4503/4503/4503 4578/4578/4578
f 4578/4578/4578 4503/4503/4503 4576/4576/4576
f 4577/4577/4577 4154/4154/4154 4579/4579/4579
f 4579/4579/4579 4154/4154/4154 4156/4156/4156
f 4499/4499/4499 4501/4501/4501 4580/4580/4580
f 4580/4580/4580 4501/4501/4501 4578/4578/4578
f 4156/4156/4156 4158/4158/4158 4579/4579/4579
f 4579/4579/4579 4158/4158/4158 4581/4581/4581
f 4497/4497/4497 4499/4499/4499 4582/4582/4582
f 4582/4582/4582 4499/4499/4499 4580/4580/4580
f 4158/4158/4158 4160/4160/4160 4581/4581/4581
f 4581/4581/4581 4160/4160/4160 4583/4583/4583
f 4493/4493/4493 4497/4497/4497 4584/4584/4584
f 4584/4584/4584 4497/4497/4497 4582/4582/4582
f 4160/4160/4160 4162/4162/4162 4583/4583/4583
f 4583/4583/4583 4162/4162/4162 4585/4585/4585
f 4494/4494/4494 4493/4493/4493 4586/4586/4586
f 4586/4586/4586 4493/4493/4493 4584/4584/4584
f 4165/4165/4165 4166/4166/4166 4587/4587/4587
f 4587/4587/4587 4166/4166/4166 4588/4588/4588
f 4489/4489/4489 4491/4491/4491 4589/4589/4589
f 4589/4589/4589 4491/4491/4491 4590/4590/4590
f 4166/4166/4166 4168/4168/4168 4588/4588/4588
f 4588/4588/4588 4168/4168/4168 4591/4591/4591
f 4487/4487/4487 4489/4489/4489 4592/4592/4592
f 4592/4592/4592 4489/4489/4489 4589/4589/4589
f 4168/4168/4168 4170/4170/4170 4591/4591/4591
f 4591/4591/4591 4170/4170/4170 4593/4593/4593
f 4485/4485/4485 4487/4487/4487 4594/4594/4594
f 4594/4594/4594 4487/4487/4487 4592/4592/4592
f 4170/4170/4170 4172/4172/4172 4593/4593/4593
f 4593/4593/4593 4172/4172/4172 4595/4595/4595
f 4483/4483/4483 4485/4485/4485 4596/4596/4596
f 4596/4596/4596 4485/4485/4485 4594/4594/4594
f 4172/4172/4172 4174/4174/4174 4595/4595/4595
f 4595/4595/4595 4174/4174/4174 4597/4597/4597
f 4481/4481/4481 4483/4483/4483 4598/4598/4598
f 4598/4598/4598 4483/4483/4483 4596/4596/4596
f 4174/4174/4174 4176/4176/4176 4597/4597/4597
f 4597/4597/4597 4176/4176/4176 4599/4599/4599
f 4479/4479/4479 4481/4481/4481 4600/4600/4600
f 4600/4600/4600 4481/4481/4481 4598/4598/4598
f 4176/4176/4176 4178/4178/4178 4599/4599/4599
f 4599/4599/4599 4178/4178/4178 4601/4601/4601
f 4477/4477/4477 4479/4479/4479 4602/4602/4602
f 4602/4602/4602 4479/4479/4479 4600/4600/4600
f 4178/4178/4178 4180/4180/4180 4601/4601/4601
f 4601/4601/4601 4180/4180/4180 4603/4603/4603
f 4475/4475/4475 4477/4477/4477 4604/4604/4604
f 4604/4604/4604 4477/4477/4477 4602/4602/4602
f 4180/4180/4180 4182/4182/4182 4603/4603/4603
f 4603/4603/4603 4182/4182/4182 4605/4605/4605
f 4473/4473/4473 4475/4475/4475 4606/4606/4606
f 4606/4606/4606 4475/4475/4475 4604/4604/4604
f 4182/4182/4182 4184/4184/4184 4605/4605/4605
f 4605/4605/4605 4184/4184/4184 4607/4607/4607
f 4470/4470/4470 4473/4473/4473 4608/4608/4608
f 4608/4608/4608 4473/4473/4473 4606/4606/4606
f 4184/4184/4184 4186/4186/4186 4607/4607/4607
f 4607/4607/4607 4186/4186/4186 4609/4609/4609
f 4467/4467/4467 4470/4470/4470 4469/4469/4469
f 4469/4469/4469 4470/4470/4470 4608/4608/4608
f 4186/4186/4186 4188/4188/4188 4609/4609/4609
f 4609/4609/4609 4188/4188/4188 4610/4610/4610
f 4467/4467/4467 4466/4466/4466 4472/4472/4472
f 4472/4472/4472 4466/4466/4466 4611/4611/4611
f 4188/4188/4188 4190/4190/4190 4610/4610/4610
f 4610/4610/4610 4190/4190/4190 4612/4612/4612
f 4613/4613/4613 4466/4466/4466 4614/4614/4614
f 4614/4614/4614 4466/4466/4466 4468/4468/4468
f 4615/4615/4615 4616/4616/4616 4617/4617/4617
f 4617/4617/4617 4616/4616/4616 4618/4618/4618
f 4611/4611/4611 4619/4619/4619 4617/4617/4617
f 4617/4617/4617 4619/4619/4619 4615/4615/4615
f 4618/4618/4618 4620/4620/4620 4617/4617/4617
f 4617/4617/4617 4620/4620/4620 4621/4621/4621
f 4621/4621/4621 4472/4472/4472 4617/4617/4617
f 4617/4617/4617 4472/4472/4472 4611/4611/4611
f 4620/4620/4620 4622/4622/4622 4621/4621/4621
f 4621/4621/4621 4622/4622/4622 4623/4623/4623
f 4623/4623/4623 4471/4471/4471 4621/4621/4621
f 4621/4621/4621 4471/4471/4471 4472/4472/4472
f 4622/4622/4622 4624/4624/4624 4623/4623/4623
f 4623/4623/4623 4624/4624/4624 4625/4625/4625
f 4625/4625/4625 4474/4474/4474 4623/4623/4623
f 4623/4623/4623 4474/4474/4474 4471/4471/4471
f 4624/4624/4624 4626/4626/4626 4625/4625/4625
f 4625/4625/4625 4626/4626/4626 4627/4627/4627
f 4627/4627/4627 4476/4476/4476 4625/4625/4625
f 4625/4625/4625 4476/4476/4476 4474/4474/4474
f 4626/4626/4626 4628/4628/4628 4627/4627/4627
f 4627/4627/4627 4628/4628/4628 4629/4629/4629
f 4629/4629/4629 4478/4478/4478 4627/4627/4627
f 4627/4627/4627 4478/4478/4478 4476/4476/4476
f 4628/4628/4628 4630/4630/4630 4629/4629/4629
f 4629/4629/4629 4630/4630/4630 4631/4631/4631
f 4631/4631/4631 4480/4480/4480 4629/4629/4629
f 4629/4629/4629 4480/4480/4480 4478/4478/4478
f 4630/4630/4630 4632/4632/4632 4631/4631/4631
f 4631/4631/4631 4632/4632/4632 4633/4633/4633
f 4633/4633/4633 4482/4482/4482 4631/4631/4631
f 4631/4631/4631 4482/4482/4482 4480/4480/4480
f 4632/4632/4632 4634/4634/4634 4633/4633/4633
f 4633/4633/4633 4634/4634/4634 4635/4635/4635
f 4635/4635/4635 4484/4484/4484 4633/4633/4633
f 4633/4633/4633 4484/4484/4484 4482/4482/4482
f 4634/4634/4634 4636/4636/4636 4635/4635/4635
f 4635/4635/4635 4636/4636/4636 4637/4637/4637
f 4637/4637/4637 4486/4486/4486 4635/4635/4635
f 4635/4635/4635 4486/4486/4486 4484/4484/4484
f 4636/4636/4636 4638/4638/4638 4637/4637/4637
f 4637/4637/4637 4638/4638/4638 4639/4639/4639
f 4639/4639/4639 4488/4488/4488 4637/4637/4637
f 4637/4637/4637 4488/4488/4488 4486/4486/4486
f 4638/4638/4638 4640/4640/4640 4639/4639/4639
f 4639/4639/4639 4640/4640/4640 4641/4641/4641
f 4641/4641/4641 4490/4490/4490 4639/4639/4639
f 4639/4639/4639 4490/4490/4490 4488/4488/4488
f 4640/4640/4640 4642/4642/4642 4641/4641/4641
f 4641/4641/4641 4642/4642/4642 4643/4643/4643
f 4492/4492/4492 4490/4490/4490 4643/4643/4643
f 4643/4643/4643 4490/4490/4490 4641/4641/4641
f 4644/4644/4644 4645/4645/4645 4646/4646/4646
f 4646/4646/4646 4645/4645/4645 4647/4647/4647
f 4495/4495/4495 4496/4496/4496 4647/4647/4647
f 4647/4647/4647 4496/4496/4496 4646/4646/4646
f 4645/4645/4645 4648/4648/4648 4647/4647/4647
f 4647/4647/4647 4648/4648/4648 4649/4649/4649
f 4498/4498/4498 4495/4495/4495 4649/4649/4649
f 4649/4649/4649 4495/4495/4495 4647/4647/4647
f 4648/4648/4648 4650/4650/4650 4649/4649/4649
f 4649/4649/4649 4650/4650/4650 4651/4651/4651
f 4500/4500/4500 4498/4498/4498 4651/4651/4651
f 4651/4651/4651 4498/4498/4498 4649/4649/4649
f 4650/4650/4650 4652/4652/4652 4651/4651/4651
f 4651/4651/4651 4652/4652/4652 4653/4653/4653
f 4502/4502/4502 4500/4500/4500 4653/4653/4653
f 4653/4653/4653 4500/4500/4500 4651/4651/4651
f 4653/4653/4653 4652/4652/4652 4654/4654/4654
f 4654/4654/4654 4652/4652/4652 4655/4655/4655
f 4504/4504/4504 4502/4502/4502 4654/4654/4654
f 4654/4654/4654 4502/4502/4502 4653/4653/4653
f 4654/4654/4654 4655/4655/4655 4656/4656/4656
f 4656/4656/4656 4655/4655/4655 4657/4657/4657
f 4506/4506/4506 4504/4504/4504 4656/4656/4656
f 4656/4656/4656 4504/4504/4504 4654/4654/4654
f 4656/4656/4656 4657/4657/4657 4658/4658/4658
f 4658/4658/4658 4657/4657/4657 4659/4659/4659
f 4508/4508/4508 4506/4506/4506 4658/4658/4658
f 4658/4658/4658 4506/4506/4506 4656/4656/4656
f 4658/4658/4658 4659/4659/4659 4660/4660/4660
f 4660/4660/4660 4659/4659/4659 4661/4661/4661
f 4510/4510/4510 4508/4508/4508 4660/4660/4660
f 4660/4660/4660 4508/4508/4508 4658/4658/4658
f 4660/4660/4660 4661/4661/4661 4662/4662/4662
f 4662/4662/4662 4661/4661/4661 4663/4663/4663
f 4512/4512/4512 4510/4510/4510 4662/4662/4662
f 4662/4662/4662 4510/4510/4510 4660/4660/4660
f 4662/4662/4662 4663/4663/4663 4664/4664/4664
f 4664/4664/4664 4663/4663/4663 4665/4665/4665
f 4514/4514/4514 4512/4512/4512 4664/4664/4664
f 4664/4664/4664 4512/4512/4512 4662/4662/4662
f 4664/4664/4664 4665/4665/4665 4666/4666/4666
f 4666/4666/4666 4665/4665/4665 4667/4667/4667
f 4516/4516/4516 4514/4514/4514 4666/4666/4666
f 4666/4666/4666 4514/4514/4514 4664/4664/4664
f 4666/4666/4666 4667/4667/4667 4668/4668/4668
f 4668/4668/4668 4667/4667/4667 4669/4669/4669
f 4518/4518/4518 4516/4516/4516 4668/4668/4668
f 4668/4668/4668 4516/4516/4516 4666/4666/4666
f 4668/4668/4668 4669/4669/4669 4670/4670/4670
f 4670/4670/4670 4669/4669/4669 4671/4671/4671
f 4520/4520/4520 4518/4518/4518 4670/4670/4670
f 4670/4670/4670 4518/4518/4518 4668/4668/4668
f 4670/4670/4670 4671/4671/4671 4672/4672/4672
f 4672/4672/4672 4671/4671/4671 4673/4673/4673
f 4522/4522/4522 4520/4520/4520 4672/4672/4672
f 4672/4672/4672 4520/4520/4520 4670/4670/4670
f 4672/4672/4672 4673/4673/4673 4674/4674/4674
f 4674/4674/4674 4673/4673/4673 4675/4675/4675
f 4524/4524/4524 4522/4522/4522 4674/4674/4674
f 4674/4674/4674 4522/4522/4522 4672/4672/4672
f 4674/4674/4674 4675/4675/4675 4676/4676/4676
f 4676/4676/4676 4675/4675/4675 4677/4677/4677
f 4526/4526/4526 4524/4524/4524 4676/4676/4676
f 4676/4676/4676 4524/4524/4524 4674/4674/4674
f 4676/4676/4676 4677/4677/4677 4678/4678/4678
f 4678/4678/4678 4677/4677/4677 4679/4679/4679
f 4528/4528/4528 4526/4526/4526 4678/4678/4678
f 4678/4678/4678 4526/4526/4526 4676/4676/4676
f 4678/4678/4678 4679/4679/4679 4680/4680/4680
f 4680/4680/4680 4679/4679/4679 4681/4681/4681
f 4530/4530/4530 4528/4528/4528 4680/4680/4680
f 4680/4680/4680 4528/4528/4528 4678/4678/4678
f 4682/4682/4682 4683/4683/4683 4684/4684/4684
f 4684/4684/4684 4683/4683/4683 4685/4685/4685
f 4534/4534/4534 4532/4532/4532 4684/4684/4684
f 4684/4684/4684 4532/4532/4532 4682/4682/4682
f 4684/4684/4684 4685/4685/4685 4686/4686/4686
f 4686/4686/4686 4685/4685/4685 4687/4687/4687
f 4536/4536/4536 4534/4534/4534 4686/4686/4686
f 4686/4686/4686 4534/4534/4534 4684/4684/4684
f 4686/4686/4686 4687/4687/4687 4688/4688/4688
f 4688/4688/4688 4687/4687/4687 4689/4689/4689
f 4538/4538/4538 4536/4536/4536 4688/4688/4688
f 4688/4688/4688 4536/4536/4536 4686/4686/4686
f 4195/4195/4195 4193/4193/4193 4690/4690/4690
f 4690/4690/4690 4193/4193/4193 4691/4691/4691
f 4197/4197/4197 4195/4195/4195 4692/4692/4692
f 4692/4692/4692 4195/4195/4195 4690/4690/4690
f 4199/4199/4199 4197/4197/4197 4693/4693/4693
f 4693/4693/4693 4197/4197/4197 4692/4692/4692
f 4202/4202/4202 4201/4201/4201 4694/4694/4694
f 4694/4694/4694 4201/4201/4201 4695/4695/4695
f 4205/4205/4205 4202/4202/4202 4696/4696/4696
f 4696/4696/4696 4202/4202/4202 4694/4694/4694
f 4207/4207/4207 4205/4205/4205 4697/4697/4697
f 4697/4697/4697 4205/4205/4205 4696/4696/4696
f 4207/4207/4207 4697/4697/4697 4209/4209/4209
f 4209/4209/4209 4697/4697/4697 4698/4698/4698
f 4209/4209/4209 4698/4698/4698 4211/4211/4211
f 4211/4211/4211 4698/4698/4698 4699/4699/4699
f 4211/4211/4211 4699/4699/4699 4213/4213/4213
f 4213/4213/4213 4699/4699/4699 4700/4700/4700
f 4213/4213/4213 4700/4700/4700 4215/4215/4215
f 4215/4215/4215 4700/4700/4700 4701/4701/4701
f 4215/4215/4215 4701/4701/4701 4217/4217/4217
f 4217/4217/4217 4701/4701/4701 4702/4702/4702
f 4219/4219/4219 4217/4217/4217 4703/4703/4703
f 4703/4703/4703 4217/4217/4217 4702/4702/4702
f 4221/4221/4221 4219/4219/4219 4465/4465/4465
f 4465/4465/4465 4219/4219/4219 4703/4703/4703
f 4222/4222/4222 4224/4224/4224 4569/4569/4569
f 4569/4569/4569 4224/4224/4224 4572/4572/4572
f 4225/4225/4225 4223/4223/4223 4228/4228/4228
f 4228/4228/4228 4223/4223/4223 4464/4464/4464
f 4225/4225/4225 4151/4151/4151 4226/4226/4226
f 4226/4226/4226 4151/4151/4151 4153/4153/4153
f 4152/4152/4152 4151/4151/4151 4704/4704/4704
f 4704/4704/4704 4151/4151/4151 4227/4227/4227
f 4155/4155/4155 4152/4152/4152 4705/4705/4705
f 4705/4705/4705 4152/4152/4152 4704/4704/4704
f 4157/4157/4157 4155/4155/4155 4706/4706/4706
f 4706/4706/4706 4155/4155/4155 4705/4705/4705
f 4159/4159/4159 4157/4157/4157 4707/4707/4707
f 4707/4707/4707 4157/4157/4157 4706/4706/4706
f 4161/4161/4161 4159/4159/4159 4708/4708/4708
f 4708/4708/4708 4159/4159/4159 4707/4707/4707
f 4164/4164/4164 4163/4163/4163 4709/4709/4709
f 4709/4709/4709 4163/4163/4163 4710/4710/4710
f 4167/4167/4167 4164/4164/4164 4711/4711/4711
f 4711/4711/4711 4164/4164/4164 4709/4709/4709
f 4169/4169/4169 4167/4167/4167 4712/4712/4712
f 4712/4712/4712 4167/4167/4167 4711/4711/4711
f 4171/4171/4171 4169/4169/4169 4713/4713/4713
f 4713/4713/4713 4169/4169/4169 4712/4712/4712
f 4173/4173/4173 4171/4171/4171 4714/4714/4714
f 4714/4714/4714 4171/4171/4171 4713/4713/4713
f 4175/4175/4175 4173/4173/4173 4715/4715/4715
f 4715/4715/4715 4173/4173/4173 4714/4714/4714
f 4177/4177/4177 4175/4175/4175 4716/4716/4716
f 4716/4716/4716 4175/4175/4175 4715/4715/4715
f 4179/4179/4179 4177/4177/4177 4717/4717/4717
f 4717/4717/4717 4177/4177/4177 4716/4716/4716
f 4181/4181/4181 4179/4179/4179 4718/4718/4718
f 4718/4718/4718 4179/4179/4179 4717/4717/4717
f 4183/4183/4183 4181/4181/4181 4719/4719/4719
f 4719/4719/4719 4181/4181/4181 4718/4718/4718
f 4185/4185/4185 4183/4183/4183 4720/4720/4720
f 4720/4720/4720 4183/4183/4183 4719/4719/4719
f 4187/4187/4187 4185/4185/4185 4721/4721/4721
f 4721/4721/4721 4185/4185/4185 4720/4720/4720
f 4189/4189/4189 4187/4187/4187 4722/4722/4722
f 4722/4722/4722 4187/4187/4187 4721/4721/4721
f 4408/4408/4408 4723/4723/4723 4409/4409/4409
f 4409/4409/4409 4723/4723/4723 4414/4414/4414
f 4301/4301/4301 4724/4724/4724 4303/4303/4303
f 4303/4303/4303 4724/4724/4724 4305/4305/4305
f 4409/4409/4409 4413/4413/4413 4344/4344/4344
f 4344/4344/4344 4413/4413/4413 4346/4346/4346
f 4297/4297/4297 4725/4725/4725 4301/4301/4301
f 4301/4301/4301 4725/4725/4725 4724/4724/4724
f 4346/4346/4346 4413/4413/4413 4348/4348/4348
f 4348/4348/4348 4413/4413/4413 4411/4411/4411
f 4299/4299/4299 4726/4726/4726 4297/4297/4297
f 4297/4297/4297 4726/4726/4726 4725/4725/4725
f 4415/4415/4415 4727/4727/4727 4416/4416/4416
f 4416/4416/4416 4727/4727/4727 4728/4728/4728
f 4293/4293/4293 4729/4729/4729 4295/4295/4295
f 4295/4295/4295 4729/4729/4729 4730/4730/4730
f 4416/4416/4416 4728/4728/4728 4417/4417/4417
f 4417/4417/4417 4728/4728/4728 4731/4731/4731
f 4291/4291/4291 4732/4732/4732 4293/4293/4293
f 4293/4293/4293 4732/4732/4732 4729/4729/4729
f 4417/4417/4417 4731/4731/4731 4418/4418/4418
f 4418/4418/4418 4731/4731/4731 4733/4733/4733
f 4291/4291/4291 4289/4289/4289 4732/4732/4732
f 4732/4732/4732 4289/4289/4289 4734/4734/4734
f 4418/4418/4418 4733/4733/4733 4419/4419/4419
f 4419/4419/4419 4733/4733/4733 4735/4735/4735
f 4289/4289/4289 4287/4287/4287 4734/4734/4734
f 4734/4734/4734 4287/4287/4287 4736/4736/4736
f 4419/4419/4419 4735/4735/4735 4420/4420/4420
f 4420/4420/4420 4735/4735/4735 4737/4737/4737
f 4287/4287/4287 4285/4285/4285 4736/4736/4736
f 4736/4736/4736 4285/4285/4285 4738/4738/4738
f 4420/4420/4420 4737/4737/4737 4421/4421/4421
f 4421/4421/4421 4737/4737/4737 4739/4739/4739
f 4285/4285/4285 4283/4283/4283 4738/4738/4738
f 4738/4738/4738 4283/4283/4283 4740/4740/4740
f 4421/4421/4421 4739/4739/4739 4422/4422/4422
f 4422/4422/4422 4739/4739/4739 4741/4741/4741
f 4283/4283/4283 4281/4281/4281 4740/4740/4740
f 4740/4740/4740 4281/4281/4281 4742/4742/4742
f 4422/4422/4422 4741/4741/4741 4423/4423/4423
f 4423/4423/4423 4741/4741/4741 4743/4743/4743
f 4281/4281/4281 4279/4279/4279 4742/4742/4742
f 4742/4742/4742 4279/4279/4279 4744/4744/4744
f 4423/4423/4423 4743/4743/4743 4424/4424/4424
f 4424/4424/4424 4743/4743/4743 4745/4745/4745
f 4279/4279/4279 4277/4277/4277 4744/4744/4744
f 4744/4744/4744 4277/4277/4277 4746/4746/4746
f 4424/4424/4424 4745/4745/4745 4425/4425/4425
f 4425/4425/4425 4745/4745/4745 4426/4426/4426
f 4277/4277/4277 4275/4275/4275 4746/4746/4746
f 4746/4746/4746 4275/4275/4275 4747/4747/4747
f 4372/4372/4372 4425/4425/4425 4374/4374/4374
f 4374/4374/4374 4425/4425/4425 4387/4387/4387
f 4275/4275/4275 4273/4273/4273 4747/4747/4747
f 4747/4747/4747 4273/4273/4273 4748/4748/4748
f 4387/4387/4387 4427/4427/4427 4388/4388/4388
f 4388/4388/4388 4427/4427/4427 4749/4749/4749
f 4271/4271/4271 4750/4750/4750 4273/4273/4273
f 4273/4273/4273 4750/4750/4750 4748/4748/4748
f 4388/4388/4388 4749/4749/4749 4389/4389/4389
f 4389/4389/4389 4749/4749/4749 4751/4751/4751
f 4269/4269/4269 4752/4752/4752 4271/4271/4271
f 4271/4271/4271 4752/4752/4752 4750/4750/4750
f 4389/4389/4389 4751/4751/4751 4390/4390/4390
f 4390/4390/4390 4751/4751/4751 4753/4753/4753
f 4267/4267/4267 4754/4754/4754 4269/4269/4269
f 4269/4269/4269 4754/4754/4754 4752/4752/4752
f 4390/4390/4390 4753/4753/4753 4391/4391/4391
f 4391/4391/4391 4753/4753/4753 4755/4755/4755
f 4265/4265/4265 4756/4756/4756 4267/4267/4267
f 4267/4267/4267 4756/4756/4756 4754/4754/4754
f 4391/4391/4391 4755/4755/4755 4385/4385/4385
f 4385/4385/4385 4755/4755/4755 4757/4757/4757
f 4263/4263/4263 4758/4758/4758 4265/4265/4265
f 4265/4265/4265 4758/4758/4758 4756/4756/4756
f 4385/4385/4385 4757/4757/4757 4386/4386/4386
f 4386/4386/4386 4757/4757/4757 4759/4759/4759
f 4259/4259/4259 4760/4760/4760 4263/4263/4263
f 4263/4263/4263 4760/4760/4760 4758/4758/4758
f 4386/4386/4386 4759/4759/4759 4392/4392/4392
f 4392/4392/4392 4759/4759/4759 4761/4761/4761
f 4261/4261/4261 4762/4762/4762 4259/4259/4259
f 4259/4259/4259 4762/4762/4762 4760/4760/4760
f 4393/4393/4393 4763/4763/4763 4394/4394/4394
f 4394/4394/4394 4763/4763/4763 4764/4764/4764
f 4255/4255/4255 4765/4765/4765 4257/4257/4257
f 4257/4257/4257 4765/4765/4765 4766/4766/4766
f 4394/4394/4394 4764/4764/4764 4395/4395/4395
f 4395/4395/4395 4764/4764/4764 4767/4767/4767
f 4253/4253/4253 4768/4768/4768 4255/4255/4255
f 4255/4255/4255 4768/4768/4768 4765/4765/4765
f 4395/4395/4395 4767/4767/4767 4396/4396/4396
f 4396/4396/4396 4767/4767/4767 4769/4769/4769
f 4251/4251/4251 4770/4770/4770 4253/4253/4253
f 4253/4253/4253 4770/4770/4770 4768/4768/4768
f 4396/4396/4396 4769/4769/4769 4397/4397/4397
f 4397/4397/4397 4769/4769/4769 4771/4771/4771
f 4249/4249/4249 4772/4772/4772 4251/4251/4251
f 4251/4251/4251 4772/4772/4772 4770/4770/4770
f 4397/4397/4397 4771/4771/4771 4398/4398/4398
f 4398/4398/4398 4771/4771/4771 4773/4773/4773
f 4247/4247/4247 4774/4774/4774 4249/4249/4249
f 4249/4249/4249 4774/4774/4774 4772/4772/4772
f 4398/4398/4398 4773/4773/4773 4399/4399/4399
f 4399/4399/4399 4773/4773/4773 4775/4775/4775
f 4245/4245/4245 4776/4776/4776 4247/4247/4247
f 4247/4247/4247 4776/4776/4776 4774/4774/4774
f 4399/4399/4399 4775/4775/4775 4400/4400/4400
f 4400/4400/4400 4775/4775/4775 4777/4777/4777
f 4243/4243/4243 4778/4778/4778 4245/4245/4245
f 4245/4245/4245 4778/4778/4778 4776/4776/4776
f 4400/4400/4400 4777/4777/4777 4401/4401/4401
f 4401/4401/4401 4777/4777/4777 4779/4779/4779
f 4241/4241/4241 4780/4780/4780 4243/4243/4243
f 4243/4243/4243 4780/4780/4780 4778/4778/4778
f 4401/4401/4401 4779/4779/4779 4402/4402/4402
f 4402/4402/4402 4779/4779/4779 4781/4781/4781
f 4239/4239/4239 4782/4782/4782 4241/4241/4241
f 4241/4241/4241 4782/4782/4782 4780/4780/4780
f 4402/4402/4402 4781/4781/4781 4403/4403/4403
f 4403/4403/4403 4781/4781/4781 4783/4783/4783
f 4237/4237/4237 4784/4784/4784 4239/4239/4239
f 4239/4239/4239 4784/4784/4784 4782/4782/4782
f 4403/4403/4403 4783/4783/4783 4404/4404/4404
f 4404/4404/4404 4783/4783/4783 4785/4785/4785
f 4235/4235/4235 4786/4786/4786 4237/4237/4237
f 4237/4237/4237 4786/4786/4786 4784/4784/4784
f 4404/4404/4404 4785/4785/4785 4405/4405/4405
f 4405/4405/4405 4785/4785/4785 4787/4787/4787
f 4233/4233/4233 4788/4788/4788 4235/4235/4235
f 4235/4235/4235 4788/4788/4788 4786/4786/4786
f 4405/4405/4405 4787/4787/4787 4406/4406/4406
f 4406/4406/4406 4787/4787/4787 4789/4789/4789
f 4229/4229/4229 4790/4790/4790 4233/4233/4233
f 4233/4233/4233 4790/4790/4790 4788/4788/4788
f 4193/4193/4193 4191/4191/4191 4691/4691/4691
f 4691/4691/4691 4191/4191/4191 4791/4791/4791
f 4191/4191/4191 4189/4189/4189 4791/4791/4791
f 4791/4791/4791 4189/4189/4189 4722/4722/4722
f 4192/4192/4192 4194/4194/4194 4792/4792/4792
f 4792/4792/4792 4194/4194/4194 4541/4541/4541
f 4792/4792/4792 4612/4612/4612 4192/4192/4192
f 4192/4192/4192 4612/4612/4612 4190/4190/4190
f 4613/4613/4613 4539/4539/4539 4619/4619/4619
f 4619/4619/4619 4539/4539/4539 4540/4540/4540
f 4466/4466/4466 4613/4613/4613 4611/4611/4611
f 4611/4611/4611 4613/4613/4613 4619/4619/4619
f 4537/4537/4537 4539/4539/4539 4544/4544/4544
f 4544/4544/4544 4539/4539/4539 4793/4793/4793
f 4539/4539/4539 4613/4613/4613 4793/4793/4793
f 4793/4793/4793 4613/4613/4613 4614/4614/4614
f 4540/4540/4540 4538/4538/4538 4794/4794/4794
f 4794/4794/4794 4538/4538/4538 4688/4688/4688
f 4794/4794/4794 4615/4615/4615 4540/4540/4540
f 4540/4540/4540 4615/4615/4615 4619/4619/4619
f 4688/4688/4688 4689/4689/4689 4794/4794/4794
f 4794/4794/4794 4689/4689/4689 4795/4795/4795
f 4616/4616/4616 4615/4615/4615 4795/4795/4795
f 4795/4795/4795 4615/4615/4615 4794/4794/4794
f 4407/4407/4407 4796/4796/4796 4408/4408/4408
f 4408/4408/4408 4796/4796/4796 4723/4723/4723
f 4406/4406/4406 4789/4789/4789 4407/4407/4407
f 4407/4407/4407 4789/4789/4789 4796/4796/4796
f 4231/4231/4231 4232/4232/4232 4303/4303/4303
f 4303/4303/4303 4232/4232/4232 4304/4304/4304
f 4231/4231/4231 4306/4306/4306 4229/4229/4229
f 4229/4229/4229 4306/4306/4306 4790/4790/4790
